<?xml version="1.0"?>
<gpx xmlns="http://www.topografix.com/GPX/1/1" xmlns:xsi="http://www.w3.org/2001/XMLSchema-instance" xmlns:wptx1="http://www.garmin.com/xmlschemas/WaypointExtension/v1" xmlns:gpxtrx="http://www.garmin.com/xmlschemas/GpxExtensions/v3" xmlns:gpxtpx="http://www.garmin.com/xmlschemas/TrackPointExtension/v1" xmlns:gpxx="http://www.garmin.com/xmlschemas/GpxExtensions/v3" xmlns:trp="http://www.garmin.com/xmlschemas/TripExtensions/v1" xmlns:adv="http://www.garmin.com/xmlschemas/AdventuresExtensions/v1" xmlns:prs="http://www.garmin.com/xmlschemas/PressureExtension/v1" xmlns:tmd="http://www.garmin.com/xmlschemas/TripMetaDataExtensions/v1" xmlns:vptm="http://www.garmin.com/xmlschemas/ViaPointTransportationModeExtensions/v1" xmlns:ctx="http://www.garmin.com/xmlschemas/CreationTimeExtension/v1" creator="Garmin Desktop App" version="1.1" xsi:schemaLocation="http://www.topografix.com/GPX/1/1 http://www.topografix.com/GPX/1/1/gpx.xsd http://www.garmin.com/xmlschemas/WaypointExtension/v1 http://www8.garmin.com/xmlschemas/WaypointExtensionv1.xsd http://www.garmin.com/xmlschemas/TrackPointExtension/v1 http://www.garmin.com/xmlschemas/TrackPointExtensionv1.xsd http://www.garmin.com/xmlschemas/GpxExtensions/v3 http://www8.garmin.com/xmlschemas/GpxExtensionsv3.xsd http://www.garmin.com/xmlschemas/ActivityExtension/v1 http://www8.garmin.com/xmlschemas/ActivityExtensionv1.xsd http://www.garmin.com/xmlschemas/AdventuresExtensions/v1 http://www8.garmin.com/xmlschemas/AdventuresExtensionv1.xsd http://www.garmin.com/xmlschemas/PressureExtension/v1 http://www.garmin.com/xmlschemas/PressureExtensionv1.xsd http://www.garmin.com/xmlschemas/TripExtensions/v1 http://www.garmin.com/xmlschemas/TripExtensionsv1.xsd http://www.garmin.com/xmlschemas/TripMetaDataExtensions/v1 http://www.garmin.com/xmlschemas/TripMetaDataExtensionsv1.xsd http://www.garmin.com/xmlschemas/ViaPointTransportationModeExtensions/v1 http://www.garmin.com/xmlschemas/ViaPointTransportationModeExtensionsv1.xsd http://www.garmin.com/xmlschemas/CreationTimeExtensions/v1 http://www.garmin.com/xmlschemas/CreationTimeExtensionsv1.xsd">

  <metadata>
    <link href="http://www.garmin.com">
      <text>Garmin International</text>
    </link>
    <time>2015-01-21T11:31:42Z</time>
    <bounds maxlat="68.401086861267686" maxlon="14.526643110439181" minlat="68.335187919437885" minlon="14.48449345305562"/>
  </metadata>

  <wpt lat="68.335187919437885" lon="14.49696178548038">
    <ele>4</ele>
    <time>2015-01-16T11:58:25Z</time>
    <name>Sandsletta Camping - 1</name>
    <cmt>Camping officiel</cmt>
    <desc>Camping officiel</desc>
    <sym>Campground</sym>
    <type>user</type>
    <extensions>
      <gpxx:WaypointExtension>
        <gpxx:DisplayMode>SymbolAndName</gpxx:DisplayMode>
        <gpxx:Categories>
          <gpxx:Category>Austvagoya</gpxx:Category>
        </gpxx:Categories>
      </gpxx:WaypointExtension>
      <wptx1:WaypointExtension>
        <wptx1:DisplayMode>SymbolAndName</wptx1:DisplayMode>
        <wptx1:Categories>
          <wptx1:Category>Austvagoya</wptx1:Category>
        </wptx1:Categories>
      </wptx1:WaypointExtension>
      <ctx:CreationTimeExtension>
        <ctx:CreationTime>2015-01-16T11:58:25Z</ctx:CreationTime>
      </ctx:CreationTimeExtension>
    </extensions>
  </wpt>

  <trk>
    <name>GT_Austvagoya_Etape1</name>
    <extensions>
      <gpxx:TrackExtension>
        <gpxx:DisplayColor>DarkGray</gpxx:DisplayColor>
      </gpxx:TrackExtension>
    </extensions>
    <trkseg>
      <trkpt lat="68.401040509343147" lon="14.502815203741193">
        <ele>15.52</ele>
        <time>2014-05-20T06:22:23Z</time>
      </trkpt>
      <trkpt lat="68.401075713336468" lon="14.50285367667675">
        <ele>15.52</ele>
        <time>2014-05-20T06:22:43Z</time>
      </trkpt>
      <trkpt lat="68.401086861267686" lon="14.502971526235342">
        <ele>15.52</ele>
        <time>2014-05-20T06:22:51Z</time>
      </trkpt>
      <trkpt lat="68.401079904288054" lon="14.5030462089926">
        <ele>15.52</ele>
        <time>2014-05-20T06:22:54Z</time>
      </trkpt>
      <trkpt lat="68.401040844619274" lon="14.50320353731513">
        <ele>16.48</ele>
        <time>2014-05-20T06:23:01Z</time>
      </trkpt>
      <trkpt lat="68.400929616764188" lon="14.50361936353147">
        <ele>18.879999999999999</ele>
        <time>2014-05-20T06:23:16Z</time>
      </trkpt>
      <trkpt lat="68.400888545438647" lon="14.503691280260682">
        <ele>19.359999999999999</ele>
        <time>2014-05-20T06:23:20Z</time>
      </trkpt>
      <trkpt lat="68.400866249576211" lon="14.503714079037309">
        <ele>19.359999999999999</ele>
        <time>2014-05-20T06:23:22Z</time>
      </trkpt>
      <trkpt lat="68.400850910693407" lon="14.503750875592232">
        <ele>19.84</ele>
        <time>2014-05-20T06:23:24Z</time>
      </trkpt>
      <trkpt lat="68.400789052248001" lon="14.503768729045987">
        <ele>20.32</ele>
        <time>2014-05-20T06:23:29Z</time>
      </trkpt>
      <trkpt lat="68.400771031156182" lon="14.503787085413933">
        <ele>20.809999999999999</ele>
        <time>2014-05-20T06:23:31Z</time>
      </trkpt>
      <trkpt lat="68.400694588199258" lon="14.503966709598899">
        <ele>23.690000000000001</ele>
        <time>2014-05-20T06:23:44Z</time>
      </trkpt>
      <trkpt lat="68.400610852986574" lon="14.504157397896051">
        <ele>25.609999999999999</ele>
        <time>2014-05-20T06:23:56Z</time>
      </trkpt>
      <trkpt lat="68.400529716163874" lon="14.504250856116414">
        <ele>26.09</ele>
        <time>2014-05-20T06:24:06Z</time>
      </trkpt>
      <trkpt lat="68.400440448895097" lon="14.504305254667997">
        <ele>27.050000000000001</ele>
        <time>2014-05-20T06:24:15Z</time>
      </trkpt>
      <trkpt lat="68.400377668440342" lon="14.504463253542781">
        <ele>28.98</ele>
        <time>2014-05-20T06:24:28Z</time>
      </trkpt>
      <trkpt lat="68.400375321507454" lon="14.504489153623581">
        <ele>28.98</ele>
        <time>2014-05-20T06:24:29Z</time>
      </trkpt>
      <trkpt lat="68.400350762531161" lon="14.504678165540099">
        <ele>29.940000000000001</ele>
        <time>2014-05-20T06:24:37Z</time>
      </trkpt>
      <trkpt lat="68.400258561596274" lon="14.504939680919051">
        <ele>31.859999999999999</ele>
        <time>2014-05-20T06:24:52Z</time>
      </trkpt>
      <trkpt lat="68.400181448087096" lon="14.505027523264289">
        <ele>33.299999999999997</ele>
        <time>2014-05-20T06:25:02Z</time>
      </trkpt>
      <trkpt lat="68.400118164718151" lon="14.50514730066061">
        <ele>35.229999999999997</ele>
        <time>2014-05-20T06:25:13Z</time>
      </trkpt>
      <trkpt lat="68.400061838328838" lon="14.50531099922955">
        <ele>37.149999999999999</ele>
        <time>2014-05-20T06:25:26Z</time>
      </trkpt>
      <trkpt lat="68.400010205805302" lon="14.50543899089098">
        <ele>40.030000000000001</ele>
        <time>2014-05-20T06:25:39Z</time>
      </trkpt>
      <trkpt lat="68.399948095902801" lon="14.505501352250576">
        <ele>42.920000000000002</ele>
        <time>2014-05-20T06:25:52Z</time>
      </trkpt>
      <trkpt lat="68.399913478642702" lon="14.505613753572106">
        <ele>46.280000000000001</ele>
        <time>2014-05-20T06:26:04Z</time>
      </trkpt>
      <trkpt lat="68.399887410923839" lon="14.505687430500984">
        <ele>49.159999999999997</ele>
        <time>2014-05-20T06:26:18Z</time>
      </trkpt>
      <trkpt lat="68.399851536378264" lon="14.505909467115998">
        <ele>52.530000000000001</ele>
        <time>2014-05-20T06:26:30Z</time>
      </trkpt>
      <trkpt lat="68.399797640740871" lon="14.506021114066243">
        <ele>55.409999999999997</ele>
        <time>2014-05-20T06:26:41Z</time>
      </trkpt>
      <trkpt lat="68.399804262444377" lon="14.506233343854547">
        <ele>57.82</ele>
        <time>2014-05-20T06:26:54Z</time>
      </trkpt>
      <trkpt lat="68.399805519729853" lon="14.506256058812141">
        <ele>57.82</ele>
        <time>2014-05-20T06:26:56Z</time>
      </trkpt>
      <trkpt lat="68.399848183616996" lon="14.506384721025825">
        <ele>59.259999999999998</ele>
        <time>2014-05-20T06:27:07Z</time>
      </trkpt>
      <trkpt lat="68.399864863604307" lon="14.50656333938241">
        <ele>61.659999999999997</ele>
        <time>2014-05-20T06:27:20Z</time>
      </trkpt>
      <trkpt lat="68.399866120889783" lon="14.50678126886487">
        <ele>65.030000000000001</ele>
        <time>2014-05-20T06:27:33Z</time>
      </trkpt>
      <trkpt lat="68.399859163910151" lon="14.506927616894245">
        <ele>68.390000000000001</ele>
        <time>2014-05-20T06:27:45Z</time>
      </trkpt>
      <trkpt lat="68.399879280477762" lon="14.50705979950726">
        <ele>71.269999999999996</ele>
        <time>2014-05-20T06:27:57Z</time>
      </trkpt>
      <trkpt lat="68.399901492521167" lon="14.507102966308594">
        <ele>71.760000000000005</ele>
        <time>2014-05-20T06:28:05Z</time>
      </trkpt>
      <trkpt lat="68.399923117831349" lon="14.507186869159341">
        <ele>70.310000000000002</ele>
        <time>2014-05-20T06:28:10Z</time>
      </trkpt>
      <trkpt lat="68.399938624352217" lon="14.507271526381373">
        <ele>70.790000000000006</ele>
        <time>2014-05-20T06:28:29Z</time>
      </trkpt>
      <trkpt lat="68.399934014305472" lon="14.507275884971023">
        <ele>71.269999999999996</ele>
        <time>2014-05-20T06:28:46Z</time>
      </trkpt>
      <trkpt lat="68.399925380945206" lon="14.50727672316134">
        <ele>72.239999999999995</ele>
        <time>2014-05-20T06:28:48Z</time>
      </trkpt>
      <trkpt lat="68.399946251884103" lon="14.507218301296234">
        <ele>72.239999999999995</ele>
        <time>2014-05-20T06:29:03Z</time>
      </trkpt>
      <trkpt lat="68.399961674585938" lon="14.507219390943646">
        <ele>72.239999999999995</ele>
        <time>2014-05-20T06:29:21Z</time>
      </trkpt>
      <trkpt lat="68.399956980720162" lon="14.507351573556662">
        <ele>72.239999999999995</ele>
        <time>2014-05-20T06:29:38Z</time>
      </trkpt>
      <trkpt lat="68.399915993213654" lon="14.507341179996729">
        <ele>72.239999999999995</ele>
        <time>2014-05-20T06:29:58Z</time>
      </trkpt>
      <trkpt lat="68.399922279641032" lon="14.507258031517267">
        <ele>72.239999999999995</ele>
        <time>2014-05-20T06:30:22Z</time>
      </trkpt>
      <trkpt lat="68.399907359853387" lon="14.507326763123274">
        <ele>72.239999999999995</ele>
        <time>2014-05-20T06:30:39Z</time>
      </trkpt>
      <trkpt lat="68.399874586611986" lon="14.507337743416429">
        <ele>72.239999999999995</ele>
        <time>2014-05-20T06:31:10Z</time>
      </trkpt>
      <trkpt lat="68.399825133383274" lon="14.507344784215093">
        <ele>72.239999999999995</ele>
        <time>2014-05-20T06:31:40Z</time>
      </trkpt>
      <trkpt lat="68.39989336207509" lon="14.507232801988721">
        <ele>72.239999999999995</ele>
        <time>2014-05-20T06:32:04Z</time>
      </trkpt>
      <trkpt lat="68.399893026798964" lon="14.507243363186717">
        <ele>71.760000000000005</ele>
        <time>2014-05-20T06:32:27Z</time>
      </trkpt>
      <trkpt lat="68.39989579282701" lon="14.507260881364346">
        <ele>72.239999999999995</ele>
        <time>2014-05-20T06:32:54Z</time>
      </trkpt>
      <trkpt lat="68.399905348196626" lon="14.507356518879533">
        <ele>71.760000000000005</ele>
        <time>2014-05-20T06:33:15Z</time>
      </trkpt>
      <trkpt lat="68.399862349033356" lon="14.507478727027774">
        <ele>73.680000000000007</ele>
        <time>2014-05-20T06:33:26Z</time>
      </trkpt>
      <trkpt lat="68.399854134768248" lon="14.507686346769333">
        <ele>76.079999999999998</ele>
        <time>2014-05-20T06:33:38Z</time>
      </trkpt>
      <trkpt lat="68.399843154475093" lon="14.507902599871159">
        <ele>78.480000000000004</ele>
        <time>2014-05-20T06:33:51Z</time>
      </trkpt>
      <trkpt lat="68.39985815808177" lon="14.507998824119568">
        <ele>78.969999999999999</ele>
        <time>2014-05-20T06:33:56Z</time>
      </trkpt>
      <trkpt lat="68.399840472266078" lon="14.508267128840089">
        <ele>81.370000000000005</ele>
        <time>2014-05-20T06:34:10Z</time>
      </trkpt>
      <trkpt lat="68.399796970188618" lon="14.5084357727319">
        <ele>83.769999999999996</ele>
        <time>2014-05-20T06:34:21Z</time>
      </trkpt>
      <trkpt lat="68.39975749142468" lon="14.50847047381103">
        <ele>86.659999999999997</ele>
        <time>2014-05-20T06:34:33Z</time>
      </trkpt>
      <trkpt lat="68.399733267724514" lon="14.508544653654099">
        <ele>88.099999999999994</ele>
        <time>2014-05-20T06:34:39Z</time>
      </trkpt>
      <trkpt lat="68.399668810889125" lon="14.508618749678135">
        <ele>91.459999999999994</ele>
        <time>2014-05-20T06:34:51Z</time>
      </trkpt>
      <trkpt lat="68.399600833654404" lon="14.508490338921547">
        <ele>94.829999999999998</ele>
        <time>2014-05-20T06:35:04Z</time>
      </trkpt>
      <trkpt lat="68.399575771763921" lon="14.50822957791388">
        <ele>97.709999999999994</ele>
        <time>2014-05-20T06:35:18Z</time>
      </trkpt>
      <trkpt lat="68.399543585255742" lon="14.508254220709205">
        <ele>100.599999999999994</ele>
        <time>2014-05-20T06:35:29Z</time>
      </trkpt>
      <trkpt lat="68.399516763165593" lon="14.508398389443755">
        <ele>103.959999999999994</ele>
        <time>2014-05-20T06:35:41Z</time>
      </trkpt>
      <trkpt lat="68.39945356361568" lon="14.508411716669798">
        <ele>106.840000000000003</ele>
        <time>2014-05-20T06:35:54Z</time>
      </trkpt>
      <trkpt lat="68.399431770667434" lon="14.508222369477153">
        <ele>108.769999999999996</ele>
        <time>2014-05-20T06:36:06Z</time>
      </trkpt>
      <trkpt lat="68.399390699341893" lon="14.508265033364296">
        <ele>111.170000000000002</ele>
        <time>2014-05-20T06:36:18Z</time>
      </trkpt>
      <trkpt lat="68.399356417357922" lon="14.508393863216043">
        <ele>113.090000000000003</ele>
        <time>2014-05-20T06:36:31Z</time>
      </trkpt>
      <trkpt lat="68.39931869879365" lon="14.508506767451763">
        <ele>115.5</ele>
        <time>2014-05-20T06:36:43Z</time>
      </trkpt>
      <trkpt lat="68.399265138432384" lon="14.508388582617044">
        <ele>118.859999999999999</ele>
        <time>2014-05-20T06:36:58Z</time>
      </trkpt>
      <trkpt lat="68.399232029914856" lon="14.508414482697845">
        <ele>121.739999999999995</ele>
        <time>2014-05-20T06:37:10Z</time>
      </trkpt>
      <trkpt lat="68.399162124842405" lon="14.508386990055442">
        <ele>125.109999999999999</ele>
        <time>2014-05-20T06:37:22Z</time>
      </trkpt>
      <trkpt lat="68.399123065173626" lon="14.508343487977982">
        <ele>127.989999999999995</ele>
        <time>2014-05-20T06:37:36Z</time>
      </trkpt>
      <trkpt lat="68.399065230041742" lon="14.508265117183328">
        <ele>130.879999999999995</ele>
        <time>2014-05-20T06:37:47Z</time>
      </trkpt>
      <trkpt lat="68.399048885330558" lon="14.508175598457456">
        <ele>134.240000000000009</ele>
        <time>2014-05-20T06:37:59Z</time>
      </trkpt>
      <trkpt lat="68.399080568924546" lon="14.507944090291858">
        <ele>137.129999999999995</ele>
        <time>2014-05-20T06:38:13Z</time>
      </trkpt>
      <trkpt lat="68.399100517854095" lon="14.507710319012403">
        <ele>139.530000000000001</ele>
        <time>2014-05-20T06:38:26Z</time>
      </trkpt>
      <trkpt lat="68.399072187021375" lon="14.507614513859153">
        <ele>140.490000000000009</ele>
        <time>2014-05-20T06:38:32Z</time>
      </trkpt>
      <trkpt lat="68.398969927802682" lon="14.507432207465172">
        <ele>143.370000000000005</ele>
        <time>2014-05-20T06:38:47Z</time>
      </trkpt>
      <trkpt lat="68.398955008015037" lon="14.507395830005407">
        <ele>142.889999999999986</ele>
        <time>2014-05-20T06:39:00Z</time>
      </trkpt>
      <trkpt lat="68.39894000440836" lon="14.507479229941964">
        <ele>144.340000000000003</ele>
        <time>2014-05-20T06:39:10Z</time>
      </trkpt>
      <trkpt lat="68.398905638605356" lon="14.507678467780352">
        <ele>147.219999999999999</ele>
        <time>2014-05-20T06:39:22Z</time>
      </trkpt>
      <trkpt lat="68.398839421570301" lon="14.507829258218408">
        <ele>150.099999999999994</ele>
        <time>2014-05-20T06:39:35Z</time>
      </trkpt>
      <trkpt lat="68.398822322487831" lon="14.50787091627717">
        <ele>150.580000000000013</ele>
        <time>2014-05-20T06:39:38Z</time>
      </trkpt>
      <trkpt lat="68.398779490962625" lon="14.507952136918902">
        <ele>151.539999999999992</ele>
        <time>2014-05-20T06:39:42Z</time>
      </trkpt>
      <trkpt lat="68.398665999993682" lon="14.508156403899193">
        <ele>153.949999999999989</ele>
        <time>2014-05-20T06:39:58Z</time>
      </trkpt>
      <trkpt lat="68.398655187338591" lon="14.508181046694517">
        <ele>153.949999999999989</ele>
        <time>2014-05-20T06:40:00Z</time>
      </trkpt>
      <trkpt lat="68.398602716624737" lon="14.508287832140923">
        <ele>154.430000000000007</ele>
        <time>2014-05-20T06:40:08Z</time>
      </trkpt>
      <trkpt lat="68.39854815043509" lon="14.50843183323741">
        <ele>156.830000000000013</ele>
        <time>2014-05-20T06:40:18Z</time>
      </trkpt>
      <trkpt lat="68.398398365825415" lon="14.508533421903849">
        <ele>159.240000000000009</ele>
        <time>2014-05-20T06:40:34Z</time>
      </trkpt>
      <trkpt lat="68.398347152397037" lon="14.50869276188314">
        <ele>161.639999999999986</ele>
        <time>2014-05-20T06:40:46Z</time>
      </trkpt>
      <trkpt lat="68.398320665583014" lon="14.508796948939562">
        <ele>163.560000000000002</ele>
        <time>2014-05-20T06:40:58Z</time>
      </trkpt>
      <trkpt lat="68.398321168497205" lon="14.508881689980626">
        <ele>165.47999999999999</ele>
        <time>2014-05-20T06:41:13Z</time>
      </trkpt>
      <trkpt lat="68.398329215124249" lon="14.508929802104831">
        <ele>165.47999999999999</ele>
        <time>2014-05-20T06:41:44Z</time>
      </trkpt>
      <trkpt lat="68.398322006687522" lon="14.50892929919064">
        <ele>165.47999999999999</ele>
        <time>2014-05-20T06:42:19Z</time>
      </trkpt>
      <trkpt lat="68.398351008072495" lon="14.508948074653745">
        <ele>167.409999999999997</ele>
        <time>2014-05-20T06:42:37Z</time>
      </trkpt>
      <trkpt lat="68.398335417732596" lon="14.509043041616678">
        <ele>170.77000000000001</ele>
        <time>2014-05-20T06:42:47Z</time>
      </trkpt>
      <trkpt lat="68.398373387753963" lon="14.509194334968925">
        <ele>173.169999999999987</ele>
        <time>2014-05-20T06:42:59Z</time>
      </trkpt>
      <trkpt lat="68.398339273408055" lon="14.50929868966341">
        <ele>176.060000000000002</ele>
        <time>2014-05-20T06:43:09Z</time>
      </trkpt>
      <trkpt lat="68.398338602855802" lon="14.5093182194978">
        <ele>177.5</ele>
        <time>2014-05-20T06:43:12Z</time>
      </trkpt>
      <trkpt lat="68.398304907605052" lon="14.509376222267747">
        <ele>179.419999999999987</ele>
        <time>2014-05-20T06:43:18Z</time>
      </trkpt>
      <trkpt lat="68.398270290344954" lon="14.509495915845037">
        <ele>182.789999999999992</ele>
        <time>2014-05-20T06:43:30Z</time>
      </trkpt>
      <trkpt lat="68.398230727761984" lon="14.509607898071408">
        <ele>185.669999999999987</ele>
        <time>2014-05-20T06:43:42Z</time>
      </trkpt>
      <trkpt lat="68.398153698071837" lon="14.509670929983258">
        <ele>189.039999999999992</ele>
        <time>2014-05-20T06:43:56Z</time>
      </trkpt>
      <trkpt lat="68.398096449673176" lon="14.509727172553539">
        <ele>192.400000000000006</ele>
        <time>2014-05-20T06:44:09Z</time>
      </trkpt>
      <trkpt lat="68.398076333105564" lon="14.509783163666725">
        <ele>195.280000000000001</ele>
        <time>2014-05-20T06:44:16Z</time>
      </trkpt>
      <trkpt lat="68.398073147982359" lon="14.509990029036999">
        <ele>198.169999999999987</ele>
        <time>2014-05-20T06:44:29Z</time>
      </trkpt>
      <trkpt lat="68.398081362247467" lon="14.510165210813284">
        <ele>200.569999999999993</ele>
        <time>2014-05-20T06:44:41Z</time>
      </trkpt>
      <trkpt lat="68.398106675595045" lon="14.510374255478382">
        <ele>203.939999999999998</ele>
        <time>2014-05-20T06:44:54Z</time>
      </trkpt>
      <trkpt lat="68.398052444681525" lon="14.510430665686727">
        <ele>205.379999999999995</ele>
        <time>2014-05-20T06:45:02Z</time>
      </trkpt>
      <trkpt lat="68.398036267608404" lon="14.510443825274706">
        <ele>205.379999999999995</ele>
        <time>2014-05-20T06:45:04Z</time>
      </trkpt>
      <trkpt lat="68.39796669781208" lon="14.510689498856664">
        <ele>208.259999999999991</ele>
        <time>2014-05-20T06:45:18Z</time>
      </trkpt>
      <trkpt lat="68.397892853245139" lon="14.510909020900726">
        <ele>211.629999999999995</ele>
        <time>2014-05-20T06:45:33Z</time>
      </trkpt>
      <trkpt lat="68.397864270955324" lon="14.510970124974847">
        <ele>213.069999999999993</ele>
        <time>2014-05-20T06:45:39Z</time>
      </trkpt>
      <trkpt lat="68.397822361439466" lon="14.511107336729765">
        <ele>215.949999999999989</ele>
        <time>2014-05-20T06:45:51Z</time>
      </trkpt>
      <trkpt lat="68.397797467187047" lon="14.511167770251632">
        <ele>219.319999999999993</ele>
        <time>2014-05-20T06:46:02Z</time>
      </trkpt>
      <trkpt lat="68.397802831605077" lon="14.511275310069323">
        <ele>222.199999999999989</ele>
        <time>2014-05-20T06:46:13Z</time>
      </trkpt>
      <trkpt lat="68.397779278457165" lon="14.511465076357126">
        <ele>225.569999999999993</ele>
        <time>2014-05-20T06:46:25Z</time>
      </trkpt>
      <trkpt lat="68.397778188809752" lon="14.511469602584839">
        <ele>226.050000000000011</ele>
        <time>2014-05-20T06:46:26Z</time>
      </trkpt>
      <trkpt lat="68.397787325084209" lon="14.511681497097015">
        <ele>228.930000000000007</ele>
        <time>2014-05-20T06:46:39Z</time>
      </trkpt>
      <trkpt lat="68.397787241265178" lon="14.511726507917047">
        <ele>230.370000000000005</ele>
        <time>2014-05-20T06:46:42Z</time>
      </trkpt>
      <trkpt lat="68.397728484123945" lon="14.511868748813868">
        <ele>232.780000000000001</ele>
        <time>2014-05-20T06:46:55Z</time>
      </trkpt>
      <trkpt lat="68.397677019238472" lon="14.511885596439242">
        <ele>234.699999999999989</ele>
        <time>2014-05-20T06:47:07Z</time>
      </trkpt>
      <trkpt lat="68.397613149136305" lon="14.51195240020752">
        <ele>238.060000000000002</ele>
        <time>2014-05-20T06:47:18Z</time>
      </trkpt>
      <trkpt lat="68.397532431408763" lon="14.511995483189821">
        <ele>240.469999999999999</ele>
        <time>2014-05-20T06:47:31Z</time>
      </trkpt>
      <trkpt lat="68.397502340376377" lon="14.512015683576465">
        <ele>243.830000000000013</ele>
        <time>2014-05-20T06:47:42Z</time>
      </trkpt>
      <trkpt lat="68.397524133324623" lon="14.512126576155424">
        <ele>246.719999999999999</ele>
        <time>2014-05-20T06:47:55Z</time>
      </trkpt>
      <trkpt lat="68.397467471659184" lon="14.512272924184799">
        <ele>249.120000000000005</ele>
        <time>2014-05-20T06:48:08Z</time>
      </trkpt>
      <trkpt lat="68.397434530779719" lon="14.512393539771438">
        <ele>252</ele>
        <time>2014-05-20T06:48:21Z</time>
      </trkpt>
      <trkpt lat="68.397439811378717" lon="14.512497810646892">
        <ele>255.370000000000005</ele>
        <time>2014-05-20T06:48:33Z</time>
      </trkpt>
      <trkpt lat="68.397449115291238" lon="14.512637872248888">
        <ele>258.25</ele>
        <time>2014-05-20T06:48:43Z</time>
      </trkpt>
      <trkpt lat="68.397441655397415" lon="14.512758487835526">
        <ele>261.139999999999986</ele>
        <time>2014-05-20T06:48:53Z</time>
      </trkpt>
      <trkpt lat="68.397463699802756" lon="14.51286812312901">
        <ele>264.5</ele>
        <time>2014-05-20T06:49:04Z</time>
      </trkpt>
      <trkpt lat="68.397482726722956" lon="14.513000557199121">
        <ele>267.379999999999995</ele>
        <time>2014-05-20T06:49:15Z</time>
      </trkpt>
      <trkpt lat="68.397499322891235" lon="14.513120334595442">
        <ele>270.269999999999982</ele>
        <time>2014-05-20T06:49:26Z</time>
      </trkpt>
      <trkpt lat="68.397503513842821" lon="14.513301886618137">
        <ele>273.149999999999977</ele>
        <time>2014-05-20T06:49:37Z</time>
      </trkpt>
      <trkpt lat="68.397509464994073" lon="14.51339584775269">
        <ele>276.519999999999982</ele>
        <time>2014-05-20T06:49:48Z</time>
      </trkpt>
      <trkpt lat="68.397527318447828" lon="14.51342610642314">
        <ele>277.480000000000018</ele>
        <time>2014-05-20T06:49:54Z</time>
      </trkpt>
      <trkpt lat="68.397541148588061" lon="14.513592906296253">
        <ele>279.879999999999995</ele>
        <time>2014-05-20T06:50:07Z</time>
      </trkpt>
      <trkpt lat="68.397505441680551" lon="14.513649735599756">
        <ele>280.839999999999975</ele>
        <time>2014-05-20T06:50:21Z</time>
      </trkpt>
      <trkpt lat="68.397478871047497" lon="14.513656189665198">
        <ele>284.20999999999998</ele>
        <time>2014-05-20T06:50:32Z</time>
      </trkpt>
      <trkpt lat="68.397478116676211" lon="14.513658536598086">
        <ele>284.689999999999998</ele>
        <time>2014-05-20T06:50:33Z</time>
      </trkpt>
      <trkpt lat="68.397422041743994" lon="14.513616375625134">
        <ele>287.569999999999993</ele>
        <time>2014-05-20T06:50:46Z</time>
      </trkpt>
      <trkpt lat="68.397395303472877" lon="14.513644203543663">
        <ele>290.939999999999998</ele>
        <time>2014-05-20T06:50:57Z</time>
      </trkpt>
      <trkpt lat="68.397378539666533" lon="14.513658452779055">
        <ele>285.649999999999977</ele>
        <time>2014-05-20T06:51:00Z</time>
      </trkpt>
      <trkpt lat="68.397375186905265" lon="14.513667840510607">
        <ele>292.379999999999995</ele>
        <time>2014-05-20T06:51:01Z</time>
      </trkpt>
      <trkpt lat="68.397406032308936" lon="14.513848638162017">
        <ele>294.779999999999973</ele>
        <time>2014-05-20T06:51:16Z</time>
      </trkpt>
      <trkpt lat="68.397410223260522" lon="14.513935223221779">
        <ele>297.180000000000007</ele>
        <time>2014-05-20T06:51:24Z</time>
      </trkpt>
      <trkpt lat="68.397349957376719" lon="14.51405692845583">
        <ele>300.069999999999993</ele>
        <time>2014-05-20T06:51:38Z</time>
      </trkpt>
      <trkpt lat="68.397303773090243" lon="14.514102106913924">
        <ele>303.430000000000007</ele>
        <time>2014-05-20T06:51:50Z</time>
      </trkpt>
      <trkpt lat="68.397280471399426" lon="14.514199336990714">
        <ele>305.839999999999975</ele>
        <time>2014-05-20T06:52:01Z</time>
      </trkpt>
      <trkpt lat="68.397223139181733" lon="14.514291705563664">
        <ele>309.199999999999989</ele>
        <time>2014-05-20T06:52:13Z</time>
      </trkpt>
      <trkpt lat="68.397184582427144" lon="14.514406956732273">
        <ele>312.089999999999975</ele>
        <time>2014-05-20T06:52:25Z</time>
      </trkpt>
      <trkpt lat="68.397184666246176" lon="14.514490440487862">
        <ele>312.569999999999993</ele>
        <time>2014-05-20T06:52:41Z</time>
      </trkpt>
      <trkpt lat="68.397187599912286" lon="14.514506366103888">
        <ele>312.569999999999993</ele>
        <time>2014-05-20T06:53:14Z</time>
      </trkpt>
      <trkpt lat="68.39716681279242" lon="14.514491111040115">
        <ele>312.569999999999993</ele>
        <time>2014-05-20T06:53:40Z</time>
      </trkpt>
      <trkpt lat="68.397172261029482" lon="14.51446152292192">
        <ele>312.569999999999993</ele>
        <time>2014-05-20T06:54:10Z</time>
      </trkpt>
      <trkpt lat="68.397160107269883" lon="14.514445764943957">
        <ele>314.009999999999991</ele>
        <time>2014-05-20T06:54:33Z</time>
      </trkpt>
      <trkpt lat="68.397100092843175" lon="14.514581048861146">
        <ele>317.370000000000005</ele>
        <time>2014-05-20T06:54:45Z</time>
      </trkpt>
      <trkpt lat="68.397067654877901" lon="14.514658749103546">
        <ele>320.259999999999991</ele>
        <time>2014-05-20T06:54:55Z</time>
      </trkpt>
      <trkpt lat="68.397040916606784" lon="14.514793194830418">
        <ele>323.139999999999986</ele>
        <time>2014-05-20T06:55:08Z</time>
      </trkpt>
      <trkpt lat="68.397054243832827" lon="14.514845246449113">
        <ele>326.5</ele>
        <time>2014-05-20T06:55:20Z</time>
      </trkpt>
      <trkpt lat="68.397036138921976" lon="14.514989666640759">
        <ele>329.389999999999986</ele>
        <time>2014-05-20T06:55:33Z</time>
      </trkpt>
      <trkpt lat="68.396995570510626" lon="14.515043897554278">
        <ele>332.75</ele>
        <time>2014-05-20T06:55:46Z</time>
      </trkpt>
      <trkpt lat="68.396998420357704" lon="14.515092261135578">
        <ele>336.600000000000023</ele>
        <time>2014-05-20T06:55:59Z</time>
      </trkpt>
      <trkpt lat="68.397007472813129" lon="14.515149760991335">
        <ele>338.519999999999982</ele>
        <time>2014-05-20T06:56:14Z</time>
      </trkpt>
      <trkpt lat="68.39705977588892" lon="14.515214469283819">
        <ele>341.410000000000025</ele>
        <time>2014-05-20T06:56:27Z</time>
      </trkpt>
      <trkpt lat="68.397076539695263" lon="14.515407755970955">
        <ele>344.29000000000002</ele>
        <time>2014-05-20T06:56:39Z</time>
      </trkpt>
      <trkpt lat="68.397058518603444" lon="14.515555780380964">
        <ele>347.170000000000016</ele>
        <time>2014-05-20T06:56:52Z</time>
      </trkpt>
      <trkpt lat="68.39699917472899" lon="14.515606742352247">
        <ele>349.579999999999984</ele>
        <time>2014-05-20T06:57:04Z</time>
      </trkpt>
      <trkpt lat="68.396971682086587" lon="14.515688633546233">
        <ele>351.980000000000018</ele>
        <time>2014-05-20T06:57:16Z</time>
      </trkpt>
      <trkpt lat="68.396952655166388" lon="14.515865994617343">
        <ele>355.339999999999975</ele>
        <time>2014-05-20T06:57:28Z</time>
      </trkpt>
      <trkpt lat="68.396953074261546" lon="14.516064310446382">
        <ele>358.230000000000018</ele>
        <time>2014-05-20T06:57:39Z</time>
      </trkpt>
      <trkpt lat="68.396930443122983" lon="14.516193894669414">
        <ele>359.189999999999998</ele>
        <time>2014-05-20T06:57:44Z</time>
      </trkpt>
      <trkpt lat="68.3968535810709" lon="14.516467815265059">
        <ele>362.069999999999993</ele>
        <time>2014-05-20T06:57:57Z</time>
      </trkpt>
      <trkpt lat="68.396826339885592" lon="14.516563452780247">
        <ele>364</ele>
        <time>2014-05-20T06:58:05Z</time>
      </trkpt>
      <trkpt lat="68.396757608279586" lon="14.516683481633663">
        <ele>364.95999999999998</ele>
        <time>2014-05-20T06:58:19Z</time>
      </trkpt>
      <trkpt lat="68.396737407892942" lon="14.516707118600607">
        <ele>364.95999999999998</ele>
        <time>2014-05-20T06:58:33Z</time>
      </trkpt>
      <trkpt lat="68.396740173920989" lon="14.516728240996599">
        <ele>364.95999999999998</ele>
        <time>2014-05-20T06:58:54Z</time>
      </trkpt>
      <trkpt lat="68.396735060960054" lon="14.516748106107116">
        <ele>364.95999999999998</ele>
        <time>2014-05-20T06:59:23Z</time>
      </trkpt>
      <trkpt lat="68.396720308810472" lon="14.516682475805283">
        <ele>364.95999999999998</ele>
        <time>2014-05-20T06:59:44Z</time>
      </trkpt>
      <trkpt lat="68.396751405671239" lon="14.516728995367885">
        <ele>364.95999999999998</ele>
        <time>2014-05-20T07:00:06Z</time>
      </trkpt>
      <trkpt lat="68.39673682115972" lon="14.516755566000938">
        <ele>364.95999999999998</ele>
        <time>2014-05-20T07:00:26Z</time>
      </trkpt>
      <trkpt lat="68.396712513640523" lon="14.516821280121803">
        <ele>364.95999999999998</ele>
        <time>2014-05-20T07:01:03Z</time>
      </trkpt>
      <trkpt lat="68.396717458963394" lon="14.516751375049353">
        <ele>364.95999999999998</ele>
        <time>2014-05-20T07:01:45Z</time>
      </trkpt>
      <trkpt lat="68.39669088833034" lon="14.516833685338497">
        <ele>365.920000000000016</ele>
        <time>2014-05-20T07:02:04Z</time>
      </trkpt>
      <trkpt lat="68.396657612174749" lon="14.51695304363966">
        <ele>368.800000000000011</ele>
        <time>2014-05-20T07:02:15Z</time>
      </trkpt>
      <trkpt lat="68.396568512544036" lon="14.517048513516784">
        <ele>371.20999999999998</ele>
        <time>2014-05-20T07:02:29Z</time>
      </trkpt>
      <trkpt lat="68.396521573886275" lon="14.517080532386899">
        <ele>372.649999999999977</ele>
        <time>2014-05-20T07:02:35Z</time>
      </trkpt>
      <trkpt lat="68.396443873643875" lon="14.51715974137187">
        <ele>375.050000000000011</ele>
        <time>2014-05-20T07:02:47Z</time>
      </trkpt>
      <trkpt lat="68.396380506455898" lon="14.517248086631298">
        <ele>378.420000000000016</ele>
        <time>2014-05-20T07:03:00Z</time>
      </trkpt>
      <trkpt lat="68.396333483979106" lon="14.517339784651995">
        <ele>380.819999999999993</ele>
        <time>2014-05-20T07:03:10Z</time>
      </trkpt>
      <trkpt lat="68.396246144548059" lon="14.517473895102739">
        <ele>383.220000000000027</ele>
        <time>2014-05-20T07:03:24Z</time>
      </trkpt>
      <trkpt lat="68.396134665235877" lon="14.517687130719423">
        <ele>385.149999999999977</ele>
        <time>2014-05-20T07:03:38Z</time>
      </trkpt>
      <trkpt lat="68.396049840375781" lon="14.517856109887362">
        <ele>387.550000000000011</ele>
        <time>2014-05-20T07:03:50Z</time>
      </trkpt>
      <trkpt lat="68.395961495116353" lon="14.51809692196548">
        <ele>389.949999999999989</ele>
        <time>2014-05-20T07:04:03Z</time>
      </trkpt>
      <trkpt lat="68.395881447941065" lon="14.518186775967479">
        <ele>392.360000000000014</ele>
        <time>2014-05-20T07:04:16Z</time>
      </trkpt>
      <trkpt lat="68.395845992490649" lon="14.518201528117061">
        <ele>393.319999999999993</ele>
        <time>2014-05-20T07:04:20Z</time>
      </trkpt>
      <trkpt lat="68.395743817090988" lon="14.518236732110381">
        <ele>396.199999999999989</ele>
        <time>2014-05-20T07:04:34Z</time>
      </trkpt>
      <trkpt lat="68.395644156262279" lon="14.518387438729405">
        <ele>397.639999999999986</ele>
        <time>2014-05-20T07:04:47Z</time>
      </trkpt>
      <trkpt lat="68.395575089380145" lon="14.51855918392539">
        <ele>399.569999999999993</ele>
        <time>2014-05-20T07:04:58Z</time>
      </trkpt>
      <trkpt lat="68.395543824881315" lon="14.518613079562783">
        <ele>400.050000000000011</ele>
        <time>2014-05-20T07:05:02Z</time>
      </trkpt>
      <trkpt lat="68.395433183759451" lon="14.518740987405181">
        <ele>400.529999999999973</ele>
        <time>2014-05-20T07:05:15Z</time>
      </trkpt>
      <trkpt lat="68.395408876240253" lon="14.518688851967454">
        <ele>400.529999999999973</ele>
        <time>2014-05-20T07:05:34Z</time>
      </trkpt>
      <trkpt lat="68.395390938967466" lon="14.51887191273272">
        <ele>401.490000000000009</ele>
        <time>2014-05-20T07:05:51Z</time>
      </trkpt>
      <trkpt lat="68.39530024677515" lon="14.51899453997612">
        <ele>403.410000000000025</ele>
        <time>2014-05-20T07:06:05Z</time>
      </trkpt>
      <trkpt lat="68.395275184884667" lon="14.519042819738388">
        <ele>403.410000000000025</ele>
        <time>2014-05-20T07:06:08Z</time>
      </trkpt>
      <trkpt lat="68.395193545147777" lon="14.5193409640342">
        <ele>404.370000000000005</ele>
        <time>2014-05-20T07:06:23Z</time>
      </trkpt>
      <trkpt lat="68.395091956481338" lon="14.519386310130358">
        <ele>406.29000000000002</ele>
        <time>2014-05-20T07:06:37Z</time>
      </trkpt>
      <trkpt lat="68.394967233762145" lon="14.519493514671922">
        <ele>407.740000000000009</ele>
        <time>2014-05-20T07:06:49Z</time>
      </trkpt>
      <trkpt lat="68.394912667572498" lon="14.519534753635526">
        <ele>408.220000000000027</ele>
        <time>2014-05-20T07:06:55Z</time>
      </trkpt>
      <trkpt lat="68.394821053370833" lon="14.51965956017375">
        <ele>407.740000000000009</ele>
        <time>2014-05-20T07:07:04Z</time>
      </trkpt>
      <trkpt lat="68.394793644547462" lon="14.519740780815482">
        <ele>408.220000000000027</ele>
        <time>2014-05-20T07:07:08Z</time>
      </trkpt>
      <trkpt lat="68.394682919606566" lon="14.520051833242178">
        <ele>409.180000000000007</ele>
        <time>2014-05-20T07:07:23Z</time>
      </trkpt>
      <trkpt lat="68.394611170515418" lon="14.520156187936664">
        <ele>410.139999999999986</ele>
        <time>2014-05-20T07:07:31Z</time>
      </trkpt>
      <trkpt lat="68.394595412537456" lon="14.520190302282572">
        <ele>410.620000000000005</ele>
        <time>2014-05-20T07:07:33Z</time>
      </trkpt>
      <trkpt lat="68.394528441131115" lon="14.520290968939662">
        <ele>411.579999999999984</ele>
        <time>2014-05-20T07:07:42Z</time>
      </trkpt>
      <trkpt lat="68.394458619877696" lon="14.520453996956348">
        <ele>411.579999999999984</ele>
        <time>2014-05-20T07:07:51Z</time>
      </trkpt>
      <trkpt lat="68.394398102536798" lon="14.520531613379717">
        <ele>412.060000000000002</ele>
        <time>2014-05-20T07:07:56Z</time>
      </trkpt>
      <trkpt lat="68.39433616027236" lon="14.520783489570022">
        <ele>412.54000000000002</ele>
        <time>2014-05-20T07:08:06Z</time>
      </trkpt>
      <trkpt lat="68.394293244928122" lon="14.520908296108246">
        <ele>412.54000000000002</ele>
        <time>2014-05-20T07:08:12Z</time>
      </trkpt>
      <trkpt lat="68.394192242994905" lon="14.521198393777013">
        <ele>413.980000000000018</ele>
        <time>2014-05-20T07:08:26Z</time>
      </trkpt>
      <trkpt lat="68.394058300182223" lon="14.521395368501544">
        <ele>414.949999999999989</ele>
        <time>2014-05-20T07:08:40Z</time>
      </trkpt>
      <trkpt lat="68.393890494480729" lon="14.52168052084744">
        <ele>417.350000000000023</ele>
        <time>2014-05-20T07:08:58Z</time>
      </trkpt>
      <trkpt lat="68.393760658800602" lon="14.521868024021387">
        <ele>418.310000000000002</ele>
        <time>2014-05-20T07:09:12Z</time>
      </trkpt>
      <trkpt lat="68.393751690164208" lon="14.521884536370635">
        <ele>418.310000000000002</ele>
        <time>2014-05-20T07:09:13Z</time>
      </trkpt>
      <trkpt lat="68.393643647432327" lon="14.522291896864772">
        <ele>420.230000000000018</ele>
        <time>2014-05-20T07:09:31Z</time>
      </trkpt>
      <trkpt lat="68.393593691289425" lon="14.522512592375278">
        <ele>421.189999999999998</ele>
        <time>2014-05-20T07:09:40Z</time>
      </trkpt>
      <trkpt lat="68.393560498952866" lon="14.522686516866088">
        <ele>422.160000000000025</ele>
        <time>2014-05-20T07:09:47Z</time>
      </trkpt>
      <trkpt lat="68.393538035452366" lon="14.522837642580271">
        <ele>423.120000000000005</ele>
        <time>2014-05-20T07:09:53Z</time>
      </trkpt>
      <trkpt lat="68.393536610528827" lon="14.522892963141203">
        <ele>423.600000000000023</ele>
        <time>2014-05-20T07:09:55Z</time>
      </trkpt>
      <trkpt lat="68.393507357686758" lon="14.523052806034684">
        <ele>424.560000000000002</ele>
        <time>2014-05-20T07:10:01Z</time>
      </trkpt>
      <trkpt lat="68.39347424916923" lon="14.523183312267065">
        <ele>425.519999999999982</ele>
        <time>2014-05-20T07:10:07Z</time>
      </trkpt>
      <trkpt lat="68.393422532826662" lon="14.523451197892427">
        <ele>427.920000000000016</ele>
        <time>2014-05-20T07:10:21Z</time>
      </trkpt>
      <trkpt lat="68.393384898081422" lon="14.523566113784909">
        <ele>428.889999999999986</ele>
        <time>2014-05-20T07:10:29Z</time>
      </trkpt>
      <trkpt lat="68.393301330506802" lon="14.523734841495752">
        <ele>428.889999999999986</ele>
        <time>2014-05-20T07:10:40Z</time>
      </trkpt>
      <trkpt lat="68.393268054351211" lon="14.523780103772879">
        <ele>428.399999999999977</ele>
        <time>2014-05-20T07:10:51Z</time>
      </trkpt>
      <trkpt lat="68.393257493153214" lon="14.5238256175071">
        <ele>426.95999999999998</ele>
        <time>2014-05-20T07:11:02Z</time>
      </trkpt>
      <trkpt lat="68.393266377970576" lon="14.523822600021958">
        <ele>426.95999999999998</ele>
        <time>2014-05-20T07:11:31Z</time>
      </trkpt>
      <trkpt lat="68.393281381577253" lon="14.523762920871377">
        <ele>426.95999999999998</ele>
        <time>2014-05-20T07:12:05Z</time>
      </trkpt>
      <trkpt lat="68.39327878318727" lon="14.523757807910442">
        <ele>426.95999999999998</ele>
        <time>2014-05-20T07:12:38Z</time>
      </trkpt>
      <trkpt lat="68.393293200060725" lon="14.523765938356519">
        <ele>427.439999999999998</ele>
        <time>2014-05-20T07:13:10Z</time>
      </trkpt>
      <trkpt lat="68.393278531730175" lon="14.523764932528138">
        <ele>427.439999999999998</ele>
        <time>2014-05-20T07:13:45Z</time>
      </trkpt>
      <trkpt lat="68.393303509801626" lon="14.52373425476253">
        <ele>426.95999999999998</ele>
        <time>2014-05-20T07:14:21Z</time>
      </trkpt>
      <trkpt lat="68.393283812329173" lon="14.523790078237653">
        <ele>427.439999999999998</ele>
        <time>2014-05-20T07:14:51Z</time>
      </trkpt>
      <trkpt lat="68.393281130120158" lon="14.523809188976884">
        <ele>427.439999999999998</ele>
        <time>2014-05-20T07:15:25Z</time>
      </trkpt>
      <trkpt lat="68.393279705196619" lon="14.523797454312444">
        <ele>427.439999999999998</ele>
        <time>2014-05-20T07:16:00Z</time>
      </trkpt>
      <trkpt lat="68.393284315243363" lon="14.523730985820293">
        <ele>428.889999999999986</ele>
        <time>2014-05-20T07:16:27Z</time>
      </trkpt>
      <trkpt lat="68.393271155655384" lon="14.52381631359458">
        <ele>428.399999999999977</ele>
        <time>2014-05-20T07:16:47Z</time>
      </trkpt>
      <trkpt lat="68.393264450132847" lon="14.523817487061024">
        <ele>428.399999999999977</ele>
        <time>2014-05-20T07:17:17Z</time>
      </trkpt>
      <trkpt lat="68.393267970532179" lon="14.523828634992242">
        <ele>428.399999999999977</ele>
        <time>2014-05-20T07:17:49Z</time>
      </trkpt>
      <trkpt lat="68.393273334950209" lon="14.52379728667438">
        <ele>428.399999999999977</ele>
        <time>2014-05-20T07:18:08Z</time>
      </trkpt>
      <trkpt lat="68.393277693539858" lon="14.523778259754181">
        <ele>428.399999999999977</ele>
        <time>2014-05-20T07:18:40Z</time>
      </trkpt>
      <trkpt lat="68.393283896148205" lon="14.523777337744832">
        <ele>428.399999999999977</ele>
        <time>2014-05-20T07:19:05Z</time>
      </trkpt>
      <trkpt lat="68.393290936946869" lon="14.523818409070373">
        <ele>428.399999999999977</ele>
        <time>2014-05-20T07:19:44Z</time>
      </trkpt>
      <trkpt lat="68.393277442082763" lon="14.523790497332811">
        <ele>428.399999999999977</ele>
        <time>2014-05-20T07:20:10Z</time>
      </trkpt>
      <trkpt lat="68.393266629427671" lon="14.523741714656353">
        <ele>427.920000000000016</ele>
        <time>2014-05-20T07:20:36Z</time>
      </trkpt>
      <trkpt lat="68.393239555880427" lon="14.523692093789577">
        <ele>427.920000000000016</ele>
        <time>2014-05-20T07:20:49Z</time>
      </trkpt>
      <trkpt lat="68.393140230327845" lon="14.523477936163545">
        <ele>426</ele>
        <time>2014-05-20T07:21:02Z</time>
      </trkpt>
      <trkpt lat="68.393060266971588" lon="14.523360589519143">
        <ele>425.04000000000002</ele>
        <time>2014-05-20T07:21:11Z</time>
      </trkpt>
      <trkpt lat="68.393038138747215" lon="14.523332845419645">
        <ele>425.04000000000002</ele>
        <time>2014-05-20T07:21:24Z</time>
      </trkpt>
      <trkpt lat="68.393028248101473" lon="14.52330426312983">
        <ele>424.560000000000002</ele>
        <time>2014-05-20T07:21:52Z</time>
      </trkpt>
      <trkpt lat="68.393034702166915" lon="14.523317925632">
        <ele>424.560000000000002</ele>
        <time>2014-05-20T07:22:12Z</time>
      </trkpt>
      <trkpt lat="68.393024057149887" lon="14.523292863741517">
        <ele>424.560000000000002</ele>
        <time>2014-05-20T07:22:36Z</time>
      </trkpt>
      <trkpt lat="68.393017686903477" lon="14.523278195410967">
        <ele>424.079999999999984</ele>
        <time>2014-05-20T07:23:09Z</time>
      </trkpt>
      <trkpt lat="68.393000671640038" lon="14.523326139897108">
        <ele>424.079999999999984</ele>
        <time>2014-05-20T07:23:33Z</time>
      </trkpt>
      <trkpt lat="68.392980890348554" lon="14.52333209104836">
        <ele>424.079999999999984</ele>
        <time>2014-05-20T07:23:35Z</time>
      </trkpt>
      <trkpt lat="68.392858514562249" lon="14.523444408550858">
        <ele>424.079999999999984</ele>
        <time>2014-05-20T07:23:49Z</time>
      </trkpt>
      <trkpt lat="68.39279749430716" lon="14.523473577573895">
        <ele>424.560000000000002</ele>
        <time>2014-05-20T07:23:55Z</time>
      </trkpt>
      <trkpt lat="68.392632370814681" lon="14.523560162633657">
        <ele>423.120000000000005</ele>
        <time>2014-05-20T07:24:11Z</time>
      </trkpt>
      <trkpt lat="68.392557855695486" lon="14.523592852056026">
        <ele>422.639999999999986</ele>
        <time>2014-05-20T07:24:18Z</time>
      </trkpt>
      <trkpt lat="68.392373621463776" lon="14.523649681359529">
        <ele>420.70999999999998</ele>
        <time>2014-05-20T07:24:34Z</time>
      </trkpt>
      <trkpt lat="68.392213610932231" lon="14.52374842017889">
        <ele>420.230000000000018</ele>
        <time>2014-05-20T07:24:48Z</time>
      </trkpt>
      <trkpt lat="68.392040692269802" lon="14.523879177868366">
        <ele>420.230000000000018</ele>
        <time>2014-05-20T07:25:04Z</time>
      </trkpt>
      <trkpt lat="68.39202887378633" lon="14.523883536458015">
        <ele>420.230000000000018</ele>
        <time>2014-05-20T07:25:05Z</time>
      </trkpt>
      <trkpt lat="68.39192477054894" lon="14.523981520906091">
        <ele>420.230000000000018</ele>
        <time>2014-05-20T07:25:14Z</time>
      </trkpt>
      <trkpt lat="68.391734836623073" lon="14.524179250001907">
        <ele>418.79000000000002</ele>
        <time>2014-05-20T07:25:31Z</time>
      </trkpt>
      <trkpt lat="68.391561582684517" lon="14.524394581094384">
        <ele>418.310000000000002</ele>
        <time>2014-05-20T07:25:47Z</time>
      </trkpt>
      <trkpt lat="68.391524786129594" lon="14.524449147284031">
        <ele>418.79000000000002</ele>
        <time>2014-05-20T07:25:51Z</time>
      </trkpt>
      <trkpt lat="68.391408277675509" lon="14.524564146995544">
        <ele>418.310000000000002</ele>
        <time>2014-05-20T07:26:02Z</time>
      </trkpt>
      <trkpt lat="68.391332756727934" lon="14.524665232747793">
        <ele>417.829999999999984</ele>
        <time>2014-05-20T07:26:09Z</time>
      </trkpt>
      <trkpt lat="68.39122848585248" lon="14.524788782000542">
        <ele>417.350000000000023</ele>
        <time>2014-05-20T07:26:19Z</time>
      </trkpt>
      <trkpt lat="68.391123376786709" lon="14.524886514991522">
        <ele>417.350000000000023</ele>
        <time>2014-05-20T07:26:29Z</time>
      </trkpt>
      <trkpt lat="68.391072917729616" lon="14.524924736469984">
        <ele>416.870000000000005</ele>
        <time>2014-05-20T07:26:34Z</time>
      </trkpt>
      <trkpt lat="68.39089086279273" lon="14.524921551346779">
        <ele>415.910000000000025</ele>
        <time>2014-05-20T07:26:49Z</time>
      </trkpt>
      <trkpt lat="68.390876278281212" lon="14.524919707328081">
        <ele>415.910000000000025</ele>
        <time>2014-05-20T07:26:50Z</time>
      </trkpt>
      <trkpt lat="68.390654493123293" lon="14.524992797523737">
        <ele>415.430000000000007</ele>
        <time>2014-05-20T07:27:08Z</time>
      </trkpt>
      <trkpt lat="68.390454920008779" lon="14.525111149996519">
        <ele>414.949999999999989</ele>
        <time>2014-05-20T07:27:25Z</time>
      </trkpt>
      <trkpt lat="68.390287533402443" lon="14.525208380073309">
        <ele>415.430000000000007</ele>
        <time>2014-05-20T07:27:40Z</time>
      </trkpt>
      <trkpt lat="68.39026783592999" lon="14.525221707299352">
        <ele>414.949999999999989</ele>
        <time>2014-05-20T07:27:42Z</time>
      </trkpt>
      <trkpt lat="68.390159793198109" lon="14.525224389508367">
        <ele>414.949999999999989</ele>
        <time>2014-05-20T07:27:52Z</time>
      </trkpt>
      <trkpt lat="68.389991149306297" lon="14.525278452783823">
        <ele>414.949999999999989</ele>
        <time>2014-05-20T07:28:07Z</time>
      </trkpt>
      <trkpt lat="68.389829630032182" lon="14.525330755859613">
        <ele>415.430000000000007</ele>
        <time>2014-05-20T07:28:22Z</time>
      </trkpt>
      <trkpt lat="68.389719491824508" lon="14.525366378948092">
        <ele>415.430000000000007</ele>
        <time>2014-05-20T07:28:32Z</time>
      </trkpt>
      <trkpt lat="68.3896145503968" lon="14.525365121662617">
        <ele>415.910000000000025</ele>
        <time>2014-05-20T07:28:42Z</time>
      </trkpt>
      <trkpt lat="68.389546992257237" lon="14.52534475363791">
        <ele>415.430000000000007</ele>
        <time>2014-05-20T07:28:48Z</time>
      </trkpt>
      <trkpt lat="68.389476332813501" lon="14.525348860770464">
        <ele>415.910000000000025</ele>
        <time>2014-05-20T07:28:54Z</time>
      </trkpt>
      <trkpt lat="68.389440458267927" lon="14.525350034236908">
        <ele>415.910000000000025</ele>
        <time>2014-05-20T07:28:57Z</time>
      </trkpt>
      <trkpt lat="68.389423275366426" lon="14.525343412533402">
        <ele>415.910000000000025</ele>
        <time>2014-05-20T07:28:59Z</time>
      </trkpt>
      <trkpt lat="68.389383796602488" lon="14.52533645555377">
        <ele>416.389999999999986</ele>
        <time>2014-05-20T07:29:03Z</time>
      </trkpt>
      <trkpt lat="68.38930475525558" lon="14.525321619585156">
        <ele>416.389999999999986</ele>
        <time>2014-05-20T07:29:10Z</time>
      </trkpt>
      <trkpt lat="68.389133680611849" lon="14.52536185272038">
        <ele>416.870000000000005</ele>
        <time>2014-05-20T07:29:25Z</time>
      </trkpt>
      <trkpt lat="68.389101410284638" lon="14.52536579221487">
        <ele>416.870000000000005</ele>
        <time>2014-05-20T07:29:28Z</time>
      </trkpt>
      <trkpt lat="68.389081880450249" lon="14.525349950417876">
        <ele>416.870000000000005</ele>
        <time>2014-05-20T07:29:30Z</time>
      </trkpt>
      <trkpt lat="68.389046844094992" lon="14.525321535766125">
        <ele>417.350000000000023</ele>
        <time>2014-05-20T07:29:33Z</time>
      </trkpt>
      <trkpt lat="68.388969646766782" lon="14.525261772796512">
        <ele>417.829999999999984</ele>
        <time>2014-05-20T07:29:41Z</time>
      </trkpt>
      <trkpt lat="68.388911727815866" lon="14.525318099185824">
        <ele>417.829999999999984</ele>
        <time>2014-05-20T07:29:46Z</time>
      </trkpt>
      <trkpt lat="68.388811647891998" lon="14.52539068646729">
        <ele>418.79000000000002</ele>
        <time>2014-05-20T07:29:55Z</time>
      </trkpt>
      <trkpt lat="68.388693043962121" lon="14.525485150516033">
        <ele>419.75</ele>
        <time>2014-05-20T07:30:06Z</time>
      </trkpt>
      <trkpt lat="68.388570919632912" lon="14.525645077228546">
        <ele>421.189999999999998</ele>
        <time>2014-05-20T07:30:19Z</time>
      </trkpt>
      <trkpt lat="68.388473438099027" lon="14.52579134143889">
        <ele>422.160000000000025</ele>
        <time>2014-05-20T07:30:31Z</time>
      </trkpt>
      <trkpt lat="68.388455919921398" lon="14.525819420814514">
        <ele>422.639999999999986</ele>
        <time>2014-05-20T07:30:33Z</time>
      </trkpt>
      <trkpt lat="68.388314181938767" lon="14.525956464931369">
        <ele>424.079999999999984</ele>
        <time>2014-05-20T07:30:48Z</time>
      </trkpt>
      <trkpt lat="68.388173701241612" lon="14.526132149621844">
        <ele>426</ele>
        <time>2014-05-20T07:31:03Z</time>
      </trkpt>
      <trkpt lat="68.38802408427" lon="14.526220578700304">
        <ele>427.439999999999998</ele>
        <time>2014-05-20T07:31:17Z</time>
      </trkpt>
      <trkpt lat="68.387989215552807" lon="14.526229212060571">
        <ele>427.439999999999998</ele>
        <time>2014-05-20T07:31:20Z</time>
      </trkpt>
      <trkpt lat="68.387848064303398" lon="14.526270031929016">
        <ele>428.399999999999977</ele>
        <time>2014-05-20T07:31:33Z</time>
      </trkpt>
      <trkpt lat="68.387704063206911" lon="14.526363657787442">
        <ele>429.850000000000023</ele>
        <time>2014-05-20T07:31:47Z</time>
      </trkpt>
      <trkpt lat="68.387635583058" lon="14.526329711079597">
        <ele>430.810000000000002</ele>
        <time>2014-05-20T07:31:53Z</time>
      </trkpt>
      <trkpt lat="68.387452187016606" lon="14.526261650025845">
        <ele>431.769999999999982</ele>
        <time>2014-05-20T07:32:09Z</time>
      </trkpt>
      <trkpt lat="68.387244483456016" lon="14.526233989745378">
        <ele>433.20999999999998</ele>
        <time>2014-05-20T07:32:26Z</time>
      </trkpt>
      <trkpt lat="68.387066870927811" lon="14.526050928980112">
        <ele>433.689999999999998</ele>
        <time>2014-05-20T07:32:41Z</time>
      </trkpt>
      <trkpt lat="68.387045664712787" lon="14.526016227900982">
        <ele>433.689999999999998</ele>
        <time>2014-05-20T07:32:43Z</time>
      </trkpt>
      <trkpt lat="68.387006688863039" lon="14.525950765237212">
        <ele>434.170000000000016</ele>
        <time>2014-05-20T07:32:47Z</time>
      </trkpt>
      <trkpt lat="68.386869560927153" lon="14.525751695036888">
        <ele>434.649999999999977</ele>
        <time>2014-05-20T07:33:00Z</time>
      </trkpt>
      <trkpt lat="68.386847013607621" lon="14.525723783299327">
        <ele>435.129999999999995</ele>
        <time>2014-05-20T07:33:02Z</time>
      </trkpt>
      <trkpt lat="68.386813988909125" lon="14.525673910975456">
        <ele>435.129999999999995</ele>
        <time>2014-05-20T07:33:05Z</time>
      </trkpt>
      <trkpt lat="68.38676537387073" lon="14.525580955669284">
        <ele>435.610000000000014</ele>
        <time>2014-05-20T07:33:10Z</time>
      </trkpt>
      <trkpt lat="68.386626318097115" lon="14.525332767516375">
        <ele>435.610000000000014</ele>
        <time>2014-05-20T07:33:23Z</time>
      </trkpt>
      <trkpt lat="68.386463792994618" lon="14.525084914639592">
        <ele>436.100000000000023</ele>
        <time>2014-05-20T07:33:38Z</time>
      </trkpt>
      <trkpt lat="68.38642037473619" lon="14.525017691776156">
        <ele>436.100000000000023</ele>
        <time>2014-05-20T07:33:42Z</time>
      </trkpt>
      <trkpt lat="68.386391289532185" lon="14.524979218840599">
        <ele>436.100000000000023</ele>
        <time>2014-05-20T07:33:48Z</time>
      </trkpt>
      <trkpt lat="68.386393217369914" lon="14.524884670972824">
        <ele>435.129999999999995</ele>
        <time>2014-05-20T07:33:58Z</time>
      </trkpt>
      <trkpt lat="68.386392295360565" lon="14.524886514991522">
        <ele>434.649999999999977</ele>
        <time>2014-05-20T07:34:20Z</time>
      </trkpt>
      <trkpt lat="68.386389194056392" lon="14.524881234392524">
        <ele>435.129999999999995</ele>
        <time>2014-05-20T07:34:25Z</time>
      </trkpt>
      <trkpt lat="68.386381231248379" lon="14.524946110323071">
        <ele>436.100000000000023</ele>
        <time>2014-05-20T07:34:35Z</time>
      </trkpt>
      <trkpt lat="68.386374190449715" lon="14.524941835552454">
        <ele>436.100000000000023</ele>
        <time>2014-05-20T07:34:36Z</time>
      </trkpt>
      <trkpt lat="68.386305123567581" lon="14.524828093126416">
        <ele>436.100000000000023</ele>
        <time>2014-05-20T07:34:44Z</time>
      </trkpt>
      <trkpt lat="68.386164139956236" lon="14.524561213329434">
        <ele>436.579999999999984</ele>
        <time>2014-05-20T07:34:58Z</time>
      </trkpt>
      <trkpt lat="68.386057689785957" lon="14.524113871157169">
        <ele>437.060000000000002</ele>
        <time>2014-05-20T07:35:14Z</time>
      </trkpt>
      <trkpt lat="68.385966578498483" lon="14.523556055501103">
        <ele>437.060000000000002</ele>
        <time>2014-05-20T07:35:31Z</time>
      </trkpt>
      <trkpt lat="68.385916706174612" lon="14.523245003074408">
        <ele>437.060000000000002</ele>
        <time>2014-05-20T07:35:41Z</time>
      </trkpt>
      <trkpt lat="68.385830707848072" lon="14.522908050566912">
        <ele>437.060000000000002</ele>
        <time>2014-05-20T07:35:54Z</time>
      </trkpt>
      <trkpt lat="68.385810758918524" lon="14.522815011441708">
        <ele>437.060000000000002</ele>
        <time>2014-05-20T07:35:57Z</time>
      </trkpt>
      <trkpt lat="68.385780081152916" lon="14.522497672587633">
        <ele>437.060000000000002</ele>
        <time>2014-05-20T07:36:06Z</time>
      </trkpt>
      <trkpt lat="68.385733561590314" lon="14.522401364520192">
        <ele>436.579999999999984</ele>
        <time>2014-05-20T07:36:11Z</time>
      </trkpt>
      <trkpt lat="68.385648904368281" lon="14.522257028147578">
        <ele>436.579999999999984</ele>
        <time>2014-05-20T07:36:19Z</time>
      </trkpt>
      <trkpt lat="68.385502472519875" lon="14.521971456706524">
        <ele>435.610000000000014</ele>
        <time>2014-05-20T07:36:33Z</time>
      </trkpt>
      <trkpt lat="68.385461652651429" lon="14.521871376782656">
        <ele>435.129999999999995</ele>
        <time>2014-05-20T07:36:37Z</time>
      </trkpt>
      <trkpt lat="68.385402141138911" lon="14.521704325452447">
        <ele>434.649999999999977</ele>
        <time>2014-05-20T07:36:43Z</time>
      </trkpt>
      <trkpt lat="68.385316813364625" lon="14.521207194775343">
        <ele>434.649999999999977</ele>
        <time>2014-05-20T07:36:59Z</time>
      </trkpt>
      <trkpt lat="68.385313544422388" lon="14.521051626652479">
        <ele>434.649999999999977</ele>
        <time>2014-05-20T07:37:03Z</time>
      </trkpt>
      <trkpt lat="68.385252943262458" lon="14.520706543698907">
        <ele>435.129999999999995</ele>
        <time>2014-05-20T07:37:15Z</time>
      </trkpt>
      <trkpt lat="68.385140709578991" lon="14.520481070503592">
        <ele>436.100000000000023</ele>
        <time>2014-05-20T07:37:27Z</time>
      </trkpt>
      <trkpt lat="68.385050436481833" lon="14.520232044160366">
        <ele>436.579999999999984</ele>
        <time>2014-05-20T07:37:37Z</time>
      </trkpt>
      <trkpt lat="68.384962510317564" lon="14.519874639809132">
        <ele>437.060000000000002</ele>
        <time>2014-05-20T07:37:49Z</time>
      </trkpt>
      <trkpt lat="68.384885732084513" lon="14.51971622183919">
        <ele>437.54000000000002</ele>
        <time>2014-05-20T07:37:57Z</time>
      </trkpt>
      <trkpt lat="68.384761428460479" lon="14.519302491098642">
        <ele>438.019999999999982</ele>
        <time>2014-05-20T07:38:12Z</time>
      </trkpt>
      <trkpt lat="68.384747430682182" lon="14.519247254356742">
        <ele>438.5</ele>
        <time>2014-05-20T07:38:14Z</time>
      </trkpt>
      <trkpt lat="68.3846515417099" lon="14.518953049555421">
        <ele>438.980000000000018</ele>
        <time>2014-05-20T07:38:26Z</time>
      </trkpt>
      <trkpt lat="68.384605441242456" lon="14.518802175298333">
        <ele>439.45999999999998</ele>
        <time>2014-05-20T07:38:32Z</time>
      </trkpt>
      <trkpt lat="68.384586414322257" lon="14.518764624372125">
        <ele>439.939999999999998</ele>
        <time>2014-05-20T07:38:34Z</time>
      </trkpt>
      <trkpt lat="68.384472085162997" lon="14.518491374328732">
        <ele>440.420000000000016</ele>
        <time>2014-05-20T07:38:47Z</time>
      </trkpt>
      <trkpt lat="68.384398575872183" lon="14.518337901681662">
        <ele>441.379999999999995</ele>
        <time>2014-05-20T07:38:55Z</time>
      </trkpt>
      <trkpt lat="68.384297490119934" lon="14.518127096816897">
        <ele>442.819999999999993</ele>
        <time>2014-05-20T07:39:06Z</time>
      </trkpt>
      <trkpt lat="68.384246863424778" lon="14.518000613898039">
        <ele>443.310000000000002</ele>
        <time>2014-05-20T07:39:12Z</time>
      </trkpt>
      <trkpt lat="68.384172767400742" lon="14.517867173999548">
        <ele>444.269999999999982</ele>
        <time>2014-05-20T07:39:20Z</time>
      </trkpt>
      <trkpt lat="68.384157009422779" lon="14.517809171229601">
        <ele>444.269999999999982</ele>
        <time>2014-05-20T07:39:22Z</time>
      </trkpt>
      <trkpt lat="68.384092217311263" lon="14.517668439075351">
        <ele>445.230000000000018</ele>
        <time>2014-05-20T07:39:29Z</time>
      </trkpt>
      <trkpt lat="68.384061707183719" lon="14.517576741054654">
        <ele>445.230000000000018</ele>
        <time>2014-05-20T07:39:33Z</time>
      </trkpt>
      <trkpt lat="68.383980989456177" lon="14.517410444095731">
        <ele>446.670000000000016</ele>
        <time>2014-05-20T07:39:42Z</time>
      </trkpt>
      <trkpt lat="68.383951149880886" lon="14.517355961725116">
        <ele>446.670000000000016</ele>
        <time>2014-05-20T07:39:45Z</time>
      </trkpt>
      <trkpt lat="68.383931200951338" lon="14.517338611185551">
        <ele>446.670000000000016</ele>
        <time>2014-05-20T07:39:47Z</time>
      </trkpt>
      <trkpt lat="68.383884849026799" lon="14.5172687061131">
        <ele>447.149999999999977</ele>
        <time>2014-05-20T07:39:53Z</time>
      </trkpt>
      <trkpt lat="68.383863642811775" lon="14.517213637009263">
        <ele>447.629999999999995</ele>
        <time>2014-05-20T07:39:56Z</time>
      </trkpt>
      <trkpt lat="68.383756522089243" lon="14.51703418046236">
        <ele>449.069999999999993</ele>
        <time>2014-05-20T07:40:09Z</time>
      </trkpt>
      <trkpt lat="68.383700028061867" lon="14.516915827989578">
        <ele>450.029999999999973</ele>
        <time>2014-05-20T07:40:16Z</time>
      </trkpt>
      <trkpt lat="68.383590308949351" lon="14.516707537695765">
        <ele>451.95999999999998</ele>
        <time>2014-05-20T07:40:30Z</time>
      </trkpt>
      <trkpt lat="68.383519817143679" lon="14.516559010371566">
        <ele>453.399999999999977</ele>
        <time>2014-05-20T07:40:39Z</time>
      </trkpt>
      <trkpt lat="68.383504142984748" lon="14.516543922945857">
        <ele>453.399999999999977</ele>
        <time>2014-05-20T07:40:41Z</time>
      </trkpt>
      <trkpt lat="68.383422251790762" lon="14.516396066173911">
        <ele>455.319999999999993</ele>
        <time>2014-05-20T07:40:53Z</time>
      </trkpt>
      <trkpt lat="68.38336399756372" lon="14.516130024567246">
        <ele>457.240000000000009</ele>
        <time>2014-05-20T07:41:07Z</time>
      </trkpt>
      <trkpt lat="68.383332146331668" lon="14.515985688194633">
        <ele>458.20999999999998</ele>
        <time>2014-05-20T07:41:15Z</time>
      </trkpt>
      <trkpt lat="68.383314628154039" lon="14.515899354591966">
        <ele>459.170000000000016</ele>
        <time>2014-05-20T07:41:19Z</time>
      </trkpt>
      <trkpt lat="68.383301720023155" lon="14.515700032934546">
        <ele>459.649999999999977</ele>
        <time>2014-05-20T07:41:28Z</time>
      </trkpt>
      <trkpt lat="68.38326090015471" lon="14.515612609684467">
        <ele>461.089999999999975</ele>
        <time>2014-05-20T07:41:35Z</time>
      </trkpt>
      <trkpt lat="68.38326676748693" lon="14.515500543639064">
        <ele>461.569999999999993</ele>
        <time>2014-05-20T07:41:40Z</time>
      </trkpt>
      <trkpt lat="68.383276406675577" lon="14.515374982729554">
        <ele>462.050000000000011</ele>
        <time>2014-05-20T07:41:45Z</time>
      </trkpt>
      <trkpt lat="68.383270539343357" lon="14.515198040753603">
        <ele>463.970000000000027</ele>
        <time>2014-05-20T07:41:56Z</time>
      </trkpt>
      <trkpt lat="68.38322670198977" lon="14.515163842588663">
        <ele>464.449999999999989</ele>
        <time>2014-05-20T07:42:03Z</time>
      </trkpt>
      <trkpt lat="68.383196108043194" lon="14.51513584703207">
        <ele>464.930000000000007</ele>
        <time>2014-05-20T07:42:07Z</time>
      </trkpt>
      <trkpt lat="68.383131483569741" lon="14.514982793480158">
        <ele>466.860000000000014</ele>
        <time>2014-05-20T07:42:20Z</time>
      </trkpt>
      <trkpt lat="68.383102566003799" lon="14.514940129593015">
        <ele>467.819999999999993</ele>
        <time>2014-05-20T07:42:25Z</time>
      </trkpt>
      <trkpt lat="68.383024949580431" lon="14.514864189550281">
        <ele>470.220000000000027</ele>
        <time>2014-05-20T07:42:36Z</time>
      </trkpt>
      <trkpt lat="68.382961079478264" lon="14.514728737995028">
        <ele>472.139999999999986</ele>
        <time>2014-05-20T07:42:48Z</time>
      </trkpt>
      <trkpt lat="68.382899388670921" lon="14.514574175700545">
        <ele>473.589999999999975</ele>
        <time>2014-05-20T07:43:00Z</time>
      </trkpt>
      <trkpt lat="68.382864855229855" lon="14.514499912038445">
        <ele>475.029999999999973</ele>
        <time>2014-05-20T07:43:10Z</time>
      </trkpt>
      <trkpt lat="68.382784808054566" lon="14.514439478516579">
        <ele>476.949999999999989</ele>
        <time>2014-05-20T07:43:21Z</time>
      </trkpt>
      <trkpt lat="68.382679028436542" lon="14.514429923146963">
        <ele>477.910000000000025</ele>
        <time>2014-05-20T07:43:34Z</time>
      </trkpt>
      <trkpt lat="68.382605854421854" lon="14.51432422734797">
        <ele>480.319999999999993</ele>
        <time>2014-05-20T07:43:48Z</time>
      </trkpt>
      <trkpt lat="68.382556233555079" lon="14.514311570674181">
        <ele>481.279999999999973</ele>
        <time>2014-05-20T07:43:56Z</time>
      </trkpt>
      <trkpt lat="68.382497811689973" lon="14.514265218749642">
        <ele>482.240000000000009</ele>
        <time>2014-05-20T07:44:05Z</time>
      </trkpt>
      <trkpt lat="68.382428996264935" lon="14.514148123562336">
        <ele>484.639999999999986</ele>
        <time>2014-05-20T07:44:18Z</time>
      </trkpt>
      <trkpt lat="68.382438132539392" lon="14.51397143304348">
        <ele>486.560000000000002</ele>
        <time>2014-05-20T07:44:29Z</time>
      </trkpt>
      <trkpt lat="68.38240628130734" lon="14.513903204351664">
        <ele>488.490000000000009</ele>
        <time>2014-05-20T07:44:40Z</time>
      </trkpt>
      <trkpt lat="68.382366634905338" lon="14.513705223798752">
        <ele>490.889999999999986</ele>
        <time>2014-05-20T07:44:53Z</time>
      </trkpt>
      <trkpt lat="68.382359761744738" lon="14.513628613203764">
        <ele>491.370000000000005</ele>
        <time>2014-05-20T07:45:07Z</time>
      </trkpt>
      <trkpt lat="68.382361941039562" lon="14.513606401160359">
        <ele>490.889999999999986</ele>
        <time>2014-05-20T07:45:33Z</time>
      </trkpt>
      <trkpt lat="68.382362946867943" lon="14.513595085591078">
        <ele>491.370000000000005</ele>
        <time>2014-05-20T07:46:02Z</time>
      </trkpt>
      <trkpt lat="68.382362527772784" lon="14.513629954308271">
        <ele>491.370000000000005</ele>
        <time>2014-05-20T07:46:31Z</time>
      </trkpt>
      <trkpt lat="68.382384069263935" lon="14.513581926003098">
        <ele>491.370000000000005</ele>
        <time>2014-05-20T07:46:57Z</time>
      </trkpt>
      <trkpt lat="68.382388595491648" lon="14.513584272935987">
        <ele>491.370000000000005</ele>
        <time>2014-05-20T07:47:16Z</time>
      </trkpt>
      <trkpt lat="68.38238918222487" lon="14.513594917953014">
        <ele>491.850000000000023</ele>
        <time>2014-05-20T07:47:51Z</time>
      </trkpt>
      <trkpt lat="68.382389433681965" lon="14.513624925166368">
        <ele>491.850000000000023</ele>
        <time>2014-05-20T07:48:23Z</time>
      </trkpt>
      <trkpt lat="68.382385326549411" lon="14.513617129996419">
        <ele>491.850000000000023</ele>
        <time>2014-05-20T07:48:54Z</time>
      </trkpt>
      <trkpt lat="68.38239211589098" lon="14.513625428080559">
        <ele>491.850000000000023</ele>
        <time>2014-05-20T07:49:25Z</time>
      </trkpt>
      <trkpt lat="68.382387673482299" lon="14.513625260442495">
        <ele>492.329999999999984</ele>
        <time>2014-05-20T07:49:51Z</time>
      </trkpt>
      <trkpt lat="68.382392702624202" lon="14.513630457222462">
        <ele>492.329999999999984</ele>
        <time>2014-05-20T07:50:18Z</time>
      </trkpt>
      <trkpt lat="68.382370322942734" lon="14.513613861054182">
        <ele>492.810000000000002</ele>
        <time>2014-05-20T07:50:52Z</time>
      </trkpt>
      <trkpt lat="68.382355738431215" lon="14.513637078925967">
        <ele>492.329999999999984</ele>
        <time>2014-05-20T07:51:16Z</time>
      </trkpt>
      <trkpt lat="68.382338304072618" lon="14.513652501627803">
        <ele>492.810000000000002</ele>
        <time>2014-05-20T07:51:42Z</time>
      </trkpt>
      <trkpt lat="68.382351798936725" lon="14.513610424473882">
        <ele>493.29000000000002</ele>
        <time>2014-05-20T07:52:07Z</time>
      </trkpt>
      <trkpt lat="68.382352972403169" lon="14.513496598228812">
        <ele>493.769999999999982</ele>
        <time>2014-05-20T07:52:12Z</time>
      </trkpt>
      <trkpt lat="68.382385661825538" lon="14.513244386762381">
        <ele>497.139999999999986</ele>
        <time>2014-05-20T07:52:25Z</time>
      </trkpt>
      <trkpt lat="68.382385661825538" lon="14.513172302395105">
        <ele>497.139999999999986</ele>
        <time>2014-05-20T07:52:28Z</time>
      </trkpt>
      <trkpt lat="68.382386416196823" lon="14.513116730377078">
        <ele>497.620000000000005</ele>
        <time>2014-05-20T07:52:30Z</time>
      </trkpt>
      <trkpt lat="68.382368143647909" lon="14.513065265491605">
        <ele>498.100000000000023</ele>
        <time>2014-05-20T07:52:33Z</time>
      </trkpt>
      <trkpt lat="68.382335118949413" lon="14.512897459790111">
        <ele>499.060000000000002</ele>
        <time>2014-05-20T07:52:40Z</time>
      </trkpt>
      <trkpt lat="68.382285749539733" lon="14.512674752622843">
        <ele>499.54000000000002</ele>
        <time>2014-05-20T07:52:51Z</time>
      </trkpt>
      <trkpt lat="68.382210982963443" lon="14.512475514784455">
        <ele>499.54000000000002</ele>
        <time>2014-05-20T07:53:01Z</time>
      </trkpt>
      <trkpt lat="68.382145185023546" lon="14.512262614443898">
        <ele>500.5</ele>
        <time>2014-05-20T07:53:10Z</time>
      </trkpt>
      <trkpt lat="68.382093887776136" lon="14.512112494558096">
        <ele>500.980000000000018</ele>
        <time>2014-05-20T07:53:17Z</time>
      </trkpt>
      <trkpt lat="68.38207796216011" lon="14.512079134583473">
        <ele>501.45999999999998</ele>
        <time>2014-05-20T07:53:19Z</time>
      </trkpt>
      <trkpt lat="68.381998166441917" lon="14.511837149038911">
        <ele>502.430000000000007</ele>
        <time>2014-05-20T07:53:29Z</time>
      </trkpt>
      <trkpt lat="68.381876377388835" lon="14.511593570932746">
        <ele>503.389999999999986</ele>
        <time>2014-05-20T07:53:43Z</time>
      </trkpt>
      <trkpt lat="68.381822062656283" lon="14.511528695002198">
        <ele>504.829999999999984</ele>
        <time>2014-05-20T07:53:49Z</time>
      </trkpt>
      <trkpt lat="68.381773196160793" lon="14.511367930099368">
        <ele>505.79000000000002</ele>
        <time>2014-05-20T07:53:57Z</time>
      </trkpt>
      <trkpt lat="68.381754839792848" lon="14.511317806318402">
        <ele>505.79000000000002</ele>
        <time>2014-05-20T07:54:00Z</time>
      </trkpt>
      <trkpt lat="68.381744865328074" lon="14.511186713352799">
        <ele>505.310000000000002</ele>
        <time>2014-05-20T07:54:04Z</time>
      </trkpt>
      <trkpt lat="68.381741931661963" lon="14.511033240705729">
        <ele>505.310000000000002</ele>
        <time>2014-05-20T07:54:08Z</time>
      </trkpt>
      <trkpt lat="68.381722401827574" lon="14.510958725586534">
        <ele>505.79000000000002</ele>
        <time>2014-05-20T07:54:11Z</time>
      </trkpt>
      <trkpt lat="68.381633805111051" lon="14.510699892416596">
        <ele>507.230000000000018</ele>
        <time>2014-05-20T07:54:22Z</time>
      </trkpt>
      <trkpt lat="68.381601702421904" lon="14.510634262114763">
        <ele>506.269999999999982</ele>
        <time>2014-05-20T07:54:26Z</time>
      </trkpt>
      <trkpt lat="68.381557948887348" lon="14.510424043983221">
        <ele>503.870000000000005</ele>
        <time>2014-05-20T07:54:35Z</time>
      </trkpt>
      <trkpt lat="68.381547471508384" lon="14.51030133292079">
        <ele>502.910000000000025</ele>
        <time>2014-05-20T07:54:39Z</time>
      </trkpt>
      <trkpt lat="68.381470441818237" lon="14.510043505579233">
        <ele>501.45999999999998</ele>
        <time>2014-05-20T07:54:50Z</time>
      </trkpt>
      <trkpt lat="68.381422581151128" lon="14.509896067902446">
        <ele>501.949999999999989</ele>
        <time>2014-05-20T07:54:56Z</time>
      </trkpt>
      <trkpt lat="68.381279250606894" lon="14.509707894176245">
        <ele>500.980000000000018</ele>
        <time>2014-05-20T07:55:10Z</time>
      </trkpt>
      <trkpt lat="68.381237424910069" lon="14.509669421240687">
        <ele>501.949999999999989</ele>
        <time>2014-05-20T07:55:15Z</time>
      </trkpt>
      <trkpt lat="68.381172968074679" lon="14.509529527276754">
        <ele>504.829999999999984</ele>
        <time>2014-05-20T07:55:26Z</time>
      </trkpt>
      <trkpt lat="68.38113633915782" lon="14.509509075433016">
        <ele>506.269999999999982</ele>
        <time>2014-05-20T07:55:31Z</time>
      </trkpt>
      <trkpt lat="68.381117396056652" lon="14.50949365273118">
        <ele>506.269999999999982</ele>
        <time>2014-05-20T07:55:33Z</time>
      </trkpt>
      <trkpt lat="68.380996948108077" lon="14.509274968877435">
        <ele>506.269999999999982</ele>
        <time>2014-05-20T07:55:46Z</time>
      </trkpt>
      <trkpt lat="68.380904914811254" lon="14.50887749902904">
        <ele>505.310000000000002</ele>
        <time>2014-05-20T07:56:00Z</time>
      </trkpt>
      <trkpt lat="68.380878511816263" lon="14.50881103053689">
        <ele>505.310000000000002</ele>
        <time>2014-05-20T07:56:03Z</time>
      </trkpt>
      <trkpt lat="68.380841296166182" lon="14.508598381653428">
        <ele>504.829999999999984</ele>
        <time>2014-05-20T07:56:10Z</time>
      </trkpt>
      <trkpt lat="68.380738450214267" lon="14.50846360065043">
        <ele>507.230000000000018</ele>
        <time>2014-05-20T07:56:21Z</time>
      </trkpt>
      <trkpt lat="68.38071858510375" lon="14.508459158241749">
        <ele>507.70999999999998</ele>
        <time>2014-05-20T07:56:23Z</time>
      </trkpt>
      <trkpt lat="68.380667036399245" lon="14.508266961202025">
        <ele>507.230000000000018</ele>
        <time>2014-05-20T07:56:31Z</time>
      </trkpt>
      <trkpt lat="68.380634682253003" lon="14.508211221545935">
        <ele>507.70999999999998</ele>
        <time>2014-05-20T07:56:35Z</time>
      </trkpt>
      <trkpt lat="68.380592269822955" lon="14.508029753342271">
        <ele>507.230000000000018</ele>
        <time>2014-05-20T07:56:41Z</time>
      </trkpt>
      <trkpt lat="68.38059201836586" lon="14.507975438609719">
        <ele>506.75</ele>
        <time>2014-05-20T07:56:43Z</time>
      </trkpt>
      <trkpt lat="68.380590090528131" lon="14.507931433618069">
        <ele>506.75</ele>
        <time>2014-05-20T07:56:44Z</time>
      </trkpt>
      <trkpt lat="68.380587743595243" lon="14.507898408919573">
        <ele>505.79000000000002</ele>
        <time>2014-05-20T07:56:45Z</time>
      </trkpt>
      <trkpt lat="68.380581038072705" lon="14.507873766124249">
        <ele>506.269999999999982</ele>
        <time>2014-05-20T07:56:46Z</time>
      </trkpt>
      <trkpt lat="68.3805226162076" lon="14.507756754755974">
        <ele>505.79000000000002</ele>
        <time>2014-05-20T07:56:56Z</time>
      </trkpt>
      <trkpt lat="68.380576092749834" lon="14.507797071710229">
        <ele>505.310000000000002</ele>
        <time>2014-05-20T07:57:09Z</time>
      </trkpt>
      <trkpt lat="68.380596628412604" lon="14.50783671811223">
        <ele>505.310000000000002</ele>
        <time>2014-05-20T07:57:23Z</time>
      </trkpt>
      <trkpt lat="68.38059738278389" lon="14.507853565737605">
        <ele>505.79000000000002</ele>
        <time>2014-05-20T07:57:59Z</time>
      </trkpt>
      <trkpt lat="68.380597718060017" lon="14.507816517725587">
        <ele>505.79000000000002</ele>
        <time>2014-05-20T07:58:25Z</time>
      </trkpt>
      <trkpt lat="68.380608865991235" lon="14.5078762806952">
        <ele>505.79000000000002</ele>
        <time>2014-05-20T07:58:49Z</time>
      </trkpt>
      <trkpt lat="68.380585229024291" lon="14.507863707840443">
        <ele>505.79000000000002</ele>
        <time>2014-05-20T07:58:58Z</time>
      </trkpt>
      <trkpt lat="68.380541056394577" lon="14.507756670936942">
        <ele>505.79000000000002</ele>
        <time>2014-05-20T07:59:03Z</time>
      </trkpt>
      <trkpt lat="68.380530076101422" lon="14.507733453065157">
        <ele>505.79000000000002</ele>
        <time>2014-05-20T07:59:04Z</time>
      </trkpt>
      <trkpt lat="68.380521945655346" lon="14.507706128060818">
        <ele>505.79000000000002</ele>
        <time>2014-05-20T07:59:05Z</time>
      </trkpt>
      <trkpt lat="68.380518760532141" lon="14.507677461951971">
        <ele>505.79000000000002</ele>
        <time>2014-05-20T07:59:06Z</time>
      </trkpt>
      <trkpt lat="68.380515826866031" lon="14.507649801671505">
        <ele>505.79000000000002</ele>
        <time>2014-05-20T07:59:07Z</time>
      </trkpt>
      <trkpt lat="68.380509791895747" lon="14.507624991238117">
        <ele>505.79000000000002</ele>
        <time>2014-05-20T07:59:08Z</time>
      </trkpt>
      <trkpt lat="68.380480036139488" lon="14.507543770596385">
        <ele>505.310000000000002</ele>
        <time>2014-05-20T07:59:13Z</time>
      </trkpt>
      <trkpt lat="68.380470983684063" lon="14.507532203570008">
        <ele>505.310000000000002</ele>
        <time>2014-05-20T07:59:14Z</time>
      </trkpt>
      <trkpt lat="68.380436869338155" lon="14.507503034546971">
        <ele>505.310000000000002</ele>
        <time>2014-05-20T07:59:18Z</time>
      </trkpt>
      <trkpt lat="68.380417339503765" lon="14.507496580481529">
        <ele>505.79000000000002</ele>
        <time>2014-05-20T07:59:20Z</time>
      </trkpt>
      <trkpt lat="68.380314577370882" lon="14.50739549472928">
        <ele>507.230000000000018</ele>
        <time>2014-05-20T07:59:31Z</time>
      </trkpt>
      <trkpt lat="68.380305524915457" lon="14.507373115047812">
        <ele>507.230000000000018</ele>
        <time>2014-05-20T07:59:32Z</time>
      </trkpt>
      <trkpt lat="68.380296388641" lon="14.507355429232121">
        <ele>507.230000000000018</ele>
        <time>2014-05-20T07:59:33Z</time>
      </trkpt>
      <trkpt lat="68.380205109715462" lon="14.507241686806083">
        <ele>508.189999999999998</ele>
        <time>2014-05-20T07:59:43Z</time>
      </trkpt>
      <trkpt lat="68.38018792681396" lon="14.507199106737971">
        <ele>509.160000000000025</ele>
        <time>2014-05-20T07:59:46Z</time>
      </trkpt>
      <trkpt lat="68.380161691457033" lon="14.507197011262178">
        <ele>509.639999999999986</ele>
        <time>2014-05-20T07:59:49Z</time>
      </trkpt>
      <trkpt lat="68.380128080025315" lon="14.507116209715605">
        <ele>510.600000000000023</ele>
        <time>2014-05-20T07:59:54Z</time>
      </trkpt>
      <trkpt lat="68.380073513835669" lon="14.506926108151674">
        <ele>513.960000000000036</ele>
        <time>2014-05-20T08:00:06Z</time>
      </trkpt>
      <trkpt lat="68.380059096962214" lon="14.506893754005432">
        <ele>514.440000000000055</ele>
        <time>2014-05-20T08:00:08Z</time>
      </trkpt>
      <trkpt lat="68.380048368126154" lon="14.506859555840492">
        <ele>514.919999999999959</ele>
        <time>2014-05-20T08:00:10Z</time>
      </trkpt>
      <trkpt lat="68.380001178011298" lon="14.506673812866211">
        <ele>515.399999999999977</ele>
        <time>2014-05-20T08:00:18Z</time>
      </trkpt>
      <trkpt lat="68.379997322335839" lon="14.506625449284911">
        <ele>515.399999999999977</ele>
        <time>2014-05-20T08:00:20Z</time>
      </trkpt>
      <trkpt lat="68.379959939047694" lon="14.506454626098275">
        <ele>516.370000000000005</ele>
        <time>2014-05-20T08:00:27Z</time>
      </trkpt>
      <trkpt lat="68.379895063117146" lon="14.506188500672579">
        <ele>516.850000000000023</ele>
        <time>2014-05-20T08:00:38Z</time>
      </trkpt>
      <trkpt lat="68.379891961812973" lon="14.506121696904302">
        <ele>517.330000000000041</ele>
        <time>2014-05-20T08:00:40Z</time>
      </trkpt>
      <trkpt lat="68.379875365644693" lon="14.505935534834862">
        <ele>517.330000000000041</ele>
        <time>2014-05-20T08:00:46Z</time>
      </trkpt>
      <trkpt lat="68.379833288490772" lon="14.50584358535707">
        <ele>518.289999999999964</ele>
        <time>2014-05-20T08:00:51Z</time>
      </trkpt>
      <trkpt lat="68.379765311256051" lon="14.505460113286972">
        <ele>519.25</ele>
        <time>2014-05-20T08:01:04Z</time>
      </trkpt>
      <trkpt lat="68.37972910143435" lon="14.505345029756427">
        <ele>519.730000000000018</ele>
        <time>2014-05-20T08:01:09Z</time>
      </trkpt>
      <trkpt lat="68.379660788923502" lon="14.504787968471646">
        <ele>518.769999999999982</ele>
        <time>2014-05-20T08:01:26Z</time>
      </trkpt>
      <trkpt lat="68.379634637385607" lon="14.504618318751454">
        <ele>519.25</ele>
        <time>2014-05-20T08:01:32Z</time>
      </trkpt>
      <trkpt lat="68.37961477227509" lon="14.504556879401207">
        <ele>519.730000000000018</ele>
        <time>2014-05-20T08:01:35Z</time>
      </trkpt>
      <trkpt lat="68.379530366510153" lon="14.504238534718752">
        <ele>522.610000000000014</ele>
        <time>2014-05-20T08:01:49Z</time>
      </trkpt>
      <trkpt lat="68.379505472257733" lon="14.50414951890707">
        <ele>524.539999999999964</ele>
        <time>2014-05-20T08:01:54Z</time>
      </trkpt>
      <trkpt lat="68.379453839734197" lon="14.504056144505739">
        <ele>525.980000000000018</ele>
        <time>2014-05-20T08:02:01Z</time>
      </trkpt>
      <trkpt lat="68.379333056509495" lon="14.503800077363849">
        <ele>527.419999999999959</ele>
        <time>2014-05-20T08:02:16Z</time>
      </trkpt>
      <trkpt lat="68.379315203055739" lon="14.503777697682381">
        <ele>527.899999999999977</ele>
        <time>2014-05-20T08:02:18Z</time>
      </trkpt>
      <trkpt lat="68.379259463399649" lon="14.503609053790569">
        <ele>528.860000000000014</ele>
        <time>2014-05-20T08:02:26Z</time>
      </trkpt>
      <trkpt lat="68.379173213616014" lon="14.503338737413287">
        <ele>530.789999999999964</ele>
        <time>2014-05-20T08:02:41Z</time>
      </trkpt>
      <trkpt lat="68.379187127575278" lon="14.503239914774895">
        <ele>531.269999999999982</ele>
        <time>2014-05-20T08:02:53Z</time>
      </trkpt>
      <trkpt lat="68.379192911088467" lon="14.503209656104445">
        <ele>531.269999999999982</ele>
        <time>2014-05-20T08:03:26Z</time>
      </trkpt>
      <trkpt lat="68.379143038764596" lon="14.503154000267386">
        <ele>532.230000000000018</ele>
        <time>2014-05-20T08:03:51Z</time>
      </trkpt>
      <trkpt lat="68.379037426784635" lon="14.502999102696776">
        <ele>534.149999999999977</ele>
        <time>2014-05-20T08:04:03Z</time>
      </trkpt>
      <trkpt lat="68.378972047939897" lon="14.502901704981923">
        <ele>533.669999999999959</ele>
        <time>2014-05-20T08:04:14Z</time>
      </trkpt>
      <trkpt lat="68.378861155360937" lon="14.502764912322164">
        <ele>533.190000000000055</ele>
        <time>2014-05-20T08:04:27Z</time>
      </trkpt>
      <trkpt lat="68.378869034349918" lon="14.502665838226676">
        <ele>533.669999999999959</ele>
        <time>2014-05-20T08:04:41Z</time>
      </trkpt>
      <trkpt lat="68.37887548841536" lon="14.502644883468747">
        <ele>533.669999999999959</ele>
        <time>2014-05-20T08:05:04Z</time>
      </trkpt>
      <trkpt lat="68.37887842208147" lon="14.50266994535923">
        <ele>533.669999999999959</ele>
        <time>2014-05-20T08:05:20Z</time>
      </trkpt>
      <trkpt lat="68.378877248615026" lon="14.50275007635355">
        <ele>533.669999999999959</ele>
        <time>2014-05-20T08:05:55Z</time>
      </trkpt>
      <trkpt lat="68.378879092633724" lon="14.502787124365568">
        <ele>533.669999999999959</ele>
        <time>2014-05-20T08:06:30Z</time>
      </trkpt>
      <trkpt lat="68.378847409039736" lon="14.502704311162233">
        <ele>534.149999999999977</ele>
        <time>2014-05-20T08:06:54Z</time>
      </trkpt>
      <trkpt lat="68.378797201439738" lon="14.502578834071755">
        <ele>535.110000000000014</ele>
        <time>2014-05-20T08:07:00Z</time>
      </trkpt>
      <trkpt lat="68.378736097365618" lon="14.502370376139879">
        <ele>536.549999999999955</ele>
        <time>2014-05-20T08:07:09Z</time>
      </trkpt>
      <trkpt lat="68.378638532012701" lon="14.502047169953585">
        <ele>537.509999999999991</ele>
        <time>2014-05-20T08:07:24Z</time>
      </trkpt>
      <trkpt lat="68.378623696044087" lon="14.502016911283135">
        <ele>537.990000000000009</ele>
        <time>2014-05-20T08:07:26Z</time>
      </trkpt>
      <trkpt lat="68.378515653312206" lon="14.501975504681468">
        <ele>537.990000000000009</ele>
        <time>2014-05-20T08:07:39Z</time>
      </trkpt>
      <trkpt lat="68.378467625007033" lon="14.501966200768948">
        <ele>537.509999999999991</ele>
        <time>2014-05-20T08:07:43Z</time>
      </trkpt>
      <trkpt lat="68.378343489021063" lon="14.501836868003011">
        <ele>538.480000000000018</ele>
        <time>2014-05-20T08:07:55Z</time>
      </trkpt>
      <trkpt lat="68.378291688859463" lon="14.50189302675426">
        <ele>537.509999999999991</ele>
        <time>2014-05-20T08:08:00Z</time>
      </trkpt>
      <trkpt lat="68.378210552036762" lon="14.501884309574962">
        <ele>534.629999999999995</ele>
        <time>2014-05-20T08:08:10Z</time>
      </trkpt>
      <trkpt lat="68.378170570358634" lon="14.501874335110188">
        <ele>533.190000000000055</ele>
        <time>2014-05-20T08:08:15Z</time>
      </trkpt>
      <trkpt lat="68.378073340281844" lon="14.501782385632396">
        <ele>529.82000000000005</ele>
        <time>2014-05-20T08:08:29Z</time>
      </trkpt>
      <trkpt lat="68.37799496948719" lon="14.501731423661113">
        <ele>526.940000000000055</ele>
        <time>2014-05-20T08:08:39Z</time>
      </trkpt>
      <trkpt lat="68.377985917031765" lon="14.501733770594001">
        <ele>526.940000000000055</ele>
        <time>2014-05-20T08:08:40Z</time>
      </trkpt>
      <trkpt lat="68.377942414954305" lon="14.501713067293167">
        <ele>525.980000000000018</ele>
        <time>2014-05-20T08:08:44Z</time>
      </trkpt>
      <trkpt lat="68.377924142405391" lon="14.501677779480815">
        <ele>525.5</ele>
        <time>2014-05-20T08:08:46Z</time>
      </trkpt>
      <trkpt lat="68.377831354737282" lon="14.501401260495186">
        <ele>523.580000000000041</ele>
        <time>2014-05-20T08:09:00Z</time>
      </trkpt>
      <trkpt lat="68.37781174108386" lon="14.501238232478499">
        <ele>520.690000000000055</ele>
        <time>2014-05-20T08:09:11Z</time>
      </trkpt>
      <trkpt lat="68.377771843224764" lon="14.501219373196363">
        <ele>518.289999999999964</ele>
        <time>2014-05-20T08:09:22Z</time>
      </trkpt>
      <trkpt lat="68.377728341147304" lon="14.501161118969321">
        <ele>515.399999999999977</ele>
        <time>2014-05-20T08:09:32Z</time>
      </trkpt>
      <trkpt lat="68.377677630633116" lon="14.501160951331258">
        <ele>513</ele>
        <time>2014-05-20T08:09:42Z</time>
      </trkpt>
      <trkpt lat="68.377592135220766" lon="14.501232784241438">
        <ele>510.120000000000005</ele>
        <time>2014-05-20T08:09:54Z</time>
      </trkpt>
      <trkpt lat="68.377581490203738" lon="14.501231275498867">
        <ele>509.639999999999986</ele>
        <time>2014-05-20T08:09:55Z</time>
      </trkpt>
      <trkpt lat="68.377433884888887" lon="14.501009825617075">
        <ele>507.230000000000018</ele>
        <time>2014-05-20T08:10:10Z</time>
      </trkpt>
      <trkpt lat="68.377341013401747" lon="14.500925671309233">
        <ele>504.829999999999984</ele>
        <time>2014-05-20T08:10:19Z</time>
      </trkpt>
      <trkpt lat="68.3772898837924" lon="14.50087177567184">
        <ele>504.829999999999984</ele>
        <time>2014-05-20T08:10:24Z</time>
      </trkpt>
      <trkpt lat="68.377258786931634" lon="14.500808073207736">
        <ele>504.350000000000023</ele>
        <time>2014-05-20T08:10:28Z</time>
      </trkpt>
      <trkpt lat="68.377109589055181" lon="14.500640770420432">
        <ele>501.949999999999989</ele>
        <time>2014-05-20T08:10:44Z</time>
      </trkpt>
      <trkpt lat="68.377100955694914" lon="14.50062844902277">
        <ele>501.949999999999989</ele>
        <time>2014-05-20T08:10:45Z</time>
      </trkpt>
      <trkpt lat="68.377052843570709" lon="14.500627443194389">
        <ele>499.54000000000002</ele>
        <time>2014-05-20T08:10:52Z</time>
      </trkpt>
      <trkpt lat="68.376963324844837" lon="14.500605566427112">
        <ele>497.620000000000005</ele>
        <time>2014-05-20T08:11:04Z</time>
      </trkpt>
      <trkpt lat="68.376848744228482" lon="14.500552676618099">
        <ele>495.699999999999989</ele>
        <time>2014-05-20T08:11:15Z</time>
      </trkpt>
      <trkpt lat="68.376771630719304" lon="14.500533984974027">
        <ele>495.220000000000027</ele>
        <time>2014-05-20T08:11:23Z</time>
      </trkpt>
      <trkpt lat="68.376691835001111" lon="14.500467767938972">
        <ele>494.740000000000009</ele>
        <time>2014-05-20T08:11:37Z</time>
      </trkpt>
      <trkpt lat="68.376673646271229" lon="14.500463074073195">
        <ele>494.259999999999991</ele>
        <time>2014-05-20T08:11:55Z</time>
      </trkpt>
      <trkpt lat="68.376513300463557" lon="14.500390905886889">
        <ele>494.259999999999991</ele>
        <time>2014-05-20T08:12:11Z</time>
      </trkpt>
      <trkpt lat="68.376390421763062" lon="14.500323431566358">
        <ele>493.769999999999982</ele>
        <time>2014-05-20T08:12:25Z</time>
      </trkpt>
      <trkpt lat="68.376430487260222" lon="14.500314882025123">
        <ele>493.769999999999982</ele>
        <time>2014-05-20T08:12:43Z</time>
      </trkpt>
      <trkpt lat="68.376443479210138" lon="14.500296777114272">
        <ele>494.259999999999991</ele>
        <time>2014-05-20T08:13:03Z</time>
      </trkpt>
      <trkpt lat="68.376470804214478" lon="14.500217065215111">
        <ele>494.259999999999991</ele>
        <time>2014-05-20T08:13:34Z</time>
      </trkpt>
      <trkpt lat="68.37645186111331" lon="14.500258220359683">
        <ele>494.259999999999991</ele>
        <time>2014-05-20T08:13:55Z</time>
      </trkpt>
      <trkpt lat="68.376452615484595" lon="14.500221256166697">
        <ele>494.259999999999991</ele>
        <time>2014-05-20T08:14:26Z</time>
      </trkpt>
      <trkpt lat="68.37646946310997" lon="14.500203570351005">
        <ele>494.259999999999991</ele>
        <time>2014-05-20T08:14:54Z</time>
      </trkpt>
      <trkpt lat="68.37647432461381" lon="14.50026098638773">
        <ele>494.259999999999991</ele>
        <time>2014-05-20T08:15:15Z</time>
      </trkpt>
      <trkpt lat="68.376492094248533" lon="14.500264171510935">
        <ele>494.740000000000009</ele>
        <time>2014-05-20T08:15:58Z</time>
      </trkpt>
      <trkpt lat="68.376444401219487" lon="14.500300800427794">
        <ele>494.259999999999991</ele>
        <time>2014-05-20T08:16:10Z</time>
      </trkpt>
      <trkpt lat="68.376230075955391" lon="14.500307003036141">
        <ele>492.810000000000002</ele>
        <time>2014-05-20T08:16:24Z</time>
      </trkpt>
      <trkpt lat="68.376072244718671" lon="14.500204408541322">
        <ele>493.29000000000002</ele>
        <time>2014-05-20T08:16:38Z</time>
      </trkpt>
      <trkpt lat="68.37605363689363" lon="14.500193428248167">
        <ele>493.769999999999982</ele>
        <time>2014-05-20T08:16:40Z</time>
      </trkpt>
      <trkpt lat="68.3759481087327" lon="14.500180771574378">
        <ele>496.660000000000025</ele>
        <time>2014-05-20T08:16:52Z</time>
      </trkpt>
      <trkpt lat="68.375884993001819" lon="14.500168450176716">
        <ele>498.579999999999984</ele>
        <time>2014-05-20T08:16:59Z</time>
      </trkpt>
      <trkpt lat="68.37583327665925" lon="14.500104328617454">
        <ele>500.019999999999982</ele>
        <time>2014-05-20T08:17:05Z</time>
      </trkpt>
      <trkpt lat="68.375742249190807" lon="14.499934175983071">
        <ele>502.910000000000025</ele>
        <time>2014-05-20T08:17:19Z</time>
      </trkpt>
      <trkpt lat="68.375663124024868" lon="14.499933756887913">
        <ele>506.75</ele>
        <time>2014-05-20T08:17:33Z</time>
      </trkpt>
      <trkpt lat="68.375587686896324" lon="14.499875335022807">
        <ele>508.670000000000016</ele>
        <time>2014-05-20T08:17:45Z</time>
      </trkpt>
      <trkpt lat="68.37550831027329" lon="14.499771064147353">
        <ele>512.039999999999964</ele>
        <time>2014-05-20T08:17:58Z</time>
      </trkpt>
      <trkpt lat="68.375449720770121" lon="14.49971029534936">
        <ele>514.440000000000055</ele>
        <time>2014-05-20T08:18:11Z</time>
      </trkpt>
      <trkpt lat="68.375398591160774" lon="14.499708954244852">
        <ele>517.809999999999945</ele>
        <time>2014-05-20T08:18:21Z</time>
      </trkpt>
      <trkpt lat="68.375324495136738" lon="14.499613987281919">
        <ele>520.690000000000055</ele>
        <time>2014-05-20T08:18:35Z</time>
      </trkpt>
      <trkpt lat="68.37528602220118" lon="14.499494042247534">
        <ele>523.090000000000032</ele>
        <time>2014-05-20T08:18:46Z</time>
      </trkpt>
      <trkpt lat="68.375247297808528" lon="14.499305784702301">
        <ele>526.460000000000036</ele>
        <time>2014-05-20T08:18:59Z</time>
      </trkpt>
      <trkpt lat="68.375198598951101" lon="14.499201681464911">
        <ele>529.82000000000005</ele>
        <time>2014-05-20T08:19:10Z</time>
      </trkpt>
      <trkpt lat="68.375168675556779" lon="14.499243758618832">
        <ele>532.710000000000036</ele>
        <time>2014-05-20T08:19:23Z</time>
      </trkpt>
      <trkpt lat="68.375150738283992" lon="14.499334953725338">
        <ele>535.110000000000014</ele>
        <time>2014-05-20T08:19:30Z</time>
      </trkpt>
      <trkpt lat="68.375116372480989" lon="14.499505357816815">
        <ele>537.990000000000009</ele>
        <time>2014-05-20T08:19:43Z</time>
      </trkpt>
      <trkpt lat="68.375070188194513" lon="14.499624967575073">
        <ele>540.879999999999995</ele>
        <time>2014-05-20T08:19:54Z</time>
      </trkpt>
      <trkpt lat="68.374975807964802" lon="14.499572496861219">
        <ele>544.240000000000009</ele>
        <time>2014-05-20T08:20:07Z</time>
      </trkpt>
      <trkpt lat="68.374915793538094" lon="14.499575095251203">
        <ele>547.129999999999995</ele>
        <time>2014-05-20T08:20:18Z</time>
      </trkpt>
      <trkpt lat="68.374867681413889" lon="14.499523965641856">
        <ele>549.529999999999973</ele>
        <time>2014-05-20T08:20:35Z</time>
      </trkpt>
      <trkpt lat="68.374858545139432" lon="14.499446516856551">
        <ele>548.090000000000032</ele>
        <time>2014-05-20T08:20:40Z</time>
      </trkpt>
      <trkpt lat="68.374871369451284" lon="14.499419191852212">
        <ele>548.090000000000032</ele>
        <time>2014-05-20T08:20:59Z</time>
      </trkpt>
      <trkpt lat="68.374872291460633" lon="14.499451965093613">
        <ele>549.529999999999973</ele>
        <time>2014-05-20T08:21:10Z</time>
      </trkpt>
      <trkpt lat="68.374834824353456" lon="14.499545088037848">
        <ele>550.970000000000027</ele>
        <time>2014-05-20T08:21:25Z</time>
      </trkpt>
      <trkpt lat="68.374803476035595" lon="14.499643826857209">
        <ele>553.379999999999995</ele>
        <time>2014-05-20T08:21:32Z</time>
      </trkpt>
      <trkpt lat="68.374716890975833" lon="14.499709960073233">
        <ele>556.740000000000009</ele>
        <time>2014-05-20T08:21:46Z</time>
      </trkpt>
      <trkpt lat="68.37466835975647" lon="14.499738710001111">
        <ele>559.139999999999986</ele>
        <time>2014-05-20T08:21:57Z</time>
      </trkpt>
      <trkpt lat="68.374621421098709" lon="14.499743571504951">
        <ele>562.509999999999991</ele>
        <time>2014-05-20T08:22:07Z</time>
      </trkpt>
      <trkpt lat="68.37456819601357" lon="14.499759580940008">
        <ele>564.909999999999968</ele>
        <time>2014-05-20T08:22:15Z</time>
      </trkpt>
      <trkpt lat="68.374486975371838" lon="14.499774584546685">
        <ele>567.799999999999955</ele>
        <time>2014-05-20T08:22:26Z</time>
      </trkpt>
      <trkpt lat="68.374401228502393" lon="14.499754467979074">
        <ele>570.200000000000045</ele>
        <time>2014-05-20T08:22:38Z</time>
      </trkpt>
      <trkpt lat="68.374330988153815" lon="14.499642988666892">
        <ele>571.639999999999986</ele>
        <time>2014-05-20T08:22:51Z</time>
      </trkpt>
      <trkpt lat="68.374300561845303" lon="14.499570401385427">
        <ele>573.559999999999945</ele>
        <time>2014-05-20T08:23:04Z</time>
      </trkpt>
      <trkpt lat="68.374236943200231" lon="14.499425562098622">
        <ele>575.970000000000027</ele>
        <time>2014-05-20T08:23:15Z</time>
      </trkpt>
      <trkpt lat="68.374106772243977" lon="14.499312825500965">
        <ele>577.889999999999986</ele>
        <time>2014-05-20T08:23:29Z</time>
      </trkpt>
      <trkpt lat="68.373975763097405" lon="14.499283991754055">
        <ele>580.769999999999982</ele>
        <time>2014-05-20T08:23:42Z</time>
      </trkpt>
      <trkpt lat="68.373837629333138" lon="14.499313579872251">
        <ele>580.769999999999982</ele>
        <time>2014-05-20T08:23:56Z</time>
      </trkpt>
      <trkpt lat="68.373803850263357" lon="14.499312322586775">
        <ele>577.889999999999986</ele>
        <time>2014-05-20T08:24:00Z</time>
      </trkpt>
      <trkpt lat="68.373654820024967" lon="14.499369319528341">
        <ele>576.92999999999995</ele>
        <time>2014-05-20T08:24:12Z</time>
      </trkpt>
      <trkpt lat="68.373492211103439" lon="14.499392369762063">
        <ele>575.490000000000009</ele>
        <time>2014-05-20T08:24:25Z</time>
      </trkpt>
      <trkpt lat="68.373426999896765" lon="14.499413995072246">
        <ele>575.970000000000027</ele>
        <time>2014-05-20T08:24:31Z</time>
      </trkpt>
      <trkpt lat="68.373262882232666" lon="14.499441236257553">
        <ele>579.330000000000041</ele>
        <time>2014-05-20T08:24:48Z</time>
      </trkpt>
      <trkpt lat="68.37320446036756" lon="14.499494628980756">
        <ele>582.700000000000045</ele>
        <time>2014-05-20T08:24:58Z</time>
      </trkpt>
      <trkpt lat="68.373130531981587" lon="14.499529749155045">
        <ele>585.580000000000041</ele>
        <time>2014-05-20T08:25:09Z</time>
      </trkpt>
      <trkpt lat="68.373116366565228" lon="14.499532347545028">
        <ele>586.059999999999945</ele>
        <time>2014-05-20T08:25:11Z</time>
      </trkpt>
      <trkpt lat="68.373054843395948" lon="14.499569647014141">
        <ele>589.42999999999995</ele>
        <time>2014-05-20T08:25:22Z</time>
      </trkpt>
      <trkpt lat="68.373033218085766" lon="14.499565623700619">
        <ele>590.870000000000005</ele>
        <time>2014-05-20T08:25:25Z</time>
      </trkpt>
      <trkpt lat="68.372942609712481" lon="14.499564366415143">
        <ele>593.75</ele>
        <time>2014-05-20T08:25:37Z</time>
      </trkpt>
      <trkpt lat="68.372849151492119" lon="14.499602001160383">
        <ele>596.639999999999986</ele>
        <time>2014-05-20T08:25:49Z</time>
      </trkpt>
      <trkpt lat="68.372780419886112" lon="14.499668553471565">
        <ele>600</ele>
        <time>2014-05-20T08:26:00Z</time>
      </trkpt>
      <trkpt lat="68.372736414894462" lon="14.499716078862548">
        <ele>602.399999999999977</ele>
        <time>2014-05-20T08:26:07Z</time>
      </trkpt>
      <trkpt lat="68.372726440429688" lon="14.499710714444518">
        <ele>602.399999999999977</ele>
        <time>2014-05-20T08:26:08Z</time>
      </trkpt>
      <trkpt lat="68.37261957116425" lon="14.499773327261209">
        <ele>605.289999999999964</ele>
        <time>2014-05-20T08:26:23Z</time>
      </trkpt>
      <trkpt lat="68.372607920318842" lon="14.499786319211125">
        <ele>605.769999999999982</ele>
        <time>2014-05-20T08:26:25Z</time>
      </trkpt>
      <trkpt lat="68.372506080195308" lon="14.499897127971053">
        <ele>608.169999999999959</ele>
        <time>2014-05-20T08:26:39Z</time>
      </trkpt>
      <trkpt lat="68.372442210093141" lon="14.500012127682567">
        <ele>610.57000000000005</ele>
        <time>2014-05-20T08:26:50Z</time>
      </trkpt>
      <trkpt lat="68.372409688308835" lon="14.500073567032814">
        <ele>612.019999999999982</ele>
        <time>2014-05-20T08:27:01Z</time>
      </trkpt>
      <trkpt lat="68.372391583397985" lon="14.500072058290243">
        <ele>612.5</ele>
        <time>2014-05-20T08:27:03Z</time>
      </trkpt>
      <trkpt lat="68.37230047211051" lon="14.500129641965032">
        <ele>614.419999999999959</ele>
        <time>2014-05-20T08:27:16Z</time>
      </trkpt>
      <trkpt lat="68.372239368036389" lon="14.50018772855401">
        <ele>617.779999999999973</ele>
        <time>2014-05-20T08:27:26Z</time>
      </trkpt>
      <trkpt lat="68.3721973747015" lon="14.500283114612103">
        <ele>620.669999999999959</ele>
        <time>2014-05-20T08:27:35Z</time>
      </trkpt>
      <trkpt lat="68.372139120474458" lon="14.500293005257845">
        <ele>624.029999999999973</ele>
        <time>2014-05-20T08:27:45Z</time>
      </trkpt>
      <trkpt lat="68.372103665024042" lon="14.50023508630693">
        <ele>624.029999999999973</ele>
        <time>2014-05-20T08:27:58Z</time>
      </trkpt>
      <trkpt lat="68.37209670804441" lon="14.500259477645159">
        <ele>624.029999999999973</ele>
        <time>2014-05-20T08:28:21Z</time>
      </trkpt>
      <trkpt lat="68.372093439102173" lon="14.500186806544662">
        <ele>624.029999999999973</ele>
        <time>2014-05-20T08:28:42Z</time>
      </trkpt>
      <trkpt lat="68.372081369161606" lon="14.500188650563359">
        <ele>624.029999999999973</ele>
        <time>2014-05-20T08:28:59Z</time>
      </trkpt>
      <trkpt lat="68.372073825448751" lon="14.500221507623792">
        <ele>624.990000000000009</ele>
        <time>2014-05-20T08:29:06Z</time>
      </trkpt>
      <trkpt lat="68.372026886790991" lon="14.500121679157019">
        <ele>623.549999999999955</ele>
        <time>2014-05-20T08:29:21Z</time>
      </trkpt>
      <trkpt lat="68.372026383876801" lon="14.500115476548672">
        <ele>624.029999999999973</ele>
        <time>2014-05-20T08:29:40Z</time>
      </trkpt>
      <trkpt lat="68.372042393311858" lon="14.500112123787403">
        <ele>623.549999999999955</ele>
        <time>2014-05-20T08:30:05Z</time>
      </trkpt>
      <trkpt lat="68.372038537636399" lon="14.50013198889792">
        <ele>624.029999999999973</ele>
        <time>2014-05-20T08:30:07Z</time>
      </trkpt>
      <trkpt lat="68.371952790766954" lon="14.500199379399419">
        <ele>624.990000000000009</ele>
        <time>2014-05-20T08:30:15Z</time>
      </trkpt>
      <trkpt lat="68.371871989220381" lon="14.500274732708931">
        <ele>626.919999999999959</ele>
        <time>2014-05-20T08:30:26Z</time>
      </trkpt>
      <trkpt lat="68.371797809377313" lon="14.500383697450161">
        <ele>627.879999999999995</ele>
        <time>2014-05-20T08:30:36Z</time>
      </trkpt>
      <trkpt lat="68.371781632304192" lon="14.500417644158006">
        <ele>628.360000000000014</ele>
        <time>2014-05-20T08:30:38Z</time>
      </trkpt>
      <trkpt lat="68.371726479381323" lon="14.500454273074865">
        <ele>631.240000000000009</ele>
        <time>2014-05-20T08:30:50Z</time>
      </trkpt>
      <trkpt lat="68.371690940111876" lon="14.500417476519942">
        <ele>634.610000000000014</ele>
        <time>2014-05-20T08:30:55Z</time>
      </trkpt>
      <trkpt lat="68.37168482132256" lon="14.500404400750995">
        <ele>634.610000000000014</ele>
        <time>2014-05-20T08:30:56Z</time>
      </trkpt>
      <trkpt lat="68.371680965647101" lon="14.500327119603753">
        <ele>634.129999999999995</ele>
        <time>2014-05-20T08:31:09Z</time>
      </trkpt>
      <trkpt lat="68.371588680893183" lon="14.500225111842155">
        <ele>635.57000000000005</ele>
        <time>2014-05-20T08:31:17Z</time>
      </trkpt>
      <trkpt lat="68.371478794142604" lon="14.500151099637151">
        <ele>631.240000000000009</ele>
        <time>2014-05-20T08:31:28Z</time>
      </trkpt>
      <trkpt lat="68.371393298730254" lon="14.500102568417788">
        <ele>631.720000000000027</ele>
        <time>2014-05-20T08:31:35Z</time>
      </trkpt>
      <trkpt lat="68.371298583224416" lon="14.50013006106019">
        <ele>632.200000000000045</ele>
        <time>2014-05-20T08:31:43Z</time>
      </trkpt>
      <trkpt lat="68.371249800547957" lon="14.500117655843496">
        <ele>631.240000000000009</ele>
        <time>2014-05-20T08:31:47Z</time>
      </trkpt>
      <trkpt lat="68.37114242836833" lon="14.499991927295923">
        <ele>629.32000000000005</ele>
        <time>2014-05-20T08:31:57Z</time>
      </trkpt>
      <trkpt lat="68.371107392013073" lon="14.499886818230152">
        <ele>625.960000000000036</ele>
        <time>2014-05-20T08:32:03Z</time>
      </trkpt>
      <trkpt lat="68.371032457798719" lon="14.499778775498271">
        <ele>625.470000000000027</ele>
        <time>2014-05-20T08:32:12Z</time>
      </trkpt>
      <trkpt lat="68.37099683471024" lon="14.499781876802444">
        <ele>628.840000000000032</ele>
        <time>2014-05-20T08:32:23Z</time>
      </trkpt>
      <trkpt lat="68.370991637930274" lon="14.499768801033497">
        <ele>629.32000000000005</ele>
        <time>2014-05-20T08:32:24Z</time>
      </trkpt>
      <trkpt lat="68.370930785313249" lon="14.499729741364717">
        <ele>628.840000000000032</ele>
        <time>2014-05-20T08:32:36Z</time>
      </trkpt>
      <trkpt lat="68.370873620733619" lon="14.49979486875236">
        <ele>630.279999999999973</ele>
        <time>2014-05-20T08:32:47Z</time>
      </trkpt>
      <trkpt lat="68.370831627398729" lon="14.499877011403441">
        <ele>633.649999999999977</ele>
        <time>2014-05-20T08:32:57Z</time>
      </trkpt>
      <trkpt lat="68.370784940198064" lon="14.499861504882574">
        <ele>637.009999999999991</ele>
        <time>2014-05-20T08:33:05Z</time>
      </trkpt>
      <trkpt lat="68.370726853609085" lon="14.499834263697267">
        <ele>639.409999999999968</ele>
        <time>2014-05-20T08:33:15Z</time>
      </trkpt>
      <trkpt lat="68.370645297691226" lon="14.499764526262879">
        <ele>639.409999999999968</ele>
        <time>2014-05-20T08:33:23Z</time>
      </trkpt>
      <trkpt lat="68.3705741353333" lon="14.499815655872226">
        <ele>641.340000000000032</ele>
        <time>2014-05-20T08:33:34Z</time>
      </trkpt>
      <trkpt lat="68.370555024594069" lon="14.499699817970395">
        <ele>643.259999999999991</ele>
        <time>2014-05-20T08:33:45Z</time>
      </trkpt>
      <trkpt lat="68.370545888319612" lon="14.499691016972065">
        <ele>643.740000000000009</ele>
        <time>2014-05-20T08:33:48Z</time>
      </trkpt>
      <trkpt lat="68.370494926348329" lon="14.499684395268559">
        <ele>646.139999999999986</ele>
        <time>2014-05-20T08:33:56Z</time>
      </trkpt>
      <trkpt lat="68.370395349338651" lon="14.499686658382416">
        <ele>649.029999999999973</ele>
        <time>2014-05-20T08:34:09Z</time>
      </trkpt>
      <trkpt lat="68.370294934138656" lon="14.499734519049525">
        <ele>650.950000000000045</ele>
        <time>2014-05-20T08:34:20Z</time>
      </trkpt>
      <trkpt lat="68.370276829227805" lon="14.499721024185419">
        <ele>651.909999999999968</ele>
        <time>2014-05-20T08:34:22Z</time>
      </trkpt>
      <trkpt lat="68.370154118165374" lon="14.499715492129326">
        <ele>652.870000000000005</ele>
        <time>2014-05-20T08:34:34Z</time>
      </trkpt>
      <trkpt lat="68.37012411095202" lon="14.499678611755371">
        <ele>653.350000000000023</ele>
        <time>2014-05-20T08:34:37Z</time>
      </trkpt>
      <trkpt lat="68.370095863938332" lon="14.499672492966056">
        <ele>654.309999999999945</ele>
        <time>2014-05-20T08:34:40Z</time>
      </trkpt>
      <trkpt lat="68.370053954422474" lon="14.499593200162053">
        <ele>655.279999999999973</ele>
        <time>2014-05-20T08:34:45Z</time>
      </trkpt>
      <trkpt lat="68.3699956163764" lon="14.499587584286928">
        <ele>656.720000000000027</ele>
        <time>2014-05-20T08:34:58Z</time>
      </trkpt>
      <trkpt lat="68.369987737387419" lon="14.499601079151034">
        <ele>656.720000000000027</ele>
        <time>2014-05-20T08:35:06Z</time>
      </trkpt>
      <trkpt lat="68.369834013283253" lon="14.499514577910304">
        <ele>657.67999999999995</ele>
        <time>2014-05-20T08:35:20Z</time>
      </trkpt>
      <trkpt lat="68.369721947237849" lon="14.499445678666234">
        <ele>661.039999999999964</ele>
        <time>2014-05-20T08:35:34Z</time>
      </trkpt>
      <trkpt lat="68.369630668312311" lon="14.49940980412066">
        <ele>663.92999999999995</ele>
        <time>2014-05-20T08:35:48Z</time>
      </trkpt>
      <trkpt lat="68.369561182335019" lon="14.499311149120331">
        <ele>664.409999999999968</ele>
        <time>2014-05-20T08:36:02Z</time>
      </trkpt>
      <trkpt lat="68.369515668600798" lon="14.499183744192123">
        <ele>666.809999999999945</ele>
        <time>2014-05-20T08:36:12Z</time>
      </trkpt>
      <trkpt lat="68.369488008320332" lon="14.499193048104644">
        <ele>668.730000000000018</ele>
        <time>2014-05-20T08:36:24Z</time>
      </trkpt>
      <trkpt lat="68.369427490979433" lon="14.499066984280944">
        <ele>671.139999999999986</ele>
        <time>2014-05-20T08:36:37Z</time>
      </trkpt>
      <trkpt lat="68.369396310299635" lon="14.498905213549733">
        <ele>672.100000000000023</ele>
        <time>2014-05-20T08:36:52Z</time>
      </trkpt>
      <trkpt lat="68.369394633919001" lon="14.498885096982121">
        <ele>674.019999999999982</ele>
        <time>2014-05-20T08:36:57Z</time>
      </trkpt>
      <trkpt lat="68.369390023872256" lon="14.498863471671939">
        <ele>674.019999999999982</ele>
        <time>2014-05-20T08:37:08Z</time>
      </trkpt>
      <trkpt lat="68.369371332228184" lon="14.498830363154411">
        <ele>674.5</ele>
        <time>2014-05-20T08:37:14Z</time>
      </trkpt>
      <trkpt lat="68.369376445189118" lon="14.498720392584801">
        <ele>673.539999999999964</ele>
        <time>2014-05-20T08:37:27Z</time>
      </trkpt>
      <trkpt lat="68.369372757151723" lon="14.498686194419861">
        <ele>674.019999999999982</ele>
        <time>2014-05-20T08:38:03Z</time>
      </trkpt>
      <trkpt lat="68.369372421875596" lon="14.498688541352749">
        <ele>673.539999999999964</ele>
        <time>2014-05-20T08:38:38Z</time>
      </trkpt>
      <trkpt lat="68.36936722509563" lon="14.498688541352749">
        <ele>674.019999999999982</ele>
        <time>2014-05-20T08:39:17Z</time>
      </trkpt>
      <trkpt lat="68.369368733838201" lon="14.498691977933049">
        <ele>674.019999999999982</ele>
        <time>2014-05-20T08:39:36Z</time>
      </trkpt>
      <trkpt lat="68.369352389127016" lon="14.498747047036886">
        <ele>674.5</ele>
        <time>2014-05-20T08:39:48Z</time>
      </trkpt>
      <trkpt lat="68.36928172968328" lon="14.498709244653583">
        <ele>676.909999999999968</ele>
        <time>2014-05-20T08:40:02Z</time>
      </trkpt>
      <trkpt lat="68.36926219984889" lon="14.498688960447907">
        <ele>677.389999999999986</ele>
        <time>2014-05-20T08:40:05Z</time>
      </trkpt>
      <trkpt lat="68.369227750226855" lon="14.498626850545406">
        <ele>677.870000000000005</ele>
        <time>2014-05-20T08:40:19Z</time>
      </trkpt>
      <trkpt lat="68.36921869777143" lon="14.498641099780798">
        <ele>677.870000000000005</ele>
        <time>2014-05-20T08:40:42Z</time>
      </trkpt>
      <trkpt lat="68.369207885116339" lon="14.498595502227545">
        <ele>679.789999999999964</ele>
        <time>2014-05-20T08:40:55Z</time>
      </trkpt>
      <trkpt lat="68.369225403293967" lon="14.498571027070284">
        <ele>677.870000000000005</ele>
        <time>2014-05-20T08:41:06Z</time>
      </trkpt>
      <trkpt lat="68.369209310039878" lon="14.498552838340402">
        <ele>678.350000000000023</ele>
        <time>2014-05-20T08:41:13Z</time>
      </trkpt>
      <trkpt lat="68.369219368323684" lon="14.498510174453259">
        <ele>677.389999999999986</ele>
        <time>2014-05-20T08:41:32Z</time>
      </trkpt>
      <trkpt lat="68.369203945621848" lon="14.498520232737064">
        <ele>677.870000000000005</ele>
        <time>2014-05-20T08:42:01Z</time>
      </trkpt>
      <trkpt lat="68.369205622002482" lon="14.49852199293673">
        <ele>672.100000000000023</ele>
        <time>2014-05-20T08:42:17Z</time>
      </trkpt>
      <trkpt lat="68.369207633659244" lon="14.498531715944409">
        <ele>675.460000000000036</ele>
        <time>2014-05-20T08:42:18Z</time>
      </trkpt>
      <trkpt lat="68.369207130745053" lon="14.498540014028549">
        <ele>677.389999999999986</ele>
        <time>2014-05-20T08:42:20Z</time>
      </trkpt>
      <trkpt lat="68.36919816210866" lon="14.498545797541738">
        <ele>677.870000000000005</ele>
        <time>2014-05-20T08:42:30Z</time>
      </trkpt>
      <trkpt lat="68.369214674457908" lon="14.498555604368448">
        <ele>679.309999999999945</ele>
        <time>2014-05-20T08:42:32Z</time>
      </trkpt>
      <trkpt lat="68.369216099381447" lon="14.498572368174791">
        <ele>679.309999999999945</ele>
        <time>2014-05-20T08:42:33Z</time>
      </trkpt>
      <trkpt lat="68.369208136573434" lon="14.498588629066944">
        <ele>679.309999999999945</ele>
        <time>2014-05-20T08:42:41Z</time>
      </trkpt>
      <trkpt lat="68.369173184037209" lon="14.498523585498333">
        <ele>681.230000000000018</ele>
        <time>2014-05-20T08:42:55Z</time>
      </trkpt>
      <trkpt lat="68.369151894003153" lon="14.498458206653595">
        <ele>682.190000000000055</ele>
        <time>2014-05-20T08:43:08Z</time>
      </trkpt>
      <trkpt lat="68.369155582040548" lon="14.498440437018871">
        <ele>683.629999999999995</ele>
        <time>2014-05-20T08:43:16Z</time>
      </trkpt>
      <trkpt lat="68.369143009185791" lon="14.498362652957439">
        <ele>683.629999999999995</ele>
        <time>2014-05-20T08:43:29Z</time>
      </trkpt>
      <trkpt lat="68.369154240936041" lon="14.498313367366791">
        <ele>683.149999999999977</ele>
        <time>2014-05-20T08:43:45Z</time>
      </trkpt>
      <trkpt lat="68.369157509878278" lon="14.498326610773802">
        <ele>684.120000000000005</ele>
        <time>2014-05-20T08:44:15Z</time>
      </trkpt>
      <trkpt lat="68.369141835719347" lon="14.498335495591164">
        <ele>685.559999999999945</ele>
        <time>2014-05-20T08:44:28Z</time>
      </trkpt>
      <trkpt lat="68.369099339470267" lon="14.498300040140748">
        <ele>687.480000000000018</ele>
        <time>2014-05-20T08:44:33Z</time>
      </trkpt>
      <trkpt lat="68.369039744138718" lon="14.498323174193501">
        <ele>687.960000000000036</ele>
        <time>2014-05-20T08:44:40Z</time>
      </trkpt>
      <trkpt lat="68.368959696963429" lon="14.498369107022882">
        <ele>688.919999999999959</ele>
        <time>2014-05-20T08:44:48Z</time>
      </trkpt>
      <trkpt lat="68.368866657838225" lon="14.498521909117699">
        <ele>690.360000000000014</ele>
        <time>2014-05-20T08:45:00Z</time>
      </trkpt>
      <trkpt lat="68.368826676160097" lon="14.498541941866279">
        <ele>689.879999999999995</ele>
        <time>2014-05-20T08:45:04Z</time>
      </trkpt>
      <trkpt lat="68.36876330897212" lon="14.498592736199498">
        <ele>689.879999999999995</ele>
        <time>2014-05-20T08:45:09Z</time>
      </trkpt>
      <trkpt lat="68.36874227039516" lon="14.498639674857259">
        <ele>690.360000000000014</ele>
        <time>2014-05-20T08:45:12Z</time>
      </trkpt>
      <trkpt lat="68.368665827438235" lon="14.498787363991141">
        <ele>690.360000000000014</ele>
        <time>2014-05-20T08:45:21Z</time>
      </trkpt>
      <trkpt lat="68.368635736405849" lon="14.498808905482292">
        <ele>691.330000000000041</ele>
        <time>2014-05-20T08:45:24Z</time>
      </trkpt>
      <trkpt lat="68.36854001507163" lon="14.498885683715343">
        <ele>690.360000000000014</ele>
        <time>2014-05-20T08:45:33Z</time>
      </trkpt>
      <trkpt lat="68.368504643440247" lon="14.498870763927698">
        <ele>689.879999999999995</ele>
        <time>2014-05-20T08:45:47Z</time>
      </trkpt>
      <trkpt lat="68.368504727259278" lon="14.498894400894642">
        <ele>687</ele>
        <time>2014-05-20T08:45:59Z</time>
      </trkpt>
      <trkpt lat="68.368502212688327" lon="14.49891921132803">
        <ele>690.360000000000014</ele>
        <time>2014-05-20T08:46:07Z</time>
      </trkpt>
      <trkpt lat="68.368507828563452" lon="14.498900352045894">
        <ele>687.960000000000036</ele>
        <time>2014-05-20T08:46:28Z</time>
      </trkpt>
      <trkpt lat="68.36849944666028" lon="14.49886254966259">
        <ele>689.879999999999995</ele>
        <time>2014-05-20T08:46:40Z</time>
      </trkpt>
      <trkpt lat="68.368522580713034" lon="14.498935556039214">
        <ele>690.840000000000032</ele>
        <time>2014-05-20T08:46:54Z</time>
      </trkpt>
      <trkpt lat="68.368529621511698" lon="14.498937651515007">
        <ele>690.840000000000032</ele>
        <time>2014-05-20T08:47:16Z</time>
      </trkpt>
      <trkpt lat="68.368530543521047" lon="14.498942932114005">
        <ele>690.360000000000014</ele>
        <time>2014-05-20T08:47:31Z</time>
      </trkpt>
      <trkpt lat="68.368514282628894" lon="14.498899094760418">
        <ele>690.360000000000014</ele>
        <time>2014-05-20T08:47:45Z</time>
      </trkpt>
      <trkpt lat="68.368503386154771" lon="14.498917534947395">
        <ele>690.360000000000014</ele>
        <time>2014-05-20T08:47:54Z</time>
      </trkpt>
      <trkpt lat="68.36839534342289" lon="14.499013004824519">
        <ele>691.330000000000041</ele>
        <time>2014-05-20T08:48:07Z</time>
      </trkpt>
      <trkpt lat="68.368254359811544" lon="14.499149713665247">
        <ele>691.330000000000041</ele>
        <time>2014-05-20T08:48:21Z</time>
      </trkpt>
      <trkpt lat="68.368111867457628" lon="14.49930771254003">
        <ele>691.330000000000041</ele>
        <time>2014-05-20T08:48:35Z</time>
      </trkpt>
      <trkpt lat="68.367961915209889" lon="14.499442325904965">
        <ele>691.809999999999945</ele>
        <time>2014-05-20T08:48:50Z</time>
      </trkpt>
      <trkpt lat="68.367951437830925" lon="14.499440314248204">
        <ele>691.809999999999945</ele>
        <time>2014-05-20T08:48:51Z</time>
      </trkpt>
      <trkpt lat="68.367940792813897" lon="14.499393794685602">
        <ele>691.330000000000041</ele>
        <time>2014-05-20T08:48:53Z</time>
      </trkpt>
      <trkpt lat="68.367915730923414" lon="14.499393040314317">
        <ele>690.360000000000014</ele>
        <time>2014-05-20T08:48:56Z</time>
      </trkpt>
      <trkpt lat="68.367852447554469" lon="14.499357920140028">
        <ele>689.399999999999977</ele>
        <time>2014-05-20T08:49:01Z</time>
      </trkpt>
      <trkpt lat="68.367780698463321" lon="14.499379545450211">
        <ele>688.440000000000055</ele>
        <time>2014-05-20T08:49:07Z</time>
      </trkpt>
      <trkpt lat="68.367620268836617" lon="14.499208051711321">
        <ele>685.080000000000041</ele>
        <time>2014-05-20T08:49:18Z</time>
      </trkpt>
      <trkpt lat="68.367572156712413" lon="14.499227665364742">
        <ele>682.190000000000055</ele>
        <time>2014-05-20T08:49:21Z</time>
      </trkpt>
      <trkpt lat="68.367556734010577" lon="14.49924417771399">
        <ele>681.710000000000036</ele>
        <time>2014-05-20T08:49:22Z</time>
      </trkpt>
      <trkpt lat="68.367434106767178" lon="14.499434698373079">
        <ele>681.230000000000018</ele>
        <time>2014-05-20T08:49:34Z</time>
      </trkpt>
      <trkpt lat="68.36740099824965" lon="14.49954517185688">
        <ele>681.230000000000018</ele>
        <time>2014-05-20T08:49:39Z</time>
      </trkpt>
      <trkpt lat="68.367325225844979" lon="14.499745247885585">
        <ele>680.75</ele>
        <time>2014-05-20T08:49:50Z</time>
      </trkpt>
      <trkpt lat="68.367280131205916" lon="14.499853709712625">
        <ele>680.269999999999982</ele>
        <time>2014-05-20T08:49:56Z</time>
      </trkpt>
      <trkpt lat="68.36725540459156" lon="14.499945743009448">
        <ele>681.230000000000018</ele>
        <time>2014-05-20T08:50:00Z</time>
      </trkpt>
      <trkpt lat="68.367230929434299" lon="14.500023946166039">
        <ele>680.75</ele>
        <time>2014-05-20T08:50:03Z</time>
      </trkpt>
      <trkpt lat="68.367184745147824" lon="14.500150848180056">
        <ele>679.789999999999964</ele>
        <time>2014-05-20T08:50:08Z</time>
      </trkpt>
      <trkpt lat="68.36704627610743" lon="14.500463912263513">
        <ele>679.309999999999945</ele>
        <time>2014-05-20T08:50:20Z</time>
      </trkpt>
      <trkpt lat="68.366964217275381" lon="14.500626772642136">
        <ele>680.75</ele>
        <time>2014-05-20T08:50:31Z</time>
      </trkpt>
      <trkpt lat="68.366903197020292" lon="14.500791560858488">
        <ele>680.75</ele>
        <time>2014-05-20T08:50:43Z</time>
      </trkpt>
      <trkpt lat="68.366891462355852" lon="14.500801702961326">
        <ele>680.75</ele>
        <time>2014-05-20T08:50:44Z</time>
      </trkpt>
      <trkpt lat="68.366879895329475" lon="14.500807486474514">
        <ele>680.269999999999982</ele>
        <time>2014-05-20T08:50:45Z</time>
      </trkpt>
      <trkpt lat="68.366867993026972" lon="14.50081461109221">
        <ele>680.269999999999982</ele>
        <time>2014-05-20T08:50:46Z</time>
      </trkpt>
      <trkpt lat="68.366855923086405" lon="14.500823998823762">
        <ele>680.269999999999982</ele>
        <time>2014-05-20T08:50:47Z</time>
      </trkpt>
      <trkpt lat="68.366843266412616" lon="14.500832799822092">
        <ele>680.75</ele>
        <time>2014-05-20T08:50:48Z</time>
      </trkpt>
      <trkpt lat="68.36682977154851" lon="14.500833218917251">
        <ele>681.710000000000036</ele>
        <time>2014-05-20T08:50:49Z</time>
      </trkpt>
      <trkpt lat="68.366794567555189" lon="14.500823747366667">
        <ele>680.269999999999982</ele>
        <time>2014-05-20T08:50:52Z</time>
      </trkpt>
      <trkpt lat="68.366716951131821" lon="14.500868422910571">
        <ele>678.830000000000041</ele>
        <time>2014-05-20T08:50:59Z</time>
      </trkpt>
      <trkpt lat="68.366708736866713" lon="14.500894574448466">
        <ele>678.830000000000041</ele>
        <time>2014-05-20T08:51:00Z</time>
      </trkpt>
      <trkpt lat="68.366699516773224" lon="14.500917205587029">
        <ele>678.350000000000023</ele>
        <time>2014-05-20T08:51:01Z</time>
      </trkpt>
      <trkpt lat="68.366635227575898" lon="14.501040922477841">
        <ele>678.830000000000041</ele>
        <time>2014-05-20T08:51:08Z</time>
      </trkpt>
      <trkpt lat="68.366630701348186" lon="14.501065984368324">
        <ele>678.830000000000041</ele>
        <time>2014-05-20T08:51:09Z</time>
      </trkpt>
      <trkpt lat="68.366627935320139" lon="14.50109263882041">
        <ele>679.789999999999964</ele>
        <time>2014-05-20T08:51:10Z</time>
      </trkpt>
      <trkpt lat="68.366626007482409" lon="14.501122059300542">
        <ele>679.789999999999964</ele>
        <time>2014-05-20T08:51:11Z</time>
      </trkpt>
      <trkpt lat="68.366627097129822" lon="14.501151898875833">
        <ele>679.789999999999964</ele>
        <time>2014-05-20T08:51:12Z</time>
      </trkpt>
      <trkpt lat="68.366627683863044" lon="14.501180313527584">
        <ele>679.789999999999964</ele>
        <time>2014-05-20T08:51:13Z</time>
      </trkpt>
      <trkpt lat="68.366622989997268" lon="14.501211326569319">
        <ele>679.789999999999964</ele>
        <time>2014-05-20T08:51:14Z</time>
      </trkpt>
      <trkpt lat="68.366616955026984" lon="14.501242926344275">
        <ele>679.789999999999964</ele>
        <time>2014-05-20T08:51:15Z</time>
      </trkpt>
      <trkpt lat="68.366610081866384" lon="14.501271592453122">
        <ele>679.789999999999964</ele>
        <time>2014-05-20T08:51:16Z</time>
      </trkpt>
      <trkpt lat="68.366465410217643" lon="14.501612735912204">
        <ele>680.75</ele>
        <time>2014-05-20T08:51:32Z</time>
      </trkpt>
      <trkpt lat="68.366427356377244" lon="14.501698650419712">
        <ele>682.190000000000055</ele>
        <time>2014-05-20T08:51:37Z</time>
      </trkpt>
      <trkpt lat="68.366416376084089" lon="14.501709379255772">
        <ele>682.190000000000055</ele>
        <time>2014-05-20T08:51:38Z</time>
      </trkpt>
      <trkpt lat="68.366406066343188" lon="14.501724215224385">
        <ele>681.710000000000036</ele>
        <time>2014-05-20T08:51:39Z</time>
      </trkpt>
      <trkpt lat="68.366386452689767" lon="14.501749780029058">
        <ele>682.669999999999959</ele>
        <time>2014-05-20T08:51:41Z</time>
      </trkpt>
      <trkpt lat="68.366373963654041" lon="14.501755647361279">
        <ele>682.190000000000055</ele>
        <time>2014-05-20T08:51:42Z</time>
      </trkpt>
      <trkpt lat="68.366363318637013" lon="14.501767298206687">
        <ele>682.669999999999959</ele>
        <time>2014-05-20T08:51:43Z</time>
      </trkpt>
      <trkpt lat="68.366353092715144" lon="14.501779535785317">
        <ele>682.669999999999959</ele>
        <time>2014-05-20T08:51:44Z</time>
      </trkpt>
      <trkpt lat="68.366342028602958" lon="14.501786073669791">
        <ele>683.149999999999977</ele>
        <time>2014-05-20T08:51:45Z</time>
      </trkpt>
      <trkpt lat="68.366331132128835" lon="14.501796131953597">
        <ele>683.149999999999977</ele>
        <time>2014-05-20T08:51:46Z</time>
      </trkpt>
      <trkpt lat="68.366321995854378" lon="14.501814236864448">
        <ele>682.669999999999959</ele>
        <time>2014-05-20T08:51:47Z</time>
      </trkpt>
      <trkpt lat="68.36625368334353" lon="14.501907778903842">
        <ele>684.120000000000005</ele>
        <time>2014-05-20T08:51:54Z</time>
      </trkpt>
      <trkpt lat="68.366243205964565" lon="14.501925213262439">
        <ele>683.629999999999995</ele>
        <time>2014-05-20T08:51:55Z</time>
      </trkpt>
      <trkpt lat="68.366199787706137" lon="14.502024203538895">
        <ele>684.120000000000005</ele>
        <time>2014-05-20T08:52:06Z</time>
      </trkpt>
      <trkpt lat="68.366098199039698" lon="14.502261579036713">
        <ele>684.120000000000005</ele>
        <time>2014-05-20T08:52:19Z</time>
      </trkpt>
      <trkpt lat="68.366075400263071" lon="14.5023088529706">
        <ele>685.559999999999945</ele>
        <time>2014-05-20T08:52:22Z</time>
      </trkpt>
      <trkpt lat="68.366065341979265" lon="14.502322766929865">
        <ele>684.600000000000023</ele>
        <time>2014-05-20T08:52:23Z</time>
      </trkpt>
      <trkpt lat="68.366054194048047" lon="14.502335591241717">
        <ele>684.120000000000005</ele>
        <time>2014-05-20T08:52:24Z</time>
      </trkpt>
      <trkpt lat="68.36597959510982" lon="14.502487136051059">
        <ele>684.120000000000005</ele>
        <time>2014-05-20T08:52:33Z</time>
      </trkpt>
      <trkpt lat="68.365970123559237" lon="14.502503899857402">
        <ele>684.600000000000023</ele>
        <time>2014-05-20T08:52:34Z</time>
      </trkpt>
      <trkpt lat="68.36590189486742" lon="14.502688804641366">
        <ele>684.600000000000023</ele>
        <time>2014-05-20T08:52:43Z</time>
      </trkpt>
      <trkpt lat="68.365897117182612" lon="14.502722332254052">
        <ele>685.080000000000041</ele>
        <time>2014-05-20T08:52:44Z</time>
      </trkpt>
      <trkpt lat="68.36589066311717" lon="14.502745717763901">
        <ele>685.559999999999945</ele>
        <time>2014-05-20T08:52:45Z</time>
      </trkpt>
      <trkpt lat="68.36588378995657" lon="14.502768935635686">
        <ele>685.559999999999945</ele>
        <time>2014-05-20T08:52:46Z</time>
      </trkpt>
      <trkpt lat="68.365873815491796" lon="14.502790225669742">
        <ele>685.559999999999945</ele>
        <time>2014-05-20T08:52:47Z</time>
      </trkpt>
      <trkpt lat="68.365862919017673" lon="14.502807576209307">
        <ele>685.559999999999945</ele>
        <time>2014-05-20T08:52:48Z</time>
      </trkpt>
      <trkpt lat="68.365827295929193" lon="14.502865495160222">
        <ele>686.039999999999964</ele>
        <time>2014-05-20T08:52:52Z</time>
      </trkpt>
      <trkpt lat="68.365809107199311" lon="14.502899944782257">
        <ele>686.039999999999964</ele>
        <time>2014-05-20T08:52:54Z</time>
      </trkpt>
      <trkpt lat="68.365792175754905" lon="14.502927772700787">
        <ele>686.039999999999964</ele>
        <time>2014-05-20T08:52:56Z</time>
      </trkpt>
      <trkpt lat="68.365734675899148" lon="14.503071187064052">
        <ele>686.039999999999964</ele>
        <time>2014-05-20T08:53:05Z</time>
      </trkpt>
      <trkpt lat="68.365690251812339" lon="14.503168417140841">
        <ele>686.519999999999982</ele>
        <time>2014-05-20T08:53:11Z</time>
      </trkpt>
      <trkpt lat="68.365678517147899" lon="14.503178056329489">
        <ele>686.519999999999982</ele>
        <time>2014-05-20T08:53:12Z</time>
      </trkpt>
      <trkpt lat="68.365669129416347" lon="14.503198005259037">
        <ele>686.519999999999982</ele>
        <time>2014-05-20T08:53:13Z</time>
      </trkpt>
      <trkpt lat="68.365659741684794" lon="14.503221642225981">
        <ele>686.519999999999982</ele>
        <time>2014-05-20T08:53:14Z</time>
      </trkpt>
      <trkpt lat="68.365601655095816" lon="14.503403780981898">
        <ele>687.960000000000036</ele>
        <time>2014-05-20T08:53:24Z</time>
      </trkpt>
      <trkpt lat="68.365637697279453" lon="14.50357586145401">
        <ele>690.840000000000032</ele>
        <time>2014-05-20T08:53:34Z</time>
      </trkpt>
      <trkpt lat="68.365721851587296" lon="14.503681221976876">
        <ele>694.210000000000036</ele>
        <time>2014-05-20T08:53:44Z</time>
      </trkpt>
      <trkpt lat="68.36577239446342" lon="14.503689436241984">
        <ele>694.690000000000055</ele>
        <time>2014-05-20T08:53:49Z</time>
      </trkpt>
      <trkpt lat="68.365828637033701" lon="14.503763280808926">
        <ele>695.169999999999959</ele>
        <time>2014-05-20T08:53:55Z</time>
      </trkpt>
      <trkpt lat="68.365846993401647" lon="14.503877107053995">
        <ele>695.649999999999977</ele>
        <time>2014-05-20T08:54:00Z</time>
      </trkpt>
      <trkpt lat="68.365846155211329" lon="14.503958243876696">
        <ele>696.129999999999995</ele>
        <time>2014-05-20T08:54:03Z</time>
      </trkpt>
      <trkpt lat="68.365816650912166" lon="14.504125127568841">
        <ele>697.57000000000005</ele>
        <time>2014-05-20T08:54:10Z</time>
      </trkpt>
      <trkpt lat="68.365759905427694" lon="14.504273654893041">
        <ele>699.019999999999982</ele>
        <time>2014-05-20T08:54:18Z</time>
      </trkpt>
      <trkpt lat="68.365747919306159" lon="14.504508432000875">
        <ele>702.379999999999995</ele>
        <time>2014-05-20T08:54:29Z</time>
      </trkpt>
      <trkpt lat="68.365753870457411" lon="14.504583617672324">
        <ele>702.860000000000014</ele>
        <time>2014-05-20T08:54:32Z</time>
      </trkpt>
      <trkpt lat="68.365746159106493" lon="14.504635753110051">
        <ele>703.82000000000005</ele>
        <time>2014-05-20T08:54:34Z</time>
      </trkpt>
      <trkpt lat="68.3657440636307" lon="14.504734491929412">
        <ele>705.259999999999991</ele>
        <time>2014-05-20T08:54:39Z</time>
      </trkpt>
      <trkpt lat="68.365795444697142" lon="14.504947308450937">
        <ele>708.149999999999977</ele>
        <time>2014-05-20T08:54:51Z</time>
      </trkpt>
      <trkpt lat="68.365796869620681" lon="14.505126848816872">
        <ele>710.07000000000005</ele>
        <time>2014-05-20T08:55:02Z</time>
      </trkpt>
      <trkpt lat="68.365803323686123" lon="14.505234556272626">
        <ele>711.990000000000009</ele>
        <time>2014-05-20T08:55:09Z</time>
      </trkpt>
      <trkpt lat="68.365792511031032" lon="14.505267245694995">
        <ele>711.509999999999991</ele>
        <time>2014-05-20T08:55:15Z</time>
      </trkpt>
      <trkpt lat="68.365739872679114" lon="14.505360033363104">
        <ele>714.399999999999977</ele>
        <time>2014-05-20T08:55:25Z</time>
      </trkpt>
      <trkpt lat="68.365700980648398" lon="14.505467740818858">
        <ele>715.360000000000014</ele>
        <time>2014-05-20T08:55:34Z</time>
      </trkpt>
      <trkpt lat="68.365677259862423" lon="14.505461622029543">
        <ele>717.279999999999973</ele>
        <time>2014-05-20T08:55:37Z</time>
      </trkpt>
      <trkpt lat="68.365659154951572" lon="14.505495736375451">
        <ele>715.840000000000032</ele>
        <time>2014-05-20T08:55:40Z</time>
      </trkpt>
      <trkpt lat="68.365653455257416" lon="14.505570083856583">
        <ele>717.759999999999991</ele>
        <time>2014-05-20T08:55:50Z</time>
      </trkpt>
      <trkpt lat="68.36563216522336" lon="14.505692794919014">
        <ele>719.67999999999995</ele>
        <time>2014-05-20T08:56:01Z</time>
      </trkpt>
      <trkpt lat="68.365628561004996" lon="14.505704781040549">
        <ele>719.67999999999995</ele>
        <time>2014-05-20T08:56:02Z</time>
      </trkpt>
      <trkpt lat="68.365570977330208" lon="14.50578885152936">
        <ele>721.129999999999995</ele>
        <time>2014-05-20T08:56:11Z</time>
      </trkpt>
      <trkpt lat="68.365533761680126" lon="14.50583528727293">
        <ele>722.57000000000005</ele>
        <time>2014-05-20T08:56:23Z</time>
      </trkpt>
      <trkpt lat="68.36548070423305" lon="14.505922626703978">
        <ele>724.009999999999991</ele>
        <time>2014-05-20T08:56:34Z</time>
      </trkpt>
      <trkpt lat="68.365474920719862" lon="14.505934026092291">
        <ele>723.529999999999973</ele>
        <time>2014-05-20T08:56:35Z</time>
      </trkpt>
      <trkpt lat="68.365444242954254" lon="14.506118008866906">
        <ele>726.409999999999968</ele>
        <time>2014-05-20T08:56:47Z</time>
      </trkpt>
      <trkpt lat="68.365397388115525" lon="14.506285563111305">
        <ele>729.779999999999973</ele>
        <time>2014-05-20T08:57:00Z</time>
      </trkpt>
      <trkpt lat="68.365392023697495" lon="14.506298890337348">
        <ele>729.779999999999973</ele>
        <time>2014-05-20T08:57:01Z</time>
      </trkpt>
      <trkpt lat="68.365378612652421" lon="14.506343984976411">
        <ele>730.740000000000009</ele>
        <time>2014-05-20T08:57:04Z</time>
      </trkpt>
      <trkpt lat="68.365351622924209" lon="14.506474155932665">
        <ele>733.620000000000005</ele>
        <time>2014-05-20T08:57:12Z</time>
      </trkpt>
      <trkpt lat="68.365340307354927" lon="14.506664760410786">
        <ele>736.509999999999991</ele>
        <time>2014-05-20T08:57:25Z</time>
      </trkpt>
      <trkpt lat="68.365293452516198" lon="14.50685553252697">
        <ele>737.950000000000045</ele>
        <time>2014-05-20T08:57:37Z</time>
      </trkpt>
      <trkpt lat="68.365232767537236" lon="14.506995510309935">
        <ele>741.309999999999945</ele>
        <time>2014-05-20T08:57:50Z</time>
      </trkpt>
      <trkpt lat="68.36519043892622" lon="14.507036078721285">
        <ele>741.789999999999964</ele>
        <time>2014-05-20T08:57:56Z</time>
      </trkpt>
      <trkpt lat="68.365162443369627" lon="14.507068265229464">
        <ele>739.389999999999986</ele>
        <time>2014-05-20T08:58:00Z</time>
      </trkpt>
      <trkpt lat="68.365142913535237" lon="14.507176307961345">
        <ele>741.789999999999964</ele>
        <time>2014-05-20T08:58:08Z</time>
      </trkpt>
      <trkpt lat="68.36514500901103" lon="14.507296672090888">
        <ele>744.67999999999995</ele>
        <time>2014-05-20T08:58:15Z</time>
      </trkpt>
      <trkpt lat="68.365151295438409" lon="14.507335647940636">
        <ele>746.120000000000005</ele>
        <time>2014-05-20T08:58:17Z</time>
      </trkpt>
      <trkpt lat="68.365180213004351" lon="14.507441008463502">
        <ele>748.039999999999964</ele>
        <time>2014-05-20T08:58:24Z</time>
      </trkpt>
      <trkpt lat="68.365130424499512" lon="14.507657177746296">
        <ele>749</ele>
        <time>2014-05-20T08:58:35Z</time>
      </trkpt>
      <trkpt lat="68.365085581317544" lon="14.50782691128552">
        <ele>751.409999999999968</ele>
        <time>2014-05-20T08:58:47Z</time>
      </trkpt>
      <trkpt lat="68.365042665973306" lon="14.508032854646444">
        <ele>753.330000000000041</ele>
        <time>2014-05-20T08:59:00Z</time>
      </trkpt>
      <trkpt lat="68.365012407302856" lon="14.508196637034416">
        <ele>757.17999999999995</ele>
        <time>2014-05-20T08:59:10Z</time>
      </trkpt>
      <trkpt lat="68.365013664588332" lon="14.508196637034416">
        <ele>757.659999999999968</ele>
        <time>2014-05-20T08:59:11Z</time>
      </trkpt>
      <trkpt lat="68.364960355684161" lon="14.508371064439416">
        <ele>758.620000000000005</ele>
        <time>2014-05-20T08:59:22Z</time>
      </trkpt>
      <trkpt lat="68.364873267710209" lon="14.508480783551931">
        <ele>758.620000000000005</ele>
        <time>2014-05-20T08:59:34Z</time>
      </trkpt>
      <trkpt lat="68.364858767017722" lon="14.508476844057441">
        <ele>759.100000000000023</ele>
        <time>2014-05-20T08:59:36Z</time>
      </trkpt>
      <trkpt lat="68.364837560802698" lon="14.508483884856105">
        <ele>760.539999999999964</ele>
        <time>2014-05-20T08:59:38Z</time>
      </trkpt>
      <trkpt lat="68.364796992391348" lon="14.508508108556271">
        <ele>758.620000000000005</ele>
        <time>2014-05-20T08:59:42Z</time>
      </trkpt>
      <trkpt lat="68.364789448678493" lon="14.508525375276804">
        <ele>758.620000000000005</ele>
        <time>2014-05-20T08:59:43Z</time>
      </trkpt>
      <trkpt lat="68.364767320454121" lon="14.508563177660108">
        <ele>759.100000000000023</ele>
        <time>2014-05-20T08:59:46Z</time>
      </trkpt>
      <trkpt lat="68.364674616605043" lon="14.50873576104641">
        <ele>761.019999999999982</ele>
        <time>2014-05-20T08:59:59Z</time>
      </trkpt>
      <trkpt lat="68.36460211314261" lon="14.508923264220357">
        <ele>762.940000000000055</ele>
        <time>2014-05-20T09:00:11Z</time>
      </trkpt>
      <trkpt lat="68.364569172263145" lon="14.509003311395645">
        <ele>763.899999999999977</ele>
        <time>2014-05-20T09:00:16Z</time>
      </trkpt>
      <trkpt lat="68.36453765630722" lon="14.509018650278449">
        <ele>763.899999999999977</ele>
        <time>2014-05-20T09:00:19Z</time>
      </trkpt>
      <trkpt lat="68.364432547241449" lon="14.509215373545885">
        <ele>766.789999999999964</ele>
        <time>2014-05-20T09:00:32Z</time>
      </trkpt>
      <trkpt lat="68.364385021850467" lon="14.509326266124845">
        <ele>766.789999999999964</ele>
        <time>2014-05-20T09:00:39Z</time>
      </trkpt>
      <trkpt lat="68.364327102899551" lon="14.509410001337528">
        <ele>766.309999999999945</ele>
        <time>2014-05-20T09:00:45Z</time>
      </trkpt>
      <trkpt lat="68.364199446514249" lon="14.509594151750207">
        <ele>766.309999999999945</ele>
        <time>2014-05-20T09:00:58Z</time>
      </trkpt>
      <trkpt lat="68.364189304411411" lon="14.509608149528503">
        <ele>765.830000000000041</ele>
        <time>2014-05-20T09:00:59Z</time>
      </trkpt>
      <trkpt lat="68.364145467057824" lon="14.509687861427665">
        <ele>766.789999999999964</ele>
        <time>2014-05-20T09:01:04Z</time>
      </trkpt>
      <trkpt lat="68.364086542278528" lon="14.510000087320805">
        <ele>769.190000000000055</ele>
        <time>2014-05-20T09:01:19Z</time>
      </trkpt>
      <trkpt lat="68.364077238366008" lon="14.510042918846011">
        <ele>769.190000000000055</ele>
        <time>2014-05-20T09:01:21Z</time>
      </trkpt>
      <trkpt lat="68.364047650247812" lon="14.510320108383894">
        <ele>773.039999999999964</ele>
        <time>2014-05-20T09:01:33Z</time>
      </trkpt>
      <trkpt lat="68.364033149555326" lon="14.5104044303298">
        <ele>774</ele>
        <time>2014-05-20T09:01:37Z</time>
      </trkpt>
      <trkpt lat="68.363981181755662" lon="14.510569302365184">
        <ele>774.960000000000036</ele>
        <time>2014-05-20T09:01:45Z</time>
      </trkpt>
      <trkpt lat="68.363970788195729" lon="14.510753536596894">
        <ele>776.879999999999995</ele>
        <time>2014-05-20T09:01:53Z</time>
      </trkpt>
      <trkpt lat="68.363909348845482" lon="14.511084286496043">
        <ele>779.769999999999982</ele>
        <time>2014-05-20T09:02:07Z</time>
      </trkpt>
      <trkpt lat="68.363903062418103" lon="14.511128207668662">
        <ele>779.769999999999982</ele>
        <time>2014-05-20T09:02:09Z</time>
      </trkpt>
      <trkpt lat="68.363859727978706" lon="14.511404559016228">
        <ele>782.169999999999959</ele>
        <time>2014-05-20T09:02:22Z</time>
      </trkpt>
      <trkpt lat="68.36385210044682" lon="14.511564485728741">
        <ele>785.049999999999955</ele>
        <time>2014-05-20T09:02:30Z</time>
      </trkpt>
      <trkpt lat="68.3638686966151" lon="14.511618549004197">
        <ele>785.049999999999955</ele>
        <time>2014-05-20T09:02:33Z</time>
      </trkpt>
      <trkpt lat="68.363868361338973" lon="14.511706475168467">
        <ele>786.019999999999982</ele>
        <time>2014-05-20T09:02:37Z</time>
      </trkpt>
      <trkpt lat="68.363847322762012" lon="14.511870676651597">
        <ele>787.460000000000036</ele>
        <time>2014-05-20T09:02:44Z</time>
      </trkpt>
      <trkpt lat="68.363787811249495" lon="14.512039069086313">
        <ele>786.5</ele>
        <time>2014-05-20T09:02:53Z</time>
      </trkpt>
      <trkpt lat="68.363729137927294" lon="14.512361269444227">
        <ele>787.940000000000055</ele>
        <time>2014-05-20T09:03:08Z</time>
      </trkpt>
      <trkpt lat="68.363694185391068" lon="14.512624712660909">
        <ele>790.340000000000032</ele>
        <time>2014-05-20T09:03:22Z</time>
      </trkpt>
      <trkpt lat="68.363666525110602" lon="14.512733425945044">
        <ele>790.340000000000032</ele>
        <time>2014-05-20T09:03:28Z</time>
      </trkpt>
      <trkpt lat="68.363643558695912" lon="14.512856639921665">
        <ele>791.299999999999955</ele>
        <time>2014-05-20T09:03:35Z</time>
      </trkpt>
      <trkpt lat="68.363601732999086" lon="14.51306845061481">
        <ele>792.259999999999991</ele>
        <time>2014-05-20T09:03:46Z</time>
      </trkpt>
      <trkpt lat="68.36357113905251" lon="14.513207338750362">
        <ele>793.710000000000036</ele>
        <time>2014-05-20T09:04:00Z</time>
      </trkpt>
      <trkpt lat="68.363571474328637" lon="14.513273974880576">
        <ele>793.710000000000036</ele>
        <time>2014-05-20T09:04:14Z</time>
      </trkpt>
      <trkpt lat="68.3635647688061" lon="14.51325167901814">
        <ele>793.710000000000036</ele>
        <time>2014-05-20T09:04:41Z</time>
      </trkpt>
      <trkpt lat="68.36357650347054" lon="14.513286128640175">
        <ele>794.669999999999959</ele>
        <time>2014-05-20T09:04:59Z</time>
      </trkpt>
      <trkpt lat="68.36357600055635" lon="14.513320997357368">
        <ele>795.149999999999977</ele>
        <time>2014-05-20T09:05:10Z</time>
      </trkpt>
      <trkpt lat="68.363571725785732" lon="14.513317728415132">
        <ele>794.190000000000055</ele>
        <time>2014-05-20T09:05:34Z</time>
      </trkpt>
      <trkpt lat="68.363567534834146" lon="14.513330636546016">
        <ele>793.710000000000036</ele>
        <time>2014-05-20T09:05:36Z</time>
      </trkpt>
      <trkpt lat="68.363570803776383" lon="14.513365421444178">
        <ele>795.149999999999977</ele>
        <time>2014-05-20T09:05:39Z</time>
      </trkpt>
      <trkpt lat="68.363589327782393" lon="14.513558791950345">
        <ele>797.549999999999955</ele>
        <time>2014-05-20T09:05:49Z</time>
      </trkpt>
      <trkpt lat="68.363595362752676" lon="14.513704301789403">
        <ele>798.509999999999991</ele>
        <time>2014-05-20T09:05:56Z</time>
      </trkpt>
      <trkpt lat="68.363580023869872" lon="14.513769429177046">
        <ele>798.509999999999991</ele>
        <time>2014-05-20T09:05:59Z</time>
      </trkpt>
      <trkpt lat="68.363554878160357" lon="14.513941090553999">
        <ele>800.919999999999959</ele>
        <time>2014-05-20T09:06:11Z</time>
      </trkpt>
      <trkpt lat="68.363563427701592" lon="14.514090791344643">
        <ele>801.879999999999995</ele>
        <time>2014-05-20T09:06:25Z</time>
      </trkpt>
      <trkpt lat="68.363555297255516" lon="14.514195648953319">
        <ele>802.360000000000014</ele>
        <time>2014-05-20T09:06:40Z</time>
      </trkpt>
      <trkpt lat="68.363554375246167" lon="14.514297656714916">
        <ele>804.279999999999973</ele>
        <time>2014-05-20T09:06:51Z</time>
      </trkpt>
      <trkpt lat="68.363554542884231" lon="14.514346774667501">
        <ele>803.799999999999955</ele>
        <time>2014-05-20T09:07:04Z</time>
      </trkpt>
      <trkpt lat="68.363557728007436" lon="14.514341913163662">
        <ele>804.279999999999973</ele>
        <time>2014-05-20T09:07:18Z</time>
      </trkpt>
      <trkpt lat="68.363560996949673" lon="14.514340152963996">
        <ele>803.32000000000005</ele>
        <time>2014-05-20T09:07:43Z</time>
      </trkpt>
      <trkpt lat="68.363566445186734" lon="14.514341996982694">
        <ele>803.799999999999955</ele>
        <time>2014-05-20T09:08:10Z</time>
      </trkpt>
      <trkpt lat="68.363565439358354" lon="14.51434132643044">
        <ele>802.840000000000032</ele>
        <time>2014-05-20T09:08:19Z</time>
      </trkpt>
      <trkpt lat="68.363560577854514" lon="14.514361275359988">
        <ele>804.279999999999973</ele>
        <time>2014-05-20T09:08:36Z</time>
      </trkpt>
      <trkpt lat="68.363563762977719" lon="14.514347109943628">
        <ele>804.279999999999973</ele>
        <time>2014-05-20T09:09:04Z</time>
      </trkpt>
      <trkpt lat="68.363541048020124" lon="14.514397233724594">
        <ele>803.32000000000005</ele>
        <time>2014-05-20T09:09:25Z</time>
      </trkpt>
      <trkpt lat="68.363519506528974" lon="14.514408214017749">
        <ele>803.32000000000005</ele>
        <time>2014-05-20T09:09:39Z</time>
      </trkpt>
      <trkpt lat="68.363520931452513" lon="14.51440779492259">
        <ele>804.279999999999973</ele>
        <time>2014-05-20T09:09:41Z</time>
      </trkpt>
      <trkpt lat="68.363541550934315" lon="14.514450039714575">
        <ele>802.360000000000014</ele>
        <time>2014-05-20T09:09:57Z</time>
      </trkpt>
      <trkpt lat="68.363542724400759" lon="14.514472670853138">
        <ele>802.840000000000032</ele>
        <time>2014-05-20T09:10:11Z</time>
      </trkpt>
      <trkpt lat="68.363517578691244" lon="14.51455682516098">
        <ele>801.399999999999977</ele>
        <time>2014-05-20T09:10:25Z</time>
      </trkpt>
      <trkpt lat="68.363509532064199" lon="14.514594040811062">
        <ele>801.399999999999977</ele>
        <time>2014-05-20T09:10:43Z</time>
      </trkpt>
      <trkpt lat="68.363510621711612" lon="14.514677105471492">
        <ele>800.440000000000055</ele>
        <time>2014-05-20T09:10:53Z</time>
      </trkpt>
      <trkpt lat="68.363509699702263" lon="14.514690432697535">
        <ele>801.399999999999977</ele>
        <time>2014-05-20T09:11:01Z</time>
      </trkpt>
      <trkpt lat="68.363502910360694" lon="14.514720942825079">
        <ele>801.399999999999977</ele>
        <time>2014-05-20T09:11:20Z</time>
      </trkpt>
      <trkpt lat="68.363501066341996" lon="14.514713063836098">
        <ele>800.919999999999959</ele>
        <time>2014-05-20T09:11:38Z</time>
      </trkpt>
      <trkpt lat="68.363508777692914" lon="14.514711555093527">
        <ele>800.440000000000055</ele>
        <time>2014-05-20T09:11:57Z</time>
      </trkpt>
      <trkpt lat="68.363505089655519" lon="14.51469462364912">
        <ele>799.950000000000045</ele>
        <time>2014-05-20T09:12:11Z</time>
      </trkpt>
      <trkpt lat="68.363502575084567" lon="14.514693114906549">
        <ele>799.950000000000045</ele>
        <time>2014-05-20T09:12:32Z</time>
      </trkpt>
      <trkpt lat="68.363479692488909" lon="14.514730665832758">
        <ele>798.509999999999991</ele>
        <time>2014-05-20T09:12:45Z</time>
      </trkpt>
      <trkpt lat="68.363444739952683" lon="14.514751955866814">
        <ele>797.549999999999955</ele>
        <time>2014-05-20T09:12:57Z</time>
      </trkpt>
      <trkpt lat="68.363420180976391" lon="14.514934932813048">
        <ele>794.190000000000055</ele>
        <time>2014-05-20T09:13:10Z</time>
      </trkpt>
      <trkpt lat="68.363410625606775" lon="14.515055548399687">
        <ele>790.340000000000032</ele>
        <time>2014-05-20T09:13:13Z</time>
      </trkpt>
      <trkpt lat="68.363408362492919" lon="14.515223689377308">
        <ele>786.980000000000018</ele>
        <time>2014-05-20T09:13:16Z</time>
      </trkpt>
      <trkpt lat="68.363396544009447" lon="14.51537724584341">
        <ele>783.129999999999995</ele>
        <time>2014-05-20T09:13:19Z</time>
      </trkpt>
      <trkpt lat="68.363391179591417" lon="14.515426782891154">
        <ele>783.129999999999995</ele>
        <time>2014-05-20T09:13:20Z</time>
      </trkpt>
      <trkpt lat="68.363366536796093" lon="14.515579417347908">
        <ele>779.289999999999964</ele>
        <time>2014-05-20T09:13:23Z</time>
      </trkpt>
      <trkpt lat="68.36334927007556" lon="14.515738086774945">
        <ele>775.919999999999959</ele>
        <time>2014-05-20T09:13:26Z</time>
      </trkpt>
      <trkpt lat="68.36334390565753" lon="14.515909915789962">
        <ele>773.519999999999982</ele>
        <time>2014-05-20T09:13:29Z</time>
      </trkpt>
      <trkpt lat="68.363334517925978" lon="14.516083337366581">
        <ele>770.149999999999977</ele>
        <time>2014-05-20T09:13:32Z</time>
      </trkpt>
      <trkpt lat="68.363320520147681" lon="14.516230104491115">
        <ele>766.309999999999945</ele>
        <time>2014-05-20T09:13:35Z</time>
      </trkpt>
      <trkpt lat="68.363302079960704" lon="14.516444010660052">
        <ele>761.980000000000018</ele>
        <time>2014-05-20T09:13:39Z</time>
      </trkpt>
      <trkpt lat="68.363302079960704" lon="14.516517855226994">
        <ele>761.019999999999982</ele>
        <time>2014-05-20T09:13:41Z</time>
      </trkpt>
      <trkpt lat="68.363297050818801" lon="14.516584491357207">
        <ele>759.100000000000023</ele>
        <time>2014-05-20T09:13:43Z</time>
      </trkpt>
      <trkpt lat="68.363276431336999" lon="14.516783813014627">
        <ele>755.25</ele>
        <time>2014-05-20T09:13:48Z</time>
      </trkpt>
      <trkpt lat="68.363267797976732" lon="14.516932340338826">
        <ele>752.370000000000005</ele>
        <time>2014-05-20T09:13:52Z</time>
      </trkpt>
      <trkpt lat="68.3632642775774" lon="14.51700777746737">
        <ele>752.850000000000023</ele>
        <time>2014-05-20T09:14:05Z</time>
      </trkpt>
      <trkpt lat="68.363242065533996" lon="14.516980284824967">
        <ele>752.850000000000023</ele>
        <time>2014-05-20T09:14:18Z</time>
      </trkpt>
      <trkpt lat="68.363209879025817" lon="14.517012303695083">
        <ele>750.450000000000045</ele>
        <time>2014-05-20T09:14:22Z</time>
      </trkpt>
      <trkpt lat="68.363206693902612" lon="14.516977267339826">
        <ele>750.450000000000045</ele>
        <time>2014-05-20T09:14:25Z</time>
      </trkpt>
      <trkpt lat="68.363170400261879" lon="14.516900237649679">
        <ele>750.450000000000045</ele>
        <time>2014-05-20T09:14:29Z</time>
      </trkpt>
      <trkpt lat="68.363093873485923" lon="14.516754979267716">
        <ele>749.970000000000027</ele>
        <time>2014-05-20T09:14:36Z</time>
      </trkpt>
      <trkpt lat="68.363033272325993" lon="14.516753638163209">
        <ele>746.600000000000023</ele>
        <time>2014-05-20T09:14:42Z</time>
      </trkpt>
      <trkpt lat="68.363033104687929" lon="14.51672681607306">
        <ele>746.600000000000023</ele>
        <time>2014-05-20T09:14:43Z</time>
      </trkpt>
      <trkpt lat="68.363035786896944" lon="14.516741819679737">
        <ele>745.639999999999986</ele>
        <time>2014-05-20T09:14:51Z</time>
      </trkpt>
      <trkpt lat="68.363012066110969" lon="14.516857070848346">
        <ele>742.759999999999991</ele>
        <time>2014-05-20T09:14:56Z</time>
      </trkpt>
      <trkpt lat="68.362999744713306" lon="14.517061254009604">
        <ele>738.909999999999968</ele>
        <time>2014-05-20T09:15:01Z</time>
      </trkpt>
      <trkpt lat="68.363002594560385" lon="14.517156975343823">
        <ele>737.470000000000027</ele>
        <time>2014-05-20T09:15:03Z</time>
      </trkpt>
      <trkpt lat="68.363001840189099" lon="14.51721447519958">
        <ele>736.509999999999991</ele>
        <time>2014-05-20T09:15:05Z</time>
      </trkpt>
      <trkpt lat="68.36298868060112" lon="14.517262168228626">
        <ele>735.549999999999955</ele>
        <time>2014-05-20T09:15:07Z</time>
      </trkpt>
      <trkpt lat="68.362979795783758" lon="14.517256887629628">
        <ele>735.549999999999955</ele>
        <time>2014-05-20T09:15:08Z</time>
      </trkpt>
      <trkpt lat="68.362898407503963" lon="14.517323523759842">
        <ele>731.700000000000045</ele>
        <time>2014-05-20T09:15:16Z</time>
      </trkpt>
      <trkpt lat="68.362873010337353" lon="14.517398625612259">
        <ele>728.340000000000032</ele>
        <time>2014-05-20T09:15:21Z</time>
      </trkpt>
      <trkpt lat="68.362872423604131" lon="14.517417903989553">
        <ele>728.340000000000032</ele>
        <time>2014-05-20T09:15:22Z</time>
      </trkpt>
      <trkpt lat="68.362853145226836" lon="14.517517816275358">
        <ele>725.92999999999995</ele>
        <time>2014-05-20T09:15:25Z</time>
      </trkpt>
      <trkpt lat="68.362846523523331" lon="14.517609598115087">
        <ele>724.490000000000009</ele>
        <time>2014-05-20T09:15:27Z</time>
      </trkpt>
      <trkpt lat="68.36284602060914" lon="14.517701799049973">
        <ele>722.57000000000005</ele>
        <time>2014-05-20T09:15:36Z</time>
      </trkpt>
      <trkpt lat="68.362767985090613" lon="14.517714874818921">
        <ele>719.67999999999995</ele>
        <time>2014-05-20T09:15:41Z</time>
      </trkpt>
      <trkpt lat="68.362690368667245" lon="14.517743038013577">
        <ele>716.799999999999955</ele>
        <time>2014-05-20T09:15:45Z</time>
      </trkpt>
      <trkpt lat="68.362654661759734" lon="14.517758041620255">
        <ele>713.919999999999959</ele>
        <time>2014-05-20T09:15:47Z</time>
      </trkpt>
      <trkpt lat="68.362552737817168" lon="14.517844459041953">
        <ele>709.110000000000014</ele>
        <time>2014-05-20T09:15:52Z</time>
      </trkpt>
      <trkpt lat="68.36254745721817" lon="14.51792299747467">
        <ele>706.710000000000036</ele>
        <time>2014-05-20T09:15:54Z</time>
      </trkpt>
      <trkpt lat="68.362535052001476" lon="14.518011510372162">
        <ele>704.299999999999955</ele>
        <time>2014-05-20T09:16:07Z</time>
      </trkpt>
      <trkpt lat="68.362530022859573" lon="14.518304793164134">
        <ele>700.940000000000055</ele>
        <time>2014-05-20T09:16:22Z</time>
      </trkpt>
      <trkpt lat="68.362508146092296" lon="14.518460864201188">
        <ele>697.57000000000005</ele>
        <time>2014-05-20T09:16:25Z</time>
      </trkpt>
      <trkpt lat="68.362471600994468" lon="14.518598159775138">
        <ele>694.210000000000036</ele>
        <time>2014-05-20T09:16:28Z</time>
      </trkpt>
      <trkpt lat="68.362439079210162" lon="14.518734952434897">
        <ele>691.330000000000041</ele>
        <time>2014-05-20T09:16:31Z</time>
      </trkpt>
      <trkpt lat="68.362403623759747" lon="14.51891147531569">
        <ele>688.440000000000055</ele>
        <time>2014-05-20T09:16:34Z</time>
      </trkpt>
      <trkpt lat="68.362386440858245" lon="14.519004179164767">
        <ele>686.039999999999964</ele>
        <time>2014-05-20T09:16:36Z</time>
      </trkpt>
      <trkpt lat="68.362368000671268" lon="14.519299808889627">
        <ele>680.75</ele>
        <time>2014-05-20T09:16:42Z</time>
      </trkpt>
      <trkpt lat="68.362365402281284" lon="14.519347669556737">
        <ele>680.269999999999982</ele>
        <time>2014-05-20T09:16:43Z</time>
      </trkpt>
      <trkpt lat="68.362341346219182" lon="14.519589403644204">
        <ele>675.940000000000055</ele>
        <time>2014-05-20T09:16:48Z</time>
      </trkpt>
      <trkpt lat="68.362269261851907" lon="14.519699793308973">
        <ele>672.580000000000041</ele>
        <time>2014-05-20T09:16:53Z</time>
      </trkpt>
      <trkpt lat="68.362252749502659" lon="14.519703397527337">
        <ele>672.580000000000041</ele>
        <time>2014-05-20T09:16:54Z</time>
      </trkpt>
      <trkpt lat="68.3621487300843" lon="14.519702475517988">
        <ele>668.25</ele>
        <time>2014-05-20T09:17:00Z</time>
      </trkpt>
      <trkpt lat="68.362078573554754" lon="14.519718065857887">
        <ele>664.889999999999986</ele>
        <time>2014-05-20T09:17:04Z</time>
      </trkpt>
      <trkpt lat="68.362008919939399" lon="14.519769195467234">
        <ele>661.039999999999964</ele>
        <time>2014-05-20T09:17:08Z</time>
      </trkpt>
      <trkpt lat="68.36196600459516" lon="14.519820995628834">
        <ele>658.159999999999968</ele>
        <time>2014-05-20T09:17:11Z</time>
      </trkpt>
      <trkpt lat="68.361957706511021" lon="14.519825773313642">
        <ele>657.67999999999995</ele>
        <time>2014-05-20T09:17:12Z</time>
      </trkpt>
      <trkpt lat="68.36192007176578" lon="14.51985452324152">
        <ele>655.759999999999991</ele>
        <time>2014-05-20T09:17:15Z</time>
      </trkpt>
      <trkpt lat="68.36188436485827" lon="14.519859300926328">
        <ele>654.309999999999945</ele>
        <time>2014-05-20T09:17:17Z</time>
      </trkpt>
      <trkpt lat="68.3618189021945" lon="14.519867599010468">
        <ele>650.950000000000045</ele>
        <time>2014-05-20T09:17:20Z</time>
      </trkpt>
      <trkpt lat="68.361699460074306" lon="14.519868269562721">
        <ele>647.100000000000023</ele>
        <time>2014-05-20T09:17:25Z</time>
      </trkpt>
      <trkpt lat="68.361623100936413" lon="14.519870532676578">
        <ele>643.740000000000009</ele>
        <time>2014-05-20T09:17:28Z</time>
      </trkpt>
      <trkpt lat="68.361562583595514" lon="14.519875477999449">
        <ele>641.340000000000032</ele>
        <time>2014-05-20T09:17:31Z</time>
      </trkpt>
      <trkpt lat="68.361535342410207" lon="14.519810099154711">
        <ele>640.379999999999995</ele>
        <time>2014-05-20T09:17:44Z</time>
      </trkpt>
      <trkpt lat="68.361531905829906" lon="14.51980615966022">
        <ele>639.889999999999986</ele>
        <time>2014-05-20T09:17:58Z</time>
      </trkpt>
      <trkpt lat="68.361544813960791" lon="14.519948065280914">
        <ele>638.92999999999995</ele>
        <time>2014-05-20T09:18:13Z</time>
      </trkpt>
      <trkpt lat="68.361532744020224" lon="14.519919315353036">
        <ele>639.409999999999968</ele>
        <time>2014-05-20T09:18:25Z</time>
      </trkpt>
      <trkpt lat="68.36153157055378" lon="14.519875980913639">
        <ele>638.92999999999995</ele>
        <time>2014-05-20T09:18:51Z</time>
      </trkpt>
      <trkpt lat="68.361546155065298" lon="14.51982912607491">
        <ele>638.92999999999995</ele>
        <time>2014-05-20T09:19:16Z</time>
      </trkpt>
      <trkpt lat="68.36155017837882" lon="14.519853014498949">
        <ele>638.92999999999995</ele>
        <time>2014-05-20T09:19:34Z</time>
      </trkpt>
      <trkpt lat="68.3615443110466" lon="14.519858630374074">
        <ele>638.92999999999995</ele>
        <time>2014-05-20T09:19:49Z</time>
      </trkpt>
      <trkpt lat="68.361474154517055" lon="14.519968014210463">
        <ele>635.57000000000005</ele>
        <time>2014-05-20T09:19:54Z</time>
      </trkpt>
      <trkpt lat="68.361416654661298" lon="14.520045882090926">
        <ele>632.67999999999995</ele>
        <time>2014-05-20T09:19:57Z</time>
      </trkpt>
      <trkpt lat="68.361357897520065" lon="14.520115535706282">
        <ele>628.840000000000032</ele>
        <time>2014-05-20T09:20:00Z</time>
      </trkpt>
      <trkpt lat="68.361299391835928" lon="14.520192062482238">
        <ele>625.470000000000027</ele>
        <time>2014-05-20T09:20:03Z</time>
      </trkpt>
      <trkpt lat="68.361244658008218" lon="14.520291639491916">
        <ele>620.669999999999959</ele>
        <time>2014-05-20T09:20:06Z</time>
      </trkpt>
      <trkpt lat="68.361189169809222" lon="14.520394066348672">
        <ele>616.82000000000005</ele>
        <time>2014-05-20T09:20:09Z</time>
      </trkpt>
      <trkpt lat="68.361152289435267" lon="14.520472185686231">
        <ele>613.940000000000055</ele>
        <time>2014-05-20T09:20:11Z</time>
      </trkpt>
      <trkpt lat="68.361139297485352" lon="14.520520716905594">
        <ele>612.5</ele>
        <time>2014-05-20T09:20:12Z</time>
      </trkpt>
      <trkpt lat="68.361128233373165" lon="14.520571678876877">
        <ele>611.059999999999945</ele>
        <time>2014-05-20T09:20:13Z</time>
      </trkpt>
      <trkpt lat="68.361127311363816" lon="14.52062507160008">
        <ele>609.129999999999995</ele>
        <time>2014-05-20T09:20:14Z</time>
      </trkpt>
      <trkpt lat="68.361134855076671" lon="14.520682571455836">
        <ele>608.169999999999959</ele>
        <time>2014-05-20T09:20:15Z</time>
      </trkpt>
      <trkpt lat="68.361159833148122" lon="14.520960683003068">
        <ele>603.850000000000023</ele>
        <time>2014-05-20T09:20:20Z</time>
      </trkpt>
      <trkpt lat="68.361112726852298" lon="14.521086411550641">
        <ele>600</ele>
        <time>2014-05-20T09:20:23Z</time>
      </trkpt>
      <trkpt lat="68.361030165106058" lon="14.521178780123591">
        <ele>596.639999999999986</ele>
        <time>2014-05-20T09:20:27Z</time>
      </trkpt>
      <trkpt lat="68.360984902828932" lon="14.521266287192702">
        <ele>593.269999999999982</ele>
        <time>2014-05-20T09:20:29Z</time>
      </trkpt>
      <trkpt lat="68.360941233113408" lon="14.521363601088524">
        <ele>590.389999999999986</ele>
        <time>2014-05-20T09:20:31Z</time>
      </trkpt>
      <trkpt lat="68.360890103504062" lon="14.521478181704879">
        <ele>586.539999999999964</ele>
        <time>2014-05-20T09:20:34Z</time>
      </trkpt>
      <trkpt lat="68.360881553962827" lon="14.521529646590352">
        <ele>584.620000000000005</ele>
        <time>2014-05-20T09:20:35Z</time>
      </trkpt>
      <trkpt lat="68.360862694680691" lon="14.521694937720895">
        <ele>581.730000000000018</ele>
        <time>2014-05-20T09:20:38Z</time>
      </trkpt>
      <trkpt lat="68.360811313614249" lon="14.52187648974359">
        <ele>577.889999999999986</ele>
        <time>2014-05-20T09:20:42Z</time>
      </trkpt>
      <trkpt lat="68.360784910619259" lon="14.52188964933157">
        <ele>576.92999999999995</ele>
        <time>2014-05-20T09:20:43Z</time>
      </trkpt>
      <trkpt lat="68.360758004710078" lon="14.52191362157464">
        <ele>575.970000000000027</ele>
        <time>2014-05-20T09:20:44Z</time>
      </trkpt>
      <trkpt lat="68.360735960304737" lon="14.521929547190666">
        <ele>574.529999999999973</ele>
        <time>2014-05-20T09:20:45Z</time>
      </trkpt>
      <trkpt lat="68.360713580623269" lon="14.521942622959614">
        <ele>573.559999999999945</ele>
        <time>2014-05-20T09:20:46Z</time>
      </trkpt>
      <trkpt lat="68.36069212295115" lon="14.521963074803352">
        <ele>573.559999999999945</ele>
        <time>2014-05-20T09:20:47Z</time>
      </trkpt>
      <trkpt lat="68.360672676935792" lon="14.521994674578309">
        <ele>572.120000000000005</ele>
        <time>2014-05-20T09:20:48Z</time>
      </trkpt>
      <trkpt lat="68.360654236748815" lon="14.522033231332898">
        <ele>570.67999999999995</ele>
        <time>2014-05-20T09:20:49Z</time>
      </trkpt>
      <trkpt lat="68.36060076020658" lon="14.522119229659438">
        <ele>565.870000000000005</ele>
        <time>2014-05-20T09:20:52Z</time>
      </trkpt>
      <trkpt lat="68.360540829598904" lon="14.522206066176295">
        <ele>564.42999999999995</ele>
        <time>2014-05-20T09:20:55Z</time>
      </trkpt>
      <trkpt lat="68.360530100762844" lon="14.522269014269114">
        <ele>563.470000000000027</ele>
        <time>2014-05-20T09:20:56Z</time>
      </trkpt>
      <trkpt lat="68.360521970316768" lon="14.522332046180964">
        <ele>561.549999999999955</ele>
        <time>2014-05-20T09:20:57Z</time>
      </trkpt>
      <trkpt lat="68.3605064637959" lon="14.522423576563597">
        <ele>560.110000000000014</ele>
        <time>2014-05-20T09:20:59Z</time>
      </trkpt>
      <trkpt lat="68.360467571765184" lon="14.522520303726196">
        <ele>558.17999999999995</ele>
        <time>2014-05-20T09:21:02Z</time>
      </trkpt>
      <trkpt lat="68.360407138243318" lon="14.522600099444389">
        <ele>553.860000000000014</ele>
        <time>2014-05-20T09:21:05Z</time>
      </trkpt>
      <trkpt lat="68.360384842380881" lon="14.522637482732534">
        <ele>553.860000000000014</ele>
        <time>2014-05-20T09:21:06Z</time>
      </trkpt>
      <trkpt lat="68.360352488234639" lon="14.522788608446717">
        <ele>550.490000000000009</ele>
        <time>2014-05-20T09:21:09Z</time>
      </trkpt>
      <trkpt lat="68.360337065532804" lon="14.522913582623005">
        <ele>546.649999999999977</ele>
        <time>2014-05-20T09:21:11Z</time>
      </trkpt>
      <trkpt lat="68.360331114381552" lon="14.522972926497459">
        <ele>547.129999999999995</ele>
        <time>2014-05-20T09:21:12Z</time>
      </trkpt>
      <trkpt lat="68.360312422737479" lon="14.52312882989645">
        <ele>543.279999999999973</ele>
        <time>2014-05-20T09:21:15Z</time>
      </trkpt>
      <trkpt lat="68.360304879024625" lon="14.523186581209302">
        <ele>543.759999999999991</ele>
        <time>2014-05-20T09:21:16Z</time>
      </trkpt>
      <trkpt lat="68.360286690294743" lon="14.523302670568228">
        <ele>541.840000000000032</ele>
        <time>2014-05-20T09:21:18Z</time>
      </trkpt>
      <trkpt lat="68.360259281471372" lon="14.523414568975568">
        <ele>539.440000000000055</ele>
        <time>2014-05-20T09:21:20Z</time>
      </trkpt>
      <trkpt lat="68.360224328935146" lon="14.523589834570885">
        <ele>536.07000000000005</ele>
        <time>2014-05-20T09:21:23Z</time>
      </trkpt>
      <trkpt lat="68.360188705846667" lon="14.523737356066704">
        <ele>532.230000000000018</ele>
        <time>2014-05-20T09:21:26Z</time>
      </trkpt>
      <trkpt lat="68.36017563007772" lon="14.523790245875716">
        <ele>532.230000000000018</ele>
        <time>2014-05-20T09:21:27Z</time>
      </trkpt>
      <trkpt lat="68.360146544873714" lon="14.523862330242991">
        <ele>529.340000000000032</ele>
        <time>2014-05-20T09:21:29Z</time>
      </trkpt>
      <trkpt lat="68.360125087201595" lon="14.523878004401922">
        <ele>527.899999999999977</ele>
        <time>2014-05-20T09:21:30Z</time>
      </trkpt>
      <trkpt lat="68.360102623701096" lon="14.523884877562523">
        <ele>528.379999999999995</ele>
        <time>2014-05-20T09:21:31Z</time>
      </trkpt>
      <trkpt lat="68.360080914571881" lon="14.523889319971204">
        <ele>526.940000000000055</ele>
        <time>2014-05-20T09:21:32Z</time>
      </trkpt>
      <trkpt lat="68.360054427757859" lon="14.523895438760519">
        <ele>525.980000000000018</ele>
        <time>2014-05-20T09:21:33Z</time>
      </trkpt>
      <trkpt lat="68.359989132732153" lon="14.523952351883054">
        <ele>521.169999999999959</ele>
        <time>2014-05-20T09:21:36Z</time>
      </trkpt>
      <trkpt lat="68.359964825212955" lon="14.523979676887393">
        <ele>521.169999999999959</ele>
        <time>2014-05-20T09:21:37Z</time>
      </trkpt>
      <trkpt lat="68.359921993687749" lon="14.524020496755838">
        <ele>518.769999999999982</ele>
        <time>2014-05-20T09:21:39Z</time>
      </trkpt>
      <trkpt lat="68.359910091385245" lon="14.524053856730461">
        <ele>517.330000000000041</ele>
        <time>2014-05-20T09:21:40Z</time>
      </trkpt>
      <trkpt lat="68.359903721138835" lon="14.524102220311761">
        <ele>516.850000000000023</ele>
        <time>2014-05-20T09:21:41Z</time>
      </trkpt>
      <trkpt lat="68.359897350892425" lon="14.524143291637301">
        <ele>515.399999999999977</ele>
        <time>2014-05-20T09:21:42Z</time>
      </trkpt>
      <trkpt lat="68.359890058636665" lon="14.52417891472578">
        <ele>514.919999999999959</ele>
        <time>2014-05-20T09:21:43Z</time>
      </trkpt>
      <trkpt lat="68.359881844371557" lon="14.524225266650319">
        <ele>513.480000000000018</ele>
        <time>2014-05-20T09:21:45Z</time>
      </trkpt>
      <trkpt lat="68.359879245981574" lon="14.524264493957162">
        <ele>513.960000000000036</ele>
        <time>2014-05-20T09:21:47Z</time>
      </trkpt>
      <trkpt lat="68.359889723360538" lon="14.524361304938793">
        <ele>513</ele>
        <time>2014-05-20T09:21:51Z</time>
      </trkpt>
      <trkpt lat="68.359860554337502" lon="14.52449893578887">
        <ele>510.600000000000023</ele>
        <time>2014-05-20T09:21:54Z</time>
      </trkpt>
      <trkpt lat="68.359781848266721" lon="14.524573367089033">
        <ele>506.75</ele>
        <time>2014-05-20T09:21:58Z</time>
      </trkpt>
      <trkpt lat="68.359700627624989" lon="14.524660957977176">
        <ele>501.949999999999989</ele>
        <time>2014-05-20T09:22:02Z</time>
      </trkpt>
      <trkpt lat="68.359676487743855" lon="14.52478626742959">
        <ele>498.100000000000023</ele>
        <time>2014-05-20T09:22:05Z</time>
      </trkpt>
      <trkpt lat="68.359668022021651" lon="14.524819375947118">
        <ele>498.579999999999984</ele>
        <time>2014-05-20T09:22:06Z</time>
      </trkpt>
      <trkpt lat="68.359655616804957" lon="14.524908475577831">
        <ele>497.620000000000005</ele>
        <time>2014-05-20T09:22:08Z</time>
      </trkpt>
      <trkpt lat="68.35964597761631" lon="14.524977877736092">
        <ele>495.220000000000027</ele>
        <time>2014-05-20T09:22:10Z</time>
      </trkpt>
      <trkpt lat="68.359635751694441" lon="14.524938566610217">
        <ele>495.220000000000027</ele>
        <time>2014-05-20T09:22:24Z</time>
      </trkpt>
      <trkpt lat="68.35964061319828" lon="14.524932950735092">
        <ele>494.740000000000009</ele>
        <time>2014-05-20T09:22:47Z</time>
      </trkpt>
      <trkpt lat="68.359634662047029" lon="14.524978632107377">
        <ele>494.740000000000009</ele>
        <time>2014-05-20T09:22:50Z</time>
      </trkpt>
      <trkpt lat="68.359562074765563" lon="14.52502029016614">
        <ele>490.889999999999986</ele>
        <time>2014-05-20T09:22:55Z</time>
      </trkpt>
      <trkpt lat="68.359532067552209" lon="14.525123136118054">
        <ele>488.490000000000009</ele>
        <time>2014-05-20T09:22:59Z</time>
      </trkpt>
      <trkpt lat="68.359495270997286" lon="14.525123722851276">
        <ele>485.600000000000023</ele>
        <time>2014-05-20T09:23:12Z</time>
      </trkpt>
      <trkpt lat="68.359489571303129" lon="14.525131434202194">
        <ele>485.600000000000023</ele>
        <time>2014-05-20T09:23:13Z</time>
      </trkpt>
      <trkpt lat="68.359464760869741" lon="14.525187676772475">
        <ele>483.680000000000007</ele>
        <time>2014-05-20T09:23:17Z</time>
      </trkpt>
      <trkpt lat="68.359462665393949" lon="14.525199914351106">
        <ele>483.199999999999989</ele>
        <time>2014-05-20T09:23:18Z</time>
      </trkpt>
      <trkpt lat="68.359449924901128" lon="14.525266299024224">
        <ele>481.759999999999991</ele>
        <time>2014-05-20T09:23:21Z</time>
      </trkpt>
      <trkpt lat="68.359431317076087" lon="14.525297731161118">
        <ele>480.319999999999993</ele>
        <time>2014-05-20T09:23:23Z</time>
      </trkpt>
      <trkpt lat="68.359410613775253" lon="14.525372581556439">
        <ele>477.910000000000025</ele>
        <time>2014-05-20T09:23:27Z</time>
      </trkpt>
      <trkpt lat="68.359385468065739" lon="14.52548305504024">
        <ele>475.029999999999973</ele>
        <time>2014-05-20T09:23:34Z</time>
      </trkpt>
      <trkpt lat="68.35934498347342" lon="14.525483474135399">
        <ele>473.110000000000014</ele>
        <time>2014-05-20T09:23:37Z</time>
      </trkpt>
      <trkpt lat="68.359295194968581" lon="14.525570729747415">
        <ele>469.259999999999991</ele>
        <time>2014-05-20T09:23:42Z</time>
      </trkpt>
      <trkpt lat="68.359242556616664" lon="14.525650357827544">
        <ele>465.420000000000016</ele>
        <time>2014-05-20T09:23:48Z</time>
      </trkpt>
      <trkpt lat="68.359229564666748" lon="14.52571221627295">
        <ele>464.930000000000007</ele>
        <time>2014-05-20T09:24:06Z</time>
      </trkpt>
      <trkpt lat="68.359165610745549" lon="14.525784971192479">
        <ele>460.129999999999995</ele>
        <time>2014-05-20T09:24:12Z</time>
      </trkpt>
      <trkpt lat="68.359117582440376" lon="14.525818666443229">
        <ele>457.240000000000009</ele>
        <time>2014-05-20T09:24:19Z</time>
      </trkpt>
      <trkpt lat="68.35907818749547" lon="14.525826629251242">
        <ele>454.839999999999975</ele>
        <time>2014-05-20T09:24:32Z</time>
      </trkpt>
      <trkpt lat="68.35907475091517" lon="14.525853535160422">
        <ele>454.360000000000014</ele>
        <time>2014-05-20T09:24:34Z</time>
      </trkpt>
      <trkpt lat="68.359038373455405" lon="14.525923440232873">
        <ele>451</ele>
        <time>2014-05-20T09:24:43Z</time>
      </trkpt>
      <trkpt lat="68.359000235795975" lon="14.52595068141818">
        <ele>449.069999999999993</ele>
        <time>2014-05-20T09:24:49Z</time>
      </trkpt>
      <trkpt lat="68.358981795608997" lon="14.526027711108327">
        <ele>446.670000000000016</ele>
        <time>2014-05-20T09:24:54Z</time>
      </trkpt>
      <trkpt lat="68.358963606879115" lon="14.526069452986121">
        <ele>445.230000000000018</ele>
        <time>2014-05-20T09:24:56Z</time>
      </trkpt>
      <trkpt lat="68.358941143378615" lon="14.526091581210494">
        <ele>444.75</ele>
        <time>2014-05-20T09:24:58Z</time>
      </trkpt>
      <trkpt lat="68.358929576352239" lon="14.526114547625184">
        <ele>443.79000000000002</ele>
        <time>2014-05-20T09:25:00Z</time>
      </trkpt>
      <trkpt lat="68.358902838081121" lon="14.526296770200133">
        <ele>439.939999999999998</ele>
        <time>2014-05-20T09:25:06Z</time>
      </trkpt>
      <trkpt lat="68.358891354873776" lon="14.526316551491618">
        <ele>439.939999999999998</ele>
        <time>2014-05-20T09:25:07Z</time>
      </trkpt>
      <trkpt lat="68.358851792290807" lon="14.526323927566409">
        <ele>437.060000000000002</ele>
        <time>2014-05-20T09:25:13Z</time>
      </trkpt>
      <trkpt lat="68.35881382226944" lon="14.526440436020494">
        <ele>434.649999999999977</ele>
        <time>2014-05-20T09:25:27Z</time>
      </trkpt>
      <trkpt lat="68.358777444809675" lon="14.526384528726339">
        <ele>433.689999999999998</ele>
        <time>2014-05-20T09:25:37Z</time>
      </trkpt>
      <trkpt lat="68.358747689053416" lon="14.526299955323339">
        <ele>431.29000000000002</ele>
        <time>2014-05-20T09:25:49Z</time>
      </trkpt>
      <trkpt lat="68.358728159219027" lon="14.526373213157058">
        <ele>429.370000000000005</ele>
        <time>2014-05-20T09:25:53Z</time>
      </trkpt>
      <trkpt lat="68.358709216117859" lon="14.526401627808809">
        <ele>427.920000000000016</ele>
        <time>2014-05-20T09:25:55Z</time>
      </trkpt>
      <trkpt lat="68.358692452311516" lon="14.526387127116323">
        <ele>427.439999999999998</ele>
        <time>2014-05-20T09:25:57Z</time>
      </trkpt>
      <trkpt lat="68.358661103993654" lon="14.526478657498956">
        <ele>425.519999999999982</ele>
        <time>2014-05-20T09:26:07Z</time>
      </trkpt>
      <trkpt lat="68.358677951619029" lon="14.52646616846323">
        <ele>425.519999999999982</ele>
        <time>2014-05-20T09:26:10Z</time>
      </trkpt>
      <trkpt lat="68.358642915263772" lon="14.526356030255556">
        <ele>424.079999999999984</ele>
        <time>2014-05-20T09:26:22Z</time>
      </trkpt>
      <trkpt lat="68.358616009354591" lon="14.526370279490948">
        <ele>422.639999999999986</ele>
        <time>2014-05-20T09:26:27Z</time>
      </trkpt>
      <trkpt lat="68.358578290790319" lon="14.526416882872581">
        <ele>421.680000000000007</ele>
        <time>2014-05-20T09:26:30Z</time>
      </trkpt>
      <trkpt lat="68.358520371839404" lon="14.526342200115323">
        <ele>420.230000000000018</ele>
        <time>2014-05-20T09:26:43Z</time>
      </trkpt>
      <trkpt lat="68.358512576669455" lon="14.526395928114653">
        <ele>419.75</ele>
        <time>2014-05-20T09:26:52Z</time>
      </trkpt>
      <trkpt lat="68.358502434566617" lon="14.526406656950712">
        <ele>418.310000000000002</ele>
        <time>2014-05-20T09:27:02Z</time>
      </trkpt>
      <trkpt lat="68.358440659940243" lon="14.526539677754045">
        <ele>415.430000000000007</ele>
        <time>2014-05-20T09:27:16Z</time>
      </trkpt>
      <trkpt lat="68.358416352421045" lon="14.526580665260553">
        <ele>414.949999999999989</ele>
        <time>2014-05-20T09:27:19Z</time>
      </trkpt>
      <trkpt lat="68.358384668827057" lon="14.526643110439181">
        <ele>413.019999999999982</ele>
        <time>2014-05-20T09:27:32Z</time>
      </trkpt>
      <trkpt lat="68.358316943049431" lon="14.526588711887598">
        <ele>411.100000000000023</ele>
        <time>2014-05-20T09:27:42Z</time>
      </trkpt>
      <trkpt lat="68.358270088210702" lon="14.526593657210469">
        <ele>409.180000000000007</ele>
        <time>2014-05-20T09:27:52Z</time>
      </trkpt>
      <trkpt lat="68.358210911974311" lon="14.526567086577415">
        <ele>407.740000000000009</ele>
        <time>2014-05-20T09:28:04Z</time>
      </trkpt>
      <trkpt lat="68.358160704374313" lon="14.526504222303629">
        <ele>405.329999999999984</ele>
        <time>2014-05-20T09:28:15Z</time>
      </trkpt>
      <trkpt lat="68.358116950839758" lon="14.526412272825837">
        <ele>403.889999999999986</ele>
        <time>2014-05-20T09:28:26Z</time>
      </trkpt>
      <trkpt lat="68.358061714097857" lon="14.526343122124672">
        <ele>401.490000000000009</ele>
        <time>2014-05-20T09:28:37Z</time>
      </trkpt>
      <trkpt lat="68.358015697449446" lon="14.526349995285273">
        <ele>400.529999999999973</ele>
        <time>2014-05-20T09:28:48Z</time>
      </trkpt>
      <trkpt lat="68.357995832338929" lon="14.526314791291952">
        <ele>399.569999999999993</ele>
        <time>2014-05-20T09:29:00Z</time>
      </trkpt>
      <trkpt lat="68.357972865924239" lon="14.526282604783773">
        <ele>399.079999999999984</ele>
        <time>2014-05-20T09:29:04Z</time>
      </trkpt>
      <trkpt lat="68.357946379110217" lon="14.526193253695965">
        <ele>398.600000000000023</ele>
        <time>2014-05-20T09:29:07Z</time>
      </trkpt>
      <trkpt lat="68.357912097126245" lon="14.526162575930357">
        <ele>397.639999999999986</ele>
        <time>2014-05-20T09:29:10Z</time>
      </trkpt>
      <trkpt lat="68.357771867886186" lon="14.525951771065593">
        <ele>394.279999999999973</ele>
        <time>2014-05-20T09:29:23Z</time>
      </trkpt>
      <trkpt lat="68.357733311131597" lon="14.525886056944728">
        <ele>393.800000000000011</ele>
        <time>2014-05-20T09:29:33Z</time>
      </trkpt>
      <trkpt lat="68.357727779075503" lon="14.525836436077952">
        <ele>393.800000000000011</ele>
        <time>2014-05-20T09:29:54Z</time>
      </trkpt>
      <trkpt lat="68.357728030532598" lon="14.525856133550406">
        <ele>393.319999999999993</ele>
        <time>2014-05-20T09:30:02Z</time>
      </trkpt>
      <trkpt lat="68.357677739113569" lon="14.526028297841549">
        <ele>391.870000000000005</ele>
        <time>2014-05-20T09:30:07Z</time>
      </trkpt>
      <trkpt lat="68.357659298926592" lon="14.526050928980112">
        <ele>390.910000000000025</ele>
        <time>2014-05-20T09:30:08Z</time>
      </trkpt>
      <trkpt lat="68.357638008892536" lon="14.526065597310662">
        <ele>390.910000000000025</ele>
        <time>2014-05-20T09:30:09Z</time>
      </trkpt>
      <trkpt lat="68.35761277936399" lon="14.526063250377774">
        <ele>390.910000000000025</ele>
        <time>2014-05-20T09:30:10Z</time>
      </trkpt>
      <trkpt lat="68.357587214559317" lon="14.526066351681948">
        <ele>389.949999999999989</ele>
        <time>2014-05-20T09:30:11Z</time>
      </trkpt>
      <trkpt lat="68.3575639128685" lon="14.52608504332602">
        <ele>389.470000000000027</ele>
        <time>2014-05-20T09:30:12Z</time>
      </trkpt>
      <trkpt lat="68.3575448859483" lon="14.52608110383153">
        <ele>388.990000000000009</ele>
        <time>2014-05-20T09:30:13Z</time>
      </trkpt>
      <trkpt lat="68.357534492388368" lon="14.526048749685287">
        <ele>388.990000000000009</ele>
        <time>2014-05-20T09:30:14Z</time>
      </trkpt>
      <trkpt lat="68.35752191953361" lon="14.526019999757409">
        <ele>388.990000000000009</ele>
        <time>2014-05-20T09:30:15Z</time>
      </trkpt>
      <trkpt lat="68.3575155492872" lon="14.525985047221184">
        <ele>388.029999999999973</ele>
        <time>2014-05-20T09:30:16Z</time>
      </trkpt>
      <trkpt lat="68.357506664469838" lon="14.525951184332371">
        <ele>388.029999999999973</ele>
        <time>2014-05-20T09:30:17Z</time>
      </trkpt>
      <trkpt lat="68.357493169605732" lon="14.525930732488632">
        <ele>387.550000000000011</ele>
        <time>2014-05-20T09:30:18Z</time>
      </trkpt>
      <trkpt lat="68.357476238161325" lon="14.525919500738382">
        <ele>387.069999999999993</ele>
        <time>2014-05-20T09:30:19Z</time>
      </trkpt>
      <trkpt lat="68.357447991147637" lon="14.52589200809598">
        <ele>385.629999999999995</ele>
        <time>2014-05-20T09:30:21Z</time>
      </trkpt>
      <trkpt lat="68.357433658093214" lon="14.525900557637215">
        <ele>384.660000000000025</ele>
        <time>2014-05-20T09:30:22Z</time>
      </trkpt>
      <trkpt lat="68.357421420514584" lon="14.525908268988132">
        <ele>384.180000000000007</ele>
        <time>2014-05-20T09:30:23Z</time>
      </trkpt>
      <trkpt lat="68.357410188764334" lon="14.525900725275278">
        <ele>383.699999999999989</ele>
        <time>2014-05-20T09:30:24Z</time>
      </trkpt>
      <trkpt lat="68.357401806861162" lon="14.525879351422191">
        <ele>383.220000000000027</ele>
        <time>2014-05-20T09:30:25Z</time>
      </trkpt>
      <trkpt lat="68.357393592596054" lon="14.525882452726364">
        <ele>381.779999999999973</ele>
        <time>2014-05-20T09:30:26Z</time>
      </trkpt>
      <trkpt lat="68.357389066368341" lon="14.52590323984623">
        <ele>382.259999999999991</ele>
        <time>2014-05-20T09:30:27Z</time>
      </trkpt>
      <trkpt lat="68.357372302561998" lon="14.525946071371436">
        <ele>381.300000000000011</ele>
        <time>2014-05-20T09:30:29Z</time>
      </trkpt>
      <trkpt lat="68.357362076640129" lon="14.525956632569432">
        <ele>380.819999999999993</ele>
        <time>2014-05-20T09:30:30Z</time>
      </trkpt>
      <trkpt lat="68.357332572340965" lon="14.525984041392803">
        <ele>379.860000000000014</ele>
        <time>2014-05-20T09:30:33Z</time>
      </trkpt>
      <trkpt lat="68.357292171567678" lon="14.526067692786455">
        <ele>376.490000000000009</ele>
        <time>2014-05-20T09:30:38Z</time>
      </trkpt>
      <trkpt lat="68.357284963130951" lon="14.52608454041183">
        <ele>376.490000000000009</ele>
        <time>2014-05-20T09:30:39Z</time>
      </trkpt>
      <trkpt lat="68.357274821028113" lon="14.526080349460244">
        <ele>376.009999999999991</ele>
        <time>2014-05-20T09:30:40Z</time>
      </trkpt>
      <trkpt lat="68.357206592336297" lon="14.526002565398812">
        <ele>372.649999999999977</ele>
        <time>2014-05-20T09:30:47Z</time>
      </trkpt>
      <trkpt lat="68.357200557366014" lon="14.525996446609497">
        <ele>372.170000000000016</ele>
        <time>2014-05-20T09:30:48Z</time>
      </trkpt>
      <trkpt lat="68.357180776074529" lon="14.525994015857577">
        <ele>370.730000000000018</ele>
        <time>2014-05-20T09:30:51Z</time>
      </trkpt>
      <trkpt lat="68.357133502140641" lon="14.525994686409831">
        <ele>368.800000000000011</ele>
        <time>2014-05-20T09:31:07Z</time>
      </trkpt>
      <trkpt lat="68.35710315965116" lon="14.52596677467227">
        <ele>366.879999999999995</ele>
        <time>2014-05-20T09:31:22Z</time>
      </trkpt>
      <trkpt lat="68.357047755271196" lon="14.525903826579452">
        <ele>363.519999999999982</ele>
        <time>2014-05-20T09:31:36Z</time>
      </trkpt>
      <trkpt lat="68.357002409175038" lon="14.525944143533707">
        <ele>360.629999999999995</ele>
        <time>2014-05-20T09:31:48Z</time>
      </trkpt>
      <trkpt lat="68.357004169374704" lon="14.525954201817513">
        <ele>359.670000000000016</ele>
        <time>2014-05-20T09:32:10Z</time>
      </trkpt>
      <trkpt lat="68.356950022280216" lon="14.525893684476614">
        <ele>357.75</ele>
        <time>2014-05-20T09:32:22Z</time>
      </trkpt>
      <trkpt lat="68.356927810236812" lon="14.52580064535141">
        <ele>356.79000000000002</ele>
        <time>2014-05-20T09:32:33Z</time>
      </trkpt>
      <trkpt lat="68.35690526291728" lon="14.525782959535718">
        <ele>355.339999999999975</ele>
        <time>2014-05-20T09:32:36Z</time>
      </trkpt>
      <trkpt lat="68.356890762224793" lon="14.525627810508013">
        <ele>355.339999999999975</ele>
        <time>2014-05-20T09:32:50Z</time>
      </trkpt>
      <trkpt lat="68.356903754174709" lon="14.525671228766441">
        <ele>353.420000000000016</ele>
        <time>2014-05-20T09:33:05Z</time>
      </trkpt>
      <trkpt lat="68.356893444433808" lon="14.525719927623868">
        <ele>351.5</ele>
        <time>2014-05-20T09:33:16Z</time>
      </trkpt>
      <trkpt lat="68.35687106475234" lon="14.525763429701328">
        <ele>349.100000000000023</ele>
        <time>2014-05-20T09:33:31Z</time>
      </trkpt>
      <trkpt lat="68.356840554624796" lon="14.525839034467936">
        <ele>347.649999999999977</ele>
        <time>2014-05-20T09:33:43Z</time>
      </trkpt>
      <trkpt lat="68.356816666200757" lon="14.525911286473274">
        <ele>346.689999999999998</ele>
        <time>2014-05-20T09:33:56Z</time>
      </trkpt>
      <trkpt lat="68.356813816353679" lon="14.525954453274608">
        <ele>346.20999999999998</ele>
        <time>2014-05-20T09:34:14Z</time>
      </trkpt>
      <trkpt lat="68.356767715886235" lon="14.525955878198147">
        <ele>344.29000000000002</ele>
        <time>2014-05-20T09:34:25Z</time>
      </trkpt>
      <trkpt lat="68.356717005372047" lon="14.525915645062923">
        <ele>342.370000000000005</ele>
        <time>2014-05-20T09:34:36Z</time>
      </trkpt>
      <trkpt lat="68.356668306514621" lon="14.525888571515679">
        <ele>339.480000000000018</ele>
        <time>2014-05-20T09:34:50Z</time>
      </trkpt>
      <trkpt lat="68.356618853285909" lon="14.52574641443789">
        <ele>336.600000000000023</ele>
        <time>2014-05-20T09:34:58Z</time>
      </trkpt>
      <trkpt lat="68.356603346765041" lon="14.525748090818524">
        <ele>334.199999999999989</ele>
        <time>2014-05-20T09:35:11Z</time>
      </trkpt>
      <trkpt lat="68.356545343995094" lon="14.52556611970067">
        <ele>331.310000000000002</ele>
        <time>2014-05-20T09:35:23Z</time>
      </trkpt>
      <trkpt lat="68.356537548825145" lon="14.525582632049918">
        <ele>330.829999999999984</ele>
        <time>2014-05-20T09:35:25Z</time>
      </trkpt>
      <trkpt lat="68.35650896653533" lon="14.525687489658594">
        <ele>329.870000000000005</ele>
        <time>2014-05-20T09:35:32Z</time>
      </trkpt>
      <trkpt lat="68.356450125575066" lon="14.525691848248243">
        <ele>326.990000000000009</ele>
        <time>2014-05-20T09:35:37Z</time>
      </trkpt>
      <trkpt lat="68.356373347342014" lon="14.525566035881639">
        <ele>322.180000000000007</ele>
        <time>2014-05-20T09:35:43Z</time>
      </trkpt>
      <trkpt lat="68.356364127248526" lon="14.525549691170454">
        <ele>322.660000000000025</ele>
        <time>2014-05-20T09:35:44Z</time>
      </trkpt>
      <trkpt lat="68.356338394805789" lon="14.525454137474298">
        <ele>320.740000000000009</ele>
        <time>2014-05-20T09:35:48Z</time>
      </trkpt>
      <trkpt lat="68.356283577159047" lon="14.525309884920716">
        <ele>319.300000000000011</ele>
        <time>2014-05-20T09:36:01Z</time>
      </trkpt>
      <trkpt lat="68.356277626007795" lon="14.525329247117043">
        <ele>319.300000000000011</ele>
        <time>2014-05-20T09:36:19Z</time>
      </trkpt>
      <trkpt lat="68.35626027546823" lon="14.525357913225889">
        <ele>319.300000000000011</ele>
        <time>2014-05-20T09:36:42Z</time>
      </trkpt>
      <trkpt lat="68.356239655986428" lon="14.525266215205193">
        <ele>319.300000000000011</ele>
        <time>2014-05-20T09:37:06Z</time>
      </trkpt>
      <trkpt lat="68.356229430064559" lon="14.525149958208203">
        <ele>319.300000000000011</ele>
        <time>2014-05-20T09:37:30Z</time>
      </trkpt>
      <trkpt lat="68.356300005689263" lon="14.52510092407465">
        <ele>319.300000000000011</ele>
        <time>2014-05-20T09:37:43Z</time>
      </trkpt>
      <trkpt lat="68.356303190812469" lon="14.525086842477322">
        <ele>319.300000000000011</ele>
        <time>2014-05-20T09:37:45Z</time>
      </trkpt>
      <trkpt lat="68.356296569108963" lon="14.524930687621236">
        <ele>317.850000000000023</ele>
        <time>2014-05-20T09:37:57Z</time>
      </trkpt>
      <trkpt lat="68.356286007910967" lon="14.524760618805885">
        <ele>315.930000000000007</ele>
        <time>2014-05-20T09:38:07Z</time>
      </trkpt>
      <trkpt lat="68.35631350055337" lon="14.524650480598211">
        <ele>314.490000000000009</ele>
        <time>2014-05-20T09:38:13Z</time>
      </trkpt>
      <trkpt lat="68.356299167498946" lon="14.524338925257325">
        <ele>311.120000000000005</ele>
        <time>2014-05-20T09:38:24Z</time>
      </trkpt>
      <trkpt lat="68.356292294338346" lon="14.524231804534793">
        <ele>310.160000000000025</ele>
        <time>2014-05-20T09:38:29Z</time>
      </trkpt>
      <trkpt lat="68.35631987079978" lon="14.524047151207924">
        <ele>309.680000000000007</ele>
        <time>2014-05-20T09:38:39Z</time>
      </trkpt>
      <trkpt lat="68.356355912983418" lon="14.523890158161521">
        <ele>309.680000000000007</ele>
        <time>2014-05-20T09:38:49Z</time>
      </trkpt>
      <trkpt lat="68.356371754780412" lon="14.5236443169415">
        <ele>308.720000000000027</ele>
        <time>2014-05-20T09:39:02Z</time>
      </trkpt>
      <trkpt lat="68.356351386755705" lon="14.523567035794258">
        <ele>307.759999999999991</ele>
        <time>2014-05-20T09:39:07Z</time>
      </trkpt>
      <trkpt lat="68.356350045651197" lon="14.523405851796269">
        <ele>306.800000000000011</ele>
        <time>2014-05-20T09:39:13Z</time>
      </trkpt>
      <trkpt lat="68.356350548565388" lon="14.523333851248026">
        <ele>306.319999999999993</ele>
        <time>2014-05-20T09:39:15Z</time>
      </trkpt>
      <trkpt lat="68.356307130306959" lon="14.523147018626332">
        <ele>306.319999999999993</ele>
        <time>2014-05-20T09:39:19Z</time>
      </trkpt>
      <trkpt lat="68.356294138357043" lon="14.523069653660059">
        <ele>305.839999999999975</ele>
        <time>2014-05-20T09:39:22Z</time>
      </trkpt>
      <trkpt lat="68.356349375098944" lon="14.522921713069081">
        <ele>305.360000000000014</ele>
        <time>2014-05-20T09:39:33Z</time>
      </trkpt>
      <trkpt lat="68.356369826942682" lon="14.522868990898132">
        <ele>305.839999999999975</ele>
        <time>2014-05-20T09:39:37Z</time>
      </trkpt>
      <trkpt lat="68.356409054249525" lon="14.522759271785617">
        <ele>305.360000000000014</ele>
        <time>2014-05-20T09:39:45Z</time>
      </trkpt>
      <trkpt lat="68.356401761993766" lon="14.522706968709826">
        <ele>304.879999999999995</ele>
        <time>2014-05-20T09:40:00Z</time>
      </trkpt>
      <trkpt lat="68.356408635154366" lon="14.522674195468426">
        <ele>304.879999999999995</ele>
        <time>2014-05-20T09:40:02Z</time>
      </trkpt>
      <trkpt lat="68.356460686773062" lon="14.522506389766932">
        <ele>306.319999999999993</ele>
        <time>2014-05-20T09:40:09Z</time>
      </trkpt>
      <trkpt lat="68.356484156101942" lon="14.522213861346245">
        <ele>306.319999999999993</ele>
        <time>2014-05-20T09:40:21Z</time>
      </trkpt>
      <trkpt lat="68.356469823047519" lon="14.522099113091826">
        <ele>306.319999999999993</ele>
        <time>2014-05-20T09:40:37Z</time>
      </trkpt>
      <trkpt lat="68.356468314304948" lon="14.522108333185315">
        <ele>306.319999999999993</ele>
        <time>2014-05-20T09:40:41Z</time>
      </trkpt>
      <trkpt lat="68.35649823769927" lon="14.521995512768626">
        <ele>305.360000000000014</ele>
        <time>2014-05-20T09:40:51Z</time>
      </trkpt>
      <trkpt lat="68.356476360931993" lon="14.521926445886493">
        <ele>303.910000000000025</ele>
        <time>2014-05-20T09:40:58Z</time>
      </trkpt>
      <trkpt lat="68.356455909088254" lon="14.521847236901522">
        <ele>303.430000000000007</ele>
        <time>2014-05-20T09:41:02Z</time>
      </trkpt>
      <trkpt lat="68.356443084776402" lon="14.521675826981664">
        <ele>301.990000000000009</ele>
        <time>2014-05-20T09:41:09Z</time>
      </trkpt>
      <trkpt lat="68.35641760379076" lon="14.521573316305876">
        <ele>300.069999999999993</ele>
        <time>2014-05-20T09:41:13Z</time>
      </trkpt>
      <trkpt lat="68.356381729245186" lon="14.521451611071825">
        <ele>298.149999999999977</ele>
        <time>2014-05-20T09:41:19Z</time>
      </trkpt>
      <trkpt lat="68.356374520808458" lon="14.521426297724247">
        <ele>297.670000000000016</ele>
        <time>2014-05-20T09:41:20Z</time>
      </trkpt>
      <trkpt lat="68.356374856084585" lon="14.521371899172664">
        <ele>297.670000000000016</ele>
        <time>2014-05-20T09:41:22Z</time>
      </trkpt>
      <trkpt lat="68.356348033994436" lon="14.521183809265494">
        <ele>295.259999999999991</ele>
        <time>2014-05-20T09:41:28Z</time>
      </trkpt>
      <trkpt lat="68.356340238824487" lon="14.521142905578017">
        <ele>294.779999999999973</ele>
        <time>2014-05-20T09:41:30Z</time>
      </trkpt>
      <trkpt lat="68.35630034096539" lon="14.520875522866845">
        <ele>290.939999999999998</ele>
        <time>2014-05-20T09:41:39Z</time>
      </trkpt>
      <trkpt lat="68.356295395642519" lon="14.520842749625444">
        <ele>290.45999999999998</ele>
        <time>2014-05-20T09:41:40Z</time>
      </trkpt>
      <trkpt lat="68.356290366500616" lon="14.520767899230123">
        <ele>289.490000000000009</ele>
        <time>2014-05-20T09:41:42Z</time>
      </trkpt>
      <trkpt lat="68.356287265196443" lon="14.520657761022449">
        <ele>288.050000000000011</ele>
        <time>2014-05-20T09:41:46Z</time>
      </trkpt>
      <trkpt lat="68.356236722320318" lon="14.520466066896915">
        <ele>284.20999999999998</ele>
        <time>2014-05-20T09:41:52Z</time>
      </trkpt>
      <trkpt lat="68.356194226071239" lon="14.520314605906606">
        <ele>283.25</ele>
        <time>2014-05-20T09:41:57Z</time>
      </trkpt>
      <trkpt lat="68.356187352910638" lon="14.520125929266214">
        <ele>282.279999999999973</ele>
        <time>2014-05-20T09:42:02Z</time>
      </trkpt>
      <trkpt lat="68.356180982664227" lon="14.51995418407023">
        <ele>280.360000000000014</ele>
        <time>2014-05-20T09:42:06Z</time>
      </trkpt>
      <trkpt lat="68.356188861653209" lon="14.51987748965621">
        <ele>279.399999999999977</ele>
        <time>2014-05-20T09:42:08Z</time>
      </trkpt>
      <trkpt lat="68.356112418696284" lon="14.519648663699627">
        <ele>277.95999999999998</ele>
        <time>2014-05-20T09:42:17Z</time>
      </trkpt>
      <trkpt lat="68.35613421164453" lon="14.519510278478265">
        <ele>277</ele>
        <time>2014-05-20T09:42:28Z</time>
      </trkpt>
      <trkpt lat="68.356087189167738" lon="14.519244823604822">
        <ele>275.560000000000002</ele>
        <time>2014-05-20T09:42:42Z</time>
      </trkpt>
      <trkpt lat="68.356084004044533" lon="14.519181456416845">
        <ele>274.589999999999975</ele>
        <time>2014-05-20T09:42:44Z</time>
      </trkpt>
      <trkpt lat="68.35606724023819" lon="14.519057739526033">
        <ele>272.670000000000016</ele>
        <time>2014-05-20T09:42:48Z</time>
      </trkpt>
      <trkpt lat="68.356065647676587" lon="14.518909798935056">
        <ele>271.230000000000018</ele>
        <time>2014-05-20T09:42:52Z</time>
      </trkpt>
      <trkpt lat="68.35605600848794" lon="14.518744675442576">
        <ele>269.79000000000002</ele>
        <time>2014-05-20T09:42:57Z</time>
      </trkpt>
      <trkpt lat="68.35607411339879" lon="14.518663873896003">
        <ele>270.269999999999982</ele>
        <time>2014-05-20T09:43:00Z</time>
      </trkpt>
      <trkpt lat="68.356102025136352" lon="14.518362041562796">
        <ele>269.79000000000002</ele>
        <time>2014-05-20T09:43:12Z</time>
      </trkpt>
      <trkpt lat="68.356093559414148" lon="14.518218627199531">
        <ele>269.310000000000002</ele>
        <time>2014-05-20T09:43:17Z</time>
      </trkpt>
      <trkpt lat="68.356184754520655" lon="14.517779583111405">
        <ele>267.860000000000014</ele>
        <time>2014-05-20T09:43:31Z</time>
      </trkpt>
      <trkpt lat="68.356289612129331" lon="14.517443971708417">
        <ele>267.379999999999995</ele>
        <time>2014-05-20T09:43:43Z</time>
      </trkpt>
      <trkpt lat="68.356318697333336" lon="14.517349004745483">
        <ele>266.420000000000016</ele>
        <time>2014-05-20T09:43:46Z</time>
      </trkpt>
      <trkpt lat="68.35631350055337" lon="14.517169632017612">
        <ele>265.939999999999998</ele>
        <time>2014-05-20T09:43:52Z</time>
      </trkpt>
      <trkpt lat="68.356274524703622" lon="14.517049854621291">
        <ele>264.980000000000018</ele>
        <time>2014-05-20T09:43:58Z</time>
      </trkpt>
      <trkpt lat="68.356248708441854" lon="14.516944661736488">
        <ele>264.019999999999982</ele>
        <time>2014-05-20T09:44:03Z</time>
      </trkpt>
      <trkpt lat="68.356247702613473" lon="14.516815496608615">
        <ele>263.060000000000002</ele>
        <time>2014-05-20T09:44:07Z</time>
      </trkpt>
      <trkpt lat="68.356283828616142" lon="14.516693623736501">
        <ele>263.060000000000002</ele>
        <time>2014-05-20T09:44:12Z</time>
      </trkpt>
      <trkpt lat="68.356287516653538" lon="14.516605194658041">
        <ele>262.579999999999984</ele>
        <time>2014-05-20T09:44:15Z</time>
      </trkpt>
      <trkpt lat="68.356264298781753" lon="14.51645809225738">
        <ele>263.54000000000002</ele>
        <time>2014-05-20T09:44:21Z</time>
      </trkpt>
      <trkpt lat="68.356227753683925" lon="14.51614829711616">
        <ele>264.019999999999982</ele>
        <time>2014-05-20T09:44:32Z</time>
      </trkpt>
      <trkpt lat="68.356151981279254" lon="14.515854092314839">
        <ele>263.060000000000002</ele>
        <time>2014-05-20T09:44:43Z</time>
      </trkpt>
      <trkpt lat="68.356153992936015" lon="14.515672288835049">
        <ele>261.139999999999986</ele>
        <time>2014-05-20T09:44:48Z</time>
      </trkpt>
      <trkpt lat="68.356152651831508" lon="14.515634570270777">
        <ele>261.139999999999986</ele>
        <time>2014-05-20T09:44:49Z</time>
      </trkpt>
      <trkpt lat="68.356169750913978" lon="14.515419406816363">
        <ele>260.649999999999977</ele>
        <time>2014-05-20T09:44:55Z</time>
      </trkpt>
      <trkpt lat="68.356180898845196" lon="14.515269622206688">
        <ele>260.170000000000016</ele>
        <time>2014-05-20T09:44:59Z</time>
      </trkpt>
      <trkpt lat="68.356139659881592" lon="14.514880031347275">
        <ele>258.730000000000018</ele>
        <time>2014-05-20T09:45:11Z</time>
      </trkpt>
      <trkpt lat="68.35614150390029" lon="14.514783471822739">
        <ele>259.20999999999998</ele>
        <time>2014-05-20T09:45:14Z</time>
      </trkpt>
      <trkpt lat="68.35612440481782" lon="14.514523129910231">
        <ele>258.730000000000018</ele>
        <time>2014-05-20T09:45:23Z</time>
      </trkpt>
      <trkpt lat="68.35612147115171" lon="14.51443905942142">
        <ele>258.25</ele>
        <time>2014-05-20T09:45:26Z</time>
      </trkpt>
      <trkpt lat="68.356096828356385" lon="14.514370914548635">
        <ele>257.769999999999982</ele>
        <time>2014-05-20T09:45:29Z</time>
      </trkpt>
      <trkpt lat="68.356107557192445" lon="14.514274187386036">
        <ele>257.29000000000002</ele>
        <time>2014-05-20T09:45:31Z</time>
      </trkpt>
      <trkpt lat="68.356089536100626" lon="14.513895744457841">
        <ele>256.810000000000002</ele>
        <time>2014-05-20T09:45:42Z</time>
      </trkpt>
      <trkpt lat="68.356048800051212" lon="14.513607826083899">
        <ele>256.810000000000002</ele>
        <time>2014-05-20T09:45:51Z</time>
      </trkpt>
      <trkpt lat="68.356048883870244" lon="14.51348134316504">
        <ele>256.810000000000002</ele>
        <time>2014-05-20T09:45:55Z</time>
      </trkpt>
      <trkpt lat="68.356061121448874" lon="14.513356955721974">
        <ele>257.29000000000002</ele>
        <time>2014-05-20T09:45:59Z</time>
      </trkpt>
      <trkpt lat="68.356049554422498" lon="14.512923192232847">
        <ele>257.769999999999982</ele>
        <time>2014-05-20T09:46:11Z</time>
      </trkpt>
      <trkpt lat="68.356065982952714" lon="14.512677267193794">
        <ele>257.769999999999982</ele>
        <time>2014-05-20T09:46:18Z</time>
      </trkpt>
      <trkpt lat="68.356102025136352" lon="14.512565033510327">
        <ele>257.769999999999982</ele>
        <time>2014-05-20T09:46:22Z</time>
      </trkpt>
      <trkpt lat="68.356065982952714" lon="14.512370824813843">
        <ele>257.769999999999982</ele>
        <time>2014-05-20T09:46:29Z</time>
      </trkpt>
      <trkpt lat="68.356054499745369" lon="14.512171754613519">
        <ele>256.810000000000002</ele>
        <time>2014-05-20T09:46:36Z</time>
      </trkpt>
      <trkpt lat="68.356054248288274" lon="14.512045523151755">
        <ele>255.849999999999994</ele>
        <time>2014-05-20T09:46:40Z</time>
      </trkpt>
      <trkpt lat="68.356048045679927" lon="14.511737739667296">
        <ele>256.329999999999984</ele>
        <time>2014-05-20T09:46:51Z</time>
      </trkpt>
      <trkpt lat="68.356047878041863" lon="14.511706726625562">
        <ele>255.849999999999994</ele>
        <time>2014-05-20T09:46:52Z</time>
      </trkpt>
      <trkpt lat="68.356082160025835" lon="14.511591140180826">
        <ele>255.849999999999994</ele>
        <time>2014-05-20T09:46:56Z</time>
      </trkpt>
      <trkpt lat="68.356104120612144" lon="14.511386286467314">
        <ele>254.409999999999997</ele>
        <time>2014-05-20T09:47:02Z</time>
      </trkpt>
      <trkpt lat="68.356065899133682" lon="14.511003736406565">
        <ele>252.960000000000008</ele>
        <time>2014-05-20T09:47:14Z</time>
      </trkpt>
      <trkpt lat="68.356078388169408" lon="14.510636441409588">
        <ele>252</ele>
        <time>2014-05-20T09:47:26Z</time>
      </trkpt>
      <trkpt lat="68.356054415926337" lon="14.510367466136813">
        <ele>251.52000000000001</ele>
        <time>2014-05-20T09:47:35Z</time>
      </trkpt>
      <trkpt lat="68.356042429804802" lon="14.510317845270038">
        <ele>251.52000000000001</ele>
        <time>2014-05-20T09:47:37Z</time>
      </trkpt>
      <trkpt lat="68.356009069830179" lon="14.510134449228644">
        <ele>251.039999999999992</ele>
        <time>2014-05-20T09:47:43Z</time>
      </trkpt>
      <trkpt lat="68.355961125344038" lon="14.509749133139849">
        <ele>248.639999999999986</ele>
        <time>2014-05-20T09:47:55Z</time>
      </trkpt>
      <trkpt lat="68.355954503640532" lon="14.509712839499116">
        <ele>248.159999999999997</ele>
        <time>2014-05-20T09:47:56Z</time>
      </trkpt>
      <trkpt lat="68.355898428708315" lon="14.50930405408144">
        <ele>245.75</ele>
        <time>2014-05-20T09:48:08Z</time>
      </trkpt>
      <trkpt lat="68.355918880552053" lon="14.509141612797976">
        <ele>244.310000000000002</ele>
        <time>2014-05-20T09:48:13Z</time>
      </trkpt>
      <trkpt lat="68.355887364596128" lon="14.508736096322536">
        <ele>242.870000000000005</ele>
        <time>2014-05-20T09:48:24Z</time>
      </trkpt>
      <trkpt lat="68.355877641588449" lon="14.508122121915221">
        <ele>241.430000000000007</ele>
        <time>2014-05-20T09:48:41Z</time>
      </trkpt>
      <trkpt lat="68.355865655466914" lon="14.507839903235435">
        <ele>240.469999999999999</ele>
        <time>2014-05-20T09:48:49Z</time>
      </trkpt>
      <trkpt lat="68.355871774256229" lon="14.507691543549299">
        <ele>239.509999999999991</ele>
        <time>2014-05-20T09:48:53Z</time>
      </trkpt>
      <trkpt lat="68.355864649638534" lon="14.507114617154002">
        <ele>237.099999999999994</ele>
        <time>2014-05-20T09:49:08Z</time>
      </trkpt>
      <trkpt lat="68.355906140059233" lon="14.50660047121346">
        <ele>237.099999999999994</ele>
        <time>2014-05-20T09:49:22Z</time>
      </trkpt>
      <trkpt lat="68.355930866673589" lon="14.506501983851194">
        <ele>237.099999999999994</ele>
        <time>2014-05-20T09:49:25Z</time>
      </trkpt>
      <trkpt lat="68.35594511590898" lon="14.506363430991769">
        <ele>236.620000000000005</ele>
        <time>2014-05-20T09:49:29Z</time>
      </trkpt>
      <trkpt lat="68.355962634086609" lon="14.506296627223492">
        <ele>236.139999999999986</ele>
        <time>2014-05-20T09:49:31Z</time>
      </trkpt>
      <trkpt lat="68.356042597442865" lon="14.505775859579444">
        <ele>234.699999999999989</ele>
        <time>2014-05-20T09:49:47Z</time>
      </trkpt>
      <trkpt lat="68.356100516393781" lon="14.505340503528714">
        <ele>233.259999999999991</ele>
        <time>2014-05-20T09:50:00Z</time>
      </trkpt>
      <trkpt lat="68.356120800599456" lon="14.504700629040599">
        <ele>231.330000000000013</ele>
        <time>2014-05-20T09:50:17Z</time>
      </trkpt>
      <trkpt lat="68.356069922447205" lon="14.504317911341786">
        <ele>228.930000000000007</ele>
        <time>2014-05-20T09:50:28Z</time>
      </trkpt>
      <trkpt lat="68.356084255501628" lon="14.504194529727101">
        <ele>228.449999999999989</ele>
        <time>2014-05-20T09:50:32Z</time>
      </trkpt>
      <trkpt lat="68.356148544698954" lon="14.503774680197239">
        <ele>226.050000000000011</ele>
        <time>2014-05-20T09:50:45Z</time>
      </trkpt>
      <trkpt lat="68.356150053441525" lon="14.503746936097741">
        <ele>226.530000000000001</ele>
        <time>2014-05-20T09:50:46Z</time>
      </trkpt>
      <trkpt lat="68.356147455051541" lon="14.503543674945831">
        <ele>227.009999999999991</ele>
        <time>2014-05-20T09:50:52Z</time>
      </trkpt>
      <trkpt lat="68.356136055663228" lon="14.503033719956875">
        <ele>225.569999999999993</ele>
        <time>2014-05-20T09:51:07Z</time>
      </trkpt>
      <trkpt lat="68.356138654053211" lon="14.502645134925842">
        <ele>225.090000000000003</ele>
        <time>2014-05-20T09:51:21Z</time>
      </trkpt>
      <trkpt lat="68.356096157804132" lon="14.502115733921528">
        <ele>224.610000000000014</ele>
        <time>2014-05-20T09:51:37Z</time>
      </trkpt>
      <trkpt lat="68.356100264936686" lon="14.502082876861095">
        <ele>224.120000000000005</ele>
        <time>2014-05-20T09:51:38Z</time>
      </trkpt>
      <trkpt lat="68.356095319613814" lon="14.5019496884197">
        <ele>224.120000000000005</ele>
        <time>2014-05-20T09:51:42Z</time>
      </trkpt>
      <trkpt lat="68.356062546372414" lon="14.501420455053449">
        <ele>223.159999999999997</ele>
        <time>2014-05-20T09:51:57Z</time>
      </trkpt>
      <trkpt lat="68.356014601886272" lon="14.500910248607397">
        <ele>223.639999999999986</ele>
        <time>2014-05-20T09:52:13Z</time>
      </trkpt>
      <trkpt lat="68.355935392901301" lon="14.500466426834464">
        <ele>224.120000000000005</ele>
        <time>2014-05-20T09:52:28Z</time>
      </trkpt>
      <trkpt lat="68.355859369039536" lon="14.500019671395421">
        <ele>224.610000000000014</ele>
        <time>2014-05-20T09:52:43Z</time>
      </trkpt>
      <trkpt lat="68.355838498100638" lon="14.499507369473577">
        <ele>224.120000000000005</ele>
        <time>2014-05-20T09:52:57Z</time>
      </trkpt>
      <trkpt lat="68.355847047641873" lon="14.499340653419495">
        <ele>224.610000000000014</ele>
        <time>2014-05-20T09:53:02Z</time>
      </trkpt>
      <trkpt lat="68.355850735679269" lon="14.499279549345374">
        <ele>224.120000000000005</ele>
        <time>2014-05-20T09:53:04Z</time>
      </trkpt>
      <trkpt lat="68.355981912463903" lon="14.498893478885293">
        <ele>225.090000000000003</ele>
        <time>2014-05-20T09:53:18Z</time>
      </trkpt>
      <trkpt lat="68.356037735939026" lon="14.498675968497992">
        <ele>225.569999999999993</ele>
        <time>2014-05-20T09:53:29Z</time>
      </trkpt>
      <trkpt lat="68.356069084256887" lon="14.498631376773119">
        <ele>225.569999999999993</ele>
        <time>2014-05-20T09:53:44Z</time>
      </trkpt>
      <trkpt lat="68.356057181954384" lon="14.498628694564104">
        <ele>225.569999999999993</ele>
        <time>2014-05-20T09:54:04Z</time>
      </trkpt>
      <trkpt lat="68.356044106185436" lon="14.498640093952417">
        <ele>226.050000000000011</ele>
        <time>2014-05-20T09:54:24Z</time>
      </trkpt>
      <trkpt lat="68.356060702353716" lon="14.498538337647915">
        <ele>226.050000000000011</ele>
        <time>2014-05-20T09:54:29Z</time>
      </trkpt>
      <trkpt lat="68.356070257723331" lon="14.498485699295998">
        <ele>225.569999999999993</ele>
        <time>2014-05-20T09:54:31Z</time>
      </trkpt>
      <trkpt lat="68.356102695688605" lon="14.498431468382478">
        <ele>224.610000000000014</ele>
        <time>2014-05-20T09:54:42Z</time>
      </trkpt>
      <trkpt lat="68.356136726215482" lon="14.498273301869631">
        <ele>224.120000000000005</ele>
        <time>2014-05-20T09:54:50Z</time>
      </trkpt>
      <trkpt lat="68.35615717805922" lon="14.498225441202521">
        <ele>223.639999999999986</ele>
        <time>2014-05-20T09:54:52Z</time>
      </trkpt>
      <trkpt lat="68.356176959350705" lon="14.498146483674645">
        <ele>223.159999999999997</ele>
        <time>2014-05-20T09:54:55Z</time>
      </trkpt>
      <trkpt lat="68.356235129758716" lon="14.497964344918728">
        <ele>220.280000000000001</ele>
        <time>2014-05-20T09:55:04Z</time>
      </trkpt>
      <trkpt lat="68.356280559673905" lon="14.497805759310722">
        <ele>218.840000000000003</ele>
        <time>2014-05-20T09:55:10Z</time>
      </trkpt>
      <trkpt lat="68.356294054538012" lon="14.497720096260309">
        <ele>217.879999999999995</ele>
        <time>2014-05-20T09:55:13Z</time>
      </trkpt>
      <trkpt lat="68.356318026781082" lon="14.497698051854968">
        <ele>217.879999999999995</ele>
        <time>2014-05-20T09:55:15Z</time>
      </trkpt>
      <trkpt lat="68.356326408684254" lon="14.497625632211566">
        <ele>215.949999999999989</ele>
        <time>2014-05-20T09:55:18Z</time>
      </trkpt>
      <trkpt lat="68.356255497783422" lon="14.497703667730093">
        <ele>213.069999999999993</ele>
        <time>2014-05-20T09:55:28Z</time>
      </trkpt>
      <trkpt lat="68.356201434507966" lon="14.497737530618906">
        <ele>210.669999999999987</ele>
        <time>2014-05-20T09:55:36Z</time>
      </trkpt>
      <trkpt lat="68.356204451993108" lon="14.497682377696037">
        <ele>209.699999999999989</ele>
        <time>2014-05-20T09:55:38Z</time>
      </trkpt>
      <trkpt lat="68.356229681521654" lon="14.4975979719311">
        <ele>209.219999999999999</ele>
        <time>2014-05-20T09:55:42Z</time>
      </trkpt>
      <trkpt lat="68.356253150850534" lon="14.497534604743123">
        <ele>208.740000000000009</ele>
        <time>2014-05-20T09:55:45Z</time>
      </trkpt>
      <trkpt lat="68.356295814737678" lon="14.497470567002892">
        <ele>208.259999999999991</ele>
        <time>2014-05-20T09:55:50Z</time>
      </trkpt>
      <trkpt lat="68.356308471411467" lon="14.497410468757153">
        <ele>207.300000000000011</ele>
        <time>2014-05-20T09:55:52Z</time>
      </trkpt>
      <trkpt lat="68.356328839436173" lon="14.497390268370509">
        <ele>207.300000000000011</ele>
        <time>2014-05-20T09:55:54Z</time>
      </trkpt>
      <trkpt lat="68.356344429776073" lon="14.497362859547138">
        <ele>206.340000000000003</ele>
        <time>2014-05-20T09:55:56Z</time>
      </trkpt>
      <trkpt lat="68.356396229937673" lon="14.49735464528203">
        <ele>205.860000000000014</ele>
        <time>2014-05-20T09:56:00Z</time>
      </trkpt>
      <trkpt lat="68.35642984136939" lon="14.497299073264003">
        <ele>204.900000000000006</ele>
        <time>2014-05-20T09:56:04Z</time>
      </trkpt>
      <trkpt lat="68.356435457244515" lon="14.497207375243306">
        <ele>202.97999999999999</ele>
        <time>2014-05-20T09:56:07Z</time>
      </trkpt>
      <trkpt lat="68.356450460851192" lon="14.497177703306079">
        <ele>202.97999999999999</ele>
        <time>2014-05-20T09:56:09Z</time>
      </trkpt>
      <trkpt lat="68.356450293213129" lon="14.497012328356504">
        <ele>200.569999999999993</ele>
        <time>2014-05-20T09:56:15Z</time>
      </trkpt>
      <trkpt lat="68.35644057020545" lon="14.497023224830627">
        <ele>197.689999999999998</ele>
        <time>2014-05-20T09:56:25Z</time>
      </trkpt>
      <trkpt lat="68.356434116140008" lon="14.497028756886721">
        <ele>195.77000000000001</ele>
        <time>2014-05-20T09:56:29Z</time>
      </trkpt>
      <trkpt lat="68.356421124190092" lon="14.496858771890402">
        <ele>191.439999999999998</ele>
        <time>2014-05-20T09:56:39Z</time>
      </trkpt>
      <trkpt lat="68.356422884389758" lon="14.496849970892072">
        <ele>191.439999999999998</ele>
        <time>2014-05-20T09:56:40Z</time>
      </trkpt>
      <trkpt lat="68.356444677338004" lon="14.496836643666029">
        <ele>190</ele>
        <time>2014-05-20T09:56:42Z</time>
      </trkpt>
      <trkpt lat="68.356547607108951" lon="14.496804540976882">
        <ele>189.039999999999992</ele>
        <time>2014-05-20T09:56:50Z</time>
      </trkpt>
      <trkpt lat="68.356686579063535" lon="14.496627347543836">
        <ele>187.110000000000014</ele>
        <time>2014-05-20T09:57:03Z</time>
      </trkpt>
      <trkpt lat="68.356703091412783" lon="14.496571691706777">
        <ele>186.150000000000006</ele>
        <time>2014-05-20T09:57:08Z</time>
      </trkpt>
      <trkpt lat="68.356722956523299" lon="14.496418805792928">
        <ele>186.150000000000006</ele>
        <time>2014-05-20T09:57:12Z</time>
      </trkpt>
      <trkpt lat="68.356741312891245" lon="14.49636616744101">
        <ele>186.150000000000006</ele>
        <time>2014-05-20T09:57:14Z</time>
      </trkpt>
      <trkpt lat="68.356748521327972" lon="14.496314115822315">
        <ele>186.150000000000006</ele>
        <time>2014-05-20T09:57:15Z</time>
      </trkpt>
      <trkpt lat="68.356756819412112" lon="14.496291484683752">
        <ele>186.150000000000006</ele>
        <time>2014-05-20T09:57:16Z</time>
      </trkpt>
      <trkpt lat="68.356828736141324" lon="14.496117057278752">
        <ele>185.669999999999987</ele>
        <time>2014-05-20T09:57:25Z</time>
      </trkpt>
      <trkpt lat="68.356845332309604" lon="14.496105909347534">
        <ele>185.669999999999987</ele>
        <time>2014-05-20T09:57:26Z</time>
      </trkpt>
      <trkpt lat="68.35690819658339" lon="14.496060898527503">
        <ele>185.669999999999987</ele>
        <time>2014-05-20T09:57:31Z</time>
      </trkpt>
      <trkpt lat="68.356920517981052" lon="14.49602460488677">
        <ele>185.189999999999998</ele>
        <time>2014-05-20T09:57:33Z</time>
      </trkpt>
      <trkpt lat="68.356933426111937" lon="14.495964925736189">
        <ele>185.189999999999998</ele>
        <time>2014-05-20T09:57:35Z</time>
      </trkpt>
      <trkpt lat="68.356927139684558" lon="14.495869958773255">
        <ele>184.710000000000008</ele>
        <time>2014-05-20T09:57:38Z</time>
      </trkpt>
      <trkpt lat="68.35705186240375" lon="14.495488414540887">
        <ele>186.629999999999995</ele>
        <time>2014-05-20T09:57:48Z</time>
      </trkpt>
      <trkpt lat="68.357210867106915" lon="14.495297810062766">
        <ele>186.629999999999995</ele>
        <time>2014-05-20T09:57:58Z</time>
      </trkpt>
      <trkpt lat="68.357301978394389" lon="14.495217595249414">
        <ele>185.669999999999987</ele>
        <time>2014-05-20T09:58:05Z</time>
      </trkpt>
      <trkpt lat="68.357317484915257" lon="14.495155988261104">
        <ele>184.710000000000008</ele>
        <time>2014-05-20T09:58:08Z</time>
      </trkpt>
      <trkpt lat="68.357359394431114" lon="14.494962869212031">
        <ele>183.75</ele>
        <time>2014-05-20T09:58:15Z</time>
      </trkpt>
      <trkpt lat="68.357399292290211" lon="14.494810150936246">
        <ele>180.379999999999995</ele>
        <time>2014-05-20T09:58:22Z</time>
      </trkpt>
      <trkpt lat="68.357455367222428" lon="14.49473119340837">
        <ele>179.900000000000006</ele>
        <time>2014-05-20T09:58:27Z</time>
      </trkpt>
      <trkpt lat="68.35747791454196" lon="14.494608314707875">
        <ele>178.460000000000008</ele>
        <time>2014-05-20T09:58:31Z</time>
      </trkpt>
      <trkpt lat="68.357521332800388" lon="14.494504295289516">
        <ele>177.97999999999999</ele>
        <time>2014-05-20T09:58:36Z</time>
      </trkpt>
      <trkpt lat="68.35753558203578" lon="14.494253844022751">
        <ele>174.620000000000005</ele>
        <time>2014-05-20T09:58:45Z</time>
      </trkpt>
      <trkpt lat="68.357574054971337" lon="14.494125600904226">
        <ele>172.689999999999998</ele>
        <time>2014-05-20T09:58:52Z</time>
      </trkpt>
      <trkpt lat="68.357605906203389" lon="14.494021162390709">
        <ele>171.25</ele>
        <time>2014-05-20T09:58:57Z</time>
      </trkpt>
      <trkpt lat="68.357695508748293" lon="14.493926446884871">
        <ele>169.810000000000002</ele>
        <time>2014-05-20T09:59:09Z</time>
      </trkpt>
      <trkpt lat="68.357645804062486" lon="14.494046056643128">
        <ele>167.889999999999986</ele>
        <time>2014-05-20T09:59:21Z</time>
      </trkpt>
      <trkpt lat="68.357626777142286" lon="14.494076650589705">
        <ele>166.449999999999989</ele>
        <time>2014-05-20T09:59:26Z</time>
      </trkpt>
      <trkpt lat="68.357490571215749" lon="14.494243366643786">
        <ele>164.039999999999992</ele>
        <time>2014-05-20T09:59:41Z</time>
      </trkpt>
      <trkpt lat="68.35746961645782" lon="14.494171869009733">
        <ele>162.599999999999994</ele>
        <time>2014-05-20T09:59:45Z</time>
      </trkpt>
      <trkpt lat="68.357535917311907" lon="14.494066592305899">
        <ele>161.639999999999986</ele>
        <time>2014-05-20T10:00:00Z</time>
      </trkpt>
      <trkpt lat="68.357537426054478" lon="14.493953855708241">
        <ele>158.75</ele>
        <time>2014-05-20T10:00:06Z</time>
      </trkpt>
      <trkpt lat="68.357588471844792" lon="14.49378864839673">
        <ele>155.870000000000005</ele>
        <time>2014-05-20T10:00:17Z</time>
      </trkpt>
      <trkpt lat="68.357609426602721" lon="14.493681779131293">
        <ele>152.509999999999991</ele>
        <time>2014-05-20T10:00:26Z</time>
      </trkpt>
      <trkpt lat="68.357614707201719" lon="14.493707343935966">
        <ele>151.539999999999992</ele>
        <time>2014-05-20T10:00:28Z</time>
      </trkpt>
      <trkpt lat="68.357435250654817" lon="14.493826115503907">
        <ele>148.659999999999997</ele>
        <time>2014-05-20T10:00:45Z</time>
      </trkpt>
      <trkpt lat="68.357377583160996" lon="14.493872132152319">
        <ele>147.219999999999999</ele>
        <time>2014-05-20T10:00:50Z</time>
      </trkpt>
      <trkpt lat="68.357350341975689" lon="14.493926782160997">
        <ele>146.259999999999991</ele>
        <time>2014-05-20T10:00:53Z</time>
      </trkpt>
      <trkpt lat="68.357238443568349" lon="14.494021581485868">
        <ele>142.409999999999997</ele>
        <time>2014-05-20T10:01:04Z</time>
      </trkpt>
      <trkpt lat="68.357208436354995" lon="14.494057120755315">
        <ele>141.449999999999989</ele>
        <time>2014-05-20T10:01:07Z</time>
      </trkpt>
      <trkpt lat="68.3571857213974" lon="14.494095090776682">
        <ele>140.009999999999991</ele>
        <time>2014-05-20T10:01:10Z</time>
      </trkpt>
      <trkpt lat="68.357185637578368" lon="14.494029209017754">
        <ele>138.569999999999993</ele>
        <time>2014-05-20T10:01:13Z</time>
      </trkpt>
      <trkpt lat="68.357184045016766" lon="14.493966428562999">
        <ele>137.129999999999995</ele>
        <time>2014-05-20T10:01:15Z</time>
      </trkpt>
      <trkpt lat="68.357201730832458" lon="14.493910437449813">
        <ele>135.680000000000007</ele>
        <time>2014-05-20T10:01:17Z</time>
      </trkpt>
      <trkpt lat="68.357227966189384" lon="14.493766855448484">
        <ele>133.759999999999991</ele>
        <time>2014-05-20T10:01:19Z</time>
      </trkpt>
      <trkpt lat="68.357227547094226" lon="14.493652526289225">
        <ele>132.319999999999993</ele>
        <time>2014-05-20T10:01:22Z</time>
      </trkpt>
      <trkpt lat="68.357250262051821" lon="14.493526378646493">
        <ele>130.879999999999995</ele>
        <time>2014-05-20T10:01:27Z</time>
      </trkpt>
      <trkpt lat="68.357253111898899" lon="14.493455216288567">
        <ele>129.919999999999987</ele>
        <time>2014-05-20T10:01:29Z</time>
      </trkpt>
      <trkpt lat="68.357322597876191" lon="14.493142319843173">
        <ele>126.069999999999993</ele>
        <time>2014-05-20T10:01:40Z</time>
      </trkpt>
      <trkpt lat="68.357336428016424" lon="14.492996893823147">
        <ele>124.150000000000006</ele>
        <time>2014-05-20T10:01:45Z</time>
      </trkpt>
      <trkpt lat="68.357343301177025" lon="14.492840152233839">
        <ele>123.670000000000002</ele>
        <time>2014-05-20T10:01:49Z</time>
      </trkpt>
      <trkpt lat="68.357453271746635" lon="14.492588946595788">
        <ele>124.629999999999995</ele>
        <time>2014-05-20T10:02:02Z</time>
      </trkpt>
      <trkpt lat="68.357455115765333" lon="14.492558101192117">
        <ele>124.629999999999995</ele>
        <time>2014-05-20T10:02:03Z</time>
      </trkpt>
      <trkpt lat="68.357528876513243" lon="14.49244880117476">
        <ele>124.629999999999995</ele>
        <time>2014-05-20T10:02:09Z</time>
      </trkpt>
      <trkpt lat="68.357582688331604" lon="14.492476042360067">
        <ele>124.629999999999995</ele>
        <time>2014-05-20T10:02:14Z</time>
      </trkpt>
      <trkpt lat="68.357614707201719" lon="14.492370933294296">
        <ele>123.670000000000002</ele>
        <time>2014-05-20T10:02:20Z</time>
      </trkpt>
      <trkpt lat="68.357686623930931" lon="14.492192231118679">
        <ele>121.260000000000005</ele>
        <time>2014-05-20T10:02:31Z</time>
      </trkpt>
      <trkpt lat="68.357754517346621" lon="14.492130624130368">
        <ele>119.340000000000003</ele>
        <time>2014-05-20T10:02:37Z</time>
      </trkpt>
      <trkpt lat="68.357833893969655" lon="14.492055522277951">
        <ele>118.379999999999995</ele>
        <time>2014-05-20T10:02:42Z</time>
      </trkpt>
      <trkpt lat="68.357874797657132" lon="14.49195527471602">
        <ele>117.900000000000006</ele>
        <time>2014-05-20T10:02:46Z</time>
      </trkpt>
      <trkpt lat="68.357909498736262" lon="14.491873383522034">
        <ele>115.980000000000004</ele>
        <time>2014-05-20T10:02:51Z</time>
      </trkpt>
      <trkpt lat="68.357941349968314" lon="14.491725442931056">
        <ele>113.569999999999993</ele>
        <time>2014-05-20T10:02:57Z</time>
      </trkpt>
      <trkpt lat="68.357933303341269" lon="14.491756372153759">
        <ele>113.090000000000003</ele>
        <time>2014-05-20T10:02:58Z</time>
      </trkpt>
      <trkpt lat="68.357849484309554" lon="14.491745140403509">
        <ele>109.730000000000004</ele>
        <time>2014-05-20T10:03:07Z</time>
      </trkpt>
      <trkpt lat="68.357871444895864" lon="14.491755031049252">
        <ele>107.319999999999993</ele>
        <time>2014-05-20T10:03:14Z</time>
      </trkpt>
      <trkpt lat="68.357860716059804" lon="14.49174128472805">
        <ele>106.359999999999999</ele>
        <time>2014-05-20T10:03:17Z</time>
      </trkpt>
      <trkpt lat="68.357945205643773" lon="14.491590326651931">
        <ele>103.480000000000004</ele>
        <time>2014-05-20T10:03:25Z</time>
      </trkpt>
      <trkpt lat="68.358081160113215" lon="14.491429897025228">
        <ele>100.599999999999994</ele>
        <time>2014-05-20T10:03:36Z</time>
      </trkpt>
      <trkpt lat="68.358138743788004" lon="14.491327302530408">
        <ele>98.670000000000002</ele>
        <time>2014-05-20T10:03:43Z</time>
      </trkpt>
      <trkpt lat="68.35821283981204" lon="14.491152288392186">
        <ele>96.75</ele>
        <time>2014-05-20T10:03:53Z</time>
      </trkpt>
      <trkpt lat="68.358286265283823" lon="14.490988003090024">
        <ele>94.349999999999994</ele>
        <time>2014-05-20T10:04:02Z</time>
      </trkpt>
      <trkpt lat="68.358292635530233" lon="14.490917176008224">
        <ele>93.390000000000001</ele>
        <time>2014-05-20T10:04:05Z</time>
      </trkpt>
      <trkpt lat="68.358305208384991" lon="14.490846684202552">
        <ele>92.900000000000006</ele>
        <time>2014-05-20T10:04:08Z</time>
      </trkpt>
      <trkpt lat="68.358213175088167" lon="14.490510486066341">
        <ele>90.019999999999996</ele>
        <time>2014-05-20T10:04:18Z</time>
      </trkpt>
      <trkpt lat="68.358232453465462" lon="14.490357851609588">
        <ele>88.579999999999998</ele>
        <time>2014-05-20T10:04:24Z</time>
      </trkpt>
      <trkpt lat="68.358240919187665" lon="14.490238996222615">
        <ele>87.140000000000001</ele>
        <time>2014-05-20T10:04:28Z</time>
      </trkpt>
      <trkpt lat="68.358259527012706" lon="14.489920735359192">
        <ele>84.25</ele>
        <time>2014-05-20T10:04:40Z</time>
      </trkpt>
      <trkpt lat="68.35826757363975" lon="14.489889135584235">
        <ele>84.730000000000004</ele>
        <time>2014-05-20T10:04:51Z</time>
      </trkpt>
      <trkpt lat="68.358351979404688" lon="14.48997488245368">
        <ele>85.209999999999994</ele>
        <time>2014-05-20T10:05:18Z</time>
      </trkpt>
      <trkpt lat="68.35843957029283" lon="14.490013355389237">
        <ele>85.209999999999994</ele>
        <time>2014-05-20T10:05:33Z</time>
      </trkpt>
      <trkpt lat="68.358476115390658" lon="14.489933894947171">
        <ele>85.689999999999998</ele>
        <time>2014-05-20T10:05:57Z</time>
      </trkpt>
      <trkpt lat="68.358450634405017" lon="14.489906234666705">
        <ele>85.209999999999994</ele>
        <time>2014-05-20T10:06:19Z</time>
      </trkpt>
      <trkpt lat="68.358443677425385" lon="14.48991134762764">
        <ele>85.209999999999994</ele>
        <time>2014-05-20T10:06:41Z</time>
      </trkpt>
      <trkpt lat="68.358449963852763" lon="14.489904977381229">
        <ele>85.209999999999994</ele>
        <time>2014-05-20T10:07:00Z</time>
      </trkpt>
      <trkpt lat="68.358436385169625" lon="14.489832893013954">
        <ele>85.689999999999998</ele>
        <time>2014-05-20T10:07:28Z</time>
      </trkpt>
      <trkpt lat="68.358406126499176" lon="14.489887710660696">
        <ele>85.689999999999998</ele>
        <time>2014-05-20T10:07:52Z</time>
      </trkpt>
      <trkpt lat="68.358434289693832" lon="14.489986868575215">
        <ele>86.180000000000007</ele>
        <time>2014-05-20T10:08:19Z</time>
      </trkpt>
      <trkpt lat="68.358413418754935" lon="14.48994311504066">
        <ele>86.180000000000007</ele>
        <time>2014-05-20T10:08:47Z</time>
      </trkpt>
      <trkpt lat="68.358396152034402" lon="14.489792743697762">
        <ele>85.209999999999994</ele>
        <time>2014-05-20T10:09:11Z</time>
      </trkpt>
      <trkpt lat="68.358398247510195" lon="14.48976282030344">
        <ele>84.730000000000004</ele>
        <time>2014-05-20T10:09:13Z</time>
      </trkpt>
      <trkpt lat="68.358404114842415" lon="14.489684533327818">
        <ele>84.25</ele>
        <time>2014-05-20T10:09:16Z</time>
      </trkpt>
      <trkpt lat="68.358403779566288" lon="14.48959669098258">
        <ele>83.290000000000006</ele>
        <time>2014-05-20T10:09:21Z</time>
      </trkpt>
      <trkpt lat="68.358415262773633" lon="14.489517314359546">
        <ele>81.849999999999994</ele>
        <time>2014-05-20T10:09:24Z</time>
      </trkpt>
      <trkpt lat="68.358443593606353" lon="14.489343306049705">
        <ele>81.370000000000005</ele>
        <time>2014-05-20T10:09:28Z</time>
      </trkpt>
      <trkpt lat="68.358511989936233" lon="14.489014651626348">
        <ele>77.040000000000006</ele>
        <time>2014-05-20T10:09:39Z</time>
      </trkpt>
      <trkpt lat="68.358514085412025" lon="14.488951116800308">
        <ele>77.040000000000006</ele>
        <time>2014-05-20T10:09:41Z</time>
      </trkpt>
      <trkpt lat="68.358558006584644" lon="14.488828741014004">
        <ele>75.599999999999994</ele>
        <time>2014-05-20T10:09:47Z</time>
      </trkpt>
      <trkpt lat="68.358608800917864" lon="14.488603100180626">
        <ele>74.159999999999997</ele>
        <time>2014-05-20T10:09:55Z</time>
      </trkpt>
      <trkpt lat="68.358641657978296" lon="14.488477203994989">
        <ele>72.719999999999999</ele>
        <time>2014-05-20T10:10:00Z</time>
      </trkpt>
      <trkpt lat="68.358667055144906" lon="14.48840050958097">
        <ele>71.760000000000005</ele>
        <time>2014-05-20T10:10:03Z</time>
      </trkpt>
      <trkpt lat="68.358683902770281" lon="14.4883125834167">
        <ele>70.310000000000002</ele>
        <time>2014-05-20T10:10:06Z</time>
      </trkpt>
      <trkpt lat="68.358681388199329" lon="14.488263549283147">
        <ele>68.390000000000001</ele>
        <time>2014-05-20T10:10:11Z</time>
      </trkpt>
      <trkpt lat="68.358633192256093" lon="14.488317277282476">
        <ele>66.950000000000003</ele>
        <time>2014-05-20T10:10:19Z</time>
      </trkpt>
      <trkpt lat="68.358622211962938" lon="14.488338567316532">
        <ele>66.469999999999999</ele>
        <time>2014-05-20T10:10:23Z</time>
      </trkpt>
      <trkpt lat="68.358622044324875" lon="14.488370334729552">
        <ele>65.510000000000005</ele>
        <time>2014-05-20T10:10:26Z</time>
      </trkpt>
      <trkpt lat="68.358620116487145" lon="14.488407550379634">
        <ele>65.510000000000005</ele>
        <time>2014-05-20T10:10:28Z</time>
      </trkpt>
      <trkpt lat="68.358498578891158" lon="14.488511402159929">
        <ele>61.659999999999997</ele>
        <time>2014-05-20T10:10:43Z</time>
      </trkpt>
      <trkpt lat="68.358463710173965" lon="14.488469157367945">
        <ele>60.700000000000003</ele>
        <time>2014-05-20T10:10:48Z</time>
      </trkpt>
      <trkpt lat="68.358466308563948" lon="14.488297579810023">
        <ele>59.259999999999998</ele>
        <time>2014-05-20T10:10:53Z</time>
      </trkpt>
      <trkpt lat="68.358497824519873" lon="14.488056432455778">
        <ele>56.369999999999997</ele>
        <time>2014-05-20T10:11:04Z</time>
      </trkpt>
      <trkpt lat="68.358529843389988" lon="14.487949647009373">
        <ele>54.93</ele>
        <time>2014-05-20T10:11:08Z</time>
      </trkpt>
      <trkpt lat="68.358553312718868" lon="14.487915197387338">
        <ele>54.93</ele>
        <time>2014-05-20T10:11:10Z</time>
      </trkpt>
      <trkpt lat="68.358578290790319" lon="14.487793492153287">
        <ele>53.490000000000002</ele>
        <time>2014-05-20T10:11:14Z</time>
      </trkpt>
      <trkpt lat="68.358598239719868" lon="14.487777482718229">
        <ele>53.009999999999998</ele>
        <time>2014-05-20T10:11:16Z</time>
      </trkpt>
      <trkpt lat="68.358640149235725" lon="14.487662566825747">
        <ele>51.090000000000003</ele>
        <time>2014-05-20T10:11:22Z</time>
      </trkpt>
      <trkpt lat="68.358674347400665" lon="14.487562067806721">
        <ele>49.649999999999999</ele>
        <time>2014-05-20T10:11:26Z</time>
      </trkpt>
      <trkpt lat="68.358749952167273" lon="14.487330727279186">
        <ele>45.799999999999997</ele>
        <time>2014-05-20T10:11:35Z</time>
      </trkpt>
      <trkpt lat="68.358809044584632" lon="14.487088909372687">
        <ele>43.399999999999999</ele>
        <time>2014-05-20T10:11:44Z</time>
      </trkpt>
      <trkpt lat="68.35882899351418" lon="14.486982962116599">
        <ele>42.439999999999998</ele>
        <time>2014-05-20T10:11:48Z</time>
      </trkpt>
      <trkpt lat="68.358878111466765" lon="14.486570321023464">
        <ele>39.07</ele>
        <time>2014-05-20T10:12:02Z</time>
      </trkpt>
      <trkpt lat="68.358924463391304" lon="14.486387679353356">
        <ele>38.590000000000003</ele>
        <time>2014-05-20T10:12:08Z</time>
      </trkpt>
      <trkpt lat="68.358968133106828" lon="14.486173018813133">
        <ele>37.149999999999999</ele>
        <time>2014-05-20T10:12:16Z</time>
      </trkpt>
      <trkpt lat="68.358999900519848" lon="14.485967326909304">
        <ele>36.670000000000002</ele>
        <time>2014-05-20T10:12:23Z</time>
      </trkpt>
      <trkpt lat="68.359012808650732" lon="14.485923238098621">
        <ele>36.670000000000002</ele>
        <time>2014-05-20T10:12:25Z</time>
      </trkpt>
      <trkpt lat="68.359018340706825" lon="14.485843777656555">
        <ele>36.670000000000002</ele>
        <time>2014-05-20T10:12:27Z</time>
      </trkpt>
      <trkpt lat="68.359068799763918" lon="14.485774375498295">
        <ele>37.149999999999999</ele>
        <time>2014-05-20T10:12:31Z</time>
      </trkpt>
      <trkpt lat="68.359114062041044" lon="14.485489642247558">
        <ele>36.670000000000002</ele>
        <time>2014-05-20T10:12:41Z</time>
      </trkpt>
      <trkpt lat="68.359086820855737" lon="14.485236508771777">
        <ele>35.710000000000001</ele>
        <time>2014-05-20T10:12:49Z</time>
      </trkpt>
      <trkpt lat="68.359076343476772" lon="14.485188480466604">
        <ele>34.740000000000002</ele>
        <time>2014-05-20T10:12:51Z</time>
      </trkpt>
      <trkpt lat="68.359076259657741" lon="14.48494833894074">
        <ele>33.299999999999997</ele>
        <time>2014-05-20T10:12:59Z</time>
      </trkpt>
      <trkpt lat="68.35906695574522" lon="14.484876254573464">
        <ele>32.82</ele>
        <time>2014-05-20T10:13:02Z</time>
      </trkpt>
      <trkpt lat="68.359058322384953" lon="14.484791932627559">
        <ele>32.340000000000003</ele>
        <time>2014-05-20T10:13:05Z</time>
      </trkpt>
      <trkpt lat="68.359061256051064" lon="14.484661342576146">
        <ele>30.899999999999999</ele>
        <time>2014-05-20T10:13:11Z</time>
      </trkpt>
      <trkpt lat="68.359091430902481" lon="14.484657486900687">
        <ele>29.460000000000001</ele>
        <time>2014-05-20T10:13:24Z</time>
      </trkpt>
      <trkpt lat="68.35909285582602" lon="14.484659750014544">
        <ele>30.420000000000002</ele>
        <time>2014-05-20T10:13:26Z</time>
      </trkpt>
      <trkpt lat="68.35908405482769" lon="14.484563274309039">
        <ele>29.940000000000001</ele>
        <time>2014-05-20T10:13:48Z</time>
      </trkpt>
      <trkpt lat="68.359016161412001" lon="14.48449345305562">
        <ele>29.940000000000001</ele>
        <time>2014-05-20T10:14:22Z</time>
      </trkpt>
      <trkpt lat="68.358962349593639" lon="14.484569728374481">
        <ele>29.460000000000001</ele>
        <time>2014-05-20T10:14:48Z</time>
      </trkpt>
      <trkpt lat="68.358933432027698" lon="14.484559837728739">
        <ele>29.940000000000001</ele>
        <time>2014-05-20T10:15:14Z</time>
      </trkpt>
      <trkpt lat="68.3590092882514" lon="14.484636448323727">
        <ele>29.460000000000001</ele>
        <time>2014-05-20T10:15:26Z</time>
      </trkpt>
      <trkpt lat="68.359035104513168" lon="14.484669053927064">
        <ele>30.899999999999999</ele>
        <time>2014-05-20T10:15:30Z</time>
      </trkpt>
      <trkpt lat="68.358993697911501" lon="14.48494641110301">
        <ele>30.899999999999999</ele>
        <time>2014-05-20T10:15:39Z</time>
      </trkpt>
      <trkpt lat="68.358991770073771" lon="14.484984716400504">
        <ele>30.420000000000002</ele>
        <time>2014-05-20T10:15:40Z</time>
      </trkpt>
      <trkpt lat="68.35895991884172" lon="14.485105751082301">
        <ele>30.899999999999999</ele>
        <time>2014-05-20T10:15:44Z</time>
      </trkpt>
      <trkpt lat="68.358874674886465" lon="14.485661471262574">
        <ele>30.899999999999999</ele>
        <time>2014-05-20T10:16:00Z</time>
      </trkpt>
      <trkpt lat="68.358781132847071" lon="14.486186346039176">
        <ele>31.379999999999999</ele>
        <time>2014-05-20T10:16:16Z</time>
      </trkpt>
      <trkpt lat="68.358652051538229" lon="14.486666796728969">
        <ele>32.340000000000003</ele>
        <time>2014-05-20T10:16:32Z</time>
      </trkpt>
      <trkpt lat="68.358458178117871" lon="14.487018501386046">
        <ele>32.82</ele>
        <time>2014-05-20T10:16:49Z</time>
      </trkpt>
      <trkpt lat="68.358363127335906" lon="14.487115982919931">
        <ele>33.299999999999997</ele>
        <time>2014-05-20T10:16:56Z</time>
      </trkpt>
      <trkpt lat="68.358298670500517" lon="14.487165017053485">
        <ele>33.299999999999997</ele>
        <time>2014-05-20T10:17:01Z</time>
      </trkpt>
      <trkpt lat="68.358282912522554" lon="14.487178595736623">
        <ele>33.299999999999997</ele>
        <time>2014-05-20T10:17:03Z</time>
      </trkpt>
      <trkpt lat="68.358191382139921" lon="14.487249758094549">
        <ele>33.299999999999997</ele>
        <time>2014-05-20T10:17:10Z</time>
      </trkpt>
      <trkpt lat="68.357969261705875" lon="14.487355537712574">
        <ele>34.259999999999998</ele>
        <time>2014-05-20T10:17:26Z</time>
      </trkpt>
      <trkpt lat="68.35780581459403" lon="14.487436842173338">
        <ele>34.740000000000002</ele>
        <time>2014-05-20T10:17:37Z</time>
      </trkpt>
      <trkpt lat="68.35755368694663" lon="14.487545136362314">
        <ele>35.229999999999997</ele>
        <time>2014-05-20T10:17:55Z</time>
      </trkpt>
      <trkpt lat="68.357313629239798" lon="14.487657956779003">
        <ele>35.710000000000001</ele>
        <time>2014-05-20T10:18:12Z</time>
      </trkpt>
      <trkpt lat="68.357113469392061" lon="14.487797599285841">
        <ele>36.189999999999998</ele>
        <time>2014-05-20T10:18:27Z</time>
      </trkpt>
      <trkpt lat="68.35691406391561" lon="14.487995998933911">
        <ele>37.149999999999999</ele>
        <time>2014-05-20T10:18:43Z</time>
      </trkpt>
      <trkpt lat="68.356744665652514" lon="14.488356336951256">
        <ele>38.109999999999999</ele>
        <time>2014-05-20T10:18:59Z</time>
      </trkpt>
      <trkpt lat="68.356593959033489" lon="14.488801835104823">
        <ele>38.590000000000003</ele>
        <time>2014-05-20T10:19:16Z</time>
      </trkpt>
      <trkpt lat="68.356442414224148" lon="14.489358477294445">
        <ele>39.549999999999997</ele>
        <time>2014-05-20T10:19:36Z</time>
      </trkpt>
      <trkpt lat="68.356350883841515" lon="14.489808417856693">
        <ele>40.030000000000001</ele>
        <time>2014-05-20T10:19:51Z</time>
      </trkpt>
      <trkpt lat="68.356283409520984" lon="14.490340081974864">
        <ele>40.509999999999998</ele>
        <time>2014-05-20T10:20:06Z</time>
      </trkpt>
      <trkpt lat="68.356235632672906" lon="14.490676699206233">
        <ele>40.990000000000002</ele>
        <time>2014-05-20T10:20:16Z</time>
      </trkpt>
      <trkpt lat="68.356206631287932" lon="14.490845929831266">
        <ele>40.990000000000002</ele>
        <time>2014-05-20T10:20:21Z</time>
      </trkpt>
      <trkpt lat="68.356172852218151" lon="14.491069559007883">
        <ele>41.469999999999999</ele>
        <time>2014-05-20T10:20:28Z</time>
      </trkpt>
      <trkpt lat="68.356055924668908" lon="14.49160985648632">
        <ele>41.950000000000003</ele>
        <time>2014-05-20T10:20:45Z</time>
      </trkpt>
      <trkpt lat="68.355900105088949" lon="14.491940187290311">
        <ele>41.950000000000003</ele>
        <time>2014-05-20T10:21:00Z</time>
      </trkpt>
      <trkpt lat="68.355724839493632" lon="14.492253670468926">
        <ele>42.920000000000002</ele>
        <time>2014-05-20T10:21:16Z</time>
      </trkpt>
      <trkpt lat="68.355549992993474" lon="14.492545276880264">
        <ele>43.399999999999999</ele>
        <time>2014-05-20T10:21:31Z</time>
      </trkpt>
      <trkpt lat="68.355349497869611" lon="14.492877535521984">
        <ele>44.359999999999999</ele>
        <time>2014-05-20T10:21:49Z</time>
      </trkpt>
      <trkpt lat="68.355160653591156" lon="14.493172243237495">
        <ele>45.32</ele>
        <time>2014-05-20T10:22:05Z</time>
      </trkpt>
      <trkpt lat="68.354977006092668" lon="14.493464436382055">
        <ele>46.280000000000001</ele>
        <time>2014-05-20T10:22:21Z</time>
      </trkpt>
      <trkpt lat="68.354827556759119" lon="14.493650263175368">
        <ele>46.759999999999998</ele>
        <time>2014-05-20T10:22:36Z</time>
      </trkpt>
      <trkpt lat="68.354793442413211" lon="14.493689239025116">
        <ele>47.240000000000002</ele>
        <time>2014-05-20T10:23:00Z</time>
      </trkpt>
      <trkpt lat="68.354787910357118" lon="14.493717234581709">
        <ele>47.240000000000002</ele>
        <time>2014-05-20T10:23:02Z</time>
      </trkpt>
      <trkpt lat="68.354775253683329" lon="14.493737351149321">
        <ele>47.240000000000002</ele>
        <time>2014-05-20T10:23:04Z</time>
      </trkpt>
      <trkpt lat="68.354759495705366" lon="14.493778590112925">
        <ele>47.719999999999999</ele>
        <time>2014-05-20T10:23:06Z</time>
      </trkpt>
      <trkpt lat="68.354565035551786" lon="14.493992915377021">
        <ele>48.200000000000003</ele>
        <time>2014-05-20T10:23:23Z</time>
      </trkpt>
      <trkpt lat="68.35434190928936" lon="14.494185531511903">
        <ele>48.200000000000003</ele>
        <time>2014-05-20T10:23:40Z</time>
      </trkpt>
      <trkpt lat="68.354127081111073" lon="14.494450148195028">
        <ele>48.68</ele>
        <time>2014-05-20T10:23:58Z</time>
      </trkpt>
      <trkpt lat="68.353961789980531" lon="14.494699342176318">
        <ele>48.200000000000003</ele>
        <time>2014-05-20T10:24:12Z</time>
      </trkpt>
      <trkpt lat="68.3537716884166" lon="14.49484652839601">
        <ele>46.759999999999998</ele>
        <time>2014-05-20T10:24:28Z</time>
      </trkpt>
      <trkpt lat="68.353666663169861" lon="14.494905788451433">
        <ele>45.32</ele>
        <time>2014-05-20T10:24:37Z</time>
      </trkpt>
      <trkpt lat="68.35358745418489" lon="14.494914337992668">
        <ele>44.359999999999999</ele>
        <time>2014-05-20T10:24:43Z</time>
      </trkpt>
      <trkpt lat="68.353380672633648" lon="14.494961695745587">
        <ele>42.920000000000002</ele>
        <time>2014-05-20T10:24:57Z</time>
      </trkpt>
      <trkpt lat="68.353306241333485" lon="14.494993379339576">
        <ele>42.439999999999998</ele>
        <time>2014-05-20T10:25:02Z</time>
      </trkpt>
      <trkpt lat="68.353197360411286" lon="14.495010310783982">
        <ele>40.990000000000002</ele>
        <time>2014-05-20T10:25:09Z</time>
      </trkpt>
      <trkpt lat="68.353022178635001" lon="14.494979046285152">
        <ele>39.07</ele>
        <time>2014-05-20T10:25:22Z</time>
      </trkpt>
      <trkpt lat="68.352879351004958" lon="14.494968317449093">
        <ele>37.630000000000003</ele>
        <time>2014-05-20T10:25:32Z</time>
      </trkpt>
      <trkpt lat="68.352798549458385" lon="14.49495448730886">
        <ele>36.670000000000002</ele>
        <time>2014-05-20T10:25:39Z</time>
      </trkpt>
      <trkpt lat="68.352740211412311" lon="14.494897490367293">
        <ele>36.189999999999998</ele>
        <time>2014-05-20T10:25:44Z</time>
      </trkpt>
      <trkpt lat="68.352720430120826" lon="14.494890617206693">
        <ele>35.710000000000001</ele>
        <time>2014-05-20T10:25:46Z</time>
      </trkpt>
      <trkpt lat="68.352659242227674" lon="14.494856251403689">
        <ele>35.710000000000001</ele>
        <time>2014-05-20T10:25:52Z</time>
      </trkpt>
      <trkpt lat="68.352554552257061" lon="14.494825070723891">
        <ele>34.740000000000002</ele>
        <time>2014-05-20T10:25:59Z</time>
      </trkpt>
      <trkpt lat="68.35251490585506" lon="14.494838146492839">
        <ele>34.259999999999998</ele>
        <time>2014-05-20T10:26:01Z</time>
      </trkpt>
      <trkpt lat="68.352491520345211" lon="14.494832949712873">
        <ele>34.259999999999998</ele>
        <time>2014-05-20T10:26:02Z</time>
      </trkpt>
      <trkpt lat="68.35239278152585" lon="14.494818029925227">
        <ele>33.299999999999997</ele>
        <time>2014-05-20T10:26:07Z</time>
      </trkpt>
      <trkpt lat="68.352377442643046" lon="14.494803445413709">
        <ele>33.299999999999997</ele>
        <time>2014-05-20T10:26:08Z</time>
      </trkpt>
      <trkpt lat="68.352364366874099" lon="14.494798500090837">
        <ele>32.82</ele>
        <time>2014-05-20T10:26:09Z</time>
      </trkpt>
      <trkpt lat="68.352157333865762" lon="14.494821717962623">
        <ele>32.340000000000003</ele>
        <time>2014-05-20T10:26:25Z</time>
      </trkpt>
      <trkpt lat="68.351904870942235" lon="14.494823142886162">
        <ele>30.420000000000002</ele>
        <time>2014-05-20T10:26:42Z</time>
      </trkpt>
      <trkpt lat="68.351707141846418" lon="14.494800008833408">
        <ele>28.5</ele>
        <time>2014-05-20T10:26:57Z</time>
      </trkpt>
      <trkpt lat="68.351544952020049" lon="14.494888102635741">
        <ele>27.050000000000001</ele>
        <time>2014-05-20T10:27:10Z</time>
      </trkpt>
      <trkpt lat="68.351530954241753" lon="14.494907213374972">
        <ele>27.050000000000001</ele>
        <time>2014-05-20T10:27:11Z</time>
      </trkpt>
      <trkpt lat="68.351450236514211" lon="14.494988098740578">
        <ele>26.57</ele>
        <time>2014-05-20T10:27:18Z</time>
      </trkpt>
      <trkpt lat="68.3513696026057" lon="14.495013663545251">
        <ele>26.09</ele>
        <time>2014-05-20T10:27:26Z</time>
      </trkpt>
      <trkpt lat="68.351346468552947" lon="14.495031516999006">
        <ele>26.09</ele>
        <time>2014-05-20T10:27:28Z</time>
      </trkpt>
      <trkpt lat="68.351333979517221" lon="14.495041994377971">
        <ele>26.09</ele>
        <time>2014-05-20T10:27:29Z</time>
      </trkpt>
      <trkpt lat="68.351254099979997" lon="14.495179038494825">
        <ele>25.609999999999999</ele>
        <time>2014-05-20T10:27:40Z</time>
      </trkpt>
      <trkpt lat="68.351071458309889" lon="14.49539084918797">
        <ele>26.09</ele>
        <time>2014-05-20T10:27:54Z</time>
      </trkpt>
      <trkpt lat="68.350863084197044" lon="14.495629062876105">
        <ele>26.09</ele>
        <time>2014-05-20T10:28:10Z</time>
      </trkpt>
      <trkpt lat="68.350613052025437" lon="14.495799886062741">
        <ele>26.57</ele>
        <time>2014-05-20T10:28:27Z</time>
      </trkpt>
      <trkpt lat="68.350366707891226" lon="14.495881777256727">
        <ele>27.050000000000001</ele>
        <time>2014-05-20T10:28:43Z</time>
      </trkpt>
      <trkpt lat="68.350090775638819" lon="14.496017647907138">
        <ele>26.57</ele>
        <time>2014-05-20T10:29:02Z</time>
      </trkpt>
      <trkpt lat="68.34984015673399" lon="14.496070789173245">
        <ele>26.57</ele>
        <time>2014-05-20T10:29:19Z</time>
      </trkpt>
      <trkpt lat="68.349576210603118" lon="14.496091157197952">
        <ele>28.02</ele>
        <time>2014-05-20T10:29:36Z</time>
      </trkpt>
      <trkpt lat="68.349340511485934" lon="14.496135748922825">
        <ele>27.050000000000001</ele>
        <time>2014-05-20T10:29:52Z</time>
      </trkpt>
      <trkpt lat="68.349090479314327" lon="14.496175143867731">
        <ele>26.57</ele>
        <time>2014-05-20T10:30:09Z</time>
      </trkpt>
      <trkpt lat="68.348823599517345" lon="14.496165839955211">
        <ele>26.57</ele>
        <time>2014-05-20T10:30:28Z</time>
      </trkpt>
      <trkpt lat="68.34857658483088" lon="14.496068609878421">
        <ele>27.050000000000001</ele>
        <time>2014-05-20T10:30:44Z</time>
      </trkpt>
      <trkpt lat="68.348421519622207" lon="14.495977330952883">
        <ele>27.530000000000001</ele>
        <time>2014-05-20T10:30:58Z</time>
      </trkpt>
      <trkpt lat="68.348367707803845" lon="14.495933577418327">
        <ele>28.02</ele>
        <time>2014-05-20T10:31:04Z</time>
      </trkpt>
      <trkpt lat="68.348344573751092" lon="14.495913125574589">
        <ele>28.02</ele>
        <time>2014-05-20T10:31:06Z</time>
      </trkpt>
      <trkpt lat="68.348218342289329" lon="14.495759066194296">
        <ele>28.5</ele>
        <time>2014-05-20T10:31:18Z</time>
      </trkpt>
      <trkpt lat="68.348207529634237" lon="14.4957485049963">
        <ele>28.98</ele>
        <time>2014-05-20T10:31:19Z</time>
      </trkpt>
      <trkpt lat="68.348197722807527" lon="14.4957294780761">
        <ele>28.98</ele>
        <time>2014-05-20T10:31:20Z</time>
      </trkpt>
      <trkpt lat="68.348186323419213" lon="14.495709864422679">
        <ele>28.98</ele>
        <time>2014-05-20T10:31:21Z</time>
      </trkpt>
      <trkpt lat="68.34817542694509" lon="14.4956967048347">
        <ele>28.98</ele>
        <time>2014-05-20T10:31:22Z</time>
      </trkpt>
      <trkpt lat="68.348164949566126" lon="14.49568253941834">
        <ele>28.98</ele>
        <time>2014-05-20T10:31:23Z</time>
      </trkpt>
      <trkpt lat="68.34805078804493" lon="14.495488917455077">
        <ele>29.460000000000001</ele>
        <time>2014-05-20T10:31:37Z</time>
      </trkpt>
      <trkpt lat="68.348010974004865" lon="14.495469219982624">
        <ele>29.940000000000001</ele>
        <time>2014-05-20T10:31:47Z</time>
      </trkpt>
      <trkpt lat="68.347981972619891" lon="14.495457569137216">
        <ele>29.460000000000001</ele>
        <time>2014-05-20T10:31:50Z</time>
      </trkpt>
      <trkpt lat="68.34797216579318" lon="14.495441559702158">
        <ele>29.940000000000001</ele>
        <time>2014-05-20T10:31:51Z</time>
      </trkpt>
      <trkpt lat="68.347962107509375" lon="14.495435524731874">
        <ele>29.940000000000001</ele>
        <time>2014-05-20T10:31:52Z</time>
      </trkpt>
      <trkpt lat="68.347953055053949" lon="14.495437201112509">
        <ele>29.940000000000001</ele>
        <time>2014-05-20T10:31:53Z</time>
      </trkpt>
      <trkpt lat="68.347943667322397" lon="14.495436698198318">
        <ele>29.940000000000001</ele>
        <time>2014-05-20T10:31:54Z</time>
      </trkpt>
      <trkpt lat="68.347782818600535" lon="14.495449187234044">
        <ele>30.420000000000002</ele>
        <time>2014-05-20T10:32:10Z</time>
      </trkpt>
      <trkpt lat="68.347614174708724" lon="14.495496628805995">
        <ele>30.420000000000002</ele>
        <time>2014-05-20T10:32:25Z</time>
      </trkpt>
      <trkpt lat="68.347440753132105" lon="14.495541220530868">
        <ele>30.420000000000002</ele>
        <time>2014-05-20T10:32:40Z</time>
      </trkpt>
      <trkpt lat="68.347239168360829" lon="14.495582962408662">
        <ele>30.420000000000002</ele>
        <time>2014-05-20T10:32:57Z</time>
      </trkpt>
      <trkpt lat="68.347154594957829" lon="14.495632583275437">
        <ele>30.420000000000002</ele>
        <time>2014-05-20T10:33:11Z</time>
      </trkpt>
      <trkpt lat="68.347152164205909" lon="14.495624201372266">
        <ele>29.940000000000001</ele>
        <time>2014-05-20T10:33:24Z</time>
      </trkpt>
      <trkpt lat="68.347164317965508" lon="14.49562780559063">
        <ele>29.940000000000001</ele>
        <time>2014-05-20T10:33:47Z</time>
      </trkpt>
      <trkpt lat="68.347141603007913" lon="14.495656136423349">
        <ele>29.460000000000001</ele>
        <time>2014-05-20T10:34:13Z</time>
      </trkpt>
      <trkpt lat="68.346985783427954" lon="14.495444409549236">
        <ele>30.420000000000002</ele>
        <time>2014-05-20T10:34:46Z</time>
      </trkpt>
      <trkpt lat="68.346485635265708" lon="14.495090106502175">
        <ele>30.420000000000002</ele>
        <time>2014-05-20T10:34:55Z</time>
      </trkpt>
      <trkpt lat="68.345728917047381" lon="14.493958633393049">
        <ele>28.5</ele>
        <time>2014-05-20T10:35:04Z</time>
      </trkpt>
      <trkpt lat="68.345084432512522" lon="14.492590371519327">
        <ele>32.340000000000003</ele>
        <time>2014-05-20T10:35:11Z</time>
      </trkpt>
      <trkpt lat="68.344476828351617" lon="14.491291679441929">
        <ele>35.229999999999997</ele>
        <time>2014-05-20T10:35:17Z</time>
      </trkpt>
      <trkpt lat="68.343815160915256" lon="14.489864073693752">
        <ele>39.07</ele>
        <time>2014-05-20T10:35:24Z</time>
      </trkpt>
      <trkpt lat="68.342487048357725" lon="14.487664243206382">
        <ele>37.149999999999999</ele>
        <time>2014-05-20T10:35:36Z</time>
      </trkpt>
      <trkpt lat="68.342099469155073" lon="14.487171303480864">
        <ele>35.710000000000001</ele>
        <time>2014-05-20T10:35:39Z</time>
      </trkpt>
      <trkpt lat="68.341349456459284" lon="14.48620805516839">
        <ele>32.82</ele>
        <time>2014-05-20T10:35:45Z</time>
      </trkpt>
      <trkpt lat="68.340742774307728" lon="14.485500538721681">
        <ele>29.460000000000001</ele>
        <time>2014-05-20T10:35:50Z</time>
      </trkpt>
      <trkpt lat="68.340617548674345" lon="14.485393417999148">
        <ele>28.98</ele>
        <time>2014-05-20T10:35:51Z</time>
      </trkpt>
      <trkpt lat="68.340489137917757" lon="14.485306581482291">
        <ele>28.98</ele>
        <time>2014-05-20T10:35:52Z</time>
      </trkpt>
      <trkpt lat="68.340358547866344" lon="14.485260983929038">
        <ele>29.460000000000001</ele>
        <time>2014-05-20T10:35:53Z</time>
      </trkpt>
      <trkpt lat="68.340228041633964" lon="14.485252937301993">
        <ele>29.460000000000001</ele>
        <time>2014-05-20T10:35:54Z</time>
      </trkpt>
      <trkpt lat="68.340099463239312" lon="14.485277161002159">
        <ele>29.940000000000001</ele>
        <time>2014-05-20T10:35:55Z</time>
      </trkpt>
      <trkpt lat="68.339972728863358" lon="14.485341953113675">
        <ele>30.420000000000002</ele>
        <time>2014-05-20T10:35:56Z</time>
      </trkpt>
      <trkpt lat="68.339847922325134" lon="14.485444379970431">
        <ele>30.899999999999999</ele>
        <time>2014-05-20T10:35:57Z</time>
      </trkpt>
      <trkpt lat="68.339724373072386" lon="14.485602546483278">
        <ele>30.899999999999999</ele>
        <time>2014-05-20T10:35:58Z</time>
      </trkpt>
      <trkpt lat="68.339603086933494" lon="14.485795078799129">
        <ele>31.379999999999999</ele>
        <time>2014-05-20T10:35:59Z</time>
      </trkpt>
      <trkpt lat="68.339486327022314" lon="14.486002447083592">
        <ele>31.379999999999999</ele>
        <time>2014-05-20T10:36:00Z</time>
      </trkpt>
      <trkpt lat="68.338844692334533" lon="14.487153617665172">
        <ele>29.460000000000001</ele>
        <time>2014-05-20T10:36:06Z</time>
      </trkpt>
      <trkpt lat="68.338568676263094" lon="14.487784691154957">
        <ele>25.609999999999999</ele>
        <time>2014-05-20T10:36:09Z</time>
      </trkpt>
      <trkpt lat="68.337941458448768" lon="14.490261962637305">
        <ele>26.09</ele>
        <time>2014-05-20T10:36:18Z</time>
      </trkpt>
      <trkpt lat="68.337899800390005" lon="14.490538062527776">
        <ele>26.09</ele>
        <time>2014-05-20T10:36:19Z</time>
      </trkpt>
      <trkpt lat="68.337534768506885" lon="14.493208788335323">
        <ele>29.940000000000001</ele>
        <time>2014-05-20T10:36:28Z</time>
      </trkpt>
      <trkpt lat="68.337412560358644" lon="14.494205061346292">
        <ele>32.82</ele>
        <time>2014-05-20T10:36:31Z</time>
      </trkpt>
      <trkpt lat="68.337093377485871" lon="14.496506983414292">
        <ele>30.420000000000002</ele>
        <time>2014-05-20T10:36:38Z</time>
      </trkpt>
      <trkpt lat="68.337021544575691" lon="14.496787777170539">
        <ele>30.420000000000002</ele>
        <time>2014-05-20T10:36:39Z</time>
      </trkpt>
      <trkpt lat="68.336934540420771" lon="14.497033283114433">
        <ele>29.460000000000001</ele>
        <time>2014-05-20T10:36:40Z</time>
      </trkpt>
      <trkpt lat="68.33684166893363" lon="14.497259175404906">
        <ele>28.98</ele>
        <time>2014-05-20T10:36:41Z</time>
      </trkpt>
      <trkpt lat="68.336740331724286" lon="14.497454892843962">
        <ele>28.02</ele>
        <time>2014-05-20T10:36:42Z</time>
      </trkpt>
      <trkpt lat="68.336640754714608" lon="14.49762437492609">
        <ele>28.02</ele>
        <time>2014-05-20T10:36:43Z</time>
      </trkpt>
      <trkpt lat="68.336198693141341" lon="14.498301884159446">
        <ele>25.609999999999999</ele>
        <time>2014-05-20T10:36:49Z</time>
      </trkpt>
      <trkpt lat="68.336157035082579" lon="14.498340105637908">
        <ele>25.609999999999999</ele>
        <time>2014-05-20T10:36:50Z</time>
      </trkpt>
      <trkpt lat="68.336115293204784" lon="14.498355109244585">
        <ele>25.609999999999999</ele>
        <time>2014-05-20T10:36:51Z</time>
      </trkpt>
      <trkpt lat="68.336080089211464" lon="14.498338848352432">
        <ele>25.609999999999999</ele>
        <time>2014-05-20T10:36:52Z</time>
      </trkpt>
      <trkpt lat="68.336071204394102" lon="14.498476143926382">
        <ele>9.75</ele>
        <time>2014-05-20T12:02:18Z</time>
      </trkpt>
    </trkseg>
  </trk>

</gpx>
