<?xml version="1.0"?>
<gpx xmlns="http://www.topografix.com/GPX/1/1" xmlns:xsi="http://www.w3.org/2001/XMLSchema-instance" xmlns:wptx1="http://www.garmin.com/xmlschemas/WaypointExtension/v1" xmlns:gpxtrx="http://www.garmin.com/xmlschemas/GpxExtensions/v3" xmlns:gpxtpx="http://www.garmin.com/xmlschemas/TrackPointExtension/v1" xmlns:gpxx="http://www.garmin.com/xmlschemas/GpxExtensions/v3" xmlns:trp="http://www.garmin.com/xmlschemas/TripExtensions/v1" xmlns:adv="http://www.garmin.com/xmlschemas/AdventuresExtensions/v1" xmlns:prs="http://www.garmin.com/xmlschemas/PressureExtension/v1" xmlns:tmd="http://www.garmin.com/xmlschemas/TripMetaDataExtensions/v1" xmlns:vptm="http://www.garmin.com/xmlschemas/ViaPointTransportationModeExtensions/v1" xmlns:ctx="http://www.garmin.com/xmlschemas/CreationTimeExtension/v1" creator="Garmin Desktop App" version="1.1" xsi:schemaLocation="http://www.topografix.com/GPX/1/1 http://www.topografix.com/GPX/1/1/gpx.xsd http://www.garmin.com/xmlschemas/WaypointExtension/v1 http://www8.garmin.com/xmlschemas/WaypointExtensionv1.xsd http://www.garmin.com/xmlschemas/TrackPointExtension/v1 http://www.garmin.com/xmlschemas/TrackPointExtensionv1.xsd http://www.garmin.com/xmlschemas/GpxExtensions/v3 http://www8.garmin.com/xmlschemas/GpxExtensionsv3.xsd http://www.garmin.com/xmlschemas/ActivityExtension/v1 http://www8.garmin.com/xmlschemas/ActivityExtensionv1.xsd http://www.garmin.com/xmlschemas/AdventuresExtensions/v1 http://www8.garmin.com/xmlschemas/AdventuresExtensionv1.xsd http://www.garmin.com/xmlschemas/PressureExtension/v1 http://www.garmin.com/xmlschemas/PressureExtensionv1.xsd http://www.garmin.com/xmlschemas/TripExtensions/v1 http://www.garmin.com/xmlschemas/TripExtensionsv1.xsd http://www.garmin.com/xmlschemas/TripMetaDataExtensions/v1 http://www.garmin.com/xmlschemas/TripMetaDataExtensionsv1.xsd http://www.garmin.com/xmlschemas/ViaPointTransportationModeExtensions/v1 http://www.garmin.com/xmlschemas/ViaPointTransportationModeExtensionsv1.xsd http://www.garmin.com/xmlschemas/CreationTimeExtensions/v1 http://www.garmin.com/xmlschemas/CreationTimeExtensionsv1.xsd">

  <metadata>
    <link href="http://www.garmin.com">
      <text>Garmin International</text>
    </link>
    <time>2015-01-21T11:35:15Z</time>
    <bounds maxlat="68.128921687602997" maxlon="13.441858543083072" minlat="68.031035810709" minlon="13.344275336712599"/>
  </metadata>

  <wpt lat="68.126562098041177" lon="13.440142348408699">
    <ele>9</ele>
    <time>2015-01-18T16:17:44Z</time>
    <name>Bivouac n°5</name>
    <sym>Campground</sym>
    <type>user</type>
    <extensions>
      <gpxx:WaypointExtension>
        <gpxx:DisplayMode>SymbolAndName</gpxx:DisplayMode>
        <gpxx:Categories>
          <gpxx:Category>Flakstadoya</gpxx:Category>
        </gpxx:Categories>
      </gpxx:WaypointExtension>
      <wptx1:WaypointExtension>
        <wptx1:DisplayMode>SymbolAndName</wptx1:DisplayMode>
        <wptx1:Categories>
          <wptx1:Category>Flakstadoya</wptx1:Category>
        </wptx1:Categories>
      </wptx1:WaypointExtension>
      <ctx:CreationTimeExtension>
        <ctx:CreationTime>2015-01-18T16:17:44Z</ctx:CreationTime>
      </ctx:CreationTimeExtension>
    </extensions>
  </wpt>

  <wpt lat="68.031035810709" lon="13.344275336712599">
    <ele>12.20703125</ele>
    <time>2015-01-18T16:31:34Z</time>
    <name>Bivouac N°6</name>
    <cmt>à proximité de Nusfjord

</cmt>
    <desc>à proximité de Nusfjord

</desc>
    <sym>Campground</sym>
    <type>user</type>
    <extensions>
      <gpxx:WaypointExtension>
        <gpxx:DisplayMode>SymbolAndName</gpxx:DisplayMode>
        <gpxx:Categories>
          <gpxx:Category>Flakstadoya</gpxx:Category>
        </gpxx:Categories>
      </gpxx:WaypointExtension>
      <wptx1:WaypointExtension>
        <wptx1:DisplayMode>SymbolAndName</wptx1:DisplayMode>
        <wptx1:Categories>
          <wptx1:Category>Flakstadoya</wptx1:Category>
        </wptx1:Categories>
      </wptx1:WaypointExtension>
      <ctx:CreationTimeExtension>
        <ctx:CreationTime>2015-01-18T16:31:34Z</ctx:CreationTime>
      </ctx:CreationTimeExtension>
    </extensions>
  </wpt>

  <trk>
    <name>GT_Flakstadoya_Etape6</name>
    <extensions>
      <gpxx:TrackExtension>
        <gpxx:DisplayColor>DarkGray</gpxx:DisplayColor>
      </gpxx:TrackExtension>
    </extensions>
    <trkseg>
      <trkpt lat="68.128921687602997" lon="13.437769347801805">
        <ele>5.7265625</ele>
        <time>2014-05-21T08:45:04Z</time>
      </trkpt>
      <trkpt lat="68.128876425325871" lon="13.437755266204476">
        <ele>6.64453125</ele>
        <time>2014-05-21T08:45:10Z</time>
      </trkpt>
      <trkpt lat="68.128838371485472" lon="13.43782190233469">
        <ele>6.515625</ele>
        <time>2014-05-21T08:45:19Z</time>
      </trkpt>
      <trkpt lat="68.128809873014688" lon="13.437808156013489">
        <ele>7.1484375</ele>
        <time>2014-05-21T08:45:24Z</time>
      </trkpt>
      <trkpt lat="68.128743404522538" lon="13.437828775495291">
        <ele>8.0078125</ele>
        <time>2014-05-21T08:45:32Z</time>
      </trkpt>
      <trkpt lat="68.128704177215695" lon="13.437854927033186">
        <ele>8.34375</ele>
        <time>2014-05-21T08:45:36Z</time>
      </trkpt>
      <trkpt lat="68.128651874139905" lon="13.437871858477592">
        <ele>8.99609375</ele>
        <time>2014-05-21T08:45:41Z</time>
      </trkpt>
      <trkpt lat="68.128623459488153" lon="13.437858950346708">
        <ele>9.62109375</ele>
        <time>2014-05-21T08:45:44Z</time>
      </trkpt>
      <trkpt lat="68.128590350970626" lon="13.43788686208427">
        <ele>9.8203125</ele>
        <time>2014-05-21T08:45:47Z</time>
      </trkpt>
      <trkpt lat="68.128544082865119" lon="13.437935560941696">
        <ele>10</ele>
        <time>2014-05-21T08:45:52Z</time>
      </trkpt>
      <trkpt lat="68.128513908013701" lon="13.437931956723332">
        <ele>10.51953125</ele>
        <time>2014-05-21T08:45:55Z</time>
      </trkpt>
      <trkpt lat="68.128463784232736" lon="13.43799976631999">
        <ele>10.51171875</ele>
        <time>2014-05-21T08:46:00Z</time>
      </trkpt>
      <trkpt lat="68.128426400944591" lon="13.438062462955713">
        <ele>10.328125</ele>
        <time>2014-05-21T08:46:05Z</time>
      </trkpt>
      <trkpt lat="68.128367392346263" lon="13.438185593113303">
        <ele>9.81640625</ele>
        <time>2014-05-21T08:46:12Z</time>
      </trkpt>
      <trkpt lat="68.128354148939252" lon="13.438236471265554">
        <ele>9.46484375</ele>
        <time>2014-05-21T08:46:14Z</time>
      </trkpt>
      <trkpt lat="68.128331769257784" lon="13.438287852331996">
        <ele>9.2421875</ele>
        <time>2014-05-21T08:46:17Z</time>
      </trkpt>
      <trkpt lat="68.128283992409706" lon="13.438340658321977">
        <ele>9.3671875</ele>
        <time>2014-05-21T08:46:23Z</time>
      </trkpt>
      <trkpt lat="68.128209980204701" lon="13.43843319453299">
        <ele>9.484375</ele>
        <time>2014-05-21T08:46:31Z</time>
      </trkpt>
      <trkpt lat="68.128183325752616" lon="13.438435373827815">
        <ele>9.84375</ele>
        <time>2014-05-21T08:46:34Z</time>
      </trkpt>
      <trkpt lat="68.128140578046441" lon="13.438417017459869">
        <ele>10.62890625</ele>
        <time>2014-05-21T08:46:39Z</time>
      </trkpt>
      <trkpt lat="68.128101853653789" lon="13.438440654426813">
        <ele>10.953125</ele>
        <time>2014-05-21T08:46:43Z</time>
      </trkpt>
      <trkpt lat="68.128066817298532" lon="13.438416430726647">
        <ele>11.68359375</ele>
        <time>2014-05-21T08:46:47Z</time>
      </trkpt>
      <trkpt lat="68.127989117056131" lon="13.438223646953702">
        <ele>14.55859375</ele>
        <time>2014-05-21T08:47:00Z</time>
      </trkpt>
      <trkpt lat="68.1279406696558" lon="13.438173774629831">
        <ele>15.6640625</ele>
        <time>2014-05-21T08:47:05Z</time>
      </trkpt>
      <trkpt lat="68.127863388508558" lon="13.438062043860555">
        <ele>17.5234375</ele>
        <time>2014-05-21T08:47:15Z</time>
      </trkpt>
      <trkpt lat="68.127850480377674" lon="13.438025079667568">
        <ele>17.99609375</ele>
        <time>2014-05-21T08:47:17Z</time>
      </trkpt>
      <trkpt lat="68.127774707973003" lon="13.43800856731832">
        <ele>18.9609375</ele>
        <time>2014-05-21T08:47:25Z</time>
      </trkpt>
      <trkpt lat="68.127702791243792" lon="13.438100768253207">
        <ele>18.91015625</ele>
        <time>2014-05-21T08:47:32Z</time>
      </trkpt>
      <trkpt lat="68.127652583643794" lon="13.438197327777743">
        <ele>18.58203125</ele>
        <time>2014-05-21T08:47:38Z</time>
      </trkpt>
      <trkpt lat="68.127553090453148" lon="13.438339149579406">
        <ele>18.37890625</ele>
        <time>2014-05-21T08:47:49Z</time>
      </trkpt>
      <trkpt lat="68.127528699114919" lon="13.438363960012794">
        <ele>18.421875</ele>
        <time>2014-05-21T08:47:51Z</time>
      </trkpt>
      <trkpt lat="68.12749944627285" lon="13.438405282795429">
        <ele>18.36328125</ele>
        <time>2014-05-21T08:47:54Z</time>
      </trkpt>
      <trkpt lat="68.127474803477526" lon="13.438465045765042">
        <ele>18.09375</ele>
        <time>2014-05-21T08:47:58Z</time>
      </trkpt>
      <trkpt lat="68.127425517886877" lon="13.438623044639826">
        <ele>16.87890625</ele>
        <time>2014-05-21T08:48:04Z</time>
      </trkpt>
      <trkpt lat="68.1274070776999" lon="13.438669228926301">
        <ele>16.58984375</ele>
        <time>2014-05-21T08:48:07Z</time>
      </trkpt>
      <trkpt lat="68.127349242568016" lon="13.438710132613778">
        <ele>17.2265625</ele>
        <time>2014-05-21T08:48:17Z</time>
      </trkpt>
      <trkpt lat="68.127235332503915" lon="13.438847176730633">
        <ele>18.5625</ele>
        <time>2014-05-21T08:48:28Z</time>
      </trkpt>
      <trkpt lat="68.127160398289561" lon="13.439001403748989">
        <ele>18.8515625</ele>
        <time>2014-05-21T08:48:37Z</time>
      </trkpt>
      <trkpt lat="68.127144305035472" lon="13.439013306051493">
        <ele>19.13671875</ele>
        <time>2014-05-21T08:48:39Z</time>
      </trkpt>
      <trkpt lat="68.127084542065859" lon="13.43906544148922">
        <ele>19.91796875</ele>
        <time>2014-05-21T08:48:46Z</time>
      </trkpt>
      <trkpt lat="68.126972978934646" lon="13.439162503927946">
        <ele>20.94921875</ele>
        <time>2014-05-21T08:48:59Z</time>
      </trkpt>
      <trkpt lat="68.126888070255518" lon="13.439341373741627">
        <ele>19.5546875</ele>
        <time>2014-05-21T08:49:09Z</time>
      </trkpt>
      <trkpt lat="68.126842807978392" lon="13.43947296962142">
        <ele>17.9375</ele>
        <time>2014-05-21T08:49:21Z</time>
      </trkpt>
      <trkpt lat="68.126792684197426" lon="13.439518064260483">
        <ele>17.86328125</ele>
        <time>2014-05-21T08:49:40Z</time>
      </trkpt>
      <trkpt lat="68.126725796610117" lon="13.439611606299877">
        <ele>16.98046875</ele>
        <time>2014-05-21T08:49:52Z</time>
      </trkpt>
      <trkpt lat="68.126674415543675" lon="13.439616383984685">
        <ele>17.6328125</ele>
        <time>2014-05-21T08:50:02Z</time>
      </trkpt>
      <trkpt lat="68.1266731582582" lon="13.439706321805716">
        <ele>15.9140625</ele>
        <time>2014-05-21T08:50:14Z</time>
      </trkpt>
      <trkpt lat="68.126648096367717" lon="13.439725767821074">
        <ele>15.91015625</ele>
        <time>2014-05-21T08:50:24Z</time>
      </trkpt>
      <trkpt lat="68.126611215993762" lon="13.439779160544276">
        <ele>15.43359375</ele>
        <time>2014-05-21T08:50:28Z</time>
      </trkpt>
      <trkpt lat="68.126549525186419" lon="13.43984286300838">
        <ele>15.15625</ele>
        <time>2014-05-21T08:50:37Z</time>
      </trkpt>
      <trkpt lat="68.126448439434171" lon="13.439786788076162">
        <ele>17.73828125</ele>
        <time>2014-05-21T08:50:50Z</time>
      </trkpt>
      <trkpt lat="68.126363698393106" lon="13.439796930179">
        <ele>18.828125</ele>
        <time>2014-05-21T08:50:59Z</time>
      </trkpt>
      <trkpt lat="68.126318017020822" lon="13.439779998734593">
        <ele>19.82421875</ele>
        <time>2014-05-21T08:51:06Z</time>
      </trkpt>
      <trkpt lat="68.126256577670574" lon="13.439824841916561">
        <ele>20.0546875</ele>
        <time>2014-05-21T08:51:19Z</time>
      </trkpt>
      <trkpt lat="68.126166639849544" lon="13.439939422532916">
        <ele>20.203125</ele>
        <time>2014-05-21T08:51:32Z</time>
      </trkpt>
      <trkpt lat="68.126125317066908" lon="13.440004969015718">
        <ele>20.06640625</ele>
        <time>2014-05-21T08:51:38Z</time>
      </trkpt>
      <trkpt lat="68.126103356480598" lon="13.440018380060792">
        <ele>20.37890625</ele>
        <time>2014-05-21T08:51:40Z</time>
      </trkpt>
      <trkpt lat="68.126090699806809" lon="13.440045034512877">
        <ele>20.2265625</ele>
        <time>2014-05-21T08:51:42Z</time>
      </trkpt>
      <trkpt lat="68.126073852181435" lon="13.440096834674478">
        <ele>19.74609375</ele>
        <time>2014-05-21T08:51:47Z</time>
      </trkpt>
      <trkpt lat="68.126062201336026" lon="13.440196495503187">
        <ele>18.4296875</ele>
        <time>2014-05-21T08:51:52Z</time>
      </trkpt>
      <trkpt lat="68.125980058684945" lon="13.440337814390659">
        <ele>18.31640625</ele>
        <time>2014-05-21T08:52:04Z</time>
      </trkpt>
      <trkpt lat="68.125944687053561" lon="13.440389279276133">
        <ele>18.390625</ele>
        <time>2014-05-21T08:52:08Z</time>
      </trkpt>
      <trkpt lat="68.125849468633533" lon="13.440516600385308">
        <ele>18.70703125</ele>
        <time>2014-05-21T08:52:21Z</time>
      </trkpt>
      <trkpt lat="68.125847205519676" lon="13.440513918176293">
        <ele>18.8046875</ele>
        <time>2014-05-21T08:52:35Z</time>
      </trkpt>
      <trkpt lat="68.125848462805152" lon="13.440523473545909">
        <ele>18.625</ele>
        <time>2014-05-21T08:52:49Z</time>
      </trkpt>
      <trkpt lat="68.125846032053232" lon="13.44044292345643">
        <ele>19.953125</ele>
        <time>2014-05-21T08:52:58Z</time>
      </trkpt>
      <trkpt lat="68.125810408964753" lon="13.440393637865782">
        <ele>21.6015625</ele>
        <time>2014-05-21T08:53:06Z</time>
      </trkpt>
      <trkpt lat="68.125643692910671" lon="13.440531268715858">
        <ele>23.15625</ele>
        <time>2014-05-21T08:53:22Z</time>
      </trkpt>
      <trkpt lat="68.125522239133716" lon="13.44057435169816">
        <ele>24.90234375</ele>
        <time>2014-05-21T08:53:34Z</time>
      </trkpt>
      <trkpt lat="68.125516707077622" lon="13.440584409981966">
        <ele>24.84375</ele>
        <time>2014-05-21T08:53:35Z</time>
      </trkpt>
      <trkpt lat="68.125496758148074" lon="13.440615506842732">
        <ele>24.72265625</ele>
        <time>2014-05-21T08:53:37Z</time>
      </trkpt>
      <trkpt lat="68.12544864602387" lon="13.440675688907504">
        <ele>24.66015625</ele>
        <time>2014-05-21T08:53:42Z</time>
      </trkpt>
      <trkpt lat="68.125349823385477" lon="13.440821031108499">
        <ele>24.2578125</ele>
        <time>2014-05-21T08:53:52Z</time>
      </trkpt>
      <trkpt lat="68.125291401520371" lon="13.440829245373607">
        <ele>25.1328125</ele>
        <time>2014-05-21T08:53:59Z</time>
      </trkpt>
      <trkpt lat="68.125198362395167" lon="13.440946592018008">
        <ele>24.5078125</ele>
        <time>2014-05-21T08:54:08Z</time>
      </trkpt>
      <trkpt lat="68.125043548643589" lon="13.440945586189628">
        <ele>25.953125</ele>
        <time>2014-05-21T08:54:23Z</time>
      </trkpt>
      <trkpt lat="68.124960567802191" lon="13.440972659736872">
        <ele>26.015625</ele>
        <time>2014-05-21T08:54:30Z</time>
      </trkpt>
      <trkpt lat="68.124911366030574" lon="13.441053628921509">
        <ele>24.765625</ele>
        <time>2014-05-21T08:54:35Z</time>
      </trkpt>
      <trkpt lat="68.124884879216552" lon="13.44115043990314">
        <ele>23.0390625</ele>
        <time>2014-05-21T08:54:39Z</time>
      </trkpt>
      <trkpt lat="68.124865349382162" lon="13.441168963909149">
        <ele>22.8125</ele>
        <time>2014-05-21T08:54:41Z</time>
      </trkpt>
      <trkpt lat="68.124777674674988" lon="13.441258063539863">
        <ele>21.69140625</ele>
        <time>2014-05-21T08:54:51Z</time>
      </trkpt>
      <trkpt lat="68.124727047979832" lon="13.441326292231679">
        <ele>20.9765625</ele>
        <time>2014-05-21T08:54:58Z</time>
      </trkpt>
      <trkpt lat="68.124649431556463" lon="13.441400555893779">
        <ele>20.328125</ele>
        <time>2014-05-21T08:55:07Z</time>
      </trkpt>
      <trkpt lat="68.124615987762809" lon="13.441395610570908">
        <ele>20.6328125</ele>
        <time>2014-05-21T08:55:10Z</time>
      </trkpt>
      <trkpt lat="68.12456133775413" lon="13.441262422129512">
        <ele>23.7734375</ele>
        <time>2014-05-21T08:55:17Z</time>
      </trkpt>
      <trkpt lat="68.124543819576502" lon="13.44122420065105">
        <ele>24.85546875</ele>
        <time>2014-05-21T08:55:20Z</time>
      </trkpt>
      <trkpt lat="68.124505430459976" lon="13.441166281700134">
        <ele>26.69921875</ele>
        <time>2014-05-21T08:55:24Z</time>
      </trkpt>
      <trkpt lat="68.124409792944789" lon="13.441225457936525">
        <ele>27.65234375</ele>
        <time>2014-05-21T08:55:32Z</time>
      </trkpt>
      <trkpt lat="68.12424274161458" lon="13.441303912550211">
        <ele>29.421875</ele>
        <time>2014-05-21T08:55:47Z</time>
      </trkpt>
      <trkpt lat="68.124199658632278" lon="13.441334841772914">
        <ele>29.37890625</ele>
        <time>2014-05-21T08:55:51Z</time>
      </trkpt>
      <trkpt lat="68.124151043593884" lon="13.441363843157887">
        <ele>29.40625</ele>
        <time>2014-05-21T08:55:56Z</time>
      </trkpt>
      <trkpt lat="68.124093962833285" lon="13.441425198689103">
        <ele>28.4296875</ele>
        <time>2014-05-21T08:56:02Z</time>
      </trkpt>
      <trkpt lat="68.124064123257995" lon="13.441407596692443">
        <ele>29.50390625</ele>
        <time>2014-05-21T08:56:05Z</time>
      </trkpt>
      <trkpt lat="68.123984411358833" lon="13.441400304436684">
        <ele>31.01171875</ele>
        <time>2014-05-21T08:56:12Z</time>
      </trkpt>
      <trkpt lat="68.12392121180892" lon="13.441374571993947">
        <ele>32.97265625</ele>
        <time>2014-05-21T08:56:20Z</time>
      </trkpt>
      <trkpt lat="68.123836303129792" lon="13.441368117928505">
        <ele>34.6171875</ele>
        <time>2014-05-21T08:56:28Z</time>
      </trkpt>
      <trkpt lat="68.123715771362185" lon="13.44138203188777">
        <ele>35.99609375</ele>
        <time>2014-05-21T08:56:41Z</time>
      </trkpt>
      <trkpt lat="68.123639915138483" lon="13.44145780429244">
        <ele>33.72265625</ele>
        <time>2014-05-21T08:56:48Z</time>
      </trkpt>
      <trkpt lat="68.123568585142493" lon="13.441427880898118">
        <ele>36.15234375</ele>
        <time>2014-05-21T08:56:56Z</time>
      </trkpt>
      <trkpt lat="68.123530531302094" lon="13.441483788192272">
        <ele>33.95703125</ele>
        <time>2014-05-21T08:57:01Z</time>
      </trkpt>
      <trkpt lat="68.12350245192647" lon="13.441539695486426">
        <ele>31.5234375</ele>
        <time>2014-05-21T08:57:04Z</time>
      </trkpt>
      <trkpt lat="68.123388038948178" lon="13.441649414598942">
        <ele>24.28515625</ele>
        <time>2014-05-21T08:57:15Z</time>
      </trkpt>
      <trkpt lat="68.123373622074723" lon="13.441687216982245">
        <ele>22.26171875</ele>
        <time>2014-05-21T08:57:17Z</time>
      </trkpt>
      <trkpt lat="68.123289635404944" lon="13.44182375818491">
        <ele>15.234375</ele>
        <time>2014-05-21T08:57:24Z</time>
      </trkpt>
      <trkpt lat="68.123226184397936" lon="13.441824009642005">
        <ele>14.43359375</ele>
        <time>2014-05-21T08:57:30Z</time>
      </trkpt>
      <trkpt lat="68.123086122795939" lon="13.441850244998932">
        <ele>12.32421875</ele>
        <time>2014-05-21T08:57:47Z</time>
      </trkpt>
      <trkpt lat="68.123010937124491" lon="13.441823422908783">
        <ele>11.75</ele>
        <time>2014-05-21T08:58:01Z</time>
      </trkpt>
      <trkpt lat="68.122990150004625" lon="13.441858543083072">
        <ele>11.03515625</ele>
        <time>2014-05-21T08:58:15Z</time>
      </trkpt>
      <trkpt lat="68.122946983203292" lon="13.441811688244343">
        <ele>11.09765625</ele>
        <time>2014-05-21T08:58:19Z</time>
      </trkpt>
      <trkpt lat="68.122876910492778" lon="13.441664585843682">
        <ele>15.00390625</ele>
        <time>2014-05-21T08:58:30Z</time>
      </trkpt>
      <trkpt lat="68.122824607416987" lon="13.441572384908795">
        <ele>16.953125</ele>
        <time>2014-05-21T08:58:42Z</time>
      </trkpt>
      <trkpt lat="68.122781608253717" lon="13.441554196178913">
        <ele>16.64453125</ele>
        <time>2014-05-21T08:58:52Z</time>
      </trkpt>
      <trkpt lat="68.12276023440063" lon="13.441552855074406">
        <ele>16.25390625</ele>
        <time>2014-05-21T08:58:54Z</time>
      </trkpt>
      <trkpt lat="68.122740453109145" lon="13.441558638587594">
        <ele>15.703125</ele>
        <time>2014-05-21T08:58:56Z</time>
      </trkpt>
      <trkpt lat="68.122562756761909" lon="13.441342134028673">
        <ele>16.69921875</ele>
        <time>2014-05-21T08:59:11Z</time>
      </trkpt>
      <trkpt lat="68.12241867184639" lon="13.441183129325509">
        <ele>15.37109375</ele>
        <time>2014-05-21T08:59:24Z</time>
      </trkpt>
      <trkpt lat="68.122308114543557" lon="13.441056394949555">
        <ele>15.27734375</ele>
        <time>2014-05-21T08:59:35Z</time>
      </trkpt>
      <trkpt lat="68.122255643829703" lon="13.440982466563582">
        <ele>15.81640625</ele>
        <time>2014-05-21T08:59:41Z</time>
      </trkpt>
      <trkpt lat="68.122236784547567" lon="13.44095841050148">
        <ele>15.96875</ele>
        <time>2014-05-21T08:59:43Z</time>
      </trkpt>
      <trkpt lat="68.122191438451409" lon="13.440794460475445">
        <ele>18.0546875</ele>
        <time>2014-05-21T08:59:52Z</time>
      </trkpt>
      <trkpt lat="68.122069649398327" lon="13.440569825470448">
        <ele>20.08203125</ele>
        <time>2014-05-21T09:00:07Z</time>
      </trkpt>
      <trkpt lat="68.121981723234057" lon="13.440435212105513">
        <ele>20.09765625</ele>
        <time>2014-05-21T09:00:17Z</time>
      </trkpt>
      <trkpt lat="68.121944256126881" lon="13.440384585410357">
        <ele>19.73046875</ele>
        <time>2014-05-21T09:00:21Z</time>
      </trkpt>
      <trkpt lat="68.121845601126552" lon="13.44012625515461">
        <ele>19.22265625</ele>
        <time>2014-05-21T09:00:35Z</time>
      </trkpt>
      <trkpt lat="68.121810313314199" lon="13.440000275149941">
        <ele>21.6640625</ele>
        <time>2014-05-21T09:00:41Z</time>
      </trkpt>
      <trkpt lat="68.121779216453433" lon="13.439919222146273">
        <ele>23.05078125</ele>
        <time>2014-05-21T09:00:45Z</time>
      </trkpt>
      <trkpt lat="68.121619373559952" lon="13.439606409519911">
        <ele>26.4375</ele>
        <time>2014-05-21T09:01:01Z</time>
      </trkpt>
      <trkpt lat="68.121457686647773" lon="13.43938504345715">
        <ele>22.9453125</ele>
        <time>2014-05-21T09:01:15Z</time>
      </trkpt>
      <trkpt lat="68.121330616995692" lon="13.439261829480529">
        <ele>19.828125</ele>
        <time>2014-05-21T09:01:27Z</time>
      </trkpt>
      <trkpt lat="68.121302453801036" lon="13.439130820333958">
        <ele>20.078125</ele>
        <time>2014-05-21T09:01:36Z</time>
      </trkpt>
      <trkpt lat="68.121258951723576" lon="13.438812810927629">
        <ele>24.24609375</ele>
        <time>2014-05-21T09:01:48Z</time>
      </trkpt>
      <trkpt lat="68.121209163218737" lon="13.438642239198089">
        <ele>26.86328125</ele>
        <time>2014-05-21T09:01:56Z</time>
      </trkpt>
      <trkpt lat="68.121188711374998" lon="13.438601000234485">
        <ele>27.30859375</ele>
        <time>2014-05-21T09:01:58Z</time>
      </trkpt>
      <trkpt lat="68.121152082458138" lon="13.438492622226477">
        <ele>28.6015625</ele>
        <time>2014-05-21T09:02:03Z</time>
      </trkpt>
      <trkpt lat="68.121067844331264" lon="13.438193220645189">
        <ele>30.08203125</ele>
        <time>2014-05-21T09:02:18Z</time>
      </trkpt>
      <trkpt lat="68.121027192100883" lon="13.438050895929337">
        <ele>30.78125</ele>
        <time>2014-05-21T09:02:25Z</time>
      </trkpt>
      <trkpt lat="68.121019564568996" lon="13.438000101596117">
        <ele>31.15625</ele>
        <time>2014-05-21T09:02:27Z</time>
      </trkpt>
      <trkpt lat="68.120905738323927" lon="13.437691731378436">
        <ele>32.43359375</ele>
        <time>2014-05-21T09:02:43Z</time>
      </trkpt>
      <trkpt lat="68.120870953425765" lon="13.43751797452569">
        <ele>33.5546875</ele>
        <time>2014-05-21T09:02:51Z</time>
      </trkpt>
      <trkpt lat="68.120870618149638" lon="13.437438849359751">
        <ele>34.33984375</ele>
        <time>2014-05-21T09:02:54Z</time>
      </trkpt>
      <trkpt lat="68.120849411934614" lon="13.437263583764434">
        <ele>35.47265625</ele>
        <time>2014-05-21T09:03:01Z</time>
      </trkpt>
      <trkpt lat="68.120832480490208" lon="13.437220668420196">
        <ele>35.46484375</ele>
        <time>2014-05-21T09:03:03Z</time>
      </trkpt>
      <trkpt lat="68.120805993676186" lon="13.437129305675626">
        <ele>35.625</ele>
        <time>2014-05-21T09:03:07Z</time>
      </trkpt>
      <trkpt lat="68.120803814381361" lon="13.437069626525044">
        <ele>36.04296875</ele>
        <time>2014-05-21T09:03:09Z</time>
      </trkpt>
      <trkpt lat="68.120734579861164" lon="13.436698643490672">
        <ele>37.2421875</ele>
        <time>2014-05-21T09:03:24Z</time>
      </trkpt>
      <trkpt lat="68.120685294270515" lon="13.43636772595346">
        <ele>39.1875</ele>
        <time>2014-05-21T09:03:36Z</time>
      </trkpt>
      <trkpt lat="68.120671464130282" lon="13.43632472679019">
        <ele>39.5</ele>
        <time>2014-05-21T09:03:38Z</time>
      </trkpt>
      <trkpt lat="68.120629554614425" lon="13.436114760115743">
        <ele>40</ele>
        <time>2014-05-21T09:03:46Z</time>
      </trkpt>
      <trkpt lat="68.120612455531955" lon="13.435901859775186">
        <ele>40</ele>
        <time>2014-05-21T09:03:54Z</time>
      </trkpt>
      <trkpt lat="68.120601056143641" lon="13.435852490365505">
        <ele>40</ele>
        <time>2014-05-21T09:03:56Z</time>
      </trkpt>
      <trkpt lat="68.120583118870854" lon="13.435796750709414">
        <ele>40</ele>
        <time>2014-05-21T09:03:59Z</time>
      </trkpt>
      <trkpt lat="68.120560487732291" lon="13.435719050467014">
        <ele>40</ele>
        <time>2014-05-21T09:04:03Z</time>
      </trkpt>
      <trkpt lat="68.120544059202075" lon="13.43568510375917">
        <ele>40.15234375</ele>
        <time>2014-05-21T09:04:05Z</time>
      </trkpt>
      <trkpt lat="68.120507597923279" lon="13.435572199523449">
        <ele>41.0234375</ele>
        <time>2014-05-21T09:04:11Z</time>
      </trkpt>
      <trkpt lat="68.120430652052164" lon="13.435455607250333">
        <ele>41.5078125</ele>
        <time>2014-05-21T09:04:19Z</time>
      </trkpt>
      <trkpt lat="68.120381869375706" lon="13.435340858995914">
        <ele>41.80859375</ele>
        <time>2014-05-21T09:04:26Z</time>
      </trkpt>
      <trkpt lat="68.120324201881886" lon="13.435266092419624">
        <ele>41.61328125</ele>
        <time>2014-05-21T09:04:32Z</time>
      </trkpt>
      <trkpt lat="68.120290674269199" lon="13.435172718018293">
        <ele>41.5546875</ele>
        <time>2014-05-21T09:04:37Z</time>
      </trkpt>
      <trkpt lat="68.120241053402424" lon="13.435044139623642">
        <ele>40.55078125</ele>
        <time>2014-05-21T09:04:43Z</time>
      </trkpt>
      <trkpt lat="68.120185984298587" lon="13.434905419126153">
        <ele>39.37890625</ele>
        <time>2014-05-21T09:04:50Z</time>
      </trkpt>
      <trkpt lat="68.12010744586587" lon="13.434759490191936">
        <ele>38.11328125</ele>
        <time>2014-05-21T09:04:58Z</time>
      </trkpt>
      <trkpt lat="68.120033349841833" lon="13.434656225144863">
        <ele>37.07421875</ele>
        <time>2014-05-21T09:05:05Z</time>
      </trkpt>
      <trkpt lat="68.119984231889248" lon="13.434570394456387">
        <ele>36.26171875</ele>
        <time>2014-05-21T09:05:10Z</time>
      </trkpt>
      <trkpt lat="68.119886750355363" lon="13.43434676527977">
        <ele>33.76171875</ele>
        <time>2014-05-21T09:05:24Z</time>
      </trkpt>
      <trkpt lat="68.119888929650187" lon="13.434384232386947">
        <ele>34.0546875</ele>
        <time>2014-05-21T09:05:38Z</time>
      </trkpt>
      <trkpt lat="68.119901334866881" lon="13.434406109154224">
        <ele>34.3359375</ele>
        <time>2014-05-21T09:06:01Z</time>
      </trkpt>
      <trkpt lat="68.119892282411456" lon="13.434320697560906">
        <ele>33.6328125</ele>
        <time>2014-05-21T09:06:30Z</time>
      </trkpt>
      <trkpt lat="68.119823215529323" lon="13.43426713719964">
        <ele>32.484375</ele>
        <time>2014-05-21T09:06:35Z</time>
      </trkpt>
      <trkpt lat="68.119681980460882" lon="13.434126656502485">
        <ele>29.71875</ele>
        <time>2014-05-21T09:06:48Z</time>
      </trkpt>
      <trkpt lat="68.119643423706293" lon="13.434050297364593">
        <ele>28.5859375</ele>
        <time>2014-05-21T09:06:52Z</time>
      </trkpt>
      <trkpt lat="68.119597407057881" lon="13.433933453634381">
        <ele>27.34765625</ele>
        <time>2014-05-21T09:06:58Z</time>
      </trkpt>
      <trkpt lat="68.119531190022826" lon="13.433801271021366">
        <ele>25.97265625</ele>
        <time>2014-05-21T09:07:06Z</time>
      </trkpt>
      <trkpt lat="68.119492130354047" lon="13.433733880519867">
        <ele>25.23828125</ele>
        <time>2014-05-21T09:07:10Z</time>
      </trkpt>
      <trkpt lat="68.119369084015489" lon="13.433465072885156">
        <ele>22.81640625</ele>
        <time>2014-05-21T09:07:23Z</time>
      </trkpt>
      <trkpt lat="68.119357852265239" lon="13.4334472194314">
        <ele>22.6640625</ele>
        <time>2014-05-21T09:07:24Z</time>
      </trkpt>
      <trkpt lat="68.119276715442538" lon="13.433019742369652">
        <ele>20.859375</ele>
        <time>2014-05-21T09:07:39Z</time>
      </trkpt>
      <trkpt lat="68.119184849783778" lon="13.432792592793703">
        <ele>20.14453125</ele>
        <time>2014-05-21T09:07:49Z</time>
      </trkpt>
      <trkpt lat="68.119131624698639" lon="13.432710785418749">
        <ele>19.91015625</ele>
        <time>2014-05-21T09:07:54Z</time>
      </trkpt>
      <trkpt lat="68.119108155369759" lon="13.432721262797713">
        <ele>19.7421875</ele>
        <time>2014-05-21T09:07:56Z</time>
      </trkpt>
      <trkpt lat="68.119032382965088" lon="13.432611962780356">
        <ele>19.44921875</ele>
        <time>2014-05-21T09:08:04Z</time>
      </trkpt>
      <trkpt lat="68.118981504812837" lon="13.432543650269508">
        <ele>19.2734375</ele>
        <time>2014-05-21T09:08:09Z</time>
      </trkpt>
      <trkpt lat="68.118827110156417" lon="13.432418005540967">
        <ele>18.671875</ele>
        <time>2014-05-21T09:08:22Z</time>
      </trkpt>
      <trkpt lat="68.118779668584466" lon="13.432372827082872">
        <ele>18.52734375</ele>
        <time>2014-05-21T09:08:26Z</time>
      </trkpt>
      <trkpt lat="68.118730802088976" lon="13.432357823476195">
        <ele>18.3203125</ele>
        <time>2014-05-21T09:08:30Z</time>
      </trkpt>
      <trkpt lat="68.118671458214521" lon="13.432291522622108">
        <ele>18.2890625</ele>
        <time>2014-05-21T09:08:36Z</time>
      </trkpt>
      <trkpt lat="68.118662908673286" lon="13.432256067171693">
        <ele>18.3984375</ele>
        <time>2014-05-21T09:08:38Z</time>
      </trkpt>
      <trkpt lat="68.118660226464272" lon="13.432140564545989">
        <ele>18.88671875</ele>
        <time>2014-05-21T09:08:43Z</time>
      </trkpt>
      <trkpt lat="68.118628123775125" lon="13.432068396359682">
        <ele>19.08984375</ele>
        <time>2014-05-21T09:08:47Z</time>
      </trkpt>
      <trkpt lat="68.11860591173172" lon="13.432052219286561">
        <ele>19.08984375</ele>
        <time>2014-05-21T09:08:49Z</time>
      </trkpt>
      <trkpt lat="68.118588896468282" lon="13.432024056091905">
        <ele>19.16796875</ele>
        <time>2014-05-21T09:08:51Z</time>
      </trkpt>
      <trkpt lat="68.118538353592157" lon="13.431961359456182">
        <ele>19.33203125</ele>
        <time>2014-05-21T09:08:56Z</time>
      </trkpt>
      <trkpt lat="68.11851941049099" lon="13.431934788823128">
        <ele>19.41796875</ele>
        <time>2014-05-21T09:08:58Z</time>
      </trkpt>
      <trkpt lat="68.118431651964784" lon="13.431812161579728">
        <ele>20.6328125</ele>
        <time>2014-05-21T09:09:07Z</time>
      </trkpt>
      <trkpt lat="68.118409439921379" lon="13.431780226528645">
        <ele>21.25390625</ele>
        <time>2014-05-21T09:09:09Z</time>
      </trkpt>
      <trkpt lat="68.118349090218544" lon="13.431679643690586">
        <ele>23.02734375</ele>
        <time>2014-05-21T09:09:15Z</time>
      </trkpt>
      <trkpt lat="68.118267450481653" lon="13.431702442467213">
        <ele>23.359375</ele>
        <time>2014-05-21T09:09:22Z</time>
      </trkpt>
      <trkpt lat="68.118217913433909" lon="13.431728342548013">
        <ele>23.453125</ele>
        <time>2014-05-21T09:09:26Z</time>
      </trkpt>
      <trkpt lat="68.118198048323393" lon="13.431732701137662">
        <ele>23.5625</ele>
        <time>2014-05-21T09:09:28Z</time>
      </trkpt>
      <trkpt lat="68.118151780217886" lon="13.431678302586079">
        <ele>24.46875</ele>
        <time>2014-05-21T09:09:34Z</time>
      </trkpt>
      <trkpt lat="68.118137447163463" lon="13.431612169370055">
        <ele>25.21875</ele>
        <time>2014-05-21T09:09:37Z</time>
      </trkpt>
      <trkpt lat="68.118104338645935" lon="13.431478813290596">
        <ele>26.671875</ele>
        <time>2014-05-21T09:09:44Z</time>
      </trkpt>
      <trkpt lat="68.117973916232586" lon="13.431490212678909">
        <ele>27.1875</ele>
        <time>2014-05-21T09:09:56Z</time>
      </trkpt>
      <trkpt lat="68.117910716682673" lon="13.43149658292532">
        <ele>26.69921875</ele>
        <time>2014-05-21T09:10:01Z</time>
      </trkpt>
      <trkpt lat="68.117867633700371" lon="13.431475460529327">
        <ele>25.9765625</ele>
        <time>2014-05-21T09:10:06Z</time>
      </trkpt>
      <trkpt lat="68.117771996185184" lon="13.43141058459878">
        <ele>24.4375</ele>
        <time>2014-05-21T09:10:16Z</time>
      </trkpt>
      <trkpt lat="68.117633694782853" lon="13.431331543251872">
        <ele>21.99609375</ele>
        <time>2014-05-21T09:10:29Z</time>
      </trkpt>
      <trkpt lat="68.117540990933776" lon="13.431274546310306">
        <ele>20.296875</ele>
        <time>2014-05-21T09:10:37Z</time>
      </trkpt>
      <trkpt lat="68.117396319285035" lon="13.431213023141026">
        <ele>18.4609375</ele>
        <time>2014-05-21T09:10:50Z</time>
      </trkpt>
      <trkpt lat="68.117320127785206" lon="13.431206736713648">
        <ele>16.6953125</ele>
        <time>2014-05-21T09:10:56Z</time>
      </trkpt>
      <trkpt lat="68.11728123575449" lon="13.431153511628509">
        <ele>17.00390625</ele>
        <time>2014-05-21T09:11:00Z</time>
      </trkpt>
      <trkpt lat="68.117142096161842" lon="13.431015964597464">
        <ele>16.65234375</ele>
        <time>2014-05-21T09:11:13Z</time>
      </trkpt>
      <trkpt lat="68.11713027767837" lon="13.430977072566748">
        <ele>17.25</ele>
        <time>2014-05-21T09:11:15Z</time>
      </trkpt>
      <trkpt lat="68.117112256586552" lon="13.430948574095964">
        <ele>17.4296875</ele>
        <time>2014-05-21T09:11:17Z</time>
      </trkpt>
      <trkpt lat="68.117084931582212" lon="13.430819408968091">
        <ele>19.69140625</ele>
        <time>2014-05-21T09:11:22Z</time>
      </trkpt>
      <trkpt lat="68.116967082023621" lon="13.430594941601157">
        <ele>20.23046875</ele>
        <time>2014-05-21T09:11:37Z</time>
      </trkpt>
      <trkpt lat="68.116929112002254" lon="13.43053350225091">
        <ele>19.640625</ele>
        <time>2014-05-21T09:11:41Z</time>
      </trkpt>
      <trkpt lat="68.116807909682393" lon="13.430477594956756">
        <ele>16.09375</ele>
        <time>2014-05-21T09:11:52Z</time>
      </trkpt>
      <trkpt lat="68.11678527854383" lon="13.43039084225893">
        <ele>16.1796875</ele>
        <time>2014-05-21T09:11:59Z</time>
      </trkpt>
      <trkpt lat="68.116753175854683" lon="13.430336946621537">
        <ele>15.8046875</ele>
        <time>2014-05-21T09:12:03Z</time>
      </trkpt>
      <trkpt lat="68.116707159206271" lon="13.430166961625218">
        <ele>15.9921875</ele>
        <time>2014-05-21T09:12:12Z</time>
      </trkpt>
      <trkpt lat="68.11665871180594" lon="13.430119100958109">
        <ele>15.51953125</ele>
        <time>2014-05-21T09:12:16Z</time>
      </trkpt>
      <trkpt lat="68.116592075675726" lon="13.430032934993505">
        <ele>15.234375</ele>
        <time>2014-05-21T09:12:22Z</time>
      </trkpt>
      <trkpt lat="68.116520410403609" lon="13.43001851812005">
        <ele>13.53515625</ele>
        <time>2014-05-21T09:12:30Z</time>
      </trkpt>
      <trkpt lat="68.116511441767216" lon="13.429986080154777">
        <ele>13.7265625</ele>
        <time>2014-05-21T09:12:32Z</time>
      </trkpt>
      <trkpt lat="68.116494007408619" lon="13.429934028536081">
        <ele>13.9140625</ele>
        <time>2014-05-21T09:12:35Z</time>
      </trkpt>
      <trkpt lat="68.116442458704114" lon="13.429911816492677">
        <ele>12.67578125</ele>
        <time>2014-05-21T09:12:40Z</time>
      </trkpt>
      <trkpt lat="68.116337182000279" lon="13.429974177852273">
        <ele>9.0078125</ele>
        <time>2014-05-21T09:12:50Z</time>
      </trkpt>
      <trkpt lat="68.116305833682418" lon="13.429900668561459">
        <ele>8.71875</ele>
        <time>2014-05-21T09:13:06Z</time>
      </trkpt>
      <trkpt lat="68.116311281919479" lon="13.429909721016884">
        <ele>8.80859375</ele>
        <time>2014-05-21T09:13:30Z</time>
      </trkpt>
      <trkpt lat="68.116269540041685" lon="13.429930089041591">
        <ele>7.546875</ele>
        <time>2014-05-21T09:13:55Z</time>
      </trkpt>
      <trkpt lat="68.116272473707795" lon="13.429880300536752">
        <ele>7.92578125</ele>
        <time>2014-05-21T09:14:18Z</time>
      </trkpt>
      <trkpt lat="68.116292841732502" lon="13.429911565035582">
        <ele>8.24609375</ele>
        <time>2014-05-21T09:14:32Z</time>
      </trkpt>
      <trkpt lat="68.116178680211306" lon="13.429842330515385">
        <ele>7.52734375</ele>
        <time>2014-05-21T09:14:44Z</time>
      </trkpt>
      <trkpt lat="68.11605672352016" lon="13.42967301607132">
        <ele>7.8671875</ele>
        <time>2014-05-21T09:14:56Z</time>
      </trkpt>
      <trkpt lat="68.116045324131846" lon="13.429672764614224">
        <ele>7.78515625</ele>
        <time>2014-05-21T09:14:57Z</time>
      </trkpt>
      <trkpt lat="68.11591942794621" lon="13.429558854550123">
        <ele>7.72265625</ele>
        <time>2014-05-21T09:15:09Z</time>
      </trkpt>
      <trkpt lat="68.115898389369249" lon="13.429559860378504">
        <ele>7.5625</ele>
        <time>2014-05-21T09:15:11Z</time>
      </trkpt>
      <trkpt lat="68.115857569500804" lon="13.429508395493031">
        <ele>7.65625</ele>
        <time>2014-05-21T09:15:15Z</time>
      </trkpt>
      <trkpt lat="68.115812810137868" lon="13.429483501240611">
        <ele>7.5078125</ele>
        <time>2014-05-21T09:15:19Z</time>
      </trkpt>
      <trkpt lat="68.115728572010994" lon="13.429384846240282">
        <ele>7.5859375</ele>
        <time>2014-05-21T09:15:27Z</time>
      </trkpt>
      <trkpt lat="68.11569563113153" lon="13.429371183738112">
        <ele>7.4296875</ele>
        <time>2014-05-21T09:15:30Z</time>
      </trkpt>
      <trkpt lat="68.115669814869761" lon="13.429303206503391">
        <ele>7.75</ele>
        <time>2014-05-21T09:15:34Z</time>
      </trkpt>
      <trkpt lat="68.115622540935874" lon="13.429262051358819">
        <ele>7.734375</ele>
        <time>2014-05-21T09:15:38Z</time>
      </trkpt>
      <trkpt lat="68.115591108798981" lon="13.429258279502392">
        <ele>7.55078125</ele>
        <time>2014-05-21T09:15:41Z</time>
      </trkpt>
      <trkpt lat="68.115554312244058" lon="13.429174711927772">
        <ele>7.9921875</ele>
        <time>2014-05-21T09:15:46Z</time>
      </trkpt>
      <trkpt lat="68.11550016514957" lon="13.429064406082034">
        <ele>8.6015625</ele>
        <time>2014-05-21T09:15:52Z</time>
      </trkpt>
      <trkpt lat="68.115468397736549" lon="13.4289884660393">
        <ele>9.0546875</ele>
        <time>2014-05-21T09:15:57Z</time>
      </trkpt>
      <trkpt lat="68.115418357774615" lon="13.428917890414596">
        <ele>9.37109375</ele>
        <time>2014-05-21T09:16:01Z</time>
      </trkpt>
      <trkpt lat="68.115313751623034" lon="13.428649250417948">
        <ele>11.13671875</ele>
        <time>2014-05-21T09:16:15Z</time>
      </trkpt>
      <trkpt lat="68.115256587043405" lon="13.428515642881393">
        <ele>12.0625</ele>
        <time>2014-05-21T09:16:22Z</time>
      </trkpt>
      <trkpt lat="68.115173019468784" lon="13.428538860753179">
        <ele>11.54296875</ele>
        <time>2014-05-21T09:16:30Z</time>
      </trkpt>
      <trkpt lat="68.115144688636065" lon="13.428432075306773">
        <ele>12.3046875</ele>
        <time>2014-05-21T09:16:35Z</time>
      </trkpt>
      <trkpt lat="68.11514007858932" lon="13.428374323993921">
        <ele>12.80078125</ele>
        <time>2014-05-21T09:16:37Z</time>
      </trkpt>
      <trkpt lat="68.115119794383645" lon="13.428289666771889">
        <ele>13.4375</ele>
        <time>2014-05-21T09:16:41Z</time>
      </trkpt>
      <trkpt lat="68.115081992000341" lon="13.428204758092761">
        <ele>14.00390625</ele>
        <time>2014-05-21T09:16:45Z</time>
      </trkpt>
      <trkpt lat="68.114964058622718" lon="13.428077939897776">
        <ele>14.65234375</ele>
        <time>2014-05-21T09:16:55Z</time>
      </trkpt>
      <trkpt lat="68.114905301481485" lon="13.427972998470068">
        <ele>15.56640625</ele>
        <time>2014-05-21T09:17:00Z</time>
      </trkpt>
      <trkpt lat="68.114872109144926" lon="13.427856657654047">
        <ele>16.7421875</ele>
        <time>2014-05-21T09:17:05Z</time>
      </trkpt>
      <trkpt lat="68.114847047254443" lon="13.427833272144198">
        <ele>16.921875</ele>
        <time>2014-05-21T09:17:07Z</time>
      </trkpt>
      <trkpt lat="68.114780662581325" lon="13.427718607708812">
        <ele>18.04296875</ele>
        <time>2014-05-21T09:17:14Z</time>
      </trkpt>
      <trkpt lat="68.114679241552949" lon="13.427530014887452">
        <ele>20.109375</ele>
        <time>2014-05-21T09:17:24Z</time>
      </trkpt>
      <trkpt lat="68.114619310945272" lon="13.427484417334199">
        <ele>20.62109375</ele>
        <time>2014-05-21T09:17:30Z</time>
      </trkpt>
      <trkpt lat="68.114560302346945" lon="13.427536385133862">
        <ele>19.71875</ele>
        <time>2014-05-21T09:17:35Z</time>
      </trkpt>
      <trkpt lat="68.114530630409718" lon="13.427555495873094">
        <ele>19.3359375</ele>
        <time>2014-05-21T09:17:38Z</time>
      </trkpt>
      <trkpt lat="68.114476567134261" lon="13.427478885278106">
        <ele>20.0078125</ele>
        <time>2014-05-21T09:17:44Z</time>
      </trkpt>
      <trkpt lat="68.114311611279845" lon="13.427285430952907">
        <ele>21.3515625</ele>
        <time>2014-05-21T09:18:00Z</time>
      </trkpt>
      <trkpt lat="68.11425955966115" lon="13.427257519215345">
        <ele>21.37109375</ele>
        <time>2014-05-21T09:18:06Z</time>
      </trkpt>
      <trkpt lat="68.114208681508899" lon="13.427209407091141">
        <ele>21.6171875</ele>
        <time>2014-05-21T09:18:12Z</time>
      </trkpt>
      <trkpt lat="68.114141961559653" lon="13.42703104019165">
        <ele>23.18359375</ele>
        <time>2014-05-21T09:18:25Z</time>
      </trkpt>
      <trkpt lat="68.114137938246131" lon="13.426968846470118">
        <ele>23.8359375</ele>
        <time>2014-05-21T09:18:38Z</time>
      </trkpt>
      <trkpt lat="68.114149672910571" lon="13.426895923912525">
        <ele>24.6875</ele>
        <time>2014-05-21T09:19:14Z</time>
      </trkpt>
      <trkpt lat="68.114103572443128" lon="13.426846135407686">
        <ele>24.9765625</ele>
        <time>2014-05-21T09:19:26Z</time>
      </trkpt>
      <trkpt lat="68.114036433398724" lon="13.426667936146259">
        <ele>26.76171875</ele>
        <time>2014-05-21T09:19:35Z</time>
      </trkpt>
      <trkpt lat="68.11393266543746" lon="13.426472805440426">
        <ele>28.21875</ele>
        <time>2014-05-21T09:19:47Z</time>
      </trkpt>
      <trkpt lat="68.113911710679531" lon="13.426366942003369">
        <ele>29.2578125</ele>
        <time>2014-05-21T09:19:51Z</time>
      </trkpt>
      <trkpt lat="68.113848092034459" lon="13.426245823502541">
        <ele>30.01171875</ele>
        <time>2014-05-21T09:19:58Z</time>
      </trkpt>
      <trkpt lat="68.113793693482876" lon="13.426220342516899">
        <ele>29.76953125</ele>
        <time>2014-05-21T09:20:02Z</time>
      </trkpt>
      <trkpt lat="68.113680453971028" lon="13.426113808527589">
        <ele>30.03515625</ele>
        <time>2014-05-21T09:20:13Z</time>
      </trkpt>
      <trkpt lat="68.113565957173705" lon="13.426026217639446">
        <ele>30.09765625</ele>
        <time>2014-05-21T09:20:26Z</time>
      </trkpt>
      <trkpt lat="68.113480629399419" lon="13.426066283136606">
        <ele>28.703125</ele>
        <time>2014-05-21T09:20:38Z</time>
      </trkpt>
      <trkpt lat="68.113455818966031" lon="13.426040718331933">
        <ele>28.875</ele>
        <time>2014-05-21T09:20:42Z</time>
      </trkpt>
      <trkpt lat="68.113381890580058" lon="13.426040383055806">
        <ele>28.29296875</ele>
        <time>2014-05-21T09:20:49Z</time>
      </trkpt>
      <trkpt lat="68.113329503685236" lon="13.426034431904554">
        <ele>27.9609375</ele>
        <time>2014-05-21T09:20:53Z</time>
      </trkpt>
      <trkpt lat="68.113250462338328" lon="13.426046334207058">
        <ele>27.16796875</ele>
        <time>2014-05-21T09:20:59Z</time>
      </trkpt>
      <trkpt lat="68.113182904198766" lon="13.42600149102509">
        <ele>27.234375</ele>
        <time>2014-05-21T09:21:05Z</time>
      </trkpt>
      <trkpt lat="68.113108221441507" lon="13.425972405821085">
        <ele>27.015625</ele>
        <time>2014-05-21T09:21:11Z</time>
      </trkpt>
      <trkpt lat="68.112994898110628" lon="13.42594038695097">
        <ele>26.5</ele>
        <time>2014-05-21T09:21:20Z</time>
      </trkpt>
      <trkpt lat="68.112927675247192" lon="13.425740730017424">
        <ele>28.38671875</ele>
        <time>2014-05-21T09:21:33Z</time>
      </trkpt>
      <trkpt lat="68.113000178709626" lon="13.425468653440475">
        <ele>32.921875</ele>
        <time>2014-05-21T09:21:46Z</time>
      </trkpt>
      <trkpt lat="68.11300428584218" lon="13.425449039787054">
        <ele>33.234375</ele>
        <time>2014-05-21T09:21:47Z</time>
      </trkpt>
      <trkpt lat="68.113006297498941" lon="13.425383828580379">
        <ele>34.1796875</ele>
        <time>2014-05-21T09:21:49Z</time>
      </trkpt>
      <trkpt lat="68.112951563671231" lon="13.425308810546994">
        <ele>34.8203125</ele>
        <time>2014-05-21T09:21:58Z</time>
      </trkpt>
      <trkpt lat="68.112956928089261" lon="13.425234630703926">
        <ele>35.9296875</ele>
        <time>2014-05-21T09:22:07Z</time>
      </trkpt>
      <trkpt lat="68.112916108220816" lon="13.425140334293246">
        <ele>36.8828125</ele>
        <time>2014-05-21T09:22:18Z</time>
      </trkpt>
      <trkpt lat="68.112858859822154" lon="13.425133628770709">
        <ele>36.40234375</ele>
        <time>2014-05-21T09:22:25Z</time>
      </trkpt>
      <trkpt lat="68.112791804596782" lon="13.425159864127636">
        <ele>35.26171875</ele>
        <time>2014-05-21T09:22:39Z</time>
      </trkpt>
      <trkpt lat="68.112798426300287" lon="13.425165312364697">
        <ele>35.25390625</ele>
        <time>2014-05-21T09:22:56Z</time>
      </trkpt>
      <trkpt lat="68.112793732434511" lon="13.425139328464866">
        <ele>35.6484375</ele>
        <time>2014-05-21T09:22:59Z</time>
      </trkpt>
      <trkpt lat="68.112749392166734" lon="13.42510873451829">
        <ele>35.83203125</ele>
        <time>2014-05-21T09:23:03Z</time>
      </trkpt>
      <trkpt lat="68.112716618925333" lon="13.425066489726305">
        <ele>36.4765625</ele>
        <time>2014-05-21T09:23:08Z</time>
      </trkpt>
      <trkpt lat="68.112687868997455" lon="13.425091551616788">
        <ele>35.68359375</ele>
        <time>2014-05-21T09:23:11Z</time>
      </trkpt>
      <trkpt lat="68.11265199445188" lon="13.425070345401764">
        <ele>35.91796875</ele>
        <time>2014-05-21T09:23:14Z</time>
      </trkpt>
      <trkpt lat="68.112601703032851" lon="13.425090797245502">
        <ele>35</ele>
        <time>2014-05-21T09:23:19Z</time>
      </trkpt>
      <trkpt lat="68.112565409392118" lon="13.425095826387405">
        <ele>34.55859375</ele>
        <time>2014-05-21T09:23:27Z</time>
      </trkpt>
      <trkpt lat="68.112559458240867" lon="13.425032291561365">
        <ele>36.33984375</ele>
        <time>2014-05-21T09:23:30Z</time>
      </trkpt>
      <trkpt lat="68.112499192357063" lon="13.42500664293766">
        <ele>36.80078125</ele>
        <time>2014-05-21T09:23:35Z</time>
      </trkpt>
      <trkpt lat="68.112331721931696" lon="13.424985101446509">
        <ele>36.51953125</ele>
        <time>2014-05-21T09:23:50Z</time>
      </trkpt>
      <trkpt lat="68.112314706668258" lon="13.42499490827322">
        <ele>36.02734375</ele>
        <time>2014-05-21T09:24:03Z</time>
      </trkpt>
      <trkpt lat="68.112299283966422" lon="13.425001027062535">
        <ele>35.68359375</ele>
        <time>2014-05-21T09:24:26Z</time>
      </trkpt>
      <trkpt lat="68.112300373613834" lon="13.424992728978395">
        <ele>35.96875</ele>
        <time>2014-05-21T09:24:34Z</time>
      </trkpt>
      <trkpt lat="68.112282687798142" lon="13.424968756735325">
        <ele>36.57421875</ele>
        <time>2014-05-21T09:24:36Z</time>
      </trkpt>
      <trkpt lat="68.112170454114676" lon="13.424821654334664">
        <ele>39.5859375</ele>
        <time>2014-05-21T09:24:48Z</time>
      </trkpt>
      <trkpt lat="68.112151762470603" lon="13.424800531938672">
        <ele>39.87890625</ele>
        <time>2014-05-21T09:24:50Z</time>
      </trkpt>
      <trkpt lat="68.112111696973443" lon="13.424774380400777">
        <ele>39.9140625</ele>
        <time>2014-05-21T09:24:54Z</time>
      </trkpt>
      <trkpt lat="68.112093592062593" lon="13.424762226641178">
        <ele>39.9140625</ele>
        <time>2014-05-21T09:24:56Z</time>
      </trkpt>
      <trkpt lat="68.112055286765099" lon="13.424727274104953">
        <ele>40.0859375</ele>
        <time>2014-05-21T09:25:00Z</time>
      </trkpt>
      <trkpt lat="68.112024525180459" lon="13.424749150872231">
        <ele>39</ele>
        <time>2014-05-21T09:25:03Z</time>
      </trkpt>
      <trkpt lat="68.111947663128376" lon="13.424585703760386">
        <ele>40.77734375</ele>
        <time>2014-05-21T09:25:12Z</time>
      </trkpt>
      <trkpt lat="68.111799890175462" lon="13.424581009894609">
        <ele>38.21484375</ele>
        <time>2014-05-21T09:25:25Z</time>
      </trkpt>
      <trkpt lat="68.111751861870289" lon="13.424582937732339">
        <ele>38.28125</ele>
        <time>2014-05-21T09:25:30Z</time>
      </trkpt>
      <trkpt lat="68.111645076423883" lon="13.424653764814138">
        <ele>37.5078125</ele>
        <time>2014-05-21T09:25:38Z</time>
      </trkpt>
      <trkpt lat="68.111595874652267" lon="13.424720903858542">
        <ele>36.62890625</ele>
        <time>2014-05-21T09:25:45Z</time>
      </trkpt>
      <trkpt lat="68.111506104469299" lon="13.424824001267552">
        <ele>35.41015625</ele>
        <time>2014-05-21T09:25:55Z</time>
      </trkpt>
      <trkpt lat="68.111401833593845" lon="13.42493673786521">
        <ele>34.23828125</ele>
        <time>2014-05-21T09:26:05Z</time>
      </trkpt>
      <trkpt lat="68.111381381750107" lon="13.424930367618799">
        <ele>34.40625</ele>
        <time>2014-05-21T09:26:07Z</time>
      </trkpt>
      <trkpt lat="68.111327486112714" lon="13.42495534569025">
        <ele>34.29296875</ele>
        <time>2014-05-21T09:26:12Z</time>
      </trkpt>
      <trkpt lat="68.111229501664639" lon="13.425068752840161">
        <ele>32.5625</ele>
        <time>2014-05-21T09:26:21Z</time>
      </trkpt>
      <trkpt lat="68.111159428954124" lon="13.425087528303266">
        <ele>31.63671875</ele>
        <time>2014-05-21T09:26:27Z</time>
      </trkpt>
      <trkpt lat="68.110961699858308" lon="13.424921398982406">
        <ele>30.88671875</ele>
        <time>2014-05-21T09:26:44Z</time>
      </trkpt>
      <trkpt lat="68.110840832814574" lon="13.424669103696942">
        <ele>30.734375</ele>
        <time>2014-05-21T09:26:57Z</time>
      </trkpt>
      <trkpt lat="68.110793894156814" lon="13.424635324627161">
        <ele>30.1015625</ele>
        <time>2014-05-21T09:27:01Z</time>
      </trkpt>
      <trkpt lat="68.110758019611239" lon="13.424548739567399">
        <ele>30.40625</ele>
        <time>2014-05-21T09:27:05Z</time>
      </trkpt>
      <trkpt lat="68.110619718208909" lon="13.424380347132683">
        <ele>29.73828125</ele>
        <time>2014-05-21T09:27:17Z</time>
      </trkpt>
      <trkpt lat="68.110547298565507" lon="13.424233915284276">
        <ele>30.56640625</ele>
        <time>2014-05-21T09:27:24Z</time>
      </trkpt>
      <trkpt lat="68.110531959682703" lon="13.424193682149053">
        <ele>30.96484375</ele>
        <time>2014-05-21T09:27:26Z</time>
      </trkpt>
      <trkpt lat="68.110470436513424" lon="13.423932921141386">
        <ele>33.515625</ele>
        <time>2014-05-21T09:27:36Z</time>
      </trkpt>
      <trkpt lat="68.110326267778873" lon="13.423740472644567">
        <ele>32.38671875</ele>
        <time>2014-05-21T09:27:49Z</time>
      </trkpt>
      <trkpt lat="68.110302379354835" lon="13.423729576170444">
        <ele>32.0234375</ele>
        <time>2014-05-21T09:27:51Z</time>
      </trkpt>
      <trkpt lat="68.11014630831778" lon="13.423592280596495">
        <ele>30.4375</ele>
        <time>2014-05-21T09:28:05Z</time>
      </trkpt>
      <trkpt lat="68.110012533143163" lon="13.423424558714032">
        <ele>29.4140625</ele>
        <time>2014-05-21T09:28:18Z</time>
      </trkpt>
      <trkpt lat="68.109994428232312" lon="13.423371585085988">
        <ele>29.65625</ele>
        <time>2014-05-21T09:28:21Z</time>
      </trkpt>
      <trkpt lat="68.109888397157192" lon="13.423254238441586">
        <ele>28.69921875</ele>
        <time>2014-05-21T09:28:36Z</time>
      </trkpt>
      <trkpt lat="68.109874986112118" lon="13.423186596482992">
        <ele>29.1875</ele>
        <time>2014-05-21T09:28:50Z</time>
      </trkpt>
      <trkpt lat="68.109819749370217" lon="13.423201432451606">
        <ele>27.76953125</ele>
        <time>2014-05-21T09:28:55Z</time>
      </trkpt>
      <trkpt lat="68.109788652509451" lon="13.423154829069972">
        <ele>27.59765625</ele>
        <time>2014-05-21T09:28:58Z</time>
      </trkpt>
      <trkpt lat="68.10975001193583" lon="13.422970594838262">
        <ele>28.79296875</ele>
        <time>2014-05-21T09:29:05Z</time>
      </trkpt>
      <trkpt lat="68.109702821820974" lon="13.422821732237935">
        <ele>28.91796875</ele>
        <time>2014-05-21T09:29:13Z</time>
      </trkpt>
      <trkpt lat="68.10961271636188" lon="13.422674462199211">
        <ele>28.328125</ele>
        <time>2014-05-21T09:29:21Z</time>
      </trkpt>
      <trkpt lat="68.109551025554538" lon="13.42270664870739">
        <ele>27.6796875</ele>
        <time>2014-05-21T09:29:26Z</time>
      </trkpt>
      <trkpt lat="68.109504003077745" lon="13.422765322029591">
        <ele>26.9375</ele>
        <time>2014-05-21T09:29:30Z</time>
      </trkpt>
      <trkpt lat="68.10947391204536" lon="13.42284151352942">
        <ele>26.19921875</ele>
        <time>2014-05-21T09:29:34Z</time>
      </trkpt>
      <trkpt lat="68.109398139640689" lon="13.422832293435931">
        <ele>25.921875</ele>
        <time>2014-05-21T09:29:42Z</time>
      </trkpt>
      <trkpt lat="68.109380705282092" lon="13.42286104336381">
        <ele>25.6484375</ele>
        <time>2014-05-21T09:29:44Z</time>
      </trkpt>
      <trkpt lat="68.109344076365232" lon="13.422975540161133">
        <ele>24.16015625</ele>
        <time>2014-05-21T09:29:49Z</time>
      </trkpt>
      <trkpt lat="68.109271489083767" lon="13.423019461333752">
        <ele>22.77734375</ele>
        <time>2014-05-21T09:29:55Z</time>
      </trkpt>
      <trkpt lat="68.109112652018666" lon="13.422907143831253">
        <ele>24.3046875</ele>
        <time>2014-05-21T09:30:09Z</time>
      </trkpt>
      <trkpt lat="68.10901659540832" lon="13.422849057242274">
        <ele>23.484375</ele>
        <time>2014-05-21T09:30:17Z</time>
      </trkpt>
      <trkpt lat="68.108941996470094" lon="13.422760544344783">
        <ele>22.9375</ele>
        <time>2014-05-21T09:30:24Z</time>
      </trkpt>
      <trkpt lat="68.108834540471435" lon="13.42274772003293">
        <ele>21.58984375</ele>
        <time>2014-05-21T09:30:34Z</time>
      </trkpt>
      <trkpt lat="68.10875709168613" lon="13.422759538516402">
        <ele>20.2578125</ele>
        <time>2014-05-21T09:30:41Z</time>
      </trkpt>
      <trkpt lat="68.108713086694479" lon="13.42274964787066">
        <ele>19.86328125</ele>
        <time>2014-05-21T09:30:45Z</time>
      </trkpt>
      <trkpt lat="68.108573444187641" lon="13.422735901549459">
        <ele>18.375</ele>
        <time>2014-05-21T09:30:58Z</time>
      </trkpt>
      <trkpt lat="68.108504796400666" lon="13.422746881842613">
        <ele>17.0625</ele>
        <time>2014-05-21T09:31:10Z</time>
      </trkpt>
      <trkpt lat="68.108514854684472" lon="13.422851487994194">
        <ele>13.328125</ele>
        <time>2014-05-21T09:31:16Z</time>
      </trkpt>
      <trkpt lat="68.108471017330885" lon="13.422828353941441">
        <ele>13.66015625</ele>
        <time>2014-05-21T09:31:21Z</time>
      </trkpt>
      <trkpt lat="68.10845660045743" lon="13.422799436375499">
        <ele>14.578125</ele>
        <time>2014-05-21T09:31:24Z</time>
      </trkpt>
      <trkpt lat="68.108428940176964" lon="13.422773703932762">
        <ele>15.203125</ele>
        <time>2014-05-21T09:31:26Z</time>
      </trkpt>
      <trkpt lat="68.108415445312858" lon="13.422749564051628">
        <ele>15.890625</ele>
        <time>2014-05-21T09:31:27Z</time>
      </trkpt>
      <trkpt lat="68.108388539403677" lon="13.422683347016573">
        <ele>17.8046875</ele>
        <time>2014-05-21T09:31:31Z</time>
      </trkpt>
      <trkpt lat="68.108381498605013" lon="13.422665745019913">
        <ele>18.296875</ele>
        <time>2014-05-21T09:31:32Z</time>
      </trkpt>
      <trkpt lat="68.108371356502175" lon="13.422643365338445">
        <ele>18.88671875</ele>
        <time>2014-05-21T09:31:34Z</time>
      </trkpt>
      <trkpt lat="68.108356688171625" lon="13.422627439722419">
        <ele>19.17578125</ele>
        <time>2014-05-21T09:31:36Z</time>
      </trkpt>
      <trkpt lat="68.108230289071798" lon="13.422613358125091">
        <ele>17.51171875</ele>
        <time>2014-05-21T09:31:47Z</time>
      </trkpt>
      <trkpt lat="68.108191899955273" lon="13.422609334811568">
        <ele>16.9765625</ele>
        <time>2014-05-21T09:31:51Z</time>
      </trkpt>
      <trkpt lat="68.108177063986659" lon="13.422627188265324">
        <ele>16.25390625</ele>
        <time>2014-05-21T09:31:52Z</time>
      </trkpt>
      <trkpt lat="68.108161138370633" lon="13.42262601479888">
        <ele>16.02734375</ele>
        <time>2014-05-21T09:31:53Z</time>
      </trkpt>
      <trkpt lat="68.108054101467133" lon="13.422525934875011">
        <ele>16.4609375</ele>
        <time>2014-05-21T09:32:03Z</time>
      </trkpt>
      <trkpt lat="68.108033398166299" lon="13.422497436404228">
        <ele>16.65234375</ele>
        <time>2014-05-21T09:32:05Z</time>
      </trkpt>
      <trkpt lat="68.108014622703195" lon="13.4224867913872">
        <ele>16.4765625</ele>
        <time>2014-05-21T09:32:07Z</time>
      </trkpt>
      <trkpt lat="68.107868107035756" lon="13.422384113073349">
        <ele>15.46875</ele>
        <time>2014-05-21T09:32:20Z</time>
      </trkpt>
      <trkpt lat="68.107836423441768" lon="13.422343544661999">
        <ele>15.5859375</ele>
        <time>2014-05-21T09:32:23Z</time>
      </trkpt>
      <trkpt lat="68.107770206406713" lon="13.422170793637633">
        <ele>17.18359375</ele>
        <time>2014-05-21T09:32:31Z</time>
      </trkpt>
      <trkpt lat="68.107724692672491" lon="13.42213592492044">
        <ele>16.828125</ele>
        <time>2014-05-21T09:32:35Z</time>
      </trkpt>
      <trkpt lat="68.107635760679841" lon="13.422046070918441">
        <ele>16.36328125</ele>
        <time>2014-05-21T09:32:43Z</time>
      </trkpt>
      <trkpt lat="68.107613967731595" lon="13.421998210251331">
        <ele>16.60546875</ele>
        <time>2014-05-21T09:32:46Z</time>
      </trkpt>
      <trkpt lat="68.107598712667823" lon="13.421937609091401">
        <ele>17.16015625</ele>
        <time>2014-05-21T09:32:49Z</time>
      </trkpt>
      <trkpt lat="68.107584211975336" lon="13.421892682090402">
        <ele>17.48828125</ele>
        <time>2014-05-21T09:32:51Z</time>
      </trkpt>
      <trkpt lat="68.107520509511232" lon="13.421565871685743">
        <ele>19.078125</ele>
        <time>2014-05-21T09:33:04Z</time>
      </trkpt>
      <trkpt lat="68.107422692701221" lon="13.421399490907788">
        <ele>17.859375</ele>
        <time>2014-05-21T09:33:13Z</time>
      </trkpt>
      <trkpt lat="68.107228567823768" lon="13.421110399067402">
        <ele>17.49609375</ele>
        <time>2014-05-21T09:33:31Z</time>
      </trkpt>
      <trkpt lat="68.107187412679195" lon="13.421062873676419">
        <ele>17.53515625</ele>
        <time>2014-05-21T09:33:35Z</time>
      </trkpt>
      <trkpt lat="68.107115915045142" lon="13.420724663883448">
        <ele>21.33984375</ele>
        <time>2014-05-21T09:33:48Z</time>
      </trkpt>
      <trkpt lat="68.107094541192055" lon="13.42070622369647">
        <ele>21.3203125</ele>
        <time>2014-05-21T09:33:53Z</time>
      </trkpt>
      <trkpt lat="68.106980631127954" lon="13.420486282557249">
        <ele>22.1640625</ele>
        <time>2014-05-21T09:34:07Z</time>
      </trkpt>
      <trkpt lat="68.106950121000409" lon="13.420415790751576">
        <ele>22.42578125</ele>
        <time>2014-05-21T09:34:11Z</time>
      </trkpt>
      <trkpt lat="68.106891363859177" lon="13.420406654477119">
        <ele>21.60546875</ele>
        <time>2014-05-21T09:34:16Z</time>
      </trkpt>
      <trkpt lat="68.106724312528968" lon="13.420205321162939">
        <ele>20.17578125</ele>
        <time>2014-05-21T09:34:32Z</time>
      </trkpt>
      <trkpt lat="68.106598248705268" lon="13.420219318941236">
        <ele>17.38671875</ele>
        <time>2014-05-21T09:34:45Z</time>
      </trkpt>
      <trkpt lat="68.106531947851181" lon="13.420176235958934">
        <ele>16.28125</ele>
        <time>2014-05-21T09:34:57Z</time>
      </trkpt>
      <trkpt lat="68.106496660038829" lon="13.420136338099837">
        <ele>15.85546875</ele>
        <time>2014-05-21T09:35:09Z</time>
      </trkpt>
      <trkpt lat="68.106491547077894" lon="13.42002117075026">
        <ele>16.859375</ele>
        <time>2014-05-21T09:35:28Z</time>
      </trkpt>
      <trkpt lat="68.106456343084574" lon="13.419879684224725">
        <ele>17.4375</ele>
        <time>2014-05-21T09:35:41Z</time>
      </trkpt>
      <trkpt lat="68.106473106890917" lon="13.419864932075143">
        <ele>17.95703125</ele>
        <time>2014-05-21T09:36:16Z</time>
      </trkpt>
      <trkpt lat="68.106456594541669" lon="13.419915474951267">
        <ele>17.1015625</ele>
        <time>2014-05-21T09:36:30Z</time>
      </trkpt>
      <trkpt lat="68.106453660875559" lon="13.419953528791666">
        <ele>16.671875</ele>
        <time>2014-05-21T09:36:52Z</time>
      </trkpt>
      <trkpt lat="68.106462210416794" lon="13.419907931238413">
        <ele>17.296875</ele>
        <time>2014-05-21T09:37:17Z</time>
      </trkpt>
      <trkpt lat="68.106451565399766" lon="13.419909607619047">
        <ele>17.04296875</ele>
        <time>2014-05-21T09:37:44Z</time>
      </trkpt>
      <trkpt lat="68.106390545144677" lon="13.419826040044427">
        <ele>16.45703125</ele>
        <time>2014-05-21T09:37:50Z</time>
      </trkpt>
      <trkpt lat="68.106341762468219" lon="13.41977977193892">
        <ele>15.77734375</ele>
        <time>2014-05-21T09:37:54Z</time>
      </trkpt>
      <trkpt lat="68.106253165751696" lon="13.419729312881827">
        <ele>14.13671875</ele>
        <time>2014-05-21T09:38:01Z</time>
      </trkpt>
      <trkpt lat="68.106226092204452" lon="13.419717829674482">
        <ele>13.546875</ele>
        <time>2014-05-21T09:38:03Z</time>
      </trkpt>
      <trkpt lat="68.106151996180415" lon="13.419575672596693">
        <ele>12.8046875</ele>
        <time>2014-05-21T09:38:13Z</time>
      </trkpt>
      <trkpt lat="68.106013694778085" lon="13.419492859393358">
        <ele>10.31640625</ele>
        <time>2014-05-21T09:38:24Z</time>
      </trkpt>
      <trkpt lat="68.105923002585769" lon="13.419542731717229">
        <ele>7.26171875</ele>
        <time>2014-05-21T09:38:31Z</time>
      </trkpt>
      <trkpt lat="68.105891989544034" lon="13.419530326500535">
        <ele>6.6640625</ele>
        <time>2014-05-21T09:38:35Z</time>
      </trkpt>
      <trkpt lat="68.105872543528676" lon="13.419533679261804">
        <ele>6.109375</ele>
        <time>2014-05-21T09:38:37Z</time>
      </trkpt>
      <trkpt lat="68.105754861608148" lon="13.419450027868152">
        <ele>4.6953125</ele>
        <time>2014-05-21T09:38:48Z</time>
      </trkpt>
      <trkpt lat="68.105723429471254" lon="13.419383643195033">
        <ele>5.33203125</ele>
        <time>2014-05-21T09:38:52Z</time>
      </trkpt>
      <trkpt lat="68.105627372860909" lon="13.419450111687183">
        <ele>4.70703125</ele>
        <time>2014-05-21T09:39:02Z</time>
      </trkpt>
      <trkpt lat="68.105568783357739" lon="13.419385068118572">
        <ele>6.41796875</ele>
        <time>2014-05-21T09:39:08Z</time>
      </trkpt>
      <trkpt lat="68.105534166097641" lon="13.419286329299212">
        <ele>8.62109375</ele>
        <time>2014-05-21T09:39:12Z</time>
      </trkpt>
      <trkpt lat="68.105451101437211" lon="13.419265458360314">
        <ele>9.6328125</ele>
        <time>2014-05-21T09:39:18Z</time>
      </trkpt>
      <trkpt lat="68.105373904109001" lon="13.419275600463152">
        <ele>9.98828125</ele>
        <time>2014-05-21T09:39:25Z</time>
      </trkpt>
      <trkpt lat="68.105354122817516" lon="13.419269481673837">
        <ele>10.25390625</ele>
        <time>2014-05-21T09:39:27Z</time>
      </trkpt>
      <trkpt lat="68.105267034843564" lon="13.4192921128124">
        <ele>10.43359375</ele>
        <time>2014-05-21T09:39:35Z</time>
      </trkpt>
      <trkpt lat="68.105244738981128" lon="13.419297896325588">
        <ele>10.4765625</ele>
        <time>2014-05-21T09:39:37Z</time>
      </trkpt>
      <trkpt lat="68.105185143649578" lon="13.419278869405389">
        <ele>11.28515625</ele>
        <time>2014-05-21T09:39:42Z</time>
      </trkpt>
      <trkpt lat="68.105038208886981" lon="13.419077871367335">
        <ele>14.4296875</ele>
        <time>2014-05-21T09:39:57Z</time>
      </trkpt>
      <trkpt lat="68.104876521974802" lon="13.418783163651824">
        <ele>16.3046875</ele>
        <time>2014-05-21T09:40:12Z</time>
      </trkpt>
      <trkpt lat="68.10483830049634" lon="13.418736979365349">
        <ele>16.609375</ele>
        <time>2014-05-21T09:40:15Z</time>
      </trkpt>
      <trkpt lat="68.104779962450266" lon="13.418582752346992">
        <ele>18.0390625</ele>
        <time>2014-05-21T09:40:22Z</time>
      </trkpt>
      <trkpt lat="68.104730090126395" lon="13.418460376560688">
        <ele>19.140625</ele>
        <time>2014-05-21T09:40:27Z</time>
      </trkpt>
      <trkpt lat="68.104514926671982" lon="13.418296091258526">
        <ele>19.01953125</ele>
        <time>2014-05-21T09:40:45Z</time>
      </trkpt>
      <trkpt lat="68.104356089606881" lon="13.417971292510629">
        <ele>18.59765625</ele>
        <time>2014-05-21T09:41:01Z</time>
      </trkpt>
      <trkpt lat="68.104266403242946" lon="13.417726038023829">
        <ele>17.93359375</ele>
        <time>2014-05-21T09:41:11Z</time>
      </trkpt>
      <trkpt lat="68.10425047762692" lon="13.417334100231528">
        <ele>18.48046875</ele>
        <time>2014-05-21T09:41:24Z</time>
      </trkpt>
      <trkpt lat="68.104244275018573" lon="13.41730828396976">
        <ele>18.5</ele>
        <time>2014-05-21T09:41:25Z</time>
      </trkpt>
      <trkpt lat="68.104211920872331" lon="13.417061604559422">
        <ele>18.92578125</ele>
        <time>2014-05-21T09:41:34Z</time>
      </trkpt>
      <trkpt lat="68.10416204854846" lon="13.417004523798823">
        <ele>18.83984375</ele>
        <time>2014-05-21T09:41:48Z</time>
      </trkpt>
      <trkpt lat="68.104163054376841" lon="13.416991364210844">
        <ele>18.8828125</ele>
        <time>2014-05-21T09:42:15Z</time>
      </trkpt>
      <trkpt lat="68.104141931980848" lon="13.416884997859597">
        <ele>19.109375</ele>
        <time>2014-05-21T09:42:19Z</time>
      </trkpt>
      <trkpt lat="68.10411661863327" lon="13.41675759293139">
        <ele>19.19140625</ele>
        <time>2014-05-21T09:42:23Z</time>
      </trkpt>
      <trkpt lat="68.104066159576178" lon="13.416602024808526">
        <ele>19.015625</ele>
        <time>2014-05-21T09:42:38Z</time>
      </trkpt>
      <trkpt lat="68.10405308380723" lon="13.41660076752305">
        <ele>18.88671875</ele>
        <time>2014-05-21T09:43:10Z</time>
      </trkpt>
      <trkpt lat="68.10401058755815" lon="13.416522229090333">
        <ele>18.25</ele>
        <time>2014-05-21T09:43:36Z</time>
      </trkpt>
      <trkpt lat="68.103847056627274" lon="13.416397422552109">
        <ele>16.046875</ele>
        <time>2014-05-21T09:43:49Z</time>
      </trkpt>
      <trkpt lat="68.103779582306743" lon="13.416220480576158">
        <ele>15.5078125</ele>
        <time>2014-05-21T09:44:02Z</time>
      </trkpt>
      <trkpt lat="68.103689309209585" lon="13.415856789797544">
        <ele>14.8203125</ele>
        <time>2014-05-21T09:44:14Z</time>
      </trkpt>
      <trkpt lat="68.103637676686049" lon="13.41558245010674">
        <ele>14.3203125</ele>
        <time>2014-05-21T09:44:23Z</time>
      </trkpt>
      <trkpt lat="68.103546565398574" lon="13.415234265848994">
        <ele>13.3203125</ele>
        <time>2014-05-21T09:44:34Z</time>
      </trkpt>
      <trkpt lat="68.103526616469026" lon="13.415182884782553">
        <ele>13.16015625</ele>
        <time>2014-05-21T09:44:36Z</time>
      </trkpt>
      <trkpt lat="68.103362917900085" lon="13.415193613618612">
        <ele>11.703125</ele>
        <time>2014-05-21T09:44:49Z</time>
      </trkpt>
      <trkpt lat="68.103313213214278" lon="13.41515002772212">
        <ele>11.25390625</ele>
        <time>2014-05-21T09:44:54Z</time>
      </trkpt>
      <trkpt lat="68.103276500478387" lon="13.415154637768865">
        <ele>10.93359375</ele>
        <time>2014-05-21T09:44:57Z</time>
      </trkpt>
      <trkpt lat="68.103100815787911" lon="13.414958668872714">
        <ele>9.42578125</ele>
        <time>2014-05-21T09:45:12Z</time>
      </trkpt>
      <trkpt lat="68.103040214627981" lon="13.414990268647671">
        <ele>8.96875</ele>
        <time>2014-05-21T09:45:17Z</time>
      </trkpt>
      <trkpt lat="68.103000987321138" lon="13.415029076859355">
        <ele>8.62890625</ele>
        <time>2014-05-21T09:45:20Z</time>
      </trkpt>
      <trkpt lat="68.102939715608954" lon="13.415047684684396">
        <ele>8.109375</ele>
        <time>2014-05-21T09:45:33Z</time>
      </trkpt>
      <trkpt lat="68.102831086143851" lon="13.415138628333807">
        <ele>6.96875</ele>
        <time>2014-05-21T09:45:44Z</time>
      </trkpt>
      <trkpt lat="68.102782303467393" lon="13.415166959166527">
        <ele>6.47265625</ele>
        <time>2014-05-21T09:45:48Z</time>
      </trkpt>
      <trkpt lat="68.102663699537516" lon="13.415125887840986">
        <ele>5.484375</ele>
        <time>2014-05-21T09:45:59Z</time>
      </trkpt>
      <trkpt lat="68.102560518309474" lon="13.415134605020285">
        <ele>4.5390625</ele>
        <time>2014-05-21T09:46:12Z</time>
      </trkpt>
      <trkpt lat="68.10245574451983" lon="13.415119182318449">
        <ele>3.625</ele>
        <time>2014-05-21T09:46:23Z</time>
      </trkpt>
      <trkpt lat="68.102449206635356" lon="13.415104513987899">
        <ele>3.58984375</ele>
        <time>2014-05-21T09:46:24Z</time>
      </trkpt>
      <trkpt lat="68.102467143908143" lon="13.414962692186236">
        <ele>4.0078125</ele>
        <time>2014-05-21T09:46:30Z</time>
      </trkpt>
      <trkpt lat="68.1023951433599" lon="13.414481822401285">
        <ele>4.4453125</ele>
        <time>2014-05-21T09:46:45Z</time>
      </trkpt>
      <trkpt lat="68.102366393432021" lon="13.414420634508133">
        <ele>4.42578125</ele>
        <time>2014-05-21T09:46:49Z</time>
      </trkpt>
      <trkpt lat="68.102335883304477" lon="13.414423735812306">
        <ele>4.16015625</ele>
        <time>2014-05-21T09:47:02Z</time>
      </trkpt>
      <trkpt lat="68.102324148640037" lon="13.414312424138188">
        <ele>4.41015625</ele>
        <time>2014-05-21T09:47:35Z</time>
      </trkpt>
      <trkpt lat="68.102311240509152" lon="13.414402781054378">
        <ele>4.015625</ele>
        <time>2014-05-21T09:48:09Z</time>
      </trkpt>
      <trkpt lat="68.102338565513492" lon="13.414428345859051">
        <ele>4.16796875</ele>
        <time>2014-05-21T09:48:33Z</time>
      </trkpt>
      <trkpt lat="68.102343427017331" lon="13.414466148242354">
        <ele>4.08203125</ele>
        <time>2014-05-21T09:48:51Z</time>
      </trkpt>
      <trkpt lat="68.102357257157564" lon="13.414502944797277">
        <ele>4.0703125</ele>
        <time>2014-05-21T09:49:06Z</time>
      </trkpt>
      <trkpt lat="68.102348791435361" lon="13.414427423849702">
        <ele>4.25390625</ele>
        <time>2014-05-21T09:49:26Z</time>
      </trkpt>
      <trkpt lat="68.102352228015661" lon="13.414422478526831">
        <ele>4.30078125</ele>
        <time>2014-05-21T09:49:55Z</time>
      </trkpt>
      <trkpt lat="68.102366477251053" lon="13.414360536262393">
        <ele>4.6328125</ele>
        <time>2014-05-21T09:50:04Z</time>
      </trkpt>
      <trkpt lat="68.102379888296127" lon="13.414246626198292">
        <ele>5.1484375</ele>
        <time>2014-05-21T09:50:08Z</time>
      </trkpt>
      <trkpt lat="68.102390533313155" lon="13.414154928177595">
        <ele>5.578125</ele>
        <time>2014-05-21T09:50:11Z</time>
      </trkpt>
      <trkpt lat="68.102408805862069" lon="13.414046801626682">
        <ele>6.109375</ele>
        <time>2014-05-21T09:50:15Z</time>
      </trkpt>
      <trkpt lat="68.10239614918828" lon="13.413851670920849">
        <ele>6.72265625</ele>
        <time>2014-05-21T09:50:21Z</time>
      </trkpt>
      <trkpt lat="68.102385839447379" lon="13.413904225453734">
        <ele>6.4375</ele>
        <time>2014-05-21T09:50:24Z</time>
      </trkpt>
      <trkpt lat="68.102399334311485" lon="13.413902297616005">
        <ele>6.5625</ele>
        <time>2014-05-21T09:50:43Z</time>
      </trkpt>
      <trkpt lat="68.102385085076094" lon="13.413862651214004">
        <ele>6.5859375</ele>
        <time>2014-05-21T09:50:45Z</time>
      </trkpt>
      <trkpt lat="68.102386593818665" lon="13.413460990414023">
        <ele>8.13671875</ele>
        <time>2014-05-21T09:50:56Z</time>
      </trkpt>
      <trkpt lat="68.102281484752893" lon="13.413050193339586">
        <ele>10.11328125</ele>
        <time>2014-05-21T09:51:12Z</time>
      </trkpt>
      <trkpt lat="68.102257261052728" lon="13.413024628534913">
        <ele>10.2109375</ele>
        <time>2014-05-21T09:51:14Z</time>
      </trkpt>
      <trkpt lat="68.102199090644717" lon="13.412894122302532">
        <ele>10.77734375</ele>
        <time>2014-05-21T09:51:20Z</time>
      </trkpt>
      <trkpt lat="68.102139495313168" lon="13.412723634392023">
        <ele>10.9921875</ele>
        <time>2014-05-21T09:51:28Z</time>
      </trkpt>
      <trkpt lat="68.102115103974938" lon="13.412727573886514">
        <ele>10.87109375</ele>
        <time>2014-05-21T09:51:30Z</time>
      </trkpt>
      <trkpt lat="68.102011168375611" lon="13.412849782034755">
        <ele>10.34765625</ele>
        <time>2014-05-21T09:51:37Z</time>
      </trkpt>
      <trkpt lat="68.101960625499487" lon="13.412874257192016">
        <ele>10.203125</ele>
        <time>2014-05-21T09:51:41Z</time>
      </trkpt>
      <trkpt lat="68.101938497275114" lon="13.412938797846437">
        <ele>10.1796875</ele>
        <time>2014-05-21T09:51:44Z</time>
      </trkpt>
      <trkpt lat="68.101719813421369" lon="13.413042398169637">
        <ele>7.11328125</ele>
        <time>2014-05-21T09:52:00Z</time>
      </trkpt>
      <trkpt lat="68.101659128442407" lon="13.413096377626061">
        <ele>5.79296875</ele>
        <time>2014-05-21T09:52:06Z</time>
      </trkpt>
      <trkpt lat="68.101562401279807" lon="13.413036111742258">
        <ele>4.5703125</ele>
        <time>2014-05-21T09:52:14Z</time>
      </trkpt>
      <trkpt lat="68.101447904482484" lon="13.412903007119894">
        <ele>3.47265625</ele>
        <time>2014-05-21T09:52:24Z</time>
      </trkpt>
      <trkpt lat="68.10141010209918" lon="13.41286227107048">
        <ele>3.515625</ele>
        <time>2014-05-21T09:52:28Z</time>
      </trkpt>
      <trkpt lat="68.101352769881487" lon="13.41286369599402">
        <ele>2.640625</ele>
        <time>2014-05-21T09:52:32Z</time>
      </trkpt>
      <trkpt lat="68.101331228390336" lon="13.412852548062801">
        <ele>2.5390625</ele>
        <time>2014-05-21T09:52:34Z</time>
      </trkpt>
      <trkpt lat="68.101176414638758" lon="13.412887500599027">
        <ele>1.125</ele>
        <time>2014-05-21T09:52:49Z</time>
      </trkpt>
      <trkpt lat="68.101160153746605" lon="13.412992693483829">
        <ele>0</ele>
        <time>2014-05-21T09:53:06Z</time>
      </trkpt>
      <trkpt lat="68.101156465709209" lon="13.412957740947604">
        <ele>0</ele>
        <time>2014-05-21T09:53:18Z</time>
      </trkpt>
      <trkpt lat="68.10114623978734" lon="13.412948101758957">
        <ele>0</ele>
        <time>2014-05-21T09:53:19Z</time>
      </trkpt>
      <trkpt lat="68.101109443232417" lon="13.412900492548943">
        <ele>0.84765625</ele>
        <time>2014-05-21T09:53:26Z</time>
      </trkpt>
      <trkpt lat="68.101101983338594" lon="13.412794293835759">
        <ele>3.20703125</ele>
        <time>2014-05-21T09:53:32Z</time>
      </trkpt>
      <trkpt lat="68.101061331108212" lon="13.412713743746281">
        <ele>5.0234375</ele>
        <time>2014-05-21T09:53:37Z</time>
      </trkpt>
      <trkpt lat="68.101014392450452" lon="13.412625398486853">
        <ele>7.046875</ele>
        <time>2014-05-21T09:53:48Z</time>
      </trkpt>
      <trkpt lat="68.101020678877831" lon="13.412607712671161">
        <ele>7.4375</ele>
        <time>2014-05-21T09:53:50Z</time>
      </trkpt>
      <trkpt lat="68.101062588393688" lon="13.412511656060815">
        <ele>9.5390625</ele>
        <time>2014-05-21T09:54:01Z</time>
      </trkpt>
      <trkpt lat="68.10106853954494" lon="13.412465890869498">
        <ele>10.55078125</ele>
        <time>2014-05-21T09:54:03Z</time>
      </trkpt>
      <trkpt lat="68.101067785173655" lon="13.412204040214419">
        <ele>18.48046875</ele>
        <time>2014-05-21T09:54:14Z</time>
      </trkpt>
      <trkpt lat="68.101024702191353" lon="13.412161041051149">
        <ele>20.484375</ele>
        <time>2014-05-21T09:54:21Z</time>
      </trkpt>
      <trkpt lat="68.100998299196362" lon="13.412204626947641">
        <ele>19.19140625</ele>
        <time>2014-05-21T09:54:26Z</time>
      </trkpt>
      <trkpt lat="68.100984636694193" lon="13.412249889224768">
        <ele>17.6171875</ele>
        <time>2014-05-21T09:54:28Z</time>
      </trkpt>
      <trkpt lat="68.10089411213994" lon="13.412277298048139">
        <ele>17.20703125</ele>
        <time>2014-05-21T09:54:39Z</time>
      </trkpt>
      <trkpt lat="68.100870223715901" lon="13.412344017997384">
        <ele>14.46484375</ele>
        <time>2014-05-21T09:54:46Z</time>
      </trkpt>
      <trkpt lat="68.100824123248458" lon="13.412460191175342">
        <ele>11.05859375</ele>
        <time>2014-05-21T09:54:55Z</time>
      </trkpt>
      <trkpt lat="68.100809203460813" lon="13.412498747929931">
        <ele>10.1875</ele>
        <time>2014-05-21T09:54:58Z</time>
      </trkpt>
      <trkpt lat="68.100728485733271" lon="13.412826647982001">
        <ele>2.6484375</ele>
        <time>2014-05-21T09:55:12Z</time>
      </trkpt>
      <trkpt lat="68.100734939798713" lon="13.413101825863123">
        <ele>0</ele>
        <time>2014-05-21T09:55:37Z</time>
      </trkpt>
      <trkpt lat="68.100508125498891" lon="13.413000656291842">
        <ele>11.22265625</ele>
        <time>2014-05-21T09:55:47Z</time>
      </trkpt>
      <trkpt lat="68.100384073331952" lon="13.412913316860795">
        <ele>19.56640625</ele>
        <time>2014-05-21T09:56:00Z</time>
      </trkpt>
      <trkpt lat="68.100379966199398" lon="13.41291943565011">
        <ele>19.71875</ele>
        <time>2014-05-21T09:56:01Z</time>
      </trkpt>
      <trkpt lat="68.10036102309823" lon="13.413063939660788">
        <ele>16.80859375</ele>
        <time>2014-05-21T09:56:10Z</time>
      </trkpt>
      <trkpt lat="68.100386755540967" lon="13.413104424253106">
        <ele>14.5078125</ele>
        <time>2014-05-21T09:56:29Z</time>
      </trkpt>
      <trkpt lat="68.100387593731284" lon="13.413126301020384">
        <ele>13.8671875</ele>
        <time>2014-05-21T09:56:53Z</time>
      </trkpt>
      <trkpt lat="68.100381391122937" lon="13.413121271878481">
        <ele>14.26171875</ele>
        <time>2014-05-21T09:56:55Z</time>
      </trkpt>
      <trkpt lat="68.10017041862011" lon="13.413052288815379">
        <ele>25.87109375</ele>
        <time>2014-05-21T09:57:12Z</time>
      </trkpt>
      <trkpt lat="68.10008492320776" lon="13.41307139955461">
        <ele>24.71484375</ele>
        <time>2014-05-21T09:57:20Z</time>
      </trkpt>
      <trkpt lat="68.099985010921955" lon="13.412853721529245">
        <ele>29.6796875</ele>
        <time>2014-05-21T09:57:34Z</time>
      </trkpt>
      <trkpt lat="68.099919212982059" lon="13.412773674353957">
        <ele>29.82421875</ele>
        <time>2014-05-21T09:57:42Z</time>
      </trkpt>
      <trkpt lat="68.099862299859524" lon="13.412745175883174">
        <ele>29.65625</ele>
        <time>2014-05-21T09:57:47Z</time>
      </trkpt>
      <trkpt lat="68.099717879667878" lon="13.412537723779678">
        <ele>31.20703125</ele>
        <time>2014-05-21T09:58:03Z</time>
      </trkpt>
      <trkpt lat="68.09958360157907" lon="13.41250360943377">
        <ele>31.3125</ele>
        <time>2014-05-21T09:58:18Z</time>
      </trkpt>
      <trkpt lat="68.099485533311963" lon="13.412557505071163">
        <ele>30.51953125</ele>
        <time>2014-05-21T09:58:27Z</time>
      </trkpt>
      <trkpt lat="68.099443288519979" lon="13.412581225857139">
        <ele>30.109375</ele>
        <time>2014-05-21T09:58:31Z</time>
      </trkpt>
      <trkpt lat="68.099389057606459" lon="13.412625314667821">
        <ele>29.26171875</ele>
        <time>2014-05-21T09:58:35Z</time>
      </trkpt>
      <trkpt lat="68.099344298243523" lon="13.412660602480173">
        <ele>28.515625</ele>
        <time>2014-05-21T09:58:39Z</time>
      </trkpt>
      <trkpt lat="68.099311105906963" lon="13.412668062373996">
        <ele>28.3046875</ele>
        <time>2014-05-21T09:58:42Z</time>
      </trkpt>
      <trkpt lat="68.099290234968066" lon="13.412691447883844">
        <ele>27.77734375</ele>
        <time>2014-05-21T09:58:44Z</time>
      </trkpt>
      <trkpt lat="68.099130308255553" lon="13.412635624408722">
        <ele>28.73046875</ele>
        <time>2014-05-21T09:58:58Z</time>
      </trkpt>
      <trkpt lat="68.099092170596123" lon="13.412625566124916">
        <ele>28.9296875</ele>
        <time>2014-05-21T09:59:02Z</time>
      </trkpt>
      <trkpt lat="68.099040118977427" lon="13.412705780938268">
        <ele>26.6640625</ele>
        <time>2014-05-21T09:59:11Z</time>
      </trkpt>
      <trkpt lat="68.098888657987118" lon="13.412388190627098">
        <ele>31.13671875</ele>
        <time>2014-05-21T09:59:24Z</time>
      </trkpt>
      <trkpt lat="68.098868960514665" lon="13.41235114261508">
        <ele>31.0703125</ele>
        <time>2014-05-21T09:59:26Z</time>
      </trkpt>
      <trkpt lat="68.098773574456573" lon="13.412182331085205">
        <ele>30.359375</ele>
        <time>2014-05-21T09:59:35Z</time>
      </trkpt>
      <trkpt lat="68.098734598606825" lon="13.412099685519934">
        <ele>30.1484375</ele>
        <time>2014-05-21T09:59:39Z</time>
      </trkpt>
      <trkpt lat="68.098631165921688" lon="13.411991391330957">
        <ele>28.640625</ele>
        <time>2014-05-21T09:59:51Z</time>
      </trkpt>
      <trkpt lat="68.098626052960753" lon="13.411964736878872">
        <ele>28.7265625</ele>
        <time>2014-05-21T09:59:52Z</time>
      </trkpt>
      <trkpt lat="68.098575761541724" lon="13.411783603951335">
        <ele>29.76953125</ele>
        <time>2014-05-21T09:59:59Z</time>
      </trkpt>
      <trkpt lat="68.09846755117178" lon="13.411504235118628">
        <ele>34.20703125</ele>
        <time>2014-05-21T10:00:14Z</time>
      </trkpt>
      <trkpt lat="68.098416589200497" lon="13.411366520449519">
        <ele>35.4140625</ele>
        <time>2014-05-21T10:00:21Z</time>
      </trkpt>
      <trkpt lat="68.098340146243572" lon="13.411150770261884">
        <ele>32.578125</ele>
        <time>2014-05-21T10:00:34Z</time>
      </trkpt>
      <trkpt lat="68.0983248911798" lon="13.411188488826156">
        <ele>32.2265625</ele>
        <time>2014-05-21T10:00:44Z</time>
      </trkpt>
      <trkpt lat="68.098372081294656" lon="13.41113492846489">
        <ele>33.953125</ele>
        <time>2014-05-21T10:01:14Z</time>
      </trkpt>
      <trkpt lat="68.098360011354089" lon="13.411223692819476">
        <ele>34.2890625</ele>
        <time>2014-05-21T10:01:44Z</time>
      </trkpt>
      <trkpt lat="68.098358754068613" lon="13.411245318129659">
        <ele>34.44921875</ele>
        <time>2014-05-21T10:01:54Z</time>
      </trkpt>
      <trkpt lat="68.098351461812854" lon="13.411261159926653">
        <ele>34.2578125</ele>
        <time>2014-05-21T10:01:55Z</time>
      </trkpt>
      <trkpt lat="68.098367303609848" lon="13.411260992288589">
        <ele>35.02734375</ele>
        <time>2014-05-21T10:01:56Z</time>
      </trkpt>
      <trkpt lat="68.09832782484591" lon="13.411296112462878">
        <ele>32.796875</ele>
        <time>2014-05-21T10:01:58Z</time>
      </trkpt>
      <trkpt lat="68.098333859816194" lon="13.411358054727316">
        <ele>31.90234375</ele>
        <time>2014-05-21T10:01:59Z</time>
      </trkpt>
      <trkpt lat="68.098300080746412" lon="13.411466097459197">
        <ele>28.4921875</ele>
        <time>2014-05-21T10:02:03Z</time>
      </trkpt>
      <trkpt lat="68.098263619467616" lon="13.411690481007099">
        <ele>23.46875</ele>
        <time>2014-05-21T10:02:14Z</time>
      </trkpt>
      <trkpt lat="68.098275354132056" lon="13.411680171266198">
        <ele>23.984375</ele>
        <time>2014-05-21T10:02:15Z</time>
      </trkpt>
      <trkpt lat="68.098232187330723" lon="13.411744460463524">
        <ele>21.75390625</ele>
        <time>2014-05-21T10:02:25Z</time>
      </trkpt>
      <trkpt lat="68.098168568685651" lon="13.411771701648831">
        <ele>19.70703125</ele>
        <time>2014-05-21T10:02:33Z</time>
      </trkpt>
      <trkpt lat="68.098142584785819" lon="13.411958701908588">
        <ele>18.2734375</ele>
        <time>2014-05-21T10:02:40Z</time>
      </trkpt>
      <trkpt lat="68.098108805716038" lon="13.412080490961671">
        <ele>17.46875</ele>
        <time>2014-05-21T10:02:44Z</time>
      </trkpt>
      <trkpt lat="68.098089192062616" lon="13.412210494279861">
        <ele>17.03515625</ele>
        <time>2014-05-21T10:02:48Z</time>
      </trkpt>
      <trkpt lat="68.098092125728726" lon="13.412355417385697">
        <ele>17.01953125</ele>
        <time>2014-05-21T10:02:52Z</time>
      </trkpt>
      <trkpt lat="68.098113751038909" lon="13.412477122619748">
        <ele>16.5</ele>
        <time>2014-05-21T10:02:55Z</time>
      </trkpt>
      <trkpt lat="68.098144847899675" lon="13.412569658830762">
        <ele>16.21875</ele>
        <time>2014-05-21T10:02:58Z</time>
      </trkpt>
      <trkpt lat="68.098162868991494" lon="13.41270737349987">
        <ele>15.40625</ele>
        <time>2014-05-21T10:03:02Z</time>
      </trkpt>
      <trkpt lat="68.098221961408854" lon="13.412975678220391">
        <ele>14.71484375</ele>
        <time>2014-05-21T10:03:11Z</time>
      </trkpt>
      <trkpt lat="68.098178543150425" lon="13.41321213170886">
        <ele>13.09375</ele>
        <time>2014-05-21T10:03:19Z</time>
      </trkpt>
      <trkpt lat="68.098163288086653" lon="13.413412123918533">
        <ele>12.1640625</ele>
        <time>2014-05-21T10:03:29Z</time>
      </trkpt>
      <trkpt lat="68.098187344148755" lon="13.413564590737224">
        <ele>12.5625</ele>
        <time>2014-05-21T10:03:35Z</time>
      </trkpt>
      <trkpt lat="68.098203269764781" lon="13.413894586265087">
        <ele>13.2578125</ele>
        <time>2014-05-21T10:03:50Z</time>
      </trkpt>
      <trkpt lat="68.098189104348421" lon="13.413870949298143">
        <ele>12.921875</ele>
        <time>2014-05-21T10:03:54Z</time>
      </trkpt>
      <trkpt lat="68.098174352198839" lon="13.414030540734529">
        <ele>12.765625</ele>
        <time>2014-05-21T10:03:59Z</time>
      </trkpt>
      <trkpt lat="68.098183153197169" lon="13.414096422493458">
        <ele>12.453125</ele>
        <time>2014-05-21T10:04:01Z</time>
      </trkpt>
      <trkpt lat="68.09819002635777" lon="13.414187198504806">
        <ele>11.59765625</ele>
        <time>2014-05-21T10:04:04Z</time>
      </trkpt>
      <trkpt lat="68.098201341927052" lon="13.414262887090445">
        <ele>11.01953125</ele>
        <time>2014-05-21T10:04:07Z</time>
      </trkpt>
      <trkpt lat="68.098221374675632" lon="13.414357351139188">
        <ele>10.453125</ele>
        <time>2014-05-21T10:04:11Z</time>
      </trkpt>
      <trkpt lat="68.098235037177801" lon="13.414416695013642">
        <ele>10.13671875</ele>
        <time>2014-05-21T10:04:18Z</time>
      </trkpt>
      <trkpt lat="68.098223218694329" lon="13.414449468255043">
        <ele>9.49609375</ele>
        <time>2014-05-21T10:04:22Z</time>
      </trkpt>
      <trkpt lat="68.098215004429221" lon="13.414553320035338">
        <ele>8.1640625</ele>
        <time>2014-05-21T10:04:34Z</time>
      </trkpt>
      <trkpt lat="68.098213830962777" lon="13.414562540128827">
        <ele>8.03515625</ele>
        <time>2014-05-21T10:04:36Z</time>
      </trkpt>
      <trkpt lat="68.098199665546417" lon="13.414723388850689">
        <ele>7.22265625</ele>
        <time>2014-05-21T10:04:44Z</time>
      </trkpt>
      <trkpt lat="68.098172675818205" lon="13.414708720520139">
        <ele>6.54296875</ele>
        <time>2014-05-21T10:04:50Z</time>
      </trkpt>
      <trkpt lat="68.098176447674632" lon="13.414832437410951">
        <ele>6.63671875</ele>
        <time>2014-05-21T10:04:59Z</time>
      </trkpt>
      <trkpt lat="68.098154151812196" lon="13.414902426302433">
        <ele>6.07421875</ele>
        <time>2014-05-21T10:05:07Z</time>
      </trkpt>
      <trkpt lat="68.098051222041249" lon="13.414903935045004">
        <ele>3.48046875</ele>
        <time>2014-05-21T10:05:20Z</time>
      </trkpt>
      <trkpt lat="68.098012497648597" lon="13.414921704679728">
        <ele>2.50390625</ele>
        <time>2014-05-21T10:05:24Z</time>
      </trkpt>
      <trkpt lat="68.097988190129399" lon="13.414921872317791">
        <ele>1.890625</ele>
        <time>2014-05-21T10:05:27Z</time>
      </trkpt>
      <trkpt lat="68.097915519028902" lon="13.415060676634312">
        <ele>1.625</ele>
        <time>2014-05-21T10:05:42Z</time>
      </trkpt>
      <trkpt lat="68.097904119640589" lon="13.415070148184896">
        <ele>1.8203125</ele>
        <time>2014-05-21T10:06:06Z</time>
      </trkpt>
      <trkpt lat="68.097904287278652" lon="13.415096551179886">
        <ele>1.8359375</ele>
        <time>2014-05-21T10:06:35Z</time>
      </trkpt>
      <trkpt lat="68.097901772707701" lon="13.415106441825628">
        <ele>1.88671875</ele>
        <time>2014-05-21T10:06:48Z</time>
      </trkpt>
      <trkpt lat="68.097887188196182" lon="13.415216160938144">
        <ele>2.1484375</ele>
        <time>2014-05-21T10:06:54Z</time>
      </trkpt>
      <trkpt lat="68.097759783267975" lon="13.415248598903418">
        <ele>4.3125</ele>
        <time>2014-05-21T10:07:06Z</time>
      </trkpt>
      <trkpt lat="68.097737403586507" lon="13.415325125679374">
        <ele>4.53515625</ele>
        <time>2014-05-21T10:07:09Z</time>
      </trkpt>
      <trkpt lat="68.097686944529414" lon="13.415462085977197">
        <ele>5.0078125</ele>
        <time>2014-05-21T10:07:15Z</time>
      </trkpt>
      <trkpt lat="68.097638245671988" lon="13.41553064994514">
        <ele>5.53125</ele>
        <time>2014-05-21T10:07:20Z</time>
      </trkpt>
      <trkpt lat="68.0975944083184" lon="13.415522435680032">
        <ele>6.19140625</ele>
        <time>2014-05-21T10:07:24Z</time>
      </trkpt>
      <trkpt lat="68.097524084150791" lon="13.415579181164503">
        <ele>6.97265625</ele>
        <time>2014-05-21T10:07:30Z</time>
      </trkpt>
      <trkpt lat="68.097447222098708" lon="13.415660737082362">
        <ele>7.640625</ele>
        <time>2014-05-21T10:07:37Z</time>
      </trkpt>
      <trkpt lat="68.09731193818152" lon="13.415821585804224">
        <ele>9.359375</ele>
        <time>2014-05-21T10:07:50Z</time>
      </trkpt>
      <trkpt lat="68.097254522144794" lon="13.415852934122086">
        <ele>10.2578125</ele>
        <time>2014-05-21T10:07:57Z</time>
      </trkpt>
      <trkpt lat="68.09714974835515" lon="13.416049405932426">
        <ele>11.75</ele>
        <time>2014-05-21T10:08:08Z</time>
      </trkpt>
      <trkpt lat="68.097110940143466" lon="13.416088717058301">
        <ele>12.30078125</ele>
        <time>2014-05-21T10:08:13Z</time>
      </trkpt>
      <trkpt lat="68.097089314833283" lon="13.416166668757796">
        <ele>12.546875</ele>
        <time>2014-05-21T10:08:16Z</time>
      </trkpt>
      <trkpt lat="68.097076825797558" lon="13.416233388707042">
        <ele>12.66015625</ele>
        <time>2014-05-21T10:08:18Z</time>
      </trkpt>
      <trkpt lat="68.09707397595048" lon="13.416352579370141">
        <ele>12.6015625</ele>
        <time>2014-05-21T10:08:22Z</time>
      </trkpt>
      <trkpt lat="68.097016643732786" lon="13.416488533839583">
        <ele>13.3671875</ele>
        <time>2014-05-21T10:08:29Z</time>
      </trkpt>
      <trkpt lat="68.096978841349483" lon="13.416490629315376">
        <ele>13.9375</ele>
        <time>2014-05-21T10:08:33Z</time>
      </trkpt>
      <trkpt lat="68.096955874934793" lon="13.416471015661955">
        <ele>14.29296875</ele>
        <time>2014-05-21T10:08:36Z</time>
      </trkpt>
      <trkpt lat="68.096938859671354" lon="13.416430950164795">
        <ele>14.5625</ele>
        <time>2014-05-21T10:08:39Z</time>
      </trkpt>
      <trkpt lat="68.096904829144478" lon="13.416429609060287">
        <ele>15.0703125</ele>
        <time>2014-05-21T10:08:43Z</time>
      </trkpt>
      <trkpt lat="68.096892926841974" lon="13.416539998725057">
        <ele>15.23046875</ele>
        <time>2014-05-21T10:08:54Z</time>
      </trkpt>
      <trkpt lat="68.096885802224278" lon="13.416543267667294">
        <ele>15.3359375</ele>
        <time>2014-05-21T10:09:16Z</time>
      </trkpt>
      <trkpt lat="68.096885215491056" lon="13.416537819430232">
        <ele>15.34765625</ele>
        <time>2014-05-21T10:09:44Z</time>
      </trkpt>
      <trkpt lat="68.0969019792974" lon="13.416557097807527">
        <ele>15.0859375</ele>
        <time>2014-05-21T10:10:18Z</time>
      </trkpt>
      <trkpt lat="68.096900302916765" lon="13.416548380628228">
        <ele>15.11328125</ele>
        <time>2014-05-21T10:10:49Z</time>
      </trkpt>
      <trkpt lat="68.096899800002575" lon="13.41654653660953">
        <ele>15.12109375</ele>
        <time>2014-05-21T10:11:28Z</time>
      </trkpt>
      <trkpt lat="68.096874486654997" lon="13.416553325951099">
        <ele>15.5078125</ele>
        <time>2014-05-21T10:11:45Z</time>
      </trkpt>
      <trkpt lat="68.096875911578536" lon="13.416498927399516">
        <ele>15.4921875</ele>
        <time>2014-05-21T10:11:51Z</time>
      </trkpt>
      <trkpt lat="68.096824279054999" lon="13.416420640423894">
        <ele>16.1875</ele>
        <time>2014-05-21T10:11:57Z</time>
      </trkpt>
      <trkpt lat="68.096808437258005" lon="13.416389962658286">
        <ele>16.35546875</ele>
        <time>2014-05-21T10:11:59Z</time>
      </trkpt>
      <trkpt lat="68.09679301455617" lon="13.416388118639588">
        <ele>16.515625</ele>
        <time>2014-05-21T10:12:01Z</time>
      </trkpt>
      <trkpt lat="68.096755463629961" lon="13.416361128911376">
        <ele>16.9140625</ele>
        <time>2014-05-21T10:12:05Z</time>
      </trkpt>
      <trkpt lat="68.096715062856674" lon="13.416430111974478">
        <ele>17.3125</ele>
        <time>2014-05-21T10:12:09Z</time>
      </trkpt>
      <trkpt lat="68.096637362614274" lon="13.416559612378478">
        <ele>18.0234375</ele>
        <time>2014-05-21T10:12:19Z</time>
      </trkpt>
      <trkpt lat="68.096582293510437" lon="13.416627254337072">
        <ele>18.51171875</ele>
        <time>2014-05-21T10:12:27Z</time>
      </trkpt>
      <trkpt lat="68.096567541360855" lon="13.416658770292997">
        <ele>18.625</ele>
        <time>2014-05-21T10:12:29Z</time>
      </trkpt>
      <trkpt lat="68.096516327932477" lon="13.416700009256601">
        <ele>19.0703125</ele>
        <time>2014-05-21T10:12:35Z</time>
      </trkpt>
      <trkpt lat="68.09642169624567" lon="13.416636390611529">
        <ele>20.046875</ele>
        <time>2014-05-21T10:12:48Z</time>
      </trkpt>
      <trkpt lat="68.096288340166211" lon="13.416543686762452">
        <ele>21.49609375</ele>
        <time>2014-05-21T10:13:02Z</time>
      </trkpt>
      <trkpt lat="68.096194546669722" lon="13.416609233245254">
        <ele>21.72265625</ele>
        <time>2014-05-21T10:13:14Z</time>
      </trkpt>
      <trkpt lat="68.096034871414304" lon="13.416613340377808">
        <ele>22.2890625</ele>
        <time>2014-05-21T10:13:28Z</time>
      </trkpt>
      <trkpt lat="68.095869161188602" lon="13.416696237400174">
        <ele>22.73828125</ele>
        <time>2014-05-21T10:13:42Z</time>
      </trkpt>
      <trkpt lat="68.095822473987937" lon="13.416660698130727">
        <ele>22.96875</ele>
        <time>2014-05-21T10:13:46Z</time>
      </trkpt>
      <trkpt lat="68.095734631642699" lon="13.416654579341412">
        <ele>23.296875</ele>
        <time>2014-05-21T10:13:54Z</time>
      </trkpt>
      <trkpt lat="68.095598593354225" lon="13.416541423648596">
        <ele>24.47265625</ele>
        <time>2014-05-21T10:14:06Z</time>
      </trkpt>
      <trkpt lat="68.095466243103147" lon="13.416306562721729">
        <ele>25.84765625</ele>
        <time>2014-05-21T10:14:20Z</time>
      </trkpt>
      <trkpt lat="68.095384519547224" lon="13.416235987097025">
        <ele>26.54296875</ele>
        <time>2014-05-21T10:14:28Z</time>
      </trkpt>
      <trkpt lat="68.095370186492801" lon="13.416166920214891">
        <ele>26.7265625</ele>
        <time>2014-05-21T10:14:31Z</time>
      </trkpt>
      <trkpt lat="68.095355601981282" lon="13.416123585775495">
        <ele>26.890625</ele>
        <time>2014-05-21T10:14:33Z</time>
      </trkpt>
      <trkpt lat="68.095277231186628" lon="13.415922420099378">
        <ele>27.7890625</ele>
        <time>2014-05-21T10:14:44Z</time>
      </trkpt>
      <trkpt lat="68.09524211101234" lon="13.415884366258979">
        <ele>28.140625</ele>
        <time>2014-05-21T10:14:47Z</time>
      </trkpt>
      <trkpt lat="68.095230124890804" lon="13.41585704125464">
        <ele>28.2890625</ele>
        <time>2014-05-21T10:14:49Z</time>
      </trkpt>
      <trkpt lat="68.095120573416352" lon="13.415864082053304">
        <ele>28.98046875</ele>
        <time>2014-05-21T10:14:59Z</time>
      </trkpt>
      <trkpt lat="68.094949750229716" lon="13.415783867239952">
        <ele>30</ele>
        <time>2014-05-21T10:15:16Z</time>
      </trkpt>
      <trkpt lat="68.094821842387319" lon="13.415765007957816">
        <ele>30.7109375</ele>
        <time>2014-05-21T10:15:28Z</time>
      </trkpt>
      <trkpt lat="68.094754787161946" lon="13.415793171152472">
        <ele>30.92578125</ele>
        <time>2014-05-21T10:15:34Z</time>
      </trkpt>
      <trkpt lat="68.094710698351264" lon="13.415834661573172">
        <ele>30.94140625</ele>
        <time>2014-05-21T10:15:38Z</time>
      </trkpt>
      <trkpt lat="68.094620928168297" lon="13.415818652138114">
        <ele>31.44921875</ele>
        <time>2014-05-21T10:15:51Z</time>
      </trkpt>
      <trkpt lat="68.094593854621053" lon="13.41576031409204">
        <ele>32.16796875</ele>
        <time>2014-05-21T10:15:54Z</time>
      </trkpt>
      <trkpt lat="68.094506599009037" lon="13.415750423446298">
        <ele>33.55078125</ele>
        <time>2014-05-21T10:16:02Z</time>
      </trkpt>
      <trkpt lat="68.094415571540594" lon="13.415826698765159">
        <ele>34.0625</ele>
        <time>2014-05-21T10:16:10Z</time>
      </trkpt>
      <trkpt lat="68.094356814399362" lon="13.415918899700046">
        <ele>33.61328125</ele>
        <time>2014-05-21T10:16:17Z</time>
      </trkpt>
      <trkpt lat="68.094272240996361" lon="13.415977992117405">
        <ele>33.5546875</ele>
        <time>2014-05-21T10:16:23Z</time>
      </trkpt>
      <trkpt lat="68.094099489971995" lon="13.416048567742109">
        <ele>33.5703125</ele>
        <time>2014-05-21T10:16:37Z</time>
      </trkpt>
      <trkpt lat="68.093927158042789" lon="13.416183516383171">
        <ele>31.19921875</ele>
        <time>2014-05-21T10:16:51Z</time>
      </trkpt>
      <trkpt lat="68.093761783093214" lon="13.416141523048282">
        <ele>32.578125</ele>
        <time>2014-05-21T10:17:05Z</time>
      </trkpt>
      <trkpt lat="68.093752060085535" lon="13.416130039840937">
        <ele>32.87890625</ele>
        <time>2014-05-21T10:17:06Z</time>
      </trkpt>
      <trkpt lat="68.093730434775352" lon="13.416118808090687">
        <ele>33.203125</ele>
        <time>2014-05-21T10:17:08Z</time>
      </trkpt>
      <trkpt lat="68.093711659312248" lon="13.41609600931406">
        <ele>33.80078125</ele>
        <time>2014-05-21T10:17:10Z</time>
      </trkpt>
      <trkpt lat="68.093607388436794" lon="13.416051501408219">
        <ele>35.19921875</ele>
        <time>2014-05-21T10:17:20Z</time>
      </trkpt>
      <trkpt lat="68.093586768954992" lon="13.416023505851626">
        <ele>35.95703125</ele>
        <time>2014-05-21T10:17:22Z</time>
      </trkpt>
      <trkpt lat="68.093569334596395" lon="13.416019314900041">
        <ele>36.12109375</ele>
        <time>2014-05-21T10:17:24Z</time>
      </trkpt>
      <trkpt lat="68.093481743708253" lon="13.415950080379844">
        <ele>38.88671875</ele>
        <time>2014-05-21T10:17:39Z</time>
      </trkpt>
      <trkpt lat="68.093478390946984" lon="13.415963659062982">
        <ele>38.62890625</ele>
        <time>2014-05-21T10:17:43Z</time>
      </trkpt>
      <trkpt lat="68.093487862497568" lon="13.416026774793863">
        <ele>36.74609375</ele>
        <time>2014-05-21T10:17:47Z</time>
      </trkpt>
      <trkpt lat="68.09349087998271" lon="13.416030127555132">
        <ele>36.58203125</ele>
        <time>2014-05-21T10:17:48Z</time>
      </trkpt>
      <trkpt lat="68.093491550534964" lon="13.416030798107386">
        <ele>36.546875</ele>
        <time>2014-05-21T10:17:49Z</time>
      </trkpt>
      <trkpt lat="68.093490963801742" lon="13.416025685146451">
        <ele>36.6953125</ele>
        <time>2014-05-21T10:17:50Z</time>
      </trkpt>
      <trkpt lat="68.093491047620773" lon="13.416038174182177">
        <ele>36.37109375</ele>
        <time>2014-05-21T10:17:51Z</time>
      </trkpt>
      <trkpt lat="68.093492472544312" lon="13.41604471206665">
        <ele>36.16796875</ele>
        <time>2014-05-21T10:17:59Z</time>
      </trkpt>
      <trkpt lat="68.093486856669188" lon="13.416103301569819">
        <ele>34.80859375</ele>
        <time>2014-05-21T10:18:39Z</time>
      </trkpt>
      <trkpt lat="68.093502195551991" lon="13.416169853881001">
        <ele>32.73828125</ele>
        <time>2014-05-21T10:19:19Z</time>
      </trkpt>
      <trkpt lat="68.093501105904579" lon="13.416162477806211">
        <ele>32.94921875</ele>
        <time>2014-05-21T10:19:51Z</time>
      </trkpt>
      <trkpt lat="68.0934845097363" lon="13.416110593825579">
        <ele>34.6796875</ele>
        <time>2014-05-21T10:19:55Z</time>
      </trkpt>
      <trkpt lat="68.09345324523747" lon="13.415912445634604">
        <ele>40.671875</ele>
        <time>2014-05-21T10:20:00Z</time>
      </trkpt>
      <trkpt lat="68.093293569982052" lon="13.415748411789536">
        <ele>50.06640625</ele>
        <time>2014-05-21T10:20:13Z</time>
      </trkpt>
      <trkpt lat="68.09325585141778" lon="13.415723936632276">
        <ele>52</ele>
        <time>2014-05-21T10:20:16Z</time>
      </trkpt>
      <trkpt lat="68.093224167823792" lon="13.415687726810575">
        <ele>54.2109375</ele>
        <time>2014-05-21T10:20:19Z</time>
      </trkpt>
      <trkpt lat="68.093066001310945" lon="13.415774730965495">
        <ele>56.40234375</ele>
        <time>2014-05-21T10:20:33Z</time>
      </trkpt>
      <trkpt lat="68.092996431514621" lon="13.415770707651973">
        <ele>58.71875</ele>
        <time>2014-05-21T10:20:41Z</time>
      </trkpt>
      <trkpt lat="68.092892244458199" lon="13.415804570540786">
        <ele>61.5234375</ele>
        <time>2014-05-21T10:20:54Z</time>
      </trkpt>
      <trkpt lat="68.092803983017802" lon="13.415809599682689">
        <ele>65.1484375</ele>
        <time>2014-05-21T10:21:06Z</time>
      </trkpt>
      <trkpt lat="68.092801636084914" lon="13.415804905816913">
        <ele>65.43359375</ele>
        <time>2014-05-21T10:21:07Z</time>
      </trkpt>
      <trkpt lat="68.092719074338675" lon="13.415918312966824">
        <ele>64.3984375</ele>
        <time>2014-05-21T10:21:18Z</time>
      </trkpt>
      <trkpt lat="68.09271345846355" lon="13.415922001004219">
        <ele>64.4765625</ele>
        <time>2014-05-21T10:21:20Z</time>
      </trkpt>
      <trkpt lat="68.09270029887557" lon="13.415897022932768">
        <ele>66.0390625</ele>
        <time>2014-05-21T10:21:23Z</time>
      </trkpt>
      <trkpt lat="68.09265143238008" lon="13.41594060882926">
        <ele>66.23828125</ele>
        <time>2014-05-21T10:21:33Z</time>
      </trkpt>
      <trkpt lat="68.0925277993083" lon="13.416107408702374">
        <ele>63.86328125</ele>
        <time>2014-05-21T10:21:46Z</time>
      </trkpt>
      <trkpt lat="68.092436855658889" lon="13.416152838617563">
        <ele>65.16796875</ele>
        <time>2014-05-21T10:21:58Z</time>
      </trkpt>
      <trkpt lat="68.092398215085268" lon="13.416160130873322">
        <ele>66.25390625</ele>
        <time>2014-05-21T10:22:08Z</time>
      </trkpt>
      <trkpt lat="68.09234700165689" lon="13.416153509169817">
        <ele>68.74609375</ele>
        <time>2014-05-21T10:22:16Z</time>
      </trkpt>
      <trkpt lat="68.092254968360066" lon="13.416263479739428">
        <ele>67.10546875</ele>
        <time>2014-05-21T10:22:30Z</time>
      </trkpt>
      <trkpt lat="68.092240719124675" lon="13.416301868855953">
        <ele>66.51953125</ele>
        <time>2014-05-21T10:22:33Z</time>
      </trkpt>
      <trkpt lat="68.09217014349997" lon="13.416405469179153">
        <ele>66.62109375</ele>
        <time>2014-05-21T10:22:46Z</time>
      </trkpt>
      <trkpt lat="68.092119432985783" lon="13.416502950713038">
        <ele>66.05859375</ele>
        <time>2014-05-21T10:22:53Z</time>
      </trkpt>
      <trkpt lat="68.092063525691628" lon="13.416600432246923">
        <ele>65.66796875</ele>
        <time>2014-05-21T10:22:59Z</time>
      </trkpt>
      <trkpt lat="68.091974342241883" lon="13.41671166010201">
        <ele>66.1484375</ele>
        <time>2014-05-21T10:23:11Z</time>
      </trkpt>
      <trkpt lat="68.09183344244957" lon="13.416888518258929">
        <ele>67.07421875</ele>
        <time>2014-05-21T10:23:26Z</time>
      </trkpt>
      <trkpt lat="68.091809302568436" lon="13.41692179441452">
        <ele>67.21484375</ele>
        <time>2014-05-21T10:23:41Z</time>
      </trkpt>
      <trkpt lat="68.09180217795074" lon="13.416950795799494">
        <ele>66.8203125</ele>
        <time>2014-05-21T10:24:05Z</time>
      </trkpt>
      <trkpt lat="68.091785497963428" lon="13.416940234601498">
        <ele>67.6484375</ele>
        <time>2014-05-21T10:24:20Z</time>
      </trkpt>
      <trkpt lat="68.091659350320697" lon="13.416971163824201">
        <ele>71.359375</ele>
        <time>2014-05-21T10:24:33Z</time>
      </trkpt>
      <trkpt lat="68.091529347002506" lon="13.417010055854917">
        <ele>74.828125</ele>
        <time>2014-05-21T10:24:46Z</time>
      </trkpt>
      <trkpt lat="68.09150218963623" lon="13.417002176865935">
        <ele>75.98046875</ele>
        <time>2014-05-21T10:24:49Z</time>
      </trkpt>
      <trkpt lat="68.091430440545082" lon="13.416977617889643">
        <ele>79.17578125</ele>
        <time>2014-05-21T10:24:59Z</time>
      </trkpt>
      <trkpt lat="68.091383166611195" lon="13.416869910433888">
        <ele>84.12109375</ele>
        <time>2014-05-21T10:25:11Z</time>
      </trkpt>
      <trkpt lat="68.091318961232901" lon="13.416765974834561">
        <ele>88.60546875</ele>
        <time>2014-05-21T10:25:22Z</time>
      </trkpt>
      <trkpt lat="68.091230867430568" lon="13.416740829125047">
        <ele>90.19921875</ele>
        <time>2014-05-21T10:25:33Z</time>
      </trkpt>
      <trkpt lat="68.091132547706366" lon="13.416636977344751">
        <ele>92.37890625</ele>
        <time>2014-05-21T10:25:45Z</time>
      </trkpt>
      <trkpt lat="68.091123327612877" lon="13.416637731716037">
        <ele>92.4453125</ele>
        <time>2014-05-21T10:25:46Z</time>
      </trkpt>
      <trkpt lat="68.091086195781827" lon="13.416609484702349">
        <ele>93.26953125</ele>
        <time>2014-05-21T10:25:51Z</time>
      </trkpt>
      <trkpt lat="68.091046633198857" lon="13.416451653465629">
        <ele>96.72265625</ele>
        <time>2014-05-21T10:26:05Z</time>
      </trkpt>
      <trkpt lat="68.090975303202868" lon="13.416444528847933">
        <ele>97.9609375</ele>
        <time>2014-05-21T10:26:16Z</time>
      </trkpt>
      <trkpt lat="68.090929035097361" lon="13.416425082832575">
        <ele>99.1328125</ele>
        <time>2014-05-21T10:26:27Z</time>
      </trkpt>
      <trkpt lat="68.090935908257961" lon="13.41642240062356">
        <ele>99.0859375</ele>
        <time>2014-05-21T10:26:34Z</time>
      </trkpt>
      <trkpt lat="68.090922497212887" lon="13.416412593796849">
        <ele>99.5390625</ele>
        <time>2014-05-21T10:26:36Z</time>
      </trkpt>
      <trkpt lat="68.090922748669982" lon="13.41628267429769">
        <ele>102.640625</ele>
        <time>2014-05-21T10:26:47Z</time>
      </trkpt>
      <trkpt lat="68.090877989307046" lon="13.416246380656958">
        <ele>104.7109375</ele>
        <time>2014-05-21T10:26:58Z</time>
      </trkpt>
      <trkpt lat="68.090848987922072" lon="13.416199358180165">
        <ele>106.8828125</ele>
        <time>2014-05-21T10:27:05Z</time>
      </trkpt>
      <trkpt lat="68.090843036770821" lon="13.4162044711411">
        <ele>106.8359375</ele>
        <time>2014-05-21T10:27:10Z</time>
      </trkpt>
      <trkpt lat="68.090811185538769" lon="13.416174883022904">
        <ele>108.43359375</ele>
        <time>2014-05-21T10:27:21Z</time>
      </trkpt>
      <trkpt lat="68.09079023078084" lon="13.416146384552121">
        <ele>109.75</ele>
        <time>2014-05-21T10:27:33Z</time>
      </trkpt>
      <trkpt lat="68.090780507773161" lon="13.416158370673656">
        <ele>109.55078125</ele>
        <time>2014-05-21T10:27:41Z</time>
      </trkpt>
      <trkpt lat="68.09076776728034" lon="13.416172871366143">
        <ele>109.33984375</ele>
        <time>2014-05-21T10:27:52Z</time>
      </trkpt>
      <trkpt lat="68.090734155848622" lon="13.416157700121403">
        <ele>110.4609375</ele>
        <time>2014-05-21T10:28:01Z</time>
      </trkpt>
      <trkpt lat="68.090708339586854" lon="13.416139343753457">
        <ele>111.6875</ele>
        <time>2014-05-21T10:28:10Z</time>
      </trkpt>
      <trkpt lat="68.090697024017572" lon="13.416142109781504">
        <ele>111.890625</ele>
        <time>2014-05-21T10:28:16Z</time>
      </trkpt>
      <trkpt lat="68.090680344030261" lon="13.416042868047953">
        <ele>115.375</ele>
        <time>2014-05-21T10:28:28Z</time>
      </trkpt>
      <trkpt lat="68.090639356523752" lon="13.416014201939106">
        <ele>117.32421875</ele>
        <time>2014-05-21T10:28:38Z</time>
      </trkpt>
      <trkpt lat="68.090601302683353" lon="13.415986709296703">
        <ele>119.171875</ele>
        <time>2014-05-21T10:28:44Z</time>
      </trkpt>
      <trkpt lat="68.090565176680684" lon="13.416008083149791">
        <ele>119.44921875</ele>
        <time>2014-05-21T10:28:48Z</time>
      </trkpt>
      <trkpt lat="68.090508347377181" lon="13.415987798944116">
        <ele>121.56640625</ele>
        <time>2014-05-21T10:28:58Z</time>
      </trkpt>
      <trkpt lat="68.090459648519754" lon="13.41596701182425">
        <ele>123.4921875</ele>
        <time>2014-05-21T10:29:09Z</time>
      </trkpt>
      <trkpt lat="68.090424863621593" lon="13.415928622707725">
        <ele>125.6171875</ele>
        <time>2014-05-21T10:29:20Z</time>
      </trkpt>
      <trkpt lat="68.09040080755949" lon="13.415865004062653">
        <ele>128.26953125</ele>
        <time>2014-05-21T10:29:28Z</time>
      </trkpt>
      <trkpt lat="68.090374320745468" lon="13.415812700986862">
        <ele>130.6328125</ele>
        <time>2014-05-21T10:29:37Z</time>
      </trkpt>
      <trkpt lat="68.090335428714752" lon="13.415808426216245">
        <ele>131.80859375</ele>
        <time>2014-05-21T10:29:46Z</time>
      </trkpt>
      <trkpt lat="68.09030600823462" lon="13.41576861217618">
        <ele>133.87109375</ele>
        <time>2014-05-21T10:29:51Z</time>
      </trkpt>
      <trkpt lat="68.090235264971852" lon="13.415653947740793">
        <ele>138.8515625</ele>
        <time>2014-05-21T10:30:03Z</time>
      </trkpt>
      <trkpt lat="68.090200228616595" lon="13.415577672421932">
        <ele>141.44140625</ele>
        <time>2014-05-21T10:30:13Z</time>
      </trkpt>
      <trkpt lat="68.090177597478032" lon="13.415507515892386">
        <ele>143.49609375</ele>
        <time>2014-05-21T10:30:18Z</time>
      </trkpt>
      <trkpt lat="68.090118169784546" lon="13.415428306907415">
        <ele>145.63671875</ele>
        <time>2014-05-21T10:30:28Z</time>
      </trkpt>
      <trkpt lat="68.090040553361177" lon="13.415403077378869">
        <ele>146.7421875</ele>
        <time>2014-05-21T10:30:39Z</time>
      </trkpt>
      <trkpt lat="68.089964697137475" lon="13.415337698534131">
        <ele>148.69921875</ele>
        <time>2014-05-21T10:30:48Z</time>
      </trkpt>
      <trkpt lat="68.089835029095411" lon="13.415271984413266">
        <ele>151.0546875</ele>
        <time>2014-05-21T10:31:02Z</time>
      </trkpt>
      <trkpt lat="68.089767638593912" lon="13.415229991078377">
        <ele>152.44921875</ele>
        <time>2014-05-21T10:31:11Z</time>
      </trkpt>
      <trkpt lat="68.089719694107771" lon="13.415223117917776">
        <ele>152.94140625</ele>
        <time>2014-05-21T10:31:15Z</time>
      </trkpt>
      <trkpt lat="68.089659595862031" lon="13.41520325280726">
        <ele>153.8046875</ele>
        <time>2014-05-21T10:31:21Z</time>
      </trkpt>
      <trkpt lat="68.089628834277391" lon="13.415170563384891">
        <ele>154.734375</ele>
        <time>2014-05-21T10:31:24Z</time>
      </trkpt>
      <trkpt lat="68.089522132650018" lon="13.415058078244328">
        <ele>154.28515625</ele>
        <time>2014-05-21T10:31:35Z</time>
      </trkpt>
      <trkpt lat="68.089490449056029" lon="13.415040727704763">
        <ele>153.9453125</ele>
        <time>2014-05-21T10:31:38Z</time>
      </trkpt>
      <trkpt lat="68.089411240071058" lon="13.414842914789915">
        <ele>154.61328125</ele>
        <time>2014-05-21T10:31:48Z</time>
      </trkpt>
      <trkpt lat="68.089335300028324" lon="13.414633618667722">
        <ele>155.5390625</ele>
        <time>2014-05-21T10:32:00Z</time>
      </trkpt>
      <trkpt lat="68.089269669726491" lon="13.414419544860721">
        <ele>156.578125</ele>
        <time>2014-05-21T10:32:11Z</time>
      </trkpt>
      <trkpt lat="68.08924812823534" lon="13.414397248998284">
        <ele>156.42578125</ele>
        <time>2014-05-21T10:32:24Z</time>
      </trkpt>
      <trkpt lat="68.089256761595607" lon="13.414356177672744">
        <ele>156.94140625</ele>
        <time>2014-05-21T10:32:32Z</time>
      </trkpt>
      <trkpt lat="68.089235723018646" lon="13.414303036406636">
        <ele>157.0546875</ele>
        <time>2014-05-21T10:32:35Z</time>
      </trkpt>
      <trkpt lat="68.089158777147532" lon="13.414110168814659">
        <ele>157.27734375</ele>
        <time>2014-05-21T10:32:44Z</time>
      </trkpt>
      <trkpt lat="68.089123656973243" lon="13.414024421945214">
        <ele>157.21875</ele>
        <time>2014-05-21T10:32:48Z</time>
      </trkpt>
      <trkpt lat="68.089033551514149" lon="13.413927024230361">
        <ele>155.359375</ele>
        <time>2014-05-21T10:33:01Z</time>
      </trkpt>
      <trkpt lat="68.089027097448707" lon="13.413917804136872">
        <ele>155.1796875</ele>
        <time>2014-05-21T10:33:02Z</time>
      </trkpt>
      <trkpt lat="68.089003125205636" lon="13.413938758894801">
        <ele>154.18359375</ele>
        <time>2014-05-21T10:33:10Z</time>
      </trkpt>
      <trkpt lat="68.089003711938858" lon="13.413934567943215">
        <ele>154.23046875</ele>
        <time>2014-05-21T10:33:13Z</time>
      </trkpt>
      <trkpt lat="68.088993821293116" lon="13.413961390033364">
        <ele>153.69921875</ele>
        <time>2014-05-21T10:33:44Z</time>
      </trkpt>
      <trkpt lat="68.088988540694118" lon="13.41389668174088">
        <ele>153.92578125</ele>
        <time>2014-05-21T10:34:12Z</time>
      </trkpt>
      <trkpt lat="68.089004885405302" lon="13.413916882127523">
        <ele>154.3828125</ele>
        <time>2014-05-21T10:34:44Z</time>
      </trkpt>
      <trkpt lat="68.089013518765569" lon="13.41394504532218">
        <ele>154.5234375</ele>
        <time>2014-05-21T10:35:16Z</time>
      </trkpt>
      <trkpt lat="68.088986612856388" lon="13.413969101384282">
        <ele>153.38671875</ele>
        <time>2014-05-21T10:35:45Z</time>
      </trkpt>
      <trkpt lat="68.089025672525167" lon="13.414010424166918">
        <ele>154.578125</ele>
        <time>2014-05-21T10:36:18Z</time>
      </trkpt>
      <trkpt lat="68.088998682796955" lon="13.414017967879772">
        <ele>153.5234375</ele>
        <time>2014-05-21T10:36:44Z</time>
      </trkpt>
      <trkpt lat="68.088997425511479" lon="13.413972035050392">
        <ele>153.765625</ele>
        <time>2014-05-21T10:37:00Z</time>
      </trkpt>
      <trkpt lat="68.088994156569242" lon="13.413965161889791">
        <ele>153.6875</ele>
        <time>2014-05-21T10:37:18Z</time>
      </trkpt>
      <trkpt lat="68.089004969224334" lon="13.413973459973931">
        <ele>154.03515625</ele>
        <time>2014-05-21T10:37:34Z</time>
      </trkpt>
      <trkpt lat="68.089007651433349" lon="13.413932723924518">
        <ele>154.38671875</ele>
        <time>2014-05-21T10:37:53Z</time>
      </trkpt>
      <trkpt lat="68.088999437168241" lon="13.413895675912499">
        <ele>154.3203125</ele>
        <time>2014-05-21T10:38:20Z</time>
      </trkpt>
      <trkpt lat="68.089014608412981" lon="13.413926856592298">
        <ele>154.67578125</ele>
        <time>2014-05-21T10:38:23Z</time>
      </trkpt>
      <trkpt lat="68.089034808799624" lon="13.413930209353566">
        <ele>155.38671875</ele>
        <time>2014-05-21T10:38:25Z</time>
      </trkpt>
      <trkpt lat="68.089010082185268" lon="13.413833901286125">
        <ele>155.0859375</ele>
        <time>2014-05-21T10:38:34Z</time>
      </trkpt>
      <trkpt lat="68.089005807414651" lon="13.413820574060082">
        <ele>155.01953125</ele>
        <time>2014-05-21T10:38:35Z</time>
      </trkpt>
      <trkpt lat="68.088966915383935" lon="13.413722086697817">
        <ele>154.32421875</ele>
        <time>2014-05-21T10:38:39Z</time>
      </trkpt>
      <trkpt lat="68.088950654491782" lon="13.413556963205338">
        <ele>154.92578125</ele>
        <time>2014-05-21T10:38:45Z</time>
      </trkpt>
      <trkpt lat="68.088924251496792" lon="13.413510108366609">
        <ele>154.4375</ele>
        <time>2014-05-21T10:38:48Z</time>
      </trkpt>
      <trkpt lat="68.088906230404973" lon="13.413347750902176">
        <ele>154.3125</ele>
        <time>2014-05-21T10:38:53Z</time>
      </trkpt>
      <trkpt lat="68.088902626186609" lon="13.413227638229728">
        <ele>154.46875</ele>
        <time>2014-05-21T10:38:58Z</time>
      </trkpt>
      <trkpt lat="68.088848143815994" lon="13.413133090361953">
        <ele>153.26171875</ele>
        <time>2014-05-21T10:39:05Z</time>
      </trkpt>
      <trkpt lat="68.088836325332522" lon="13.413025718182325">
        <ele>153.27734375</ele>
        <time>2014-05-21T10:39:10Z</time>
      </trkpt>
      <trkpt lat="68.088820399716496" lon="13.412976013496518">
        <ele>153.046875</ele>
        <time>2014-05-21T10:39:13Z</time>
      </trkpt>
      <trkpt lat="68.088814364746213" lon="13.412852548062801">
        <ele>153.41015625</ele>
        <time>2014-05-21T10:39:17Z</time>
      </trkpt>
      <trkpt lat="68.088786788284779" lon="13.412651214748621">
        <ele>153.6796875</ele>
        <time>2014-05-21T10:39:24Z</time>
      </trkpt>
      <trkpt lat="68.08873406611383" lon="13.412628164514899">
        <ele>152.60546875</ele>
        <time>2014-05-21T10:39:28Z</time>
      </trkpt>
      <trkpt lat="68.088666256517172" lon="13.412542250007391">
        <ele>151.5078125</ele>
        <time>2014-05-21T10:39:34Z</time>
      </trkpt>
      <trkpt lat="68.088612193241715" lon="13.412415431812406">
        <ele>150.95703125</ele>
        <time>2014-05-21T10:39:40Z</time>
      </trkpt>
      <trkpt lat="68.088543964549899" lon="13.4123794734478">
        <ele>149.671875</ele>
        <time>2014-05-21T10:39:46Z</time>
      </trkpt>
      <trkpt lat="68.088501216843724" lon="13.41228760778904">
        <ele>149.55859375</ele>
        <time>2014-05-21T10:39:52Z</time>
      </trkpt>
      <trkpt lat="68.088449584320188" lon="13.412187024950981">
        <ele>149.80078125</ele>
        <time>2014-05-21T10:39:58Z</time>
      </trkpt>
      <trkpt lat="68.088365346193314" lon="13.41210781596601">
        <ele>149.64453125</ele>
        <time>2014-05-21T10:40:06Z</time>
      </trkpt>
      <trkpt lat="68.088348498567939" lon="13.412121562287211">
        <ele>149.37890625</ele>
        <time>2014-05-21T10:40:08Z</time>
      </trkpt>
      <trkpt lat="68.088308433070779" lon="13.412059033289552">
        <ele>149.546875</ele>
        <time>2014-05-21T10:40:13Z</time>
      </trkpt>
      <trkpt lat="68.088282449170947" lon="13.412026930600405">
        <ele>149.6015625</ele>
        <time>2014-05-21T10:40:16Z</time>
      </trkpt>
      <trkpt lat="68.088226625695825" lon="13.411966748535633">
        <ele>149.671875</ele>
        <time>2014-05-21T10:40:22Z</time>
      </trkpt>
      <trkpt lat="68.088177423924208" lon="13.411895837634802">
        <ele>149.9375</ele>
        <time>2014-05-21T10:40:27Z</time>
      </trkpt>
      <trkpt lat="68.088093437254429" lon="13.411793829873204">
        <ele>150.43359375</ele>
        <time>2014-05-21T10:40:36Z</time>
      </trkpt>
      <trkpt lat="68.088061334565282" lon="13.411753512918949">
        <ele>150.73046875</ele>
        <time>2014-05-21T10:40:40Z</time>
      </trkpt>
      <trkpt lat="68.087898558005691" lon="13.411605237051845">
        <ele>150.7890625</ele>
        <time>2014-05-21T10:40:55Z</time>
      </trkpt>
      <trkpt lat="68.087832508608699" lon="13.411516305059195">
        <ele>150.94140625</ele>
        <time>2014-05-21T10:41:02Z</time>
      </trkpt>
      <trkpt lat="68.08776218444109" lon="13.4114935901016">
        <ele>150.17578125</ele>
        <time>2014-05-21T10:41:10Z</time>
      </trkpt>
      <trkpt lat="68.087683478370309" lon="13.411417733877897">
        <ele>150.18359375</ele>
        <time>2014-05-21T10:41:19Z</time>
      </trkpt>
      <trkpt lat="68.087658584117889" lon="13.411331651732326">
        <ele>151.24609375</ele>
        <time>2014-05-21T10:41:23Z</time>
      </trkpt>
      <trkpt lat="68.087638719007373" lon="13.411277085542679">
        <ele>151.89453125</ele>
        <time>2014-05-21T10:41:26Z</time>
      </trkpt>
      <trkpt lat="68.087612232193351" lon="13.411238444969058">
        <ele>152.12109375</ele>
        <time>2014-05-21T10:41:29Z</time>
      </trkpt>
      <trkpt lat="68.087484491989017" lon="13.411172982305288">
        <ele>151.5625</ele>
        <time>2014-05-21T10:41:41Z</time>
      </trkpt>
      <trkpt lat="68.087407210841775" lon="13.410901324823499">
        <ele>155.05859375</ele>
        <time>2014-05-21T10:41:55Z</time>
      </trkpt>
      <trkpt lat="68.08739623054862" lon="13.410843070596457">
        <ele>156.07421875</ele>
        <time>2014-05-21T10:41:58Z</time>
      </trkpt>
      <trkpt lat="68.087380640208721" lon="13.410814572125673">
        <ele>156.77734375</ele>
        <time>2014-05-21T10:42:00Z</time>
      </trkpt>
      <trkpt lat="68.087331773713231" lon="13.410571329295635">
        <ele>161.8671875</ele>
        <time>2014-05-21T10:42:13Z</time>
      </trkpt>
      <trkpt lat="68.087292965501547" lon="13.410446103662252">
        <ele>164.6953125</ele>
        <time>2014-05-21T10:42:23Z</time>
      </trkpt>
      <trkpt lat="68.087280644103885" lon="13.410405619069934">
        <ele>165.58984375</ele>
        <time>2014-05-21T10:42:25Z</time>
      </trkpt>
      <trkpt lat="68.087230185046792" lon="13.410237226635218">
        <ele>169.2421875</ele>
        <time>2014-05-21T10:42:37Z</time>
      </trkpt>
      <trkpt lat="68.087156340479851" lon="13.410071348771453">
        <ele>172.33203125</ele>
        <time>2014-05-21T10:42:49Z</time>
      </trkpt>
      <trkpt lat="68.087113341316581" lon="13.409966239705682">
        <ele>173.75</ele>
        <time>2014-05-21T10:43:01Z</time>
      </trkpt>
      <trkpt lat="68.087066318839788" lon="13.409810168668628">
        <ele>175.515625</ele>
        <time>2014-05-21T10:43:17Z</time>
      </trkpt>
      <trkpt lat="68.087045447900891" lon="13.409801702946424">
        <ele>175.8046875</ele>
        <time>2014-05-21T10:43:19Z</time>
      </trkpt>
      <trkpt lat="68.086963891983032" lon="13.409865153953433">
        <ele>176.28125</ele>
        <time>2014-05-21T10:43:33Z</time>
      </trkpt>
      <trkpt lat="68.086928017437458" lon="13.409871943295002">
        <ele>176.65234375</ele>
        <time>2014-05-21T10:43:42Z</time>
      </trkpt>
      <trkpt lat="68.086914522573352" lon="13.409918630495667">
        <ele>176.5234375</ele>
        <time>2014-05-21T10:43:57Z</time>
      </trkpt>
      <trkpt lat="68.086903793737292" lon="13.409887365996838">
        <ele>176.83984375</ele>
        <time>2014-05-21T10:44:24Z</time>
      </trkpt>
      <trkpt lat="68.0869085714221" lon="13.409927850589156">
        <ele>176.5390625</ele>
        <time>2014-05-21T10:45:02Z</time>
      </trkpt>
      <trkpt lat="68.086904380470514" lon="13.409866243600845">
        <ele>176.95703125</ele>
        <time>2014-05-21T10:45:15Z</time>
      </trkpt>
      <trkpt lat="68.08683916926384" lon="13.409858364611864">
        <ele>178.09375</ele>
        <time>2014-05-21T10:45:26Z</time>
      </trkpt>
      <trkpt lat="68.086780495941639" lon="13.409761553630233">
        <ele>181.734375</ele>
        <time>2014-05-21T10:45:37Z</time>
      </trkpt>
      <trkpt lat="68.086773371323943" lon="13.409835314378142">
        <ele>181.45703125</ele>
        <time>2014-05-21T10:54:01Z</time>
      </trkpt>
      <trkpt lat="68.086821399629116" lon="13.40993975289166">
        <ele>178.41015625</ele>
        <time>2014-05-21T10:54:07Z</time>
      </trkpt>
      <trkpt lat="68.086875127628446" lon="13.409948302432895">
        <ele>176.83203125</ele>
        <time>2014-05-21T10:54:13Z</time>
      </trkpt>
      <trkpt lat="68.086888287216425" lon="13.410003203898668">
        <ele>176.3515625</ele>
        <time>2014-05-21T10:54:15Z</time>
      </trkpt>
      <trkpt lat="68.086931956931949" lon="13.410083837807178">
        <ele>175.2890625</ele>
        <time>2014-05-21T10:54:19Z</time>
      </trkpt>
      <trkpt lat="68.086976716294885" lon="13.410221971571445">
        <ele>173.25</ele>
        <time>2014-05-21T10:54:25Z</time>
      </trkpt>
      <trkpt lat="68.086987109854817" lon="13.410238986834884">
        <ele>172.8359375</ele>
        <time>2014-05-21T10:54:26Z</time>
      </trkpt>
      <trkpt lat="68.087004460394382" lon="13.410248039290309">
        <ele>172.4375</ele>
        <time>2014-05-21T10:54:27Z</time>
      </trkpt>
      <trkpt lat="68.087043017148972" lon="13.410310484468937">
        <ele>170.8828125</ele>
        <time>2014-05-21T10:54:30Z</time>
      </trkpt>
      <trkpt lat="68.087053243070841" lon="13.410249799489975">
        <ele>171.6796875</ele>
        <time>2014-05-21T10:54:42Z</time>
      </trkpt>
      <trkpt lat="68.08705466799438" lon="13.410261450335383">
        <ele>171.47265625</ele>
        <time>2014-05-21T10:54:49Z</time>
      </trkpt>
      <trkpt lat="68.087081238627434" lon="13.410554146394134">
        <ele>166.4140625</ele>
        <time>2014-05-21T10:54:56Z</time>
      </trkpt>
      <trkpt lat="68.087095823138952" lon="13.410699153319001">
        <ele>163.84765625</ele>
        <time>2014-05-21T10:55:06Z</time>
      </trkpt>
      <trkpt lat="68.08710697107017" lon="13.410773500800133">
        <ele>161.90625</ele>
        <time>2014-05-21T10:55:18Z</time>
      </trkpt>
      <trkpt lat="68.087123315781355" lon="13.410813063383102">
        <ele>160.640625</ele>
        <time>2014-05-21T10:55:26Z</time>
      </trkpt>
      <trkpt lat="68.087135050445795" lon="13.41092043556273">
        <ele>157.7890625</ele>
        <time>2014-05-21T10:55:35Z</time>
      </trkpt>
      <trkpt lat="68.087145276367664" lon="13.411047589033842">
        <ele>154.546875</ele>
        <time>2014-05-21T10:55:44Z</time>
      </trkpt>
      <trkpt lat="68.087152317166328" lon="13.411081032827497">
        <ele>153.6796875</ele>
        <time>2014-05-21T10:55:46Z</time>
      </trkpt>
      <trkpt lat="68.087152736261487" lon="13.411107184365392">
        <ele>153.0390625</ele>
        <time>2014-05-21T10:55:47Z</time>
      </trkpt>
      <trkpt lat="68.087155502289534" lon="13.411204917356372">
        <ele>150.65234375</ele>
        <time>2014-05-21T10:55:50Z</time>
      </trkpt>
      <trkpt lat="68.087154412642121" lon="13.411273984238505">
        <ele>148.98046875</ele>
        <time>2014-05-21T10:55:52Z</time>
      </trkpt>
      <trkpt lat="68.087194729596376" lon="13.411448746919632">
        <ele>145.28125</ele>
        <time>2014-05-21T10:56:05Z</time>
      </trkpt>
      <trkpt lat="68.087217444553971" lon="13.411570619791746">
        <ele>142.74609375</ele>
        <time>2014-05-21T10:56:14Z</time>
      </trkpt>
      <trkpt lat="68.087218618020415" lon="13.411509515717626">
        <ele>144.03125</ele>
        <time>2014-05-21T10:56:36Z</time>
      </trkpt>
      <trkpt lat="68.087238231673837" lon="13.411483783274889">
        <ele>144.59765625</ele>
        <time>2014-05-21T10:56:42Z</time>
      </trkpt>
      <trkpt lat="68.087271172553301" lon="13.411393593996763">
        <ele>146.5078125</ele>
        <time>2014-05-21T10:56:49Z</time>
      </trkpt>
      <trkpt lat="68.087298749014735" lon="13.41152778826654">
        <ele>143.78125</ele>
        <time>2014-05-21T10:56:54Z</time>
      </trkpt>
      <trkpt lat="68.087304532527924" lon="13.411552347242832">
        <ele>143.2890625</ele>
        <time>2014-05-21T10:56:55Z</time>
      </trkpt>
      <trkpt lat="68.087335713207722" lon="13.41161236166954">
        <ele>142.12890625</ele>
        <time>2014-05-21T10:56:58Z</time>
      </trkpt>
      <trkpt lat="68.087377287447453" lon="13.41181025840342">
        <ele>138.265625</ele>
        <time>2014-05-21T10:57:05Z</time>
      </trkpt>
      <trkpt lat="68.087383070960641" lon="13.411854598671198">
        <ele>137.36328125</ele>
        <time>2014-05-21T10:57:06Z</time>
      </trkpt>
      <trkpt lat="68.087463453412056" lon="13.412251062691212">
        <ele>130.53515625</ele>
        <time>2014-05-21T10:57:14Z</time>
      </trkpt>
      <trkpt lat="68.087467728182673" lon="13.412326835095882">
        <ele>129.11328125</ele>
        <time>2014-05-21T10:57:18Z</time>
      </trkpt>
      <trkpt lat="68.087454317137599" lon="13.41229448094964">
        <ele>129.3828125</ele>
        <time>2014-05-21T10:57:20Z</time>
      </trkpt>
      <trkpt lat="68.087431099265814" lon="13.412323817610741">
        <ele>128.09375</ele>
        <time>2014-05-21T10:57:22Z</time>
      </trkpt>
      <trkpt lat="68.087418358772993" lon="13.412352064624429">
        <ele>127.1171875</ele>
        <time>2014-05-21T10:57:24Z</time>
      </trkpt>
      <trkpt lat="68.087367061525583" lon="13.412415264174342">
        <ele>125.4296875</ele>
        <time>2014-05-21T10:57:29Z</time>
      </trkpt>
      <trkpt lat="68.08732389472425" lon="13.412360195070505">
        <ele>126.765625</ele>
        <time>2014-05-21T10:57:41Z</time>
      </trkpt>
      <trkpt lat="68.087299084290862" lon="13.412321554496884">
        <ele>127.6328125</ele>
        <time>2014-05-21T10:57:52Z</time>
      </trkpt>
      <trkpt lat="68.087216941639781" lon="13.412311831489205">
        <ele>128.046875</ele>
        <time>2014-05-21T10:57:58Z</time>
      </trkpt>
      <trkpt lat="68.087197244167328" lon="13.412320045754313">
        <ele>127.9453125</ele>
        <time>2014-05-21T10:57:59Z</time>
      </trkpt>
      <trkpt lat="68.087168410420418" lon="13.412387352436781">
        <ele>126.75390625</ele>
        <time>2014-05-21T10:58:02Z</time>
      </trkpt>
      <trkpt lat="68.087165309116244" lon="13.412417527288198">
        <ele>126.01953125</ele>
        <time>2014-05-21T10:58:04Z</time>
      </trkpt>
      <trkpt lat="68.087165895849466" lon="13.412617854773998">
        <ele>121.0703125</ele>
        <time>2014-05-21T10:58:08Z</time>
      </trkpt>
      <trkpt lat="68.087166985496879" lon="13.412720952183008">
        <ele>118.5234375</ele>
        <time>2014-05-21T10:58:11Z</time>
      </trkpt>
      <trkpt lat="68.087151143699884" lon="13.412863612174988">
        <ele>114.9609375</ele>
        <time>2014-05-21T10:58:15Z</time>
      </trkpt>
      <trkpt lat="68.087154245004058" lon="13.412935025990009">
        <ele>113.19140625</ele>
        <time>2014-05-21T10:58:17Z</time>
      </trkpt>
      <trkpt lat="68.087159274145961" lon="13.413017420098186">
        <ele>112.15625</ele>
        <time>2014-05-21T10:58:20Z</time>
      </trkpt>
      <trkpt lat="68.087160950526595" lon="13.413035105913877">
        <ele>111.94140625</ele>
        <time>2014-05-21T10:58:21Z</time>
      </trkpt>
      <trkpt lat="68.0871865991503" lon="13.413169551640749">
        <ele>110.2890625</ele>
        <time>2014-05-21T10:58:25Z</time>
      </trkpt>
      <trkpt lat="68.087201016023755" lon="13.413229482248425">
        <ele>109.51171875</ele>
        <time>2014-05-21T10:58:30Z</time>
      </trkpt>
      <trkpt lat="68.087199758738279" lon="13.413311205804348">
        <ele>108.4609375</ele>
        <time>2014-05-21T10:58:35Z</time>
      </trkpt>
      <trkpt lat="68.087187353521585" lon="13.413414051756263">
        <ele>107.18359375</ele>
        <time>2014-05-21T10:58:40Z</time>
      </trkpt>
      <trkpt lat="68.087210319936275" lon="13.413496697321534">
        <ele>105.96875</ele>
        <time>2014-05-21T10:58:45Z</time>
      </trkpt>
      <trkpt lat="68.0872383993119" lon="13.413521256297827">
        <ele>105.1640625</ele>
        <time>2014-05-21T10:58:48Z</time>
      </trkpt>
      <trkpt lat="68.087214846163988" lon="13.413608428090811">
        <ele>102.91796875</ele>
        <time>2014-05-21T10:58:52Z</time>
      </trkpt>
      <trkpt lat="68.087198585271835" lon="13.413659054785967">
        <ele>101.58203125</ele>
        <time>2014-05-21T10:58:55Z</time>
      </trkpt>
      <trkpt lat="68.08717000298202" lon="13.413768019527197">
        <ele>98.59765625</ele>
        <time>2014-05-21T10:59:05Z</time>
      </trkpt>
      <trkpt lat="68.087162626907229" lon="13.41381118632853">
        <ele>97.38671875</ele>
        <time>2014-05-21T10:59:10Z</time>
      </trkpt>
      <trkpt lat="68.087087022140622" lon="13.413945212960243">
        <ele>93.36328125</ele>
        <time>2014-05-21T10:59:16Z</time>
      </trkpt>
      <trkpt lat="68.087070174515247" lon="13.41408577747643">
        <ele>89.4609375</ele>
        <time>2014-05-21T10:59:19Z</time>
      </trkpt>
      <trkpt lat="68.087029522284865" lon="13.414110252633691">
        <ele>88.80859375</ele>
        <time>2014-05-21T10:59:23Z</time>
      </trkpt>
      <trkpt lat="68.086990797892213" lon="13.414255511015654">
        <ele>86.03515625</ele>
        <time>2014-05-21T10:59:30Z</time>
      </trkpt>
      <trkpt lat="68.086971687152982" lon="13.414354752749205">
        <ele>84.28515625</ele>
        <time>2014-05-21T10:59:33Z</time>
      </trkpt>
      <trkpt lat="68.086939416825771" lon="13.414520546793938">
        <ele>81.5859375</ele>
        <time>2014-05-21T10:59:40Z</time>
      </trkpt>
      <trkpt lat="68.086923575028777" lon="13.414686089381576">
        <ele>79.33203125</ele>
        <time>2014-05-21T10:59:49Z</time>
      </trkpt>
      <trkpt lat="68.086914606392384" lon="13.414767058566213">
        <ele>78.421875</ele>
        <time>2014-05-21T10:59:52Z</time>
      </trkpt>
      <trkpt lat="68.08692223392427" lon="13.414887841790915">
        <ele>76.8984375</ele>
        <time>2014-05-21T10:59:56Z</time>
      </trkpt>
      <trkpt lat="68.086923323571682" lon="13.415069142356515">
        <ele>74.69140625</ele>
        <time>2014-05-21T11:00:03Z</time>
      </trkpt>
      <trkpt lat="68.086911421269178" lon="13.415091689676046">
        <ele>74.48828125</ele>
        <time>2014-05-21T11:00:05Z</time>
      </trkpt>
      <trkpt lat="68.086894070729613" lon="13.415161678567529">
        <ele>73.72265625</ele>
        <time>2014-05-21T11:00:09Z</time>
      </trkpt>
      <trkpt lat="68.086880156770349" lon="13.415254550054669">
        <ele>72.3828125</ele>
        <time>2014-05-21T11:00:14Z</time>
      </trkpt>
      <trkpt lat="68.086878312751651" lon="13.415459403768182">
        <ele>69.2890625</ele>
        <time>2014-05-21T11:00:19Z</time>
      </trkpt>
      <trkpt lat="68.086866829544306" lon="13.415469964966178">
        <ele>69.28125</ele>
        <time>2014-05-21T11:00:20Z</time>
      </trkpt>
      <trkpt lat="68.086778987199068" lon="13.415611032396555">
        <ele>68.48046875</ele>
        <time>2014-05-21T11:00:30Z</time>
      </trkpt>
      <trkpt lat="68.086740933358669" lon="13.415718823671341">
        <ele>67.68359375</ele>
        <time>2014-05-21T11:00:34Z</time>
      </trkpt>
      <trkpt lat="68.086659545078874" lon="13.415863327682018">
        <ele>66.83984375</ele>
        <time>2014-05-21T11:00:44Z</time>
      </trkpt>
      <trkpt lat="68.086630711331964" lon="13.415951170027256">
        <ele>66.03515625</ele>
        <time>2014-05-21T11:00:48Z</time>
      </trkpt>
      <trkpt lat="68.086617216467857" lon="13.416134733706713">
        <ele>63.57421875</ele>
        <time>2014-05-21T11:00:52Z</time>
      </trkpt>
      <trkpt lat="68.086592573672533" lon="13.416183348745108">
        <ele>63.33203125</ele>
        <time>2014-05-21T11:00:54Z</time>
      </trkpt>
      <trkpt lat="68.08654211461544" lon="13.416223749518394">
        <ele>63.73046875</ele>
        <time>2014-05-21T11:01:00Z</time>
      </trkpt>
      <trkpt lat="68.086487464606762" lon="13.416303126141429">
        <ele>63.546875</ele>
        <time>2014-05-21T11:01:08Z</time>
      </trkpt>
      <trkpt lat="68.086471203714609" lon="13.416396081447601">
        <ele>62.10546875</ele>
        <time>2014-05-21T11:01:12Z</time>
      </trkpt>
      <trkpt lat="68.086488218978047" lon="13.416418880224228">
        <ele>61.40625</ele>
        <time>2014-05-21T11:01:25Z</time>
      </trkpt>
      <trkpt lat="68.086471874266863" lon="13.416418628767133">
        <ele>61.671875</ele>
        <time>2014-05-21T11:01:46Z</time>
      </trkpt>
      <trkpt lat="68.086483189836144" lon="13.416386777535081">
        <ele>62.08203125</ele>
        <time>2014-05-21T11:02:11Z</time>
      </trkpt>
      <trkpt lat="68.086483608931303" lon="13.416428435593843">
        <ele>61.3046875</ele>
        <time>2014-05-21T11:02:45Z</time>
      </trkpt>
      <trkpt lat="68.08646927587688" lon="13.41642290353775">
        <ele>61.6328125</ele>
        <time>2014-05-21T11:03:18Z</time>
      </trkpt>
      <trkpt lat="68.086478160694242" lon="13.416417203843594">
        <ele>61.59765625</ele>
        <time>2014-05-21T11:03:55Z</time>
      </trkpt>
      <trkpt lat="68.086481261998415" lon="13.416425082832575">
        <ele>61.40234375</ele>
        <time>2014-05-21T11:04:25Z</time>
      </trkpt>
      <trkpt lat="68.086448656395078" lon="13.416388370096684">
        <ele>62.62890625</ele>
        <time>2014-05-21T11:04:40Z</time>
      </trkpt>
      <trkpt lat="68.086383864283562" lon="13.41644536703825">
        <ele>62.51171875</ele>
        <time>2014-05-21T11:04:50Z</time>
      </trkpt>
      <trkpt lat="68.086377158761024" lon="13.416431955993176">
        <ele>62.8984375</ele>
        <time>2014-05-21T11:04:51Z</time>
      </trkpt>
      <trkpt lat="68.086325358599424" lon="13.416404463350773">
        <ele>64.328125</ele>
        <time>2014-05-21T11:04:57Z</time>
      </trkpt>
      <trkpt lat="68.086238689720631" lon="13.416418544948101">
        <ele>62.70703125</ele>
        <time>2014-05-21T11:05:04Z</time>
      </trkpt>
      <trkpt lat="68.086116733029485" lon="13.416360877454281">
        <ele>59.93359375</ele>
        <time>2014-05-21T11:05:16Z</time>
      </trkpt>
      <trkpt lat="68.085996536538005" lon="13.416251577436924">
        <ele>57.96875</ele>
        <time>2014-05-21T11:05:28Z</time>
      </trkpt>
      <trkpt lat="68.085916824638844" lon="13.415896771475673">
        <ele>57.0859375</ele>
        <time>2014-05-21T11:05:42Z</time>
      </trkpt>
      <trkpt lat="68.085915315896273" lon="13.415868440642953">
        <ele>57.171875</ele>
        <time>2014-05-21T11:05:43Z</time>
      </trkpt>
      <trkpt lat="68.085910202935338" lon="13.415786381810904">
        <ele>57.37890625</ele>
        <time>2014-05-21T11:05:46Z</time>
      </trkpt>
      <trkpt lat="68.08591858483851" lon="13.415732569992542">
        <ele>58.03125</ele>
        <time>2014-05-21T11:05:48Z</time>
      </trkpt>
      <trkpt lat="68.085945742204785" lon="13.415405508130789">
        <ele>61.5078125</ele>
        <time>2014-05-21T11:06:00Z</time>
      </trkpt>
      <trkpt lat="68.085873909294605" lon="13.415065705776215">
        <ele>62.0703125</ele>
        <time>2014-05-21T11:06:14Z</time>
      </trkpt>
      <trkpt lat="68.085761424154043" lon="13.414724813774228">
        <ele>63.75390625</ele>
        <time>2014-05-21T11:06:29Z</time>
      </trkpt>
      <trkpt lat="68.085744325071573" lon="13.414678880944848">
        <ele>63.90234375</ele>
        <time>2014-05-21T11:06:31Z</time>
      </trkpt>
      <trkpt lat="68.085712641477585" lon="13.414545943960547">
        <ele>65.3125</ele>
        <time>2014-05-21T11:06:36Z</time>
      </trkpt>
      <trkpt lat="68.085648100823164" lon="13.414397919550538">
        <ele>66.0625</ele>
        <time>2014-05-21T11:06:46Z</time>
      </trkpt>
      <trkpt lat="68.085644077509642" lon="13.414343688637018">
        <ele>66.90625</ele>
        <time>2014-05-21T11:06:48Z</time>
      </trkpt>
      <trkpt lat="68.085637371987104" lon="13.414265485480428">
        <ele>68.08984375</ele>
        <time>2014-05-21T11:06:51Z</time>
      </trkpt>
      <trkpt lat="68.085578950121999" lon="13.414066834375262">
        <ele>69.81640625</ele>
        <time>2014-05-21T11:07:05Z</time>
      </trkpt>
      <trkpt lat="68.085523378103971" lon="13.414114443585277">
        <ele>67.29296875</ele>
        <time>2014-05-21T11:07:10Z</time>
      </trkpt>
      <trkpt lat="68.085522959008813" lon="13.414072282612324">
        <ele>68.01171875</ele>
        <time>2014-05-21T11:07:28Z</time>
      </trkpt>
      <trkpt lat="68.08548423461616" lon="13.413788722828031">
        <ele>74.3828125</ele>
        <time>2014-05-21T11:07:54Z</time>
      </trkpt>
      <trkpt lat="68.08547493070364" lon="13.413718063384295">
        <ele>75.98046875</ele>
        <time>2014-05-21T11:08:01Z</time>
      </trkpt>
      <trkpt lat="68.085260353982449" lon="13.413932053372264">
        <ele>63.078125</ele>
        <time>2014-05-21T11:08:05Z</time>
      </trkpt>
      <trkpt lat="68.085278710350394" lon="13.413998270407319">
        <ele>62.12890625</ele>
        <time>2014-05-21T11:08:08Z</time>
      </trkpt>
      <trkpt lat="68.085284996777773" lon="13.413995504379272">
        <ele>62.390625</ele>
        <time>2014-05-21T11:08:09Z</time>
      </trkpt>
      <trkpt lat="68.085292540490627" lon="13.414098098874092">
        <ele>60.546875</ele>
        <time>2014-05-21T11:08:14Z</time>
      </trkpt>
      <trkpt lat="68.085259851068258" lon="13.414088375866413">
        <ele>59.7109375</ele>
        <time>2014-05-21T11:08:17Z</time>
      </trkpt>
      <trkpt lat="68.085227999836206" lon="13.41412391513586">
        <ele>58.15625</ele>
        <time>2014-05-21T11:08:21Z</time>
      </trkpt>
      <trkpt lat="68.085222551599145" lon="13.414152832701802">
        <ele>57.51953125</ele>
        <time>2014-05-21T11:08:23Z</time>
      </trkpt>
      <trkpt lat="68.085164381191134" lon="13.414184767752886">
        <ele>55.80859375</ele>
        <time>2014-05-21T11:08:29Z</time>
      </trkpt>
      <trkpt lat="68.085191790014505" lon="13.414371181279421">
        <ele>53.04296875</ele>
        <time>2014-05-21T11:08:34Z</time>
      </trkpt>
      <trkpt lat="68.085194304585457" lon="13.414410408586264">
        <ele>52.48046875</ele>
        <time>2014-05-21T11:08:35Z</time>
      </trkpt>
      <trkpt lat="68.085230849683285" lon="13.414780469611287">
        <ele>48.078125</ele>
        <time>2014-05-21T11:08:48Z</time>
      </trkpt>
      <trkpt lat="68.085258929058909" lon="13.414836209267378">
        <ele>48.09765625</ele>
        <time>2014-05-21T11:08:51Z</time>
      </trkpt>
      <trkpt lat="68.085285080596805" lon="13.414769908413291">
        <ele>49.69140625</ele>
        <time>2014-05-21T11:09:03Z</time>
      </trkpt>
      <trkpt lat="68.085305616259575" lon="13.414746690541506">
        <ele>50.5703125</ele>
        <time>2014-05-21T11:09:34Z</time>
      </trkpt>
      <trkpt lat="68.0853181052953" lon="13.414761526510119">
        <ele>50.70703125</ele>
        <time>2014-05-21T11:10:00Z</time>
      </trkpt>
      <trkpt lat="68.085321038961411" lon="13.414770411327481">
        <ele>50.6640625</ele>
        <time>2014-05-21T11:10:01Z</time>
      </trkpt>
      <trkpt lat="68.085369570180774" lon="13.414855990558863">
        <ele>50.75</ele>
        <time>2014-05-21T11:10:07Z</time>
      </trkpt>
      <trkpt lat="68.085401756688952" lon="13.414928326383233">
        <ele>50.53125</ele>
        <time>2014-05-21T11:10:11Z</time>
      </trkpt>
      <trkpt lat="68.085369989275932" lon="13.415056234225631">
        <ele>47.87109375</ele>
        <time>2014-05-21T11:10:17Z</time>
      </trkpt>
      <trkpt lat="68.085320284590125" lon="13.415246503427625">
        <ele>44.31640625</ele>
        <time>2014-05-21T11:10:21Z</time>
      </trkpt>
      <trkpt lat="68.085295809432864" lon="13.415298890322447">
        <ele>43.1875</ele>
        <time>2014-05-21T11:10:23Z</time>
      </trkpt>
      <trkpt lat="68.085289690643549" lon="13.415348008275032">
        <ele>42.53125</ele>
        <time>2014-05-21T11:10:25Z</time>
      </trkpt>
      <trkpt lat="68.085286756977439" lon="13.415797278285027">
        <ele>37.98828125</ele>
        <time>2014-05-21T11:10:38Z</time>
      </trkpt>
      <trkpt lat="68.085272088646889" lon="13.415930718183517">
        <ele>36.5546875</ele>
        <time>2014-05-21T11:10:52Z</time>
      </trkpt>
      <trkpt lat="68.085263287648559" lon="13.415995929390192">
        <ele>35.7890625</ele>
        <time>2014-05-21T11:11:00Z</time>
      </trkpt>
      <trkpt lat="68.085213918238878" lon="13.416183432564139">
        <ele>32.75</ele>
        <time>2014-05-21T11:11:08Z</time>
      </trkpt>
      <trkpt lat="68.08511727489531" lon="13.416270688176155">
        <ele>30.640625</ele>
        <time>2014-05-21T11:11:18Z</time>
      </trkpt>
      <trkpt lat="68.085052398964763" lon="13.416248476132751">
        <ele>30.5078125</ele>
        <time>2014-05-21T11:11:23Z</time>
      </trkpt>
      <trkpt lat="68.085038820281625" lon="13.416238836944103">
        <ele>30.53125</ele>
        <time>2014-05-21T11:11:24Z</time>
      </trkpt>
      <trkpt lat="68.085014764219522" lon="13.416286362335086">
        <ele>29.96484375</ele>
        <time>2014-05-21T11:11:27Z</time>
      </trkpt>
      <trkpt lat="68.084984673187137" lon="13.416255684569478">
        <ele>30.078125</ele>
        <time>2014-05-21T11:11:29Z</time>
      </trkpt>
      <trkpt lat="68.084959695115685" lon="13.416228611022234">
        <ele>30.2265625</ele>
        <time>2014-05-21T11:11:31Z</time>
      </trkpt>
      <trkpt lat="68.084948547184467" lon="13.416161807253957">
        <ele>30.87109375</ele>
        <time>2014-05-21T11:11:47Z</time>
      </trkpt>
      <trkpt lat="68.084950894117355" lon="13.416141103953123">
        <ele>31.1015625</ele>
        <time>2014-05-21T11:12:22Z</time>
      </trkpt>
      <trkpt lat="68.084928682073951" lon="13.41615904122591">
        <ele>30.80859375</ele>
        <time>2014-05-21T11:12:29Z</time>
      </trkpt>
      <trkpt lat="68.08486657217145" lon="13.416191143915057">
        <ele>30.1640625</ele>
        <time>2014-05-21T11:12:35Z</time>
      </trkpt>
      <trkpt lat="68.084805635735393" lon="13.416262725368142">
        <ele>29.046875</ele>
        <time>2014-05-21T11:12:44Z</time>
      </trkpt>
      <trkpt lat="68.08479038067162" lon="13.416289212182164">
        <ele>28.71484375</ele>
        <time>2014-05-21T11:12:48Z</time>
      </trkpt>
      <trkpt lat="68.084757104516029" lon="13.416293319314718">
        <ele>28.5</ele>
        <time>2014-05-21T11:12:53Z</time>
      </trkpt>
      <trkpt lat="68.084738329052925" lon="13.416303629055619">
        <ele>28.30859375</ele>
        <time>2014-05-21T11:12:55Z</time>
      </trkpt>
      <trkpt lat="68.084654677659273" lon="13.416311591863632">
        <ele>27.7734375</ele>
        <time>2014-05-21T11:13:07Z</time>
      </trkpt>
      <trkpt lat="68.084645625203848" lon="13.416280495002866">
        <ele>28.00390625</ele>
        <time>2014-05-21T11:13:20Z</time>
      </trkpt>
      <trkpt lat="68.084643529728055" lon="13.416259707883">
        <ele>28.21484375</ele>
        <time>2014-05-21T11:13:38Z</time>
      </trkpt>
      <trkpt lat="68.084650151431561" lon="13.416269514709711">
        <ele>28.12890625</ele>
        <time>2014-05-21T11:13:46Z</time>
      </trkpt>
      <trkpt lat="68.084646044299006" lon="13.416204052045941">
        <ele>28.921875</ele>
        <time>2014-05-21T11:13:49Z</time>
      </trkpt>
      <trkpt lat="68.084551244974136" lon="13.416036916896701">
        <ele>30.58203125</ele>
        <time>2014-05-21T11:13:58Z</time>
      </trkpt>
      <trkpt lat="68.084480836987495" lon="13.416028954088688">
        <ele>30.359375</ele>
        <time>2014-05-21T11:14:04Z</time>
      </trkpt>
      <trkpt lat="68.084362735971808" lon="13.415945889428258">
        <ele>30.93359375</ele>
        <time>2014-05-21T11:14:14Z</time>
      </trkpt>
      <trkpt lat="68.084256034344435" lon="13.415983440354466">
        <ele>29.94921875</ele>
        <time>2014-05-21T11:14:23Z</time>
      </trkpt>
      <trkpt lat="68.084083870053291" lon="13.415969526395202">
        <ele>29.37890625</ele>
        <time>2014-05-21T11:14:36Z</time>
      </trkpt>
      <trkpt lat="68.083983706310391" lon="13.416049741208553">
        <ele>28.04296875</ele>
        <time>2014-05-21T11:14:46Z</time>
      </trkpt>
      <trkpt lat="68.083946071565151" lon="13.41610673815012">
        <ele>27.09765625</ele>
        <time>2014-05-21T11:14:59Z</time>
      </trkpt>
      <trkpt lat="68.083931989967823" lon="13.416142696514726">
        <ele>26.50390625</ele>
        <time>2014-05-21T11:15:28Z</time>
      </trkpt>
      <trkpt lat="68.083824533969164" lon="13.416084358468652">
        <ele>27.23046875</ele>
        <time>2014-05-21T11:15:38Z</time>
      </trkpt>
      <trkpt lat="68.083740463480353" lon="13.416089722886682">
        <ele>26.984375</ele>
        <time>2014-05-21T11:15:51Z</time>
      </trkpt>
      <trkpt lat="68.083647424355149" lon="13.41609357856214">
        <ele>26.7421875</ele>
        <time>2014-05-21T11:16:02Z</time>
      </trkpt>
      <trkpt lat="68.083610543981194" lon="13.416053177788854">
        <ele>27.43359375</ele>
        <time>2014-05-21T11:16:05Z</time>
      </trkpt>
      <trkpt lat="68.083563772961497" lon="13.41601244173944">
        <ele>28.15234375</ele>
        <time>2014-05-21T11:16:11Z</time>
      </trkpt>
      <trkpt lat="68.083544159308076" lon="13.41599534265697">
        <ele>28.46875</ele>
        <time>2014-05-21T11:16:13Z</time>
      </trkpt>
      <trkpt lat="68.083489257842302" lon="13.415919654071331">
        <ele>30.40234375</ele>
        <time>2014-05-21T11:16:20Z</time>
      </trkpt>
      <trkpt lat="68.083424381911755" lon="13.415955528616905">
        <ele>30.70703125</ele>
        <time>2014-05-21T11:16:27Z</time>
      </trkpt>
      <trkpt lat="68.083383729681373" lon="13.41600120998919">
        <ele>30.3515625</ele>
        <time>2014-05-21T11:16:31Z</time>
      </trkpt>
      <trkpt lat="68.083283230662346" lon="13.416120568290353">
        <ele>29.05859375</ele>
        <time>2014-05-21T11:16:44Z</time>
      </trkpt>
      <trkpt lat="68.083178205415606" lon="13.416242524981499">
        <ele>27.359375</ele>
        <time>2014-05-21T11:16:56Z</time>
      </trkpt>
      <trkpt lat="68.083100505173206" lon="13.416291140019894">
        <ele>27.265625</ele>
        <time>2014-05-21T11:17:02Z</time>
      </trkpt>
      <trkpt lat="68.082953318953514" lon="13.416342856362462">
        <ele>28.08984375</ele>
        <time>2014-05-21T11:17:13Z</time>
      </trkpt>
      <trkpt lat="68.082859273999929" lon="13.416425669565797">
        <ele>27.06640625</ele>
        <time>2014-05-21T11:17:20Z</time>
      </trkpt>
      <trkpt lat="68.082794984802604" lon="13.416441259905696">
        <ele>26.86328125</ele>
        <time>2014-05-21T11:17:24Z</time>
      </trkpt>
      <trkpt lat="68.082648385316133" lon="13.416462047025561">
        <ele>26.55859375</ele>
        <time>2014-05-21T11:17:36Z</time>
      </trkpt>
      <trkpt lat="68.082503546029329" lon="13.416494568809867">
        <ele>25.9921875</ele>
        <time>2014-05-21T11:17:48Z</time>
      </trkpt>
      <trkpt lat="68.082488877698779" lon="13.416501441970468">
        <ele>25.8671875</ele>
        <time>2014-05-21T11:17:49Z</time>
      </trkpt>
      <trkpt lat="68.082444118335843" lon="13.416496496647596">
        <ele>25.9375</ele>
        <time>2014-05-21T11:17:53Z</time>
      </trkpt>
      <trkpt lat="68.082345044240355" lon="13.416419215500355">
        <ele>26.91796875</ele>
        <time>2014-05-21T11:18:04Z</time>
      </trkpt>
      <trkpt lat="68.082268182188272" lon="13.416393650695682">
        <ele>26.9140625</ele>
        <time>2014-05-21T11:18:14Z</time>
      </trkpt>
      <trkpt lat="68.082189727574587" lon="13.416283680126071">
        <ele>28.5625</ele>
        <time>2014-05-21T11:18:21Z</time>
      </trkpt>
      <trkpt lat="68.08217229321599" lon="13.41628267429769">
        <ele>28.484375</ele>
        <time>2014-05-21T11:18:23Z</time>
      </trkpt>
      <trkpt lat="68.082110853865743" lon="13.416112773120403">
        <ele>33.859375</ele>
        <time>2014-05-21T11:18:38Z</time>
      </trkpt>
      <trkpt lat="68.08209995739162" lon="13.416103217750788">
        <ele>34.08984375</ele>
        <time>2014-05-21T11:18:40Z</time>
      </trkpt>
      <trkpt lat="68.082055281847715" lon="13.416023086756468">
        <ele>36.359375</ele>
        <time>2014-05-21T11:18:45Z</time>
      </trkpt>
      <trkpt lat="68.082032985985279" lon="13.415987966582179">
        <ele>37.26953125</ele>
        <time>2014-05-21T11:18:49Z</time>
      </trkpt>
      <trkpt lat="68.081966014578938" lon="13.415921749547124">
        <ele>38.55859375</ele>
        <time>2014-05-21T11:18:58Z</time>
      </trkpt>
      <trkpt lat="68.081925865262747" lon="13.415899034589529">
        <ele>38.71875</ele>
        <time>2014-05-21T11:19:04Z</time>
      </trkpt>
      <trkpt lat="68.081890493631363" lon="13.4158780798316">
        <ele>38.8515625</ele>
        <time>2014-05-21T11:19:10Z</time>
      </trkpt>
      <trkpt lat="68.081855289638042" lon="13.415925521403551">
        <ele>36.9765625</ele>
        <time>2014-05-21T11:19:14Z</time>
      </trkpt>
      <trkpt lat="68.081736182793975" lon="13.415905823931098">
        <ele>35.90234375</ele>
        <time>2014-05-21T11:19:24Z</time>
      </trkpt>
      <trkpt lat="68.081673821434379" lon="13.415911523625255">
        <ele>34.8828125</ele>
        <time>2014-05-21T11:19:31Z</time>
      </trkpt>
      <trkpt lat="68.08159519918263" lon="13.415891574695706">
        <ele>34.359375</ele>
        <time>2014-05-21T11:19:38Z</time>
      </trkpt>
      <trkpt lat="68.081475673243403" lon="13.415760397911072">
        <ele>36.32421875</ele>
        <time>2014-05-21T11:19:48Z</time>
      </trkpt>
      <trkpt lat="68.081290852278471" lon="13.41573148034513">
        <ele>34.55859375</ele>
        <time>2014-05-21T11:20:02Z</time>
      </trkpt>
      <trkpt lat="68.081112904474139" lon="13.415629807859659">
        <ele>37.984375</ele>
        <time>2014-05-21T11:20:18Z</time>
      </trkpt>
      <trkpt lat="68.081069821491838" lon="13.415570799261332">
        <ele>39.921875</ele>
        <time>2014-05-21T11:20:23Z</time>
      </trkpt>
      <trkpt lat="68.080980470404029" lon="13.415520759299397">
        <ele>41.7109375</ele>
        <time>2014-05-21T11:20:32Z</time>
      </trkpt>
      <trkpt lat="68.080903943628073" lon="13.415358737111092">
        <ele>47.0625</ele>
        <time>2014-05-21T11:20:44Z</time>
      </trkpt>
      <trkpt lat="68.080870248377323" lon="13.415297884494066">
        <ele>49.109375</ele>
        <time>2014-05-21T11:20:53Z</time>
      </trkpt>
      <trkpt lat="68.080808557569981" lon="13.415153715759516">
        <ele>53.9296875</ele>
        <time>2014-05-21T11:21:05Z</time>
      </trkpt>
      <trkpt lat="68.080750806257129" lon="13.415049277245998">
        <ele>57.15625</ele>
        <time>2014-05-21T11:21:15Z</time>
      </trkpt>
      <trkpt lat="68.080642763525248" lon="13.414969565346837">
        <ele>57.5859375</ele>
        <time>2014-05-21T11:21:27Z</time>
      </trkpt>
      <trkpt lat="68.080602781847119" lon="13.414947520941496">
        <ele>57.46484375</ele>
        <time>2014-05-21T11:21:31Z</time>
      </trkpt>
      <trkpt lat="68.080464480444789" lon="13.41477476991713">
        <ele>59.953125</ele>
        <time>2014-05-21T11:21:43Z</time>
      </trkpt>
      <trkpt lat="68.080323496833444" lon="13.414700087159872">
        <ele>59.58984375</ele>
        <time>2014-05-21T11:21:58Z</time>
      </trkpt>
      <trkpt lat="68.080262308940291" lon="13.414564216509461">
        <ele>63.3046875</ele>
        <time>2014-05-21T11:22:08Z</time>
      </trkpt>
      <trkpt lat="68.080183519050479" lon="13.414480984210968">
        <ele>65.734375</ele>
        <time>2014-05-21T11:22:20Z</time>
      </trkpt>
      <trkpt lat="68.080137502402067" lon="13.414403786882758">
        <ele>68.41015625</ele>
        <time>2014-05-21T11:22:32Z</time>
      </trkpt>
      <trkpt lat="68.080086037516594" lon="13.4142841771245">
        <ele>72.62109375</ele>
        <time>2014-05-21T11:22:43Z</time>
      </trkpt>
      <trkpt lat="68.079998278990388" lon="13.414130201563239">
        <ele>76.90234375</ele>
        <time>2014-05-21T11:22:56Z</time>
      </trkpt>
      <trkpt lat="68.079964583739638" lon="13.414007825776935">
        <ele>80.25</ele>
        <time>2014-05-21T11:23:08Z</time>
      </trkpt>
      <trkpt lat="68.079928457736969" lon="13.413904225453734">
        <ele>81.66796875</ele>
        <time>2014-05-21T11:23:17Z</time>
      </trkpt>
      <trkpt lat="68.079850673675537" lon="13.41371932066977">
        <ele>83.5703125</ele>
        <time>2014-05-21T11:23:30Z</time>
      </trkpt>
      <trkpt lat="68.079801220446825" lon="13.413665760308504">
        <ele>83.140625</ele>
        <time>2014-05-21T11:23:34Z</time>
      </trkpt>
      <trkpt lat="68.079702649265528" lon="13.413548162207007">
        <ele>82.37890625</ele>
        <time>2014-05-21T11:23:44Z</time>
      </trkpt>
      <trkpt lat="68.079572645947337" lon="13.413357641547918">
        <ele>85.7265625</ele>
        <time>2014-05-21T11:23:59Z</time>
      </trkpt>
      <trkpt lat="68.07956543751061" lon="13.413362754508853">
        <ele>85.3828125</ele>
        <time>2014-05-21T11:24:00Z</time>
      </trkpt>
      <trkpt lat="68.079531826078892" lon="13.413333920761943">
        <ele>85.76953125</ele>
        <time>2014-05-21T11:24:03Z</time>
      </trkpt>
      <trkpt lat="68.079524030908942" lon="13.413322856649756">
        <ele>86</ele>
        <time>2014-05-21T11:24:04Z</time>
      </trkpt>
      <trkpt lat="68.079480947926641" lon="13.413342889398336">
        <ele>84.37109375</ele>
        <time>2014-05-21T11:24:08Z</time>
      </trkpt>
      <trkpt lat="68.079397715628147" lon="13.413306009024382">
        <ele>83.62109375</ele>
        <time>2014-05-21T11:24:19Z</time>
      </trkpt>
      <trkpt lat="68.079376006498933" lon="13.413318833336234">
        <ele>82.77734375</ele>
        <time>2014-05-21T11:24:27Z</time>
      </trkpt>
      <trkpt lat="68.079357482492924" lon="13.41333182528615">
        <ele>82.03515625</ele>
        <time>2014-05-21T11:24:29Z</time>
      </trkpt>
      <trkpt lat="68.079227982088923" lon="13.413281952962279">
        <ele>79.99609375</ele>
        <time>2014-05-21T11:24:41Z</time>
      </trkpt>
      <trkpt lat="68.079182719811797" lon="13.413234259933233">
        <ele>79.45703125</ele>
        <time>2014-05-21T11:24:48Z</time>
      </trkpt>
      <trkpt lat="68.079093368723989" lon="13.413272649049759">
        <ele>76.65625</ele>
        <time>2014-05-21T11:24:58Z</time>
      </trkpt>
      <trkpt lat="68.079075263813138" lon="13.413295615464449">
        <ele>76.06640625</ele>
        <time>2014-05-21T11:25:00Z</time>
      </trkpt>
      <trkpt lat="68.078975267708302" lon="13.413280192762613">
        <ele>74.84765625</ele>
        <time>2014-05-21T11:25:10Z</time>
      </trkpt>
      <trkpt lat="68.07890142314136" lon="13.4132135566324">
        <ele>74.32421875</ele>
        <time>2014-05-21T11:25:16Z</time>
      </trkpt>
      <trkpt lat="68.078826572746038" lon="13.413113560527563">
        <ele>74.08203125</ele>
        <time>2014-05-21T11:25:23Z</time>
      </trkpt>
      <trkpt lat="68.078700676560402" lon="13.413040889427066">
        <ele>73.1484375</ele>
        <time>2014-05-21T11:25:36Z</time>
      </trkpt>
      <trkpt lat="68.07860529050231" lon="13.412997554987669">
        <ele>72.421875</ele>
        <time>2014-05-21T11:25:45Z</time>
      </trkpt>
      <trkpt lat="68.078563464805484" lon="13.41295363381505">
        <ele>72.3359375</ele>
        <time>2014-05-21T11:25:49Z</time>
      </trkpt>
      <trkpt lat="68.078535469248891" lon="13.412919854745269">
        <ele>72.37109375</ele>
        <time>2014-05-21T11:26:03Z</time>
      </trkpt>
      <trkpt lat="68.078523734584451" lon="13.412942066788673">
        <ele>72.0078125</ele>
        <time>2014-05-21T11:26:22Z</time>
      </trkpt>
      <trkpt lat="68.078505462035537" lon="13.412924883887172">
        <ele>71.7734375</ele>
        <time>2014-05-21T11:26:40Z</time>
      </trkpt>
      <trkpt lat="68.078492218628526" lon="13.412903677672148">
        <ele>71.66015625</ele>
        <time>2014-05-21T11:27:08Z</time>
      </trkpt>
      <trkpt lat="68.078509820625186" lon="13.41295413672924">
        <ele>71.59765625</ele>
        <time>2014-05-21T11:27:38Z</time>
      </trkpt>
      <trkpt lat="68.078495487570763" lon="13.412945754826069">
        <ele>71.3125</ele>
        <time>2014-05-21T11:28:05Z</time>
      </trkpt>
      <trkpt lat="68.078498421236873" lon="13.41295019723475">
        <ele>71.34765625</ele>
        <time>2014-05-21T11:28:34Z</time>
      </trkpt>
      <trkpt lat="68.078496912494302" lon="13.412954555824399">
        <ele>71.26953125</ele>
        <time>2014-05-21T11:29:14Z</time>
      </trkpt>
      <trkpt lat="68.078474197536707" lon="13.412882639095187">
        <ele>71.41796875</ele>
        <time>2014-05-21T11:29:33Z</time>
      </trkpt>
      <trkpt lat="68.078478891402483" lon="13.41292823664844">
        <ele>71.06640625</ele>
        <time>2014-05-21T11:29:51Z</time>
      </trkpt>
      <trkpt lat="68.078532200306654" lon="13.412861600518227">
        <ele>72.97265625</ele>
        <time>2014-05-21T11:30:25Z</time>
      </trkpt>
      <trkpt lat="68.078534631058574" lon="13.412917675450444">
        <ele>72.38671875</ele>
        <time>2014-05-21T11:30:57Z</time>
      </trkpt>
      <trkpt lat="68.078448800370097" lon="13.413247670978308">
        <ele>67.62890625</ele>
        <time>2014-05-21T11:31:36Z</time>
      </trkpt>
      <trkpt lat="68.078456511721015" lon="13.412945000454783">
        <ele>70.33984375</ele>
        <time>2014-05-21T11:32:02Z</time>
      </trkpt>
      <trkpt lat="68.078477131202817" lon="13.412876185029745">
        <ele>71.5625</ele>
        <time>2014-05-21T11:32:17Z</time>
      </trkpt>
      <trkpt lat="68.078470509499311" lon="13.412929074838758">
        <ele>70.84375</ele>
        <time>2014-05-21T11:32:36Z</time>
      </trkpt>
      <trkpt lat="68.078453075140715" lon="13.412889763712883">
        <ele>70.80078125</ele>
        <time>2014-05-21T11:32:54Z</time>
      </trkpt>
      <trkpt lat="68.078414518386126" lon="13.412834107875824">
        <ele>70.35546875</ele>
        <time>2014-05-21T11:33:18Z</time>
      </trkpt>
      <trkpt lat="68.078414602205157" lon="13.412892278283834">
        <ele>69.7890625</ele>
        <time>2014-05-21T11:33:41Z</time>
      </trkpt>
      <trkpt lat="68.078404292464256" lon="13.412865623831749">
        <ele>69.78125</ele>
        <time>2014-05-21T11:33:46Z</time>
      </trkpt>
      <trkpt lat="68.078401107341051" lon="13.412804938852787">
        <ele>70.28515625</ele>
        <time>2014-05-21T11:33:48Z</time>
      </trkpt>
      <trkpt lat="68.078386187553406" lon="13.412783397361636">
        <ele>70.09375</ele>
        <time>2014-05-21T11:33:51Z</time>
      </trkpt>
      <trkpt lat="68.078373279422522" lon="13.412782559171319">
        <ele>69.7578125</ele>
        <time>2014-05-21T11:33:53Z</time>
      </trkpt>
      <trkpt lat="68.078309325501323" lon="13.412591116502881">
        <ele>69.72265625</ele>
        <time>2014-05-21T11:34:00Z</time>
      </trkpt>
      <trkpt lat="68.078247969970107" lon="13.412513080984354">
        <ele>68.60546875</ele>
        <time>2014-05-21T11:34:06Z</time>
      </trkpt>
      <trkpt lat="68.07813229970634" lon="13.412315854802728">
        <ele>66.59375</ele>
        <time>2014-05-21T11:34:18Z</time>
      </trkpt>
      <trkpt lat="68.078083768486977" lon="13.412125585600734">
        <ele>66.32421875</ele>
        <time>2014-05-21T11:34:25Z</time>
      </trkpt>
      <trkpt lat="68.078053006902337" lon="13.412092728540301">
        <ele>65.51171875</ele>
        <time>2014-05-21T11:34:28Z</time>
      </trkpt>
      <trkpt lat="68.078024005517364" lon="13.411962557584047">
        <ele>65.3203125</ele>
        <time>2014-05-21T11:34:34Z</time>
      </trkpt>
      <trkpt lat="68.077993914484978" lon="13.411945374682546">
        <ele>64.375</ele>
        <time>2014-05-21T11:34:37Z</time>
      </trkpt>
      <trkpt lat="68.077948987483978" lon="13.41173155233264">
        <ele>63.99609375</ele>
        <time>2014-05-21T11:34:46Z</time>
      </trkpt>
      <trkpt lat="68.077912023290992" lon="13.411518065258861">
        <ele>63.90234375</ele>
        <time>2014-05-21T11:34:55Z</time>
      </trkpt>
      <trkpt lat="68.077887631952763" lon="13.411423433572054">
        <ele>63.57421875</ele>
        <time>2014-05-21T11:34:58Z</time>
      </trkpt>
      <trkpt lat="68.077821666374803" lon="13.411326706409454">
        <ele>61.828125</ele>
        <time>2014-05-21T11:35:05Z</time>
      </trkpt>
      <trkpt lat="68.077808255329728" lon="13.41127666644752">
        <ele>61.6171875</ele>
        <time>2014-05-21T11:35:07Z</time>
      </trkpt>
      <trkpt lat="68.077774979174137" lon="13.411183292046189">
        <ele>61.24609375</ele>
        <time>2014-05-21T11:35:11Z</time>
      </trkpt>
      <trkpt lat="68.077719239518046" lon="13.411040967330337">
        <ele>60.4921875</ele>
        <time>2014-05-21T11:35:18Z</time>
      </trkpt>
      <trkpt lat="68.07767590507865" lon="13.411021688953042">
        <ele>59.1328125</ele>
        <time>2014-05-21T11:35:27Z</time>
      </trkpt>
      <trkpt lat="68.077644472941756" lon="13.41090434230864">
        <ele>58.96484375</ele>
        <time>2014-05-21T11:35:31Z</time>
      </trkpt>
      <trkpt lat="68.077618069946766" lon="13.410812895745039">
        <ele>58.75</ele>
        <time>2014-05-21T11:35:34Z</time>
      </trkpt>
      <trkpt lat="68.07756987400353" lon="13.410728573799133">
        <ele>57.6796875</ele>
        <time>2014-05-21T11:35:40Z</time>
      </trkpt>
      <trkpt lat="68.077542884275317" lon="13.410677863284945">
        <ele>57.22265625</ele>
        <time>2014-05-21T11:35:44Z</time>
      </trkpt>
      <trkpt lat="68.077530227601528" lon="13.410606030374765">
        <ele>57.54296875</ele>
        <time>2014-05-21T11:35:47Z</time>
      </trkpt>
      <trkpt lat="68.077497286722064" lon="13.410427495837212">
        <ele>58.2890625</ele>
        <time>2014-05-21T11:35:57Z</time>
      </trkpt>
      <trkpt lat="68.077477170154452" lon="13.410414000973105">
        <ele>57.70703125</ele>
        <time>2014-05-21T11:35:59Z</time>
      </trkpt>
      <trkpt lat="68.07738228701055" lon="13.410232029855251">
        <ele>56.46875</ele>
        <time>2014-05-21T11:36:10Z</time>
      </trkpt>
      <trkpt lat="68.077326966449618" lon="13.410037569701672">
        <ele>57.73046875</ele>
        <time>2014-05-21T11:36:19Z</time>
      </trkpt>
      <trkpt lat="68.077199477702379" lon="13.409752584993839">
        <ele>58.203125</ele>
        <time>2014-05-21T11:36:34Z</time>
      </trkpt>
      <trkpt lat="68.077156227082014" lon="13.409700701013207">
        <ele>57.4921875</ele>
        <time>2014-05-21T11:36:38Z</time>
      </trkpt>
      <trkpt lat="68.077106019482017" lon="13.409611433744431">
        <ele>57</ele>
        <time>2014-05-21T11:36:43Z</time>
      </trkpt>
      <trkpt lat="68.07707148604095" lon="13.409556532278657">
        <ele>56.6015625</ele>
        <time>2014-05-21T11:36:46Z</time>
      </trkpt>
      <trkpt lat="68.077052962034941" lon="13.409539684653282">
        <ele>56.19921875</ele>
        <time>2014-05-21T11:36:48Z</time>
      </trkpt>
      <trkpt lat="68.076978363096714" lon="13.40947363525629">
        <ele>54.5703125</ele>
        <time>2014-05-21T11:36:59Z</time>
      </trkpt>
      <trkpt lat="68.076970735564828" lon="13.409435581415892">
        <ele>54.90234375</ele>
        <time>2014-05-21T11:37:01Z</time>
      </trkpt>
      <trkpt lat="68.07685942389071" lon="13.409284874796867">
        <ele>53.39453125</ele>
        <time>2014-05-21T11:37:12Z</time>
      </trkpt>
      <trkpt lat="68.076810976490378" lon="13.409242797642946">
        <ele>52.9921875</ele>
        <time>2014-05-21T11:37:17Z</time>
      </trkpt>
      <trkpt lat="68.076783735305071" lon="13.409208431839943">
        <ele>52.97265625</ele>
        <time>2014-05-21T11:37:19Z</time>
      </trkpt>
      <trkpt lat="68.076710561290383" lon="13.409093851223588">
        <ele>53.23046875</ele>
        <time>2014-05-21T11:37:27Z</time>
      </trkpt>
      <trkpt lat="68.07668742723763" lon="13.409101059660316">
        <ele>52.62109375</ele>
        <time>2014-05-21T11:37:29Z</time>
      </trkpt>
      <trkpt lat="68.076668484136462" lon="13.409087732434273">
        <ele>52.421875</ele>
        <time>2014-05-21T11:37:31Z</time>
      </trkpt>
      <trkpt lat="68.076646523550153" lon="13.40873091481626">
        <ele>58.2890625</ele>
        <time>2014-05-21T11:37:44Z</time>
      </trkpt>
      <trkpt lat="68.076657084748149" lon="13.408568473532796">
        <ele>61.44140625</ele>
        <time>2014-05-21T11:37:57Z</time>
      </trkpt>
      <trkpt lat="68.076639315113425" lon="13.408446600660682">
        <ele>63.32421875</ele>
        <time>2014-05-21T11:38:07Z</time>
      </trkpt>
      <trkpt lat="68.07660729624331" lon="13.408288517966866">
        <ele>65.7421875</ele>
        <time>2014-05-21T11:38:19Z</time>
      </trkpt>
      <trkpt lat="68.0765750259161" lon="13.408168740570545">
        <ele>67.46484375</ele>
        <time>2014-05-21T11:38:30Z</time>
      </trkpt>
      <trkpt lat="68.076580809429288" lon="13.407992217689753">
        <ele>71.0703125</ele>
        <time>2014-05-21T11:38:41Z</time>
      </trkpt>
      <trkpt lat="68.076550383120775" lon="13.407881325110793">
        <ele>72.53515625</ele>
        <time>2014-05-21T11:38:50Z</time>
      </trkpt>
      <trkpt lat="68.076520627364516" lon="13.40777319855988">
        <ele>73.58984375</ele>
        <time>2014-05-21T11:38:56Z</time>
      </trkpt>
      <trkpt lat="68.076480897143483" lon="13.407701617106795">
        <ele>73.546875</ele>
        <time>2014-05-21T11:39:06Z</time>
      </trkpt>
      <trkpt lat="68.076431192457676" lon="13.407590053975582">
        <ele>73.37890625</ele>
        <time>2014-05-21T11:39:13Z</time>
      </trkpt>
      <trkpt lat="68.076391462236643" lon="13.407491315156221">
        <ele>72.97265625</ele>
        <time>2014-05-21T11:39:23Z</time>
      </trkpt>
      <trkpt lat="68.076375117525458" lon="13.40746533125639">
        <ele>72.57421875</ele>
        <time>2014-05-21T11:39:26Z</time>
      </trkpt>
      <trkpt lat="68.076360952109098" lon="13.407445047050714">
        <ele>72.1796875</ele>
        <time>2014-05-21T11:39:31Z</time>
      </trkpt>
      <trkpt lat="68.076302697882056" lon="13.407382350414991">
        <ele>70.2109375</ele>
        <time>2014-05-21T11:39:41Z</time>
      </trkpt>
      <trkpt lat="68.076287107542157" lon="13.407372543588281">
        <ele>70.13671875</ele>
        <time>2014-05-21T11:39:43Z</time>
      </trkpt>
      <trkpt lat="68.076256178319454" lon="13.407325185835361">
        <ele>70.67578125</ele>
        <time>2014-05-21T11:39:46Z</time>
      </trkpt>
      <trkpt lat="68.076223321259022" lon="13.407253185287118">
        <ele>71.58203125</ele>
        <time>2014-05-21T11:39:50Z</time>
      </trkpt>
      <trkpt lat="68.076181244105101" lon="13.407195014879107">
        <ele>72.1796875</ele>
        <time>2014-05-21T11:39:55Z</time>
      </trkpt>
      <trkpt lat="68.076163809746504" lon="13.407022347673774">
        <ele>74.765625</ele>
        <time>2014-05-21T11:40:05Z</time>
      </trkpt>
      <trkpt lat="68.076154422014952" lon="13.406907180324197">
        <ele>76.5</ele>
        <time>2014-05-21T11:40:15Z</time>
      </trkpt>
      <trkpt lat="68.076132880523801" lon="13.406855128705502">
        <ele>77.12890625</ele>
        <time>2014-05-21T11:40:18Z</time>
      </trkpt>
      <trkpt lat="68.076115949079394" lon="13.406477272510529">
        <ele>85.859375</ele>
        <time>2014-05-21T11:40:32Z</time>
      </trkpt>
      <trkpt lat="68.076110165566206" lon="13.406452713534236">
        <ele>86.36328125</ele>
        <time>2014-05-21T11:40:33Z</time>
      </trkpt>
      <trkpt lat="68.07605467736721" lon="13.406322039663792">
        <ele>88.53515625</ele>
        <time>2014-05-21T11:40:47Z</time>
      </trkpt>
      <trkpt lat="68.076047888025641" lon="13.406159430742264">
        <ele>89.79296875</ele>
        <time>2014-05-21T11:40:57Z</time>
      </trkpt>
      <trkpt lat="68.076045708730817" lon="13.406028589233756">
        <ele>90.1171875</ele>
        <time>2014-05-21T11:41:10Z</time>
      </trkpt>
      <trkpt lat="68.076055096462369" lon="13.405990116298199">
        <ele>90.40234375</ele>
        <time>2014-05-21T11:41:19Z</time>
      </trkpt>
      <trkpt lat="68.076079990714788" lon="13.405842259526253">
        <ele>91.30078125</ele>
        <time>2014-05-21T11:41:29Z</time>
      </trkpt>
      <trkpt lat="68.076102705672383" lon="13.405823316425085">
        <ele>91.80078125</ele>
        <time>2014-05-21T11:41:31Z</time>
      </trkpt>
      <trkpt lat="68.076117960736156" lon="13.405787190422416">
        <ele>92.20703125</ele>
        <time>2014-05-21T11:41:33Z</time>
      </trkpt>
      <trkpt lat="68.076128689572215" lon="13.405594574287534">
        <ele>94.47265625</ele>
        <time>2014-05-21T11:41:40Z</time>
      </trkpt>
      <trkpt lat="68.076112009584904" lon="13.40541117824614">
        <ele>96.734375</ele>
        <time>2014-05-21T11:41:48Z</time>
      </trkpt>
      <trkpt lat="68.07608887553215" lon="13.405326521024108">
        <ele>97.31640625</ele>
        <time>2014-05-21T11:41:53Z</time>
      </trkpt>
      <trkpt lat="68.076048893854022" lon="13.405221160501242">
        <ele>97.6015625</ele>
        <time>2014-05-21T11:42:00Z</time>
      </trkpt>
      <trkpt lat="68.076030286028981" lon="13.40518587268889">
        <ele>97.5</ele>
        <time>2014-05-21T11:42:02Z</time>
      </trkpt>
      <trkpt lat="68.075941354036331" lon="13.404931481927633">
        <ele>93.2265625</ele>
        <time>2014-05-21T11:42:15Z</time>
      </trkpt>
      <trkpt lat="68.075939510017633" lon="13.404844729229808">
        <ele>92.49609375</ele>
        <time>2014-05-21T11:42:19Z</time>
      </trkpt>
      <trkpt lat="68.075913693755865" lon="13.404719335958362">
        <ele>90.66015625</ele>
        <time>2014-05-21T11:42:25Z</time>
      </trkpt>
      <trkpt lat="68.075881255790591" lon="13.404691005125642">
        <ele>89.34375</ele>
        <time>2014-05-21T11:42:29Z</time>
      </trkpt>
      <trkpt lat="68.075852589681745" lon="13.404736937955022">
        <ele>88.7578125</ele>
        <time>2014-05-21T11:42:33Z</time>
      </trkpt>
      <trkpt lat="68.075798191130161" lon="13.404643395915627">
        <ele>86.1328125</ele>
        <time>2014-05-21T11:42:39Z</time>
      </trkpt>
      <trkpt lat="68.075769357383251" lon="13.404488163068891">
        <ele>85.15234375</ele>
        <time>2014-05-21T11:42:45Z</time>
      </trkpt>
      <trkpt lat="68.075694590806961" lon="13.404320022091269">
        <ele>83.8515625</ele>
        <time>2014-05-21T11:42:56Z</time>
      </trkpt>
      <trkpt lat="68.075704732909799" lon="13.404267216101289">
        <ele>84.078125</ele>
        <time>2014-05-21T11:42:59Z</time>
      </trkpt>
      <trkpt lat="68.075668103992939" lon="13.404218181967735">
        <ele>83.6484375</ele>
        <time>2014-05-21T11:43:04Z</time>
      </trkpt>
      <trkpt lat="68.075663158670068" lon="13.404169147834182">
        <ele>83.65625</ele>
        <time>2014-05-21T11:43:06Z</time>
      </trkpt>
      <trkpt lat="68.075618231669068" lon="13.404069235548377">
        <ele>83.1640625</ele>
        <time>2014-05-21T11:43:12Z</time>
      </trkpt>
      <trkpt lat="68.075613286346197" lon="13.403826830908656">
        <ele>82.703125</ele>
        <time>2014-05-21T11:43:20Z</time>
      </trkpt>
      <trkpt lat="68.075571209192276" lon="13.403699761256576">
        <ele>81.8671875</ele>
        <time>2014-05-21T11:43:25Z</time>
      </trkpt>
      <trkpt lat="68.075513541698456" lon="13.403626000508666">
        <ele>80.90234375</ele>
        <time>2014-05-21T11:43:33Z</time>
      </trkpt>
      <trkpt lat="68.075462160632014" lon="13.403439419344068">
        <ele>80.15234375</ele>
        <time>2014-05-21T11:43:49Z</time>
      </trkpt>
      <trkpt lat="68.075412958860397" lon="13.403288377448916">
        <ele>79.9140625</ele>
        <time>2014-05-21T11:44:01Z</time>
      </trkpt>
      <trkpt lat="68.075418910011649" lon="13.403252754360437">
        <ele>80.12890625</ele>
        <time>2014-05-21T11:44:03Z</time>
      </trkpt>
      <trkpt lat="68.075432488694787" lon="13.403077824041247">
        <ele>80.9375</ele>
        <time>2014-05-21T11:44:11Z</time>
      </trkpt>
      <trkpt lat="68.075413210317492" lon="13.402903731912374">
        <ele>81.6484375</ele>
        <time>2014-05-21T11:44:17Z</time>
      </trkpt>
      <trkpt lat="68.075376749038696" lon="13.402738021686673">
        <ele>83.25</ele>
        <time>2014-05-21T11:44:25Z</time>
      </trkpt>
      <trkpt lat="68.075308268889785" lon="13.402624865993857">
        <ele>83.01953125</ele>
        <time>2014-05-21T11:44:32Z</time>
      </trkpt>
      <trkpt lat="68.075203914195299" lon="13.402375085279346">
        <ele>82.6484375</ele>
        <time>2014-05-21T11:44:44Z</time>
      </trkpt>
      <trkpt lat="68.075080867856741" lon="13.402161682024598">
        <ele>83.85546875</ele>
        <time>2014-05-21T11:44:57Z</time>
      </trkpt>
      <trkpt lat="68.075059074908495" lon="13.402119856327772">
        <ele>84.3046875</ele>
        <time>2014-05-21T11:44:59Z</time>
      </trkpt>
      <trkpt lat="68.074946338310838" lon="13.40209043584764">
        <ele>84.2578125</ele>
        <time>2014-05-21T11:45:11Z</time>
      </trkpt>
      <trkpt lat="68.074914989992976" lon="13.402098147198558">
        <ele>84</ele>
        <time>2014-05-21T11:45:14Z</time>
      </trkpt>
      <trkpt lat="68.07477300055325" lon="13.402172829955816">
        <ele>81.89453125</ele>
        <time>2014-05-21T11:45:26Z</time>
      </trkpt>
      <trkpt lat="68.074695132672787" lon="13.402175595983863">
        <ele>81.375</ele>
        <time>2014-05-21T11:45:33Z</time>
      </trkpt>
      <trkpt lat="68.074647942557931" lon="13.402271317318082">
        <ele>78.8828125</ele>
        <time>2014-05-21T11:45:41Z</time>
      </trkpt>
      <trkpt lat="68.074608547613025" lon="13.402388915419579">
        <ele>75.69921875</ele>
        <time>2014-05-21T11:45:49Z</time>
      </trkpt>
      <trkpt lat="68.074551299214363" lon="13.40238019824028">
        <ele>75.17578125</ele>
        <time>2014-05-21T11:46:00Z</time>
      </trkpt>
      <trkpt lat="68.07454233057797" lon="13.402335522696376">
        <ele>76.09765625</ele>
        <time>2014-05-21T11:46:02Z</time>
      </trkpt>
      <trkpt lat="68.074516849592328" lon="13.402252793312073">
        <ele>77.67578125</ele>
        <time>2014-05-21T11:46:13Z</time>
      </trkpt>
      <trkpt lat="68.074545850977302" lon="13.402268048375845">
        <ele>77.703125</ele>
        <time>2014-05-21T11:46:36Z</time>
      </trkpt>
      <trkpt lat="68.074518777430058" lon="13.402285566553473">
        <ele>76.9453125</ele>
        <time>2014-05-21T11:46:50Z</time>
      </trkpt>
      <trkpt lat="68.074473096057773" lon="13.40222479775548">
        <ele>77.74609375</ele>
        <time>2014-05-21T11:47:01Z</time>
      </trkpt>
      <trkpt lat="68.074431605637074" lon="13.40200494043529">
        <ele>82.20703125</ele>
        <time>2014-05-21T11:47:14Z</time>
      </trkpt>
      <trkpt lat="68.074435293674469" lon="13.402024051174521">
        <ele>81.8203125</ele>
        <time>2014-05-21T11:47:19Z</time>
      </trkpt>
      <trkpt lat="68.074374441057444" lon="13.402026733383536">
        <ele>80.921875</ele>
        <time>2014-05-21T11:47:24Z</time>
      </trkpt>
      <trkpt lat="68.074256423860788" lon="13.402035031467676">
        <ele>79.109375</ele>
        <time>2014-05-21T11:47:33Z</time>
      </trkpt>
      <trkpt lat="68.074216023087502" lon="13.401990020647645">
        <ele>79.546875</ele>
        <time>2014-05-21T11:47:36Z</time>
      </trkpt>
      <trkpt lat="68.0741729401052" lon="13.401976441964507">
        <ele>79.24609375</ele>
        <time>2014-05-21T11:47:40Z</time>
      </trkpt>
      <trkpt lat="68.073982838541269" lon="13.401985159143806">
        <ele>76.80078125</ele>
        <time>2014-05-21T11:47:55Z</time>
      </trkpt>
      <trkpt lat="68.073969762772322" lon="13.401993541046977">
        <ele>76.49609375</ele>
        <time>2014-05-21T11:47:56Z</time>
      </trkpt>
      <trkpt lat="68.073896002024412" lon="13.401933358982205">
        <ele>77.00390625</ele>
        <time>2014-05-21T11:48:03Z</time>
      </trkpt>
      <trkpt lat="68.073813859373331" lon="13.401911314576864">
        <ele>76.609375</ele>
        <time>2014-05-21T11:48:11Z</time>
      </trkpt>
      <trkpt lat="68.073764489963651" lon="13.401925815269351">
        <ele>75.81640625</ele>
        <time>2014-05-21T11:48:15Z</time>
      </trkpt>
      <trkpt lat="68.073681844398379" lon="13.401912236586213">
        <ele>75.23046875</ele>
        <time>2014-05-21T11:48:21Z</time>
      </trkpt>
      <trkpt lat="68.07364328764379" lon="13.40198390185833">
        <ele>73.48828125</ele>
        <time>2014-05-21T11:48:25Z</time>
      </trkpt>
      <trkpt lat="68.073595846071839" lon="13.402036456391215">
        <ele>72.05078125</ele>
        <time>2014-05-21T11:48:29Z</time>
      </trkpt>
      <trkpt lat="68.073437176644802" lon="13.401828585192561">
        <ele>75.0546875</ele>
        <time>2014-05-21T11:48:43Z</time>
      </trkpt>
      <trkpt lat="68.073414210230112" lon="13.40174644254148">
        <ele>75.8515625</ele>
        <time>2014-05-21T11:48:46Z</time>
      </trkpt>
      <trkpt lat="68.073371462523937" lon="13.401617277413607">
        <ele>77.3125</ele>
        <time>2014-05-21T11:48:51Z</time>
      </trkpt>
      <trkpt lat="68.07329879142344" lon="13.401467241346836">
        <ele>79.515625</ele>
        <time>2014-05-21T11:49:03Z</time>
      </trkpt>
      <trkpt lat="68.073218911886215" lon="13.401448214426637">
        <ele>80.453125</ele>
        <time>2014-05-21T11:49:15Z</time>
      </trkpt>
      <trkpt lat="68.07316149584949" lon="13.401506133377552">
        <ele>80.0625</ele>
        <time>2014-05-21T11:49:23Z</time>
      </trkpt>
      <trkpt lat="68.07308622635901" lon="13.401619791984558">
        <ele>78.67578125</ele>
        <time>2014-05-21T11:49:32Z</time>
      </trkpt>
      <trkpt lat="68.073027720674872" lon="13.401657342910767">
        <ele>78.26953125</ele>
        <time>2014-05-21T11:49:37Z</time>
      </trkpt>
      <trkpt lat="68.072967287153006" lon="13.401666227728128">
        <ele>78.359375</ele>
        <time>2014-05-21T11:49:42Z</time>
      </trkpt>
      <trkpt lat="68.072855472564697" lon="13.401687936857343">
        <ele>81.68359375</ele>
        <time>2014-05-21T11:49:52Z</time>
      </trkpt>
      <trkpt lat="68.07280233129859" lon="13.401674525812268">
        <ele>83.8046875</ele>
        <time>2014-05-21T11:49:57Z</time>
      </trkpt>
      <trkpt lat="68.072746256366372" lon="13.401693049818277">
        <ele>85.2109375</ele>
        <time>2014-05-21T11:50:04Z</time>
      </trkpt>
      <trkpt lat="68.072648020461202" lon="13.401870327070355">
        <ele>83.17578125</ele>
        <time>2014-05-21T11:50:18Z</time>
      </trkpt>
      <trkpt lat="68.072580462321639" lon="13.401932688429952">
        <ele>83.109375</ele>
        <time>2014-05-21T11:50:25Z</time>
      </trkpt>
      <trkpt lat="68.072511060163379" lon="13.402014998719096">
        <ele>82.18359375</ele>
        <time>2014-05-21T11:50:34Z</time>
      </trkpt>
      <trkpt lat="68.072483232244849" lon="13.402095548808575">
        <ele>80.1015625</ele>
        <time>2014-05-21T11:50:39Z</time>
      </trkpt>
      <trkpt lat="68.072455069050193" lon="13.402128154411912">
        <ele>79.5625</ele>
        <time>2014-05-21T11:50:42Z</time>
      </trkpt>
      <trkpt lat="68.07237921282649" lon="13.402175512164831">
        <ele>78.7109375</ele>
        <time>2014-05-21T11:50:49Z</time>
      </trkpt>
      <trkpt lat="68.072241330519319" lon="13.402245165780187">
        <ele>76.703125</ele>
        <time>2014-05-21T11:51:01Z</time>
      </trkpt>
      <trkpt lat="68.072169665247202" lon="13.402243992313743">
        <ele>76.94140625</ele>
        <time>2014-05-21T11:51:07Z</time>
      </trkpt>
      <trkpt lat="68.072138652205467" lon="13.402186408638954">
        <ele>78.4375</ele>
        <time>2014-05-21T11:51:10Z</time>
      </trkpt>
      <trkpt lat="68.071997920051217" lon="13.402183055877686">
        <ele>78.5625</ele>
        <time>2014-05-21T11:51:22Z</time>
      </trkpt>
      <trkpt lat="68.071940168738365" lon="13.402206609025598">
        <ele>78.19921875</ele>
        <time>2014-05-21T11:51:27Z</time>
      </trkpt>
      <trkpt lat="68.071920471265912" lon="13.402225719764829">
        <ele>77.93359375</ele>
        <time>2014-05-21T11:51:29Z</time>
      </trkpt>
      <trkpt lat="68.071886021643877" lon="13.402218427509069">
        <ele>78.10546875</ele>
        <time>2014-05-21T11:51:32Z</time>
      </trkpt>
      <trkpt lat="68.071808405220509" lon="13.4021788649261">
        <ele>77.87109375</ele>
        <time>2014-05-21T11:51:39Z</time>
      </trkpt>
      <trkpt lat="68.071783427149057" lon="13.402176517993212">
        <ele>77.50390625</ele>
        <time>2014-05-21T11:51:42Z</time>
      </trkpt>
      <trkpt lat="68.071765154600143" lon="13.402151875197887">
        <ele>77.54296875</ele>
        <time>2014-05-21T11:51:44Z</time>
      </trkpt>
      <trkpt lat="68.071715366095304" lon="13.402130585163832">
        <ele>77.0625</ele>
        <time>2014-05-21T11:51:48Z</time>
      </trkpt>
      <trkpt lat="68.071562983095646" lon="13.402193952351809">
        <ele>73.71875</ele>
        <time>2014-05-21T11:52:02Z</time>
      </trkpt>
      <trkpt lat="68.071414707228541" lon="13.402165118604898">
        <ele>71.8203125</ele>
        <time>2014-05-21T11:52:13Z</time>
      </trkpt>
      <trkpt lat="68.071333067491651" lon="13.40214516967535">
        <ele>70.87890625</ele>
        <time>2014-05-21T11:52:20Z</time>
      </trkpt>
      <trkpt lat="68.071241201832891" lon="13.40218473225832">
        <ele>68.0234375</ele>
        <time>2014-05-21T11:52:28Z</time>
      </trkpt>
      <trkpt lat="68.071220247074962" lon="13.40213930234313">
        <ele>68.234375</ele>
        <time>2014-05-21T11:52:30Z</time>
      </trkpt>
      <trkpt lat="68.071173056960106" lon="13.402081299573183">
        <ele>67.90234375</ele>
        <time>2014-05-21T11:52:34Z</time>
      </trkpt>
      <trkpt lat="68.071140954270959" lon="13.402053220197558">
        <ele>67.45703125</ele>
        <time>2014-05-21T11:52:36Z</time>
      </trkpt>
      <trkpt lat="68.071086220443249" lon="13.402040228247643">
        <ele>66.10546875</ele>
        <time>2014-05-21T11:52:41Z</time>
      </trkpt>
      <trkpt lat="68.07097926735878" lon="13.401937885209918">
        <ele>64.56640625</ele>
        <time>2014-05-21T11:52:50Z</time>
      </trkpt>
      <trkpt lat="68.070820346474648" lon="13.401822634041309">
        <ele>61.5859375</ele>
        <time>2014-05-21T11:53:02Z</time>
      </trkpt>
      <trkpt lat="68.07078086771071" lon="13.401756249368191">
        <ele>62.4609375</ele>
        <time>2014-05-21T11:53:06Z</time>
      </trkpt>
      <trkpt lat="68.070737197995186" lon="13.401707215234637">
        <ele>62.71484375</ele>
        <time>2014-05-21T11:53:09Z</time>
      </trkpt>
      <trkpt lat="68.070688163861632" lon="13.401616523042321">
        <ele>63.4140625</ele>
        <time>2014-05-21T11:53:13Z</time>
      </trkpt>
      <trkpt lat="68.070617169141769" lon="13.401573775336146">
        <ele>61.34765625</ele>
        <time>2014-05-21T11:53:19Z</time>
      </trkpt>
      <trkpt lat="68.070575511083007" lon="13.40154561214149">
        <ele>60.0703125</ele>
        <time>2014-05-21T11:53:22Z</time>
      </trkpt>
      <trkpt lat="68.070553466677666" lon="13.401515269652009">
        <ele>59.703125</ele>
        <time>2014-05-21T11:53:24Z</time>
      </trkpt>
      <trkpt lat="68.070475598797202" lon="13.401298178359866">
        <ele>60</ele>
        <time>2014-05-21T11:53:32Z</time>
      </trkpt>
      <trkpt lat="68.070372836664319" lon="13.400960890576243">
        <ele>56.23046875</ele>
        <time>2014-05-21T11:53:45Z</time>
      </trkpt>
      <trkpt lat="68.070321036502719" lon="13.400745810940862">
        <ele>55.68359375</ele>
        <time>2014-05-21T11:53:54Z</time>
      </trkpt>
      <trkpt lat="68.070303685963154" lon="13.40067925862968">
        <ele>56.109375</ele>
        <time>2014-05-21T11:53:57Z</time>
      </trkpt>
      <trkpt lat="68.070227326825261" lon="13.400573646649718">
        <ele>55.3125</ele>
        <time>2014-05-21T11:54:06Z</time>
      </trkpt>
      <trkpt lat="68.070097574964166" lon="13.400373905897141">
        <ele>56.0546875</ele>
        <time>2014-05-21T11:54:18Z</time>
      </trkpt>
      <trkpt lat="68.069978216663003" lon="13.400290841236711">
        <ele>54.8671875</ele>
        <time>2014-05-21T11:54:29Z</time>
      </trkpt>
      <trkpt lat="68.069954412057996" lon="13.400254547595978">
        <ele>54.8359375</ele>
        <time>2014-05-21T11:54:31Z</time>
      </trkpt>
      <trkpt lat="68.069867240265012" lon="13.400190258398652">
        <ele>53.56640625</ele>
        <time>2014-05-21T11:54:38Z</time>
      </trkpt>
      <trkpt lat="68.069790629670024" lon="13.400105098262429">
        <ele>53.4375</ele>
        <time>2014-05-21T11:54:44Z</time>
      </trkpt>
      <trkpt lat="68.069666912779212" lon="13.400015830993652">
        <ele>52.81640625</ele>
        <time>2014-05-21T11:54:54Z</time>
      </trkpt>
      <trkpt lat="68.069546716287732" lon="13.399926731362939">
        <ele>53.98046875</ele>
        <time>2014-05-21T11:55:04Z</time>
      </trkpt>
      <trkpt lat="68.069443786516786" lon="13.399665132164955">
        <ele>60.24609375</ele>
        <time>2014-05-21T11:55:18Z</time>
      </trkpt>
      <trkpt lat="68.069419981911778" lon="13.399586258456111">
        <ele>61.55859375</ele>
        <time>2014-05-21T11:55:23Z</time>
      </trkpt>
      <trkpt lat="68.069383017718792" lon="13.399539822712541">
        <ele>61.4609375</ele>
        <time>2014-05-21T11:55:28Z</time>
      </trkpt>
      <trkpt lat="68.069372456520796" lon="13.399406298995018">
        <ele>61.87890625</ele>
        <time>2014-05-21T11:55:34Z</time>
      </trkpt>
      <trkpt lat="68.069311520084739" lon="13.399202870205045">
        <ele>61.8828125</ele>
        <time>2014-05-21T11:55:44Z</time>
      </trkpt>
      <trkpt lat="68.069286122918129" lon="13.399073956534266">
        <ele>61.90625</ele>
        <time>2014-05-21T11:55:56Z</time>
      </trkpt>
      <trkpt lat="68.069283189252019" lon="13.398927273228765">
        <ele>63.19140625</ele>
        <time>2014-05-21T11:56:02Z</time>
      </trkpt>
      <trkpt lat="68.069274472072721" lon="13.398836748674512">
        <ele>63.9296875</ele>
        <time>2014-05-21T11:56:06Z</time>
      </trkpt>
      <trkpt lat="68.069261983036995" lon="13.39857766404748">
        <ele>66.1875</ele>
        <time>2014-05-21T11:56:18Z</time>
      </trkpt>
      <trkpt lat="68.069247985258698" lon="13.398337354883552">
        <ele>67.34375</ele>
        <time>2014-05-21T11:56:30Z</time>
      </trkpt>
      <trkpt lat="68.069246727973223" lon="13.398277088999748">
        <ele>67.58203125</ele>
        <time>2014-05-21T11:56:33Z</time>
      </trkpt>
      <trkpt lat="68.069200962781906" lon="13.397960336878896">
        <ele>67.609375</ele>
        <time>2014-05-21T11:56:46Z</time>
      </trkpt>
      <trkpt lat="68.069196688011289" lon="13.397934101521969">
        <ele>67.5625</ele>
        <time>2014-05-21T11:56:47Z</time>
      </trkpt>
      <trkpt lat="68.069185791537166" lon="13.397759003564715">
        <ele>67.72265625</ele>
        <time>2014-05-21T11:56:53Z</time>
      </trkpt>
      <trkpt lat="68.069168524816632" lon="13.397679291665554">
        <ele>67.37109375</ele>
        <time>2014-05-21T11:56:56Z</time>
      </trkpt>
      <trkpt lat="68.069147150963545" lon="13.397546522319317">
        <ele>66.984375</ele>
        <time>2014-05-21T11:57:01Z</time>
      </trkpt>
      <trkpt lat="68.069145558401942" lon="13.397534033283591">
        <ele>66.9609375</ele>
        <time>2014-05-21T11:57:15Z</time>
      </trkpt>
      <trkpt lat="68.069087555631995" lon="13.397414507344365">
        <ele>65.17578125</ele>
        <time>2014-05-21T11:57:35Z</time>
      </trkpt>
      <trkpt lat="68.069026619195938" lon="13.397240079939365">
        <ele>64.08203125</ele>
        <time>2014-05-21T11:57:49Z</time>
      </trkpt>
      <trkpt lat="68.069027960300446" lon="13.397240582853556">
        <ele>64.1171875</ele>
        <time>2014-05-21T11:57:58Z</time>
      </trkpt>
      <trkpt lat="68.06900717318058" lon="13.397203534841537">
        <ele>63.66796875</ele>
        <time>2014-05-21T11:58:07Z</time>
      </trkpt>
      <trkpt lat="68.069004574790597" lon="13.397116782143712">
        <ele>63.84375</ele>
        <time>2014-05-21T11:58:30Z</time>
      </trkpt>
      <trkpt lat="68.068989403545856" lon="13.397137401625514">
        <ele>63.3671875</ele>
        <time>2014-05-21T11:59:00Z</time>
      </trkpt>
      <trkpt lat="68.068991079926491" lon="13.397255083546042">
        <ele>63.08984375</ele>
        <time>2014-05-21T11:59:34Z</time>
      </trkpt>
      <trkpt lat="68.068999210372567" lon="13.397231949493289">
        <ele>63.37109375</ele>
        <time>2014-05-21T12:00:00Z</time>
      </trkpt>
      <trkpt lat="68.068994851782918" lon="13.397160032764077">
        <ele>63.453125</ele>
        <time>2014-05-21T12:00:33Z</time>
      </trkpt>
      <trkpt lat="68.069015219807625" lon="13.397227423265576">
        <ele>63.81640625</ele>
        <time>2014-05-21T12:00:43Z</time>
      </trkpt>
      <trkpt lat="68.069011531770229" lon="13.397268746048212">
        <ele>63.59375</ele>
        <time>2014-05-21T12:00:51Z</time>
      </trkpt>
      <trkpt lat="68.06900667026639" lon="13.397244438529015">
        <ele>63.53515625</ele>
        <time>2014-05-21T12:01:14Z</time>
      </trkpt>
      <trkpt lat="68.069023098796606" lon="13.397126505151391">
        <ele>64.33203125</ele>
        <time>2014-05-21T12:01:35Z</time>
      </trkpt>
      <trkpt lat="68.069023182615638" lon="13.397139748558402">
        <ele>64.29296875</ele>
        <time>2014-05-21T12:01:53Z</time>
      </trkpt>
      <trkpt lat="68.069001473486423" lon="13.397084511816502">
        <ele>63.84765625</ele>
        <time>2014-05-21T12:01:56Z</time>
      </trkpt>
      <trkpt lat="68.068897789344192" lon="13.397025838494301">
        <ele>61.03125</ele>
        <time>2014-05-21T12:02:05Z</time>
      </trkpt>
      <trkpt lat="68.068872643634677" lon="13.397014522925019">
        <ele>60.32421875</ele>
        <time>2014-05-21T12:02:07Z</time>
      </trkpt>
      <trkpt lat="68.068727888166904" lon="13.396847555413842">
        <ele>56.16796875</ele>
        <time>2014-05-21T12:02:16Z</time>
      </trkpt>
      <trkpt lat="68.068642476573586" lon="13.396792402490973">
        <ele>53.42578125</ele>
        <time>2014-05-21T12:02:21Z</time>
      </trkpt>
      <trkpt lat="68.068624120205641" lon="13.396711014211178">
        <ele>52.6171875</ele>
        <time>2014-05-21T12:02:23Z</time>
      </trkpt>
      <trkpt lat="68.068615738302469" lon="13.396634655073285">
        <ele>52.125</ele>
        <time>2014-05-21T12:02:25Z</time>
      </trkpt>
      <trkpt lat="68.068546419963241" lon="13.396416893228889">
        <ele>49.15234375</ele>
        <time>2014-05-21T12:02:33Z</time>
      </trkpt>
      <trkpt lat="68.068499313667417" lon="13.396346904337406">
        <ele>47.74609375</ele>
        <time>2014-05-21T12:02:35Z</time>
      </trkpt>
      <trkpt lat="68.068474335595965" lon="13.396272473037243">
        <ele>47.09375</ele>
        <time>2014-05-21T12:02:37Z</time>
      </trkpt>
      <trkpt lat="68.068446004763246" lon="13.396257301792502">
        <ele>46.62109375</ele>
        <time>2014-05-21T12:02:39Z</time>
      </trkpt>
      <trkpt lat="68.068281970918179" lon="13.396201645955443">
        <ele>43.6953125</ele>
        <time>2014-05-21T12:02:47Z</time>
      </trkpt>
      <trkpt lat="68.068135287612677" lon="13.395945411175489">
        <ele>40.88671875</ele>
        <time>2014-05-21T12:02:59Z</time>
      </trkpt>
      <trkpt lat="68.068112907931209" lon="13.395886905491352">
        <ele>40.38671875</ele>
        <time>2014-05-21T12:03:01Z</time>
      </trkpt>
      <trkpt lat="68.068088265135884" lon="13.395759165287018">
        <ele>39.76171875</ele>
        <time>2014-05-21T12:03:04Z</time>
      </trkpt>
      <trkpt lat="68.068059347569942" lon="13.39567962102592">
        <ele>39.21875</ele>
        <time>2014-05-21T12:03:07Z</time>
      </trkpt>
      <trkpt lat="68.068031687289476" lon="13.395589850842953">
        <ele>38.796875</ele>
        <time>2014-05-21T12:03:11Z</time>
      </trkpt>
      <trkpt lat="68.068024814128876" lon="13.395517347380519">
        <ele>38.81640625</ele>
        <time>2014-05-21T12:03:13Z</time>
      </trkpt>
      <trkpt lat="68.067958429455757" lon="13.395283240824938">
        <ele>37.515625</ele>
        <time>2014-05-21T12:03:21Z</time>
      </trkpt>
      <trkpt lat="68.06794686242938" lon="13.395196991041303">
        <ele>37.359375</ele>
        <time>2014-05-21T12:03:24Z</time>
      </trkpt>
      <trkpt lat="68.067930266261101" lon="13.395067658275366">
        <ele>36.421875</ele>
        <time>2014-05-21T12:03:29Z</time>
      </trkpt>
      <trkpt lat="68.06787109002471" lon="13.394940504804254">
        <ele>34.30078125</ele>
        <time>2014-05-21T12:03:35Z</time>
      </trkpt>
      <trkpt lat="68.067865977063775" lon="13.394910413771868">
        <ele>34.0234375</ele>
        <time>2014-05-21T12:03:36Z</time>
      </trkpt>
      <trkpt lat="68.067814093083143" lon="13.394698854535818">
        <ele>31.7265625</ele>
        <time>2014-05-21T12:03:43Z</time>
      </trkpt>
      <trkpt lat="68.067796155810356" lon="13.394516296684742">
        <ele>30.96875</ele>
        <time>2014-05-21T12:03:47Z</time>
      </trkpt>
      <trkpt lat="68.067753072828054" lon="13.394337175413966">
        <ele>30</ele>
        <time>2014-05-21T12:03:53Z</time>
      </trkpt>
      <trkpt lat="68.06774795986712" lon="13.394315801560879">
        <ele>29.87890625</ele>
        <time>2014-05-21T12:03:54Z</time>
      </trkpt>
      <trkpt lat="68.067685682326555" lon="13.394177416339517">
        <ele>28.29296875</ele>
        <time>2014-05-21T12:04:02Z</time>
      </trkpt>
      <trkpt lat="68.067650059238076" lon="13.394020004197955">
        <ele>27.46875</ele>
        <time>2014-05-21T12:04:06Z</time>
      </trkpt>
      <trkpt lat="68.067581662908196" lon="13.393574925139546">
        <ele>26.4296875</ele>
        <time>2014-05-21T12:04:16Z</time>
      </trkpt>
      <trkpt lat="68.067581746727228" lon="13.393377950415015">
        <ele>26.5703125</ele>
        <time>2014-05-21T12:04:22Z</time>
      </trkpt>
      <trkpt lat="68.067570431157947" lon="13.393326820805669">
        <ele>26.12109375</ele>
        <time>2014-05-21T12:04:24Z</time>
      </trkpt>
      <trkpt lat="68.067509746178985" lon="13.392971092835069">
        <ele>23.71875</ele>
        <time>2014-05-21T12:04:32Z</time>
      </trkpt>
      <trkpt lat="68.067420311272144" lon="13.392588039860129">
        <ele>20.8046875</ele>
        <time>2014-05-21T12:04:43Z</time>
      </trkpt>
      <trkpt lat="68.067351914942265" lon="13.39234915561974">
        <ele>20.4140625</ele>
        <time>2014-05-21T12:04:53Z</time>
      </trkpt>
      <trkpt lat="68.067344203591347" lon="13.392287045717239">
        <ele>20.05078125</ele>
        <time>2014-05-21T12:05:05Z</time>
      </trkpt>
      <trkpt lat="68.067322578281164" lon="13.392130807042122">
        <ele>19.14453125</ele>
        <time>2014-05-21T12:05:10Z</time>
      </trkpt>
      <trkpt lat="68.067300282418728" lon="13.391910195350647">
        <ele>17.93359375</ele>
        <time>2014-05-21T12:05:16Z</time>
      </trkpt>
      <trkpt lat="68.067305730655789" lon="13.391572153195739">
        <ele>16.828125</ele>
        <time>2014-05-21T12:05:24Z</time>
      </trkpt>
      <trkpt lat="68.067309753969312" lon="13.391543319448829">
        <ele>16.75</ele>
        <time>2014-05-21T12:05:25Z</time>
      </trkpt>
      <trkpt lat="68.067305311560631" lon="13.3914740011096">
        <ele>16.54296875</ele>
        <time>2014-05-21T12:05:27Z</time>
      </trkpt>
      <trkpt lat="68.067315705120564" lon="13.39144030585885">
        <ele>16.45703125</ele>
        <time>2014-05-21T12:05:42Z</time>
      </trkpt>
      <trkpt lat="68.067302964627743" lon="13.391450783237815">
        <ele>16.4765625</ele>
        <time>2014-05-21T12:06:02Z</time>
      </trkpt>
      <trkpt lat="68.067365828901529" lon="13.391364281997085">
        <ele>16.2578125</ele>
        <time>2014-05-21T12:06:21Z</time>
      </trkpt>
      <trkpt lat="68.06739860214293" lon="13.39133913628757">
        <ele>16.1875</ele>
        <time>2014-05-21T12:06:24Z</time>
      </trkpt>
      <trkpt lat="68.067492228001356" lon="13.391264202073216">
        <ele>16.68359375</ele>
        <time>2014-05-21T12:06:32Z</time>
      </trkpt>
      <trkpt lat="68.06750513613224" lon="13.391169905662537">
        <ele>16.76953125</ele>
        <time>2014-05-21T12:06:35Z</time>
      </trkpt>
      <trkpt lat="68.067555846646428" lon="13.391102263703942">
        <ele>17.17578125</ele>
        <time>2014-05-21T12:06:39Z</time>
      </trkpt>
      <trkpt lat="68.067616196349263" lon="13.391030598431826">
        <ele>17.63671875</ele>
        <time>2014-05-21T12:06:44Z</time>
      </trkpt>
      <trkpt lat="68.067703535780311" lon="13.390988018363714">
        <ele>18.3125</ele>
        <time>2014-05-21T12:06:55Z</time>
      </trkpt>
      <trkpt lat="68.067714013159275" lon="13.390939990058541">
        <ele>18.3515625</ele>
        <time>2014-05-21T12:06:57Z</time>
      </trkpt>
      <trkpt lat="68.067758856341243" lon="13.390910569578409">
        <ele>18.671875</ele>
        <time>2014-05-21T12:07:02Z</time>
      </trkpt>
      <trkpt lat="68.067783582955599" lon="13.390785092487931">
        <ele>18.71484375</ele>
        <time>2014-05-21T12:07:07Z</time>
      </trkpt>
      <trkpt lat="68.067806549370289" lon="13.390732957050204">
        <ele>18.81640625</ele>
        <time>2014-05-21T12:07:10Z</time>
      </trkpt>
      <trkpt lat="68.067831192165613" lon="13.390711834654212">
        <ele>18.94140625</ele>
        <time>2014-05-21T12:07:13Z</time>
      </trkpt>
      <trkpt lat="68.067916771396995" lon="13.390546375885606">
        <ele>19.01171875</ele>
        <time>2014-05-21T12:07:23Z</time>
      </trkpt>
      <trkpt lat="68.067946024239063" lon="13.390511339530349">
        <ele>19.06640625</ele>
        <time>2014-05-21T12:07:25Z</time>
      </trkpt>
      <trkpt lat="68.067978797480464" lon="13.390509244054556">
        <ele>19.390625</ele>
        <time>2014-05-21T12:07:27Z</time>
      </trkpt>
      <trkpt lat="68.068043254315853" lon="13.390396507456899">
        <ele>20.27734375</ele>
        <time>2014-05-21T12:07:34Z</time>
      </trkpt>
      <trkpt lat="68.068091534078121" lon="13.390302881598473">
        <ele>20.52734375</ele>
        <time>2014-05-21T12:07:40Z</time>
      </trkpt>
      <trkpt lat="68.068121541291475" lon="13.390203891322017">
        <ele>20.15625</ele>
        <time>2014-05-21T12:07:44Z</time>
      </trkpt>
      <trkpt lat="68.068140232935548" lon="13.39016005396843">
        <ele>20.07421875</ele>
        <time>2014-05-21T12:07:46Z</time>
      </trkpt>
      <trkpt lat="68.068149704486132" lon="13.390096519142389">
        <ele>19.9296875</ele>
        <time>2014-05-21T12:07:48Z</time>
      </trkpt>
      <trkpt lat="68.068192536011338" lon="13.389836177229881">
        <ele>19.20703125</ele>
        <time>2014-05-21T12:07:57Z</time>
      </trkpt>
      <trkpt lat="68.068366795778275" lon="13.389589665457606">
        <ele>19.1015625</ele>
        <time>2014-05-21T12:08:10Z</time>
      </trkpt>
      <trkpt lat="68.068559998646379" lon="13.389287414029241">
        <ele>19.34375</ele>
        <time>2014-05-21T12:08:26Z</time>
      </trkpt>
      <trkpt lat="68.06860308162868" lon="13.389260927215219">
        <ele>20.61328125</ele>
        <time>2014-05-21T12:08:30Z</time>
      </trkpt>
      <trkpt lat="68.06862261146307" lon="13.389264782890677">
        <ele>21.29296875</ele>
        <time>2014-05-21T12:08:32Z</time>
      </trkpt>
      <trkpt lat="68.068706849589944" lon="13.389217173680663">
        <ele>23.65234375</ele>
        <time>2014-05-21T12:08:40Z</time>
      </trkpt>
      <trkpt lat="68.068758482113481" lon="13.389182891696692">
        <ele>24.953125</ele>
        <time>2014-05-21T12:08:45Z</time>
      </trkpt>
      <trkpt lat="68.06880977936089" lon="13.389156823977828">
        <ele>26.26171875</ele>
        <time>2014-05-21T12:08:50Z</time>
      </trkpt>
      <trkpt lat="68.068861830979586" lon="13.389023384079337">
        <ele>26.47265625</ele>
        <time>2014-05-21T12:09:01Z</time>
      </trkpt>
      <trkpt lat="68.068911032751203" lon="13.388976948335767">
        <ele>27.5859375</ele>
        <time>2014-05-21T12:09:06Z</time>
      </trkpt>
      <trkpt lat="68.069015303626657" lon="13.388986755162477">
        <ele>30.4921875</ele>
        <time>2014-05-21T12:09:19Z</time>
      </trkpt>
      <trkpt lat="68.06905553676188" lon="13.388972589746118">
        <ele>31.46875</ele>
        <time>2014-05-21T12:09:26Z</time>
      </trkpt>
      <trkpt lat="68.069102391600609" lon="13.389026653021574">
        <ele>34.80078125</ele>
        <time>2014-05-21T12:09:38Z</time>
      </trkpt>
      <trkpt lat="68.069116305559874" lon="13.388989772647619">
        <ele>35.84375</ele>
        <time>2014-05-21T12:09:41Z</time>
      </trkpt>
      <trkpt lat="68.069168860092759" lon="13.388748792931437">
        <ele>38.11328125</ele>
        <time>2014-05-21T12:09:54Z</time>
      </trkpt>
      <trkpt lat="68.069171458482742" lon="13.388694897294044">
        <ele>37.66015625</ele>
        <time>2014-05-21T12:09:56Z</time>
      </trkpt>
      <trkpt lat="68.069230131804943" lon="13.388453079387546">
        <ele>39.72265625</ele>
        <time>2014-05-21T12:10:09Z</time>
      </trkpt>
      <trkpt lat="68.069269694387913" lon="13.388301869854331">
        <ele>41.859375</ele>
        <time>2014-05-21T12:10:19Z</time>
      </trkpt>
      <trkpt lat="68.069309340789914" lon="13.388148481026292">
        <ele>43.67578125</ele>
        <time>2014-05-21T12:10:30Z</time>
      </trkpt>
      <trkpt lat="68.069369187578559" lon="13.38801403529942">
        <ele>46.72265625</ele>
        <time>2014-05-21T12:10:41Z</time>
      </trkpt>
      <trkpt lat="68.069409001618624" lon="13.38776626624167">
        <ele>47.1015625</ele>
        <time>2014-05-21T12:10:55Z</time>
      </trkpt>
      <trkpt lat="68.069475805386901" lon="13.387614134699106">
        <ele>49.28125</ele>
        <time>2014-05-21T12:11:07Z</time>
      </trkpt>
      <trkpt lat="68.06952022947371" lon="13.387467870488763">
        <ele>49.68359375</ele>
        <time>2014-05-21T12:11:20Z</time>
      </trkpt>
      <trkpt lat="68.069531209766865" lon="13.387381955981255">
        <ele>49.31640625</ele>
        <time>2014-05-21T12:11:30Z</time>
      </trkpt>
      <trkpt lat="68.069503465667367" lon="13.38722487911582">
        <ele>48.7734375</ele>
        <time>2014-05-21T12:11:41Z</time>
      </trkpt>
      <trkpt lat="68.069535484537482" lon="13.387080961838365">
        <ele>50.7890625</ele>
        <time>2014-05-21T12:11:48Z</time>
      </trkpt>
      <trkpt lat="68.069599103182554" lon="13.386893207207322">
        <ele>54.24609375</ele>
        <time>2014-05-21T12:11:59Z</time>
      </trkpt>
      <trkpt lat="68.069647718220949" lon="13.386733029037714">
        <ele>55.953125</ele>
        <time>2014-05-21T12:12:09Z</time>
      </trkpt>
      <trkpt lat="68.06971225887537" lon="13.38651342317462">
        <ele>56.640625</ele>
        <time>2014-05-21T12:12:21Z</time>
      </trkpt>
      <trkpt lat="68.069768333807588" lon="13.386384844779968">
        <ele>56.93359375</ele>
        <time>2014-05-21T12:12:31Z</time>
      </trkpt>
      <trkpt lat="68.069832706823945" lon="13.386225001886487">
        <ele>56.6171875</ele>
        <time>2014-05-21T12:12:39Z</time>
      </trkpt>
      <trkpt lat="68.069918202236295" lon="13.386038672178984">
        <ele>55.60546875</ele>
        <time>2014-05-21T12:12:49Z</time>
      </trkpt>
      <trkpt lat="68.069969080388546" lon="13.386022076010704">
        <ele>55.75</ele>
        <time>2014-05-21T12:12:53Z</time>
      </trkpt>
      <trkpt lat="68.069996321573853" lon="13.386018387973309">
        <ele>55.87890625</ele>
        <time>2014-05-21T12:12:55Z</time>
      </trkpt>
      <trkpt lat="68.070068238303065" lon="13.385995337739587">
        <ele>55.95703125</ele>
        <time>2014-05-21T12:13:02Z</time>
      </trkpt>
      <trkpt lat="68.070113835856318" lon="13.385979412123561">
        <ele>55.91796875</ele>
        <time>2014-05-21T12:13:06Z</time>
      </trkpt>
      <trkpt lat="68.070167060941458" lon="13.385932724922895">
        <ele>55.2265625</ele>
        <time>2014-05-21T12:13:12Z</time>
      </trkpt>
      <trkpt lat="68.070272756740451" lon="13.385851923376322">
        <ele>53.97265625</ele>
        <time>2014-05-21T12:13:22Z</time>
      </trkpt>
      <trkpt lat="68.070315420627594" lon="13.385858796536922">
        <ele>54.33203125</ele>
        <time>2014-05-21T12:13:26Z</time>
      </trkpt>
      <trkpt lat="68.070452967658639" lon="13.385918643325567">
        <ele>56.26171875</ele>
        <time>2014-05-21T12:13:37Z</time>
      </trkpt>
      <trkpt lat="68.07054391130805" lon="13.385947644710541">
        <ele>57.29296875</ele>
        <time>2014-05-21T12:13:46Z</time>
      </trkpt>
      <trkpt lat="68.070671567693353" lon="13.385858628898859">
        <ele>56.109375</ele>
        <time>2014-05-21T12:13:57Z</time>
      </trkpt>
      <trkpt lat="68.070702077820897" lon="13.385776821523905">
        <ele>54.62890625</ele>
        <time>2014-05-21T12:14:01Z</time>
      </trkpt>
      <trkpt lat="68.070894693955779" lon="13.385688895359635">
        <ele>57.046875</ele>
        <time>2014-05-21T12:14:16Z</time>
      </trkpt>
      <trkpt lat="68.070923695340753" lon="13.385668443515897">
        <ele>57.38671875</ele>
        <time>2014-05-21T12:14:19Z</time>
      </trkpt>
      <trkpt lat="68.071062751114368" lon="13.385705323889852">
        <ele>61.3359375</ele>
        <time>2014-05-21T12:14:32Z</time>
      </trkpt>
      <trkpt lat="68.071067780256271" lon="13.385715885087848">
        <ele>61.6953125</ele>
        <time>2014-05-21T12:14:33Z</time>
      </trkpt>
      <trkpt lat="68.071091081947088" lon="13.385713705793023">
        <ele>62.21484375</ele>
        <time>2014-05-21T12:14:36Z</time>
      </trkpt>
      <trkpt lat="68.07114782743156" lon="13.385670790448785">
        <ele>62.48828125</ele>
        <time>2014-05-21T12:14:44Z</time>
      </trkpt>
      <trkpt lat="68.071262072771788" lon="13.385686296969652">
        <ele>65.54296875</ele>
        <time>2014-05-21T12:14:56Z</time>
      </trkpt>
      <trkpt lat="68.071305491030216" lon="13.385684620589018">
        <ele>66.6015625</ele>
        <time>2014-05-21T12:15:07Z</time>
      </trkpt>
      <trkpt lat="68.071376653388143" lon="13.385584959760308">
        <ele>67.22265625</ele>
        <time>2014-05-21T12:15:19Z</time>
      </trkpt>
      <trkpt lat="68.071450833231211" lon="13.385552102699876">
        <ele>70.07421875</ele>
        <time>2014-05-21T12:15:26Z</time>
      </trkpt>
      <trkpt lat="68.071460723876953" lon="13.385512791574001">
        <ele>69.1875</ele>
        <time>2014-05-21T12:15:30Z</time>
      </trkpt>
      <trkpt lat="68.071564408019185" lon="13.385443221777678">
        <ele>71.9765625</ele>
        <time>2014-05-21T12:15:41Z</time>
      </trkpt>
      <trkpt lat="68.071676809340715" lon="13.385252701118588">
        <ele>69.91796875</ele>
        <time>2014-05-21T12:15:55Z</time>
      </trkpt>
      <trkpt lat="68.071692148223519" lon="13.385188076645136">
        <ele>67.96875</ele>
        <time>2014-05-21T12:16:01Z</time>
      </trkpt>
      <trkpt lat="68.071699189022183" lon="13.385139293968678">
        <ele>67.65625</ele>
        <time>2014-05-21T12:16:03Z</time>
      </trkpt>
      <trkpt lat="68.071821397170424" lon="13.385101575404406">
        <ele>72.7421875</ele>
        <time>2014-05-21T12:16:18Z</time>
      </trkpt>
      <trkpt lat="68.071828940883279" lon="13.384984983131289">
        <ele>72.09375</ele>
        <time>2014-05-21T12:16:30Z</time>
      </trkpt>
      <trkpt lat="68.071826929226518" lon="13.384975511580706">
        <ele>71.93359375</ele>
        <time>2014-05-21T12:16:31Z</time>
      </trkpt>
      <trkpt lat="68.07183044962585" lon="13.384795971214771">
        <ele>70.5703125</ele>
        <time>2014-05-21T12:16:43Z</time>
      </trkpt>
      <trkpt lat="68.071835562586784" lon="13.384767221286893">
        <ele>70.51171875</ele>
        <time>2014-05-21T12:16:45Z</time>
      </trkpt>
      <trkpt lat="68.071929523721337" lon="13.384613748639822">
        <ele>74.046875</ele>
        <time>2014-05-21T12:16:57Z</time>
      </trkpt>
      <trkpt lat="68.071940336376429" lon="13.384565217420459">
        <ele>74.15234375</ele>
        <time>2014-05-21T12:17:00Z</time>
      </trkpt>
      <trkpt lat="68.072003619745374" lon="13.384521882981062">
        <ele>77.21875</ele>
        <time>2014-05-21T12:17:11Z</time>
      </trkpt>
      <trkpt lat="68.072090204805136" lon="13.384336056187749">
        <ele>79.5234375</ele>
        <time>2014-05-21T12:17:24Z</time>
      </trkpt>
      <trkpt lat="68.072145357728004" lon="13.384241005405784">
        <ele>81.0078125</ele>
        <time>2014-05-21T12:17:30Z</time>
      </trkpt>
      <trkpt lat="68.072231942787766" lon="13.384094405919313">
        <ele>82.96484375</ele>
        <time>2014-05-21T12:17:45Z</time>
      </trkpt>
      <trkpt lat="68.072288520634174" lon="13.383955517783761">
        <ele>86.05078125</ele>
        <time>2014-05-21T12:17:57Z</time>
      </trkpt>
      <trkpt lat="68.072308050468564" lon="13.383890558034182">
        <ele>87.40625</ele>
        <time>2014-05-21T12:18:03Z</time>
      </trkpt>
      <trkpt lat="68.072284832596779" lon="13.383743958547711">
        <ele>87.55859375</ele>
        <time>2014-05-21T12:18:14Z</time>
      </trkpt>
      <trkpt lat="68.072233619168401" lon="13.383629294112325">
        <ele>86.5</ele>
        <time>2014-05-21T12:18:24Z</time>
      </trkpt>
      <trkpt lat="68.072242336347699" lon="13.383582439273596">
        <ele>87.2421875</ele>
        <time>2014-05-21T12:18:42Z</time>
      </trkpt>
      <trkpt lat="68.072222555056214" lon="13.383524352684617">
        <ele>87.03125</ele>
        <time>2014-05-21T12:18:47Z</time>
      </trkpt>
      <trkpt lat="68.072191961109638" lon="13.383457213640213">
        <ele>86.296875</ele>
        <time>2014-05-21T12:18:55Z</time>
      </trkpt>
      <trkpt lat="68.072161031886935" lon="13.383454196155071">
        <ele>85.22265625</ele>
        <time>2014-05-21T12:18:59Z</time>
      </trkpt>
      <trkpt lat="68.072127839550376" lon="13.383418153971434">
        <ele>84.25</ele>
        <time>2014-05-21T12:19:02Z</time>
      </trkpt>
      <trkpt lat="68.072076039388776" lon="13.383350344374776">
        <ele>82.86328125</ele>
        <time>2014-05-21T12:19:07Z</time>
      </trkpt>
      <trkpt lat="68.072094228118658" lon="13.383114729076624">
        <ele>84.87890625</ele>
        <time>2014-05-21T12:19:18Z</time>
      </trkpt>
      <trkpt lat="68.0721456091851" lon="13.383016241714358">
        <ele>86.984375</ele>
        <time>2014-05-21T12:19:37Z</time>
      </trkpt>
      <trkpt lat="68.072142340242863" lon="13.382781548425555">
        <ele>86.546875</ele>
        <time>2014-05-21T12:19:53Z</time>
      </trkpt>
      <trkpt lat="68.072155164554715" lon="13.382743243128061">
        <ele>86.71875</ele>
        <time>2014-05-21T12:19:56Z</time>
      </trkpt>
      <trkpt lat="68.072173353284597" lon="13.382619945332408">
        <ele>86.6328125</ele>
        <time>2014-05-21T12:20:08Z</time>
      </trkpt>
      <trkpt lat="68.072252729907632" lon="13.382598655298352">
        <ele>88.2734375</ele>
        <time>2014-05-21T12:20:19Z</time>
      </trkpt>
      <trkpt lat="68.072261195629835" lon="13.382605109363794">
        <ele>88.5</ele>
        <time>2014-05-21T12:20:21Z</time>
      </trkpt>
      <trkpt lat="68.072255831211805" lon="13.382568899542093">
        <ele>88.1640625</ele>
        <time>2014-05-21T12:20:24Z</time>
      </trkpt>
      <trkpt lat="68.072246694937348" lon="13.382527492940426">
        <ele>87.73046875</ele>
        <time>2014-05-21T12:20:28Z</time>
      </trkpt>
      <trkpt lat="68.072317186743021" lon="13.382484074681997">
        <ele>88.86328125</ele>
        <time>2014-05-21T12:20:39Z</time>
      </trkpt>
      <trkpt lat="68.072330262511969" lon="13.382479967549443">
        <ele>89.08984375</ele>
        <time>2014-05-21T12:20:40Z</time>
      </trkpt>
      <trkpt lat="68.072384241968393" lon="13.382470579817891">
        <ele>90.06640625</ele>
        <time>2014-05-21T12:20:51Z</time>
      </trkpt>
      <trkpt lat="68.07240360416472" lon="13.382507795467973">
        <ele>90.76953125</ele>
        <time>2014-05-21T12:21:18Z</time>
      </trkpt>
      <trkpt lat="68.072410393506289" lon="13.382502431049943">
        <ele>90.85546875</ele>
        <time>2014-05-21T12:21:54Z</time>
      </trkpt>
      <trkpt lat="68.072403939440846" lon="13.382490864023566">
        <ele>90.625</ele>
        <time>2014-05-21T12:22:32Z</time>
      </trkpt>
      <trkpt lat="68.07240217924118" lon="13.382422216236591">
        <ele>89.98828125</ele>
        <time>2014-05-21T12:22:53Z</time>
      </trkpt>
      <trkpt lat="68.07240997441113" lon="13.382391957566142">
        <ele>89.83984375</ele>
        <time>2014-05-21T12:23:24Z</time>
      </trkpt>
      <trkpt lat="68.072542324662209" lon="13.382310569286346">
        <ele>90.765625</ele>
        <time>2014-05-21T12:23:35Z</time>
      </trkpt>
      <trkpt lat="68.072594711557031" lon="13.382280226796865">
        <ele>91.08984375</ele>
        <time>2014-05-21T12:23:40Z</time>
      </trkpt>
      <trkpt lat="68.072651876136661" lon="13.382176291197538">
        <ele>90.48046875</ele>
        <time>2014-05-21T12:23:46Z</time>
      </trkpt>
      <trkpt lat="68.072700574994087" lon="13.382144188508391">
        <ele>90.640625</ele>
        <time>2014-05-21T12:23:50Z</time>
      </trkpt>
      <trkpt lat="68.072887407615781" lon="13.382050646468997">
        <ele>91.421875</ele>
        <time>2014-05-21T12:24:04Z</time>
      </trkpt>
      <trkpt lat="68.072902746498585" lon="13.382053412497044">
        <ele>91.6328125</ele>
        <time>2014-05-21T12:24:05Z</time>
      </trkpt>
      <trkpt lat="68.072973741218448" lon="13.382070008665323">
        <ele>92.73046875</ele>
        <time>2014-05-21T12:24:11Z</time>
      </trkpt>
      <trkpt lat="68.07303442619741" lon="13.382030110806227">
        <ele>93.25</ele>
        <time>2014-05-21T12:24:17Z</time>
      </trkpt>
      <trkpt lat="68.073086142539978" lon="13.381985099986196">
        <ele>93.4765625</ele>
        <time>2014-05-21T12:24:22Z</time>
      </trkpt>
      <trkpt lat="68.073174990713596" lon="13.381919721141458">
        <ele>94.01171875</ele>
        <time>2014-05-21T12:24:30Z</time>
      </trkpt>
      <trkpt lat="68.073216648772359" lon="13.381868759170175">
        <ele>93.87109375</ele>
        <time>2014-05-21T12:24:34Z</time>
      </trkpt>
      <trkpt lat="68.073252690955997" lon="13.381772702559829">
        <ele>91.9765625</ele>
        <time>2014-05-21T12:24:39Z</time>
      </trkpt>
      <trkpt lat="68.073297450318933" lon="13.381601627916098">
        <ele>87.37890625</ele>
        <time>2014-05-21T12:24:46Z</time>
      </trkpt>
      <trkpt lat="68.073399290442467" lon="13.381386632099748">
        <ele>80.76171875</ele>
        <time>2014-05-21T12:24:58Z</time>
      </trkpt>
      <trkpt lat="68.07345905341208" lon="13.381392080336809">
        <ele>80.97265625</ele>
        <time>2014-05-21T12:25:05Z</time>
      </trkpt>
      <trkpt lat="68.073463747277856" lon="13.381272302940488">
        <ele>77.0859375</ele>
        <time>2014-05-21T12:25:10Z</time>
      </trkpt>
      <trkpt lat="68.073479253798723" lon="13.381211198866367">
        <ele>76.64453125</ele>
        <time>2014-05-21T12:25:13Z</time>
      </trkpt>
      <trkpt lat="68.073488138616085" lon="13.381197201088071">
        <ele>76.54296875</ele>
        <time>2014-05-21T12:25:14Z</time>
      </trkpt>
      <trkpt lat="68.073495598509908" lon="13.381159566342831">
        <ele>76.3046875</ele>
        <time>2014-05-21T12:25:16Z</time>
      </trkpt>
      <trkpt lat="68.073492078110576" lon="13.381095360964537">
        <ele>75.9140625</ele>
        <time>2014-05-21T12:25:18Z</time>
      </trkpt>
      <trkpt lat="68.073493419215083" lon="13.381030568853021">
        <ele>75.5234375</ele>
        <time>2014-05-21T12:25:20Z</time>
      </trkpt>
      <trkpt lat="68.073641778901219" lon="13.380839796736836">
        <ele>77.78515625</ele>
        <time>2014-05-21T12:25:33Z</time>
      </trkpt>
      <trkpt lat="68.0736911483109" lon="13.38081456720829">
        <ele>78.91015625</ele>
        <time>2014-05-21T12:25:38Z</time>
      </trkpt>
      <trkpt lat="68.073732974007726" lon="13.380755474790931">
        <ele>79.46875</ele>
        <time>2014-05-21T12:25:42Z</time>
      </trkpt>
      <trkpt lat="68.073765076696873" lon="13.3807139005512">
        <ele>79.76953125</ele>
        <time>2014-05-21T12:25:45Z</time>
      </trkpt>
      <trkpt lat="68.073788210749626" lon="13.38069193996489">
        <ele>80.0390625</ele>
        <time>2014-05-21T12:25:47Z</time>
      </trkpt>
      <trkpt lat="68.073844956234097" lon="13.38067039847374">
        <ele>81.1796875</ele>
        <time>2014-05-21T12:25:53Z</time>
      </trkpt>
      <trkpt lat="68.073873789981008" lon="13.380642654374242">
        <ele>81.53515625</ele>
        <time>2014-05-21T12:25:56Z</time>
      </trkpt>
      <trkpt lat="68.073922907933593" lon="13.380571156740189">
        <ele>81.828125</ele>
        <time>2014-05-21T12:26:03Z</time>
      </trkpt>
      <trkpt lat="68.074061628431082" lon="13.380564451217651">
        <ele>85.390625</ele>
        <time>2014-05-21T12:26:15Z</time>
      </trkpt>
      <trkpt lat="68.07417537085712" lon="13.380557578057051">
        <ele>87.3203125</ele>
        <time>2014-05-21T12:26:26Z</time>
      </trkpt>
      <trkpt lat="68.074271595105529" lon="13.380519356578588">
        <ele>88.39453125</ele>
        <time>2014-05-21T12:26:38Z</time>
      </trkpt>
      <trkpt lat="68.074306296184659" lon="13.380469735711813">
        <ele>88.33203125</ele>
        <time>2014-05-21T12:26:42Z</time>
      </trkpt>
      <trkpt lat="68.074426827952266" lon="13.380350461229682">
        <ele>88.78125</ele>
        <time>2014-05-21T12:26:54Z</time>
      </trkpt>
      <trkpt lat="68.07445633225143" lon="13.380256248638034">
        <ele>88.07421875</ele>
        <time>2014-05-21T12:26:59Z</time>
      </trkpt>
      <trkpt lat="68.074533697217703" lon="13.380154492333531">
        <ele>88.078125</ele>
        <time>2014-05-21T12:27:07Z</time>
      </trkpt>
      <trkpt lat="68.074565883725882" lon="13.380120964720845">
        <ele>88.1953125</ele>
        <time>2014-05-21T12:27:11Z</time>
      </trkpt>
      <trkpt lat="68.074582563713193" lon="13.380097327753901">
        <ele>88.171875</ele>
        <time>2014-05-21T12:27:13Z</time>
      </trkpt>
      <trkpt lat="68.07461810298264" lon="13.379995655268431">
        <ele>87.44921875</ele>
        <time>2014-05-21T12:27:18Z</time>
      </trkpt>
      <trkpt lat="68.074736371636391" lon="13.379804464057088">
        <ele>86.1171875</ele>
        <time>2014-05-21T12:27:28Z</time>
      </trkpt>
      <trkpt lat="68.074769899249077" lon="13.379749478772283">
        <ele>85.73046875</ele>
        <time>2014-05-21T12:27:31Z</time>
      </trkpt>
      <trkpt lat="68.074796972796321" lon="13.379748305305839">
        <ele>85.94921875</ele>
        <time>2014-05-21T12:27:33Z</time>
      </trkpt>
      <trkpt lat="68.074824213981628" lon="13.379663480445743">
        <ele>85.16796875</ele>
        <time>2014-05-21T12:27:37Z</time>
      </trkpt>
      <trkpt lat="68.074860675260425" lon="13.379592318087816">
        <ele>84.8046875</ele>
        <time>2014-05-21T12:27:40Z</time>
      </trkpt>
      <trkpt lat="68.074973663315177" lon="13.379497937858105">
        <ele>85.140625</ele>
        <time>2014-05-21T12:27:48Z</time>
      </trkpt>
      <trkpt lat="68.07512235827744" lon="13.379471534863114">
        <ele>86.2890625</ele>
        <time>2014-05-21T12:28:00Z</time>
      </trkpt>
      <trkpt lat="68.075222270563245" lon="13.379342202097178">
        <ele>86.52734375</ele>
        <time>2014-05-21T12:28:10Z</time>
      </trkpt>
      <trkpt lat="68.075331905856729" lon="13.379064174368978">
        <ele>86.82421875</ele>
        <time>2014-05-21T12:28:24Z</time>
      </trkpt>
      <trkpt lat="68.075369792059064" lon="13.378972811624408">
        <ele>87.51953125</ele>
        <time>2014-05-21T12:28:28Z</time>
      </trkpt>
      <trkpt lat="68.075384376570582" lon="13.378920508548617">
        <ele>87.79296875</ele>
        <time>2014-05-21T12:28:30Z</time>
      </trkpt>
      <trkpt lat="68.075441373512149" lon="13.37880827486515">
        <ele>88.95703125</ele>
        <time>2014-05-21T12:28:35Z</time>
      </trkpt>
      <trkpt lat="68.075465010479093" lon="13.37879260070622">
        <ele>89.46484375</ele>
        <time>2014-05-21T12:28:37Z</time>
      </trkpt>
      <trkpt lat="68.075522175058722" lon="13.37869880720973">
        <ele>90.734375</ele>
        <time>2014-05-21T12:28:43Z</time>
      </trkpt>
      <trkpt lat="68.075694087892771" lon="13.378514908254147">
        <ele>94.828125</ele>
        <time>2014-05-21T12:28:57Z</time>
      </trkpt>
      <trkpt lat="68.075816379860044" lon="13.378246771171689">
        <ele>96.8515625</ele>
        <time>2014-05-21T12:29:11Z</time>
      </trkpt>
      <trkpt lat="68.075870107859373" lon="13.378148535266519">
        <ele>97.36328125</ele>
        <time>2014-05-21T12:29:16Z</time>
      </trkpt>
      <trkpt lat="68.075937330722809" lon="13.378095142543316">
        <ele>97.9921875</ele>
        <time>2014-05-21T12:29:22Z</time>
      </trkpt>
      <trkpt lat="68.07602534070611" lon="13.377946699038148">
        <ele>98.3984375</ele>
        <time>2014-05-21T12:29:30Z</time>
      </trkpt>
      <trkpt lat="68.076054761186242" lon="13.377841841429472">
        <ele>97.4609375</ele>
        <time>2014-05-21T12:29:34Z</time>
      </trkpt>
      <trkpt lat="68.076082589104772" lon="13.37772935628891">
        <ele>96.171875</ele>
        <time>2014-05-21T12:29:38Z</time>
      </trkpt>
      <trkpt lat="68.076125839725137" lon="13.377640089020133">
        <ele>94.86328125</ele>
        <time>2014-05-21T12:29:42Z</time>
      </trkpt>
      <trkpt lat="68.076161714270711" lon="13.377519389614463">
        <ele>92.796875</ele>
        <time>2014-05-21T12:29:46Z</time>
      </trkpt>
      <trkpt lat="68.076247042044997" lon="13.377388129010797">
        <ele>89.8125</ele>
        <time>2014-05-21T12:29:52Z</time>
      </trkpt>
      <trkpt lat="68.076398922130466" lon="13.376969788223505">
        <ele>92.2734375</ele>
        <time>2014-05-21T12:30:08Z</time>
      </trkpt>
      <trkpt lat="68.076460612937808" lon="13.376885214820504">
        <ele>93.32421875</ele>
        <time>2014-05-21T12:30:13Z</time>
      </trkpt>
      <trkpt lat="68.076500762254" lon="13.376830816268921">
        <ele>93.83203125</ele>
        <time>2014-05-21T12:30:16Z</time>
      </trkpt>
      <trkpt lat="68.076616348698735" lon="13.376718247309327">
        <ele>95.09375</ele>
        <time>2014-05-21T12:30:25Z</time>
      </trkpt>
      <trkpt lat="68.076670914888382" lon="13.376568127423525">
        <ele>95.33984375</ele>
        <time>2014-05-21T12:30:31Z</time>
      </trkpt>
      <trkpt lat="68.076782394200563" lon="13.376306695863605">
        <ele>96.00390625</ele>
        <time>2014-05-21T12:30:42Z</time>
      </trkpt>
      <trkpt lat="68.076888509094715" lon="13.3760098926723">
        <ele>96.1953125</ele>
        <time>2014-05-21T12:30:53Z</time>
      </trkpt>
      <trkpt lat="68.077000491321087" lon="13.375604460015893">
        <ele>96.9609375</ele>
        <time>2014-05-21T12:31:08Z</time>
      </trkpt>
      <trkpt lat="68.077000826597214" lon="13.375461548566818">
        <ele>96.765625</ele>
        <time>2014-05-21T12:31:12Z</time>
      </trkpt>
      <trkpt lat="68.076998898759484" lon="13.375393990427256">
        <ele>96.6328125</ele>
        <time>2014-05-21T12:31:14Z</time>
      </trkpt>
      <trkpt lat="68.077029408887029" lon="13.375254012644291">
        <ele>96.953125</ele>
        <time>2014-05-21T12:31:19Z</time>
      </trkpt>
      <trkpt lat="68.076994121074677" lon="13.374895770102739">
        <ele>96</ele>
        <time>2014-05-21T12:31:31Z</time>
      </trkpt>
      <trkpt lat="68.07702898979187" lon="13.374483799561858">
        <ele>96.03515625</ele>
        <time>2014-05-21T12:31:42Z</time>
      </trkpt>
      <trkpt lat="68.077054470777512" lon="13.374380869790912">
        <ele>96.19921875</ele>
        <time>2014-05-21T12:31:46Z</time>
      </trkpt>
      <trkpt lat="68.077133009210229" lon="13.374057915061712">
        <ele>96.5078125</ele>
        <time>2014-05-21T12:31:57Z</time>
      </trkpt>
      <trkpt lat="68.07716628536582" lon="13.373996308073401">
        <ele>96.8046875</ele>
        <time>2014-05-21T12:32:00Z</time>
      </trkpt>
      <trkpt lat="68.07718388736248" lon="13.3738496247679">
        <ele>96.96484375</ele>
        <time>2014-05-21T12:32:05Z</time>
      </trkpt>
      <trkpt lat="68.077248511835933" lon="13.373661702498794">
        <ele>97.546875</ele>
        <time>2014-05-21T12:32:12Z</time>
      </trkpt>
      <trkpt lat="68.077335013076663" lon="13.373542008921504">
        <ele>98.32421875</ele>
        <time>2014-05-21T12:32:20Z</time>
      </trkpt>
      <trkpt lat="68.07748144492507" lon="13.373314356431365">
        <ele>100.140625</ele>
        <time>2014-05-21T12:32:33Z</time>
      </trkpt>
      <trkpt lat="68.07756551541388" lon="13.373125847429037">
        <ele>101.390625</ele>
        <time>2014-05-21T12:32:44Z</time>
      </trkpt>
      <trkpt lat="68.077562246471643" lon="13.373088715597987">
        <ele>101.421875</ele>
        <time>2014-05-21T12:32:46Z</time>
      </trkpt>
      <trkpt lat="68.077573645859957" lon="13.372985199093819">
        <ele>101.73046875</ele>
        <time>2014-05-21T12:32:54Z</time>
      </trkpt>
      <trkpt lat="68.077593762427568" lon="13.372812867164612">
        <ele>102.34765625</ele>
        <time>2014-05-21T12:33:03Z</time>
      </trkpt>
      <trkpt lat="68.077587140724063" lon="13.372761067003012">
        <ele>102.41015625</ele>
        <time>2014-05-21T12:33:06Z</time>
      </trkpt>
      <trkpt lat="68.077568029984832" lon="13.372598206624389">
        <ele>102.6484375</ele>
        <time>2014-05-21T12:33:13Z</time>
      </trkpt>
      <trkpt lat="68.077577333897352" lon="13.37225136347115">
        <ele>104.6171875</ele>
        <time>2014-05-21T12:33:24Z</time>
      </trkpt>
      <trkpt lat="68.077655788511038" lon="13.372088419273496">
        <ele>106.6484375</ele>
        <time>2014-05-21T12:33:37Z</time>
      </trkpt>
      <trkpt lat="68.077680263668299" lon="13.372032344341278">
        <ele>107.328125</ele>
        <time>2014-05-21T12:33:41Z</time>
      </trkpt>
      <trkpt lat="68.077713120728731" lon="13.371972497552633">
        <ele>108.10546875</ele>
        <time>2014-05-21T12:33:45Z</time>
      </trkpt>
      <trkpt lat="68.077739188447595" lon="13.371923882514238">
        <ele>108.73046875</ele>
        <time>2014-05-21T12:33:49Z</time>
      </trkpt>
      <trkpt lat="68.077747235074639" lon="13.37187560275197">
        <ele>109.22265625</ele>
        <time>2014-05-21T12:33:51Z</time>
      </trkpt>
      <trkpt lat="68.077740864828229" lon="13.371837632730603">
        <ele>109.5</ele>
        <time>2014-05-21T12:33:53Z</time>
      </trkpt>
      <trkpt lat="68.07771353982389" lon="13.371577123180032">
        <ele>111.3515625</ele>
        <time>2014-05-21T12:34:02Z</time>
      </trkpt>
      <trkpt lat="68.077643970027566" lon="13.371427757665515">
        <ele>112.30859375</ele>
        <time>2014-05-21T12:34:14Z</time>
      </trkpt>
      <trkpt lat="68.077622428536415" lon="13.371433792635798">
        <ele>112.19140625</ele>
        <time>2014-05-21T12:34:17Z</time>
      </trkpt>
      <trkpt lat="68.077477673068643" lon="13.371206894516945">
        <ele>114.62109375</ele>
        <time>2014-05-21T12:34:31Z</time>
      </trkpt>
      <trkpt lat="68.077368289232254" lon="13.371113436296582">
        <ele>115.39453125</ele>
        <time>2014-05-21T12:34:45Z</time>
      </trkpt>
      <trkpt lat="68.07736468501389" lon="13.371102204546332">
        <ele>115.54296875</ele>
        <time>2014-05-21T12:34:46Z</time>
      </trkpt>
      <trkpt lat="68.077336186543107" lon="13.370925430208445">
        <ele>117.82421875</ele>
        <time>2014-05-21T12:34:53Z</time>
      </trkpt>
      <trkpt lat="68.077327134087682" lon="13.370873546227813">
        <ele>118.4921875</ele>
        <time>2014-05-21T12:34:55Z</time>
      </trkpt>
      <trkpt lat="68.077325541526079" lon="13.370827110484242">
        <ele>119.08203125</ele>
        <time>2014-05-21T12:34:57Z</time>
      </trkpt>
      <trkpt lat="68.077268041670322" lon="13.370667267590761">
        <ele>120.96484375</ele>
        <time>2014-05-21T12:35:07Z</time>
      </trkpt>
      <trkpt lat="68.077158657833934" lon="13.370315562933683">
        <ele>124.640625</ele>
        <time>2014-05-21T12:35:20Z</time>
      </trkpt>
      <trkpt lat="68.077138289809227" lon="13.370270216837525">
        <ele>125.15625</ele>
        <time>2014-05-21T12:35:23Z</time>
      </trkpt>
      <trkpt lat="68.07710962370038" lon="13.370148595422506">
        <ele>126.71484375</ele>
        <time>2014-05-21T12:35:29Z</time>
      </trkpt>
      <trkpt lat="68.07708665728569" lon="13.37005103006959">
        <ele>128.30859375</ele>
        <time>2014-05-21T12:35:34Z</time>
      </trkpt>
      <trkpt lat="68.076995713636279" lon="13.369763195514679">
        <ele>132.0546875</ele>
        <time>2014-05-21T12:35:48Z</time>
      </trkpt>
      <trkpt lat="68.076964700594544" lon="13.369538560509682">
        <ele>134.93359375</ele>
        <time>2014-05-21T12:35:59Z</time>
      </trkpt>
      <trkpt lat="68.076911643147469" lon="13.369292132556438">
        <ele>138.28515625</ele>
        <time>2014-05-21T12:36:11Z</time>
      </trkpt>
      <trkpt lat="68.076866045594215" lon="13.369217365980148">
        <ele>138.875</ele>
        <time>2014-05-21T12:36:18Z</time>
      </trkpt>
      <trkpt lat="68.076853808015585" lon="13.369050733745098">
        <ele>141.08984375</ele>
        <time>2014-05-21T12:36:23Z</time>
      </trkpt>
      <trkpt lat="68.076830757781863" lon="13.368985271081328">
        <ele>141.2734375</ele>
        <time>2014-05-21T12:36:28Z</time>
      </trkpt>
      <trkpt lat="68.076794296503067" lon="13.369004046544433">
        <ele>141.125</ele>
        <time>2014-05-21T12:36:32Z</time>
      </trkpt>
      <trkpt lat="68.076755739748478" lon="13.368903463706374">
        <ele>141.3359375</ele>
        <time>2014-05-21T12:36:37Z</time>
      </trkpt>
      <trkpt lat="68.07674459181726" lon="13.368843952193856">
        <ele>141.47265625</ele>
        <time>2014-05-21T12:36:39Z</time>
      </trkpt>
      <trkpt lat="68.076711483299732" lon="13.368844371289015">
        <ele>141.36328125</ele>
        <time>2014-05-21T12:36:43Z</time>
      </trkpt>
      <trkpt lat="68.076657168567181" lon="13.368787709623575">
        <ele>141.31640625</ele>
        <time>2014-05-21T12:36:49Z</time>
      </trkpt>
      <trkpt lat="68.076618695631623" lon="13.36873079650104">
        <ele>141.29296875</ele>
        <time>2014-05-21T12:36:53Z</time>
      </trkpt>
      <trkpt lat="68.076581228524446" lon="13.368681175634265">
        <ele>141.23046875</ele>
        <time>2014-05-21T12:36:57Z</time>
      </trkpt>
      <trkpt lat="68.076482992619276" lon="13.368497863411903">
        <ele>141.2421875</ele>
        <time>2014-05-21T12:37:07Z</time>
      </trkpt>
      <trkpt lat="68.076341925188899" lon="13.368179015815258">
        <ele>141.5546875</ele>
        <time>2014-05-21T12:37:23Z</time>
      </trkpt>
      <trkpt lat="68.076276630163193" lon="13.36788791231811">
        <ele>140.8984375</ele>
        <time>2014-05-21T12:37:35Z</time>
      </trkpt>
      <trkpt lat="68.076206054538488" lon="13.367675766348839">
        <ele>140.64453125</ele>
        <time>2014-05-21T12:37:44Z</time>
      </trkpt>
      <trkpt lat="68.076168168336153" lon="13.367564370855689">
        <ele>140.51171875</ele>
        <time>2014-05-21T12:37:49Z</time>
      </trkpt>
      <trkpt lat="68.076129946857691" lon="13.367464123293757">
        <ele>140.40234375</ele>
        <time>2014-05-21T12:37:53Z</time>
      </trkpt>
      <trkpt lat="68.076087282970548" lon="13.367398409172893">
        <ele>140.39453125</ele>
        <time>2014-05-21T12:37:57Z</time>
      </trkpt>
      <trkpt lat="68.076032884418964" lon="13.367075454443693">
        <ele>140.79296875</ele>
        <time>2014-05-21T12:38:07Z</time>
      </trkpt>
      <trkpt lat="68.075985442847013" lon="13.366890633478761">
        <ele>140.97265625</ele>
        <time>2014-05-21T12:38:16Z</time>
      </trkpt>
      <trkpt lat="68.075972283259034" lon="13.366694916039705">
        <ele>141</ele>
        <time>2014-05-21T12:38:23Z</time>
      </trkpt>
      <trkpt lat="68.07594864629209" lon="13.366589806973934">
        <ele>141</ele>
        <time>2014-05-21T12:38:27Z</time>
      </trkpt>
      <trkpt lat="68.075915370136499" lon="13.366501294076443">
        <ele>141</ele>
        <time>2014-05-21T12:38:33Z</time>
      </trkpt>
      <trkpt lat="68.075875220820308" lon="13.366382773965597">
        <ele>141</ele>
        <time>2014-05-21T12:38:37Z</time>
      </trkpt>
      <trkpt lat="68.075817637145519" lon="13.366244975477457">
        <ele>140.92578125</ele>
        <time>2014-05-21T12:38:43Z</time>
      </trkpt>
      <trkpt lat="68.075719065964222" lon="13.366047749295831">
        <ele>140.4765625</ele>
        <time>2014-05-21T12:38:53Z</time>
      </trkpt>
      <trkpt lat="68.075637761503458" lon="13.365938533097506">
        <ele>140.08984375</ele>
        <time>2014-05-21T12:39:01Z</time>
      </trkpt>
      <trkpt lat="68.075529048219323" lon="13.36571347899735">
        <ele>139.6328125</ele>
        <time>2014-05-21T12:39:09Z</time>
      </trkpt>
      <trkpt lat="68.075441289693117" lon="13.365186844021082">
        <ele>140.00390625</ele>
        <time>2014-05-21T12:39:24Z</time>
      </trkpt>
      <trkpt lat="68.075355794280767" lon="13.3647196367383">
        <ele>140.59375</ele>
        <time>2014-05-21T12:39:40Z</time>
      </trkpt>
      <trkpt lat="68.075347747653723" lon="13.36465266533196">
        <ele>140.69140625</ele>
        <time>2014-05-21T12:39:42Z</time>
      </trkpt>
      <trkpt lat="68.075322099030018" lon="13.364578234031796">
        <ele>140.70703125</ele>
        <time>2014-05-21T12:39:46Z</time>
      </trkpt>
      <trkpt lat="68.075274908915162" lon="13.364122174680233">
        <ele>140.20703125</ele>
        <time>2014-05-21T12:40:01Z</time>
      </trkpt>
      <trkpt lat="68.075257977470756" lon="13.364090239629149">
        <ele>140.13671875</ele>
        <time>2014-05-21T12:40:03Z</time>
      </trkpt>
      <trkpt lat="68.075204584747553" lon="13.363946657627821">
        <ele>139.5625</ele>
        <time>2014-05-21T12:40:08Z</time>
      </trkpt>
      <trkpt lat="68.075195448473096" lon="13.363898126408458">
        <ele>139.3671875</ele>
        <time>2014-05-21T12:40:24Z</time>
      </trkpt>
      <trkpt lat="68.075182121247053" lon="13.363810032606125">
        <ele>139.00390625</ele>
        <time>2014-05-21T12:40:32Z</time>
      </trkpt>
      <trkpt lat="68.075152197852731" lon="13.363701738417149">
        <ele>138.45703125</ele>
        <time>2014-05-21T12:40:38Z</time>
      </trkpt>
      <trkpt lat="68.075090004131198" lon="13.363571651279926">
        <ele>137.51953125</ele>
        <time>2014-05-21T12:40:47Z</time>
      </trkpt>
      <trkpt lat="68.075082208961248" lon="13.363489424809813">
        <ele>136.8671875</ele>
        <time>2014-05-21T12:40:51Z</time>
      </trkpt>
      <trkpt lat="68.075042562559247" lon="13.363312231376767">
        <ele>134.6328125</ele>
        <time>2014-05-21T12:41:04Z</time>
      </trkpt>
      <trkpt lat="68.075029319152236" lon="13.363271914422512">
        <ele>134.0546875</ele>
        <time>2014-05-21T12:41:16Z</time>
      </trkpt>
      <trkpt lat="68.075012639164925" lon="13.363284235820174">
        <ele>134.015625</ele>
        <time>2014-05-21T12:41:19Z</time>
      </trkpt>
      <trkpt lat="68.074987158179283" lon="13.363237045705318">
        <ele>133.20703125</ele>
        <time>2014-05-21T12:41:22Z</time>
      </trkpt>
      <trkpt lat="68.074868554249406" lon="13.363154651597142">
        <ele>130.82421875</ele>
        <time>2014-05-21T12:41:35Z</time>
      </trkpt>
      <trkpt lat="68.074846426025033" lon="13.363103270530701">
        <ele>129.8671875</ele>
        <time>2014-05-21T12:41:39Z</time>
      </trkpt>
      <trkpt lat="68.074766546487808" lon="13.362948289141059">
        <ele>126.75390625</ele>
        <time>2014-05-21T12:41:45Z</time>
      </trkpt>
      <trkpt lat="68.074756739661098" lon="13.362850891426206">
        <ele>125.87109375</ele>
        <time>2014-05-21T12:41:48Z</time>
      </trkpt>
      <trkpt lat="68.07476369664073" lon="13.36271720007062">
        <ele>124.94921875</ele>
        <time>2014-05-21T12:41:58Z</time>
      </trkpt>
      <trkpt lat="68.07471533305943" lon="13.362447554245591">
        <ele>122.27734375</ele>
        <time>2014-05-21T12:42:07Z</time>
      </trkpt>
      <trkpt lat="68.074718685820699" lon="13.362326938658953">
        <ele>121.578125</ele>
        <time>2014-05-21T12:42:11Z</time>
      </trkpt>
      <trkpt lat="68.074619611725211" lon="13.361864592880011">
        <ele>118.1328125</ele>
        <time>2014-05-21T12:42:22Z</time>
      </trkpt>
      <trkpt lat="68.074558591470122" lon="13.36148438975215">
        <ele>116.703125</ele>
        <time>2014-05-21T12:42:30Z</time>
      </trkpt>
      <trkpt lat="68.074553143233061" lon="13.361390512436628">
        <ele>116.296875</ele>
        <time>2014-05-21T12:42:33Z</time>
      </trkpt>
      <trkpt lat="68.074529757723212" lon="13.36129093542695">
        <ele>116.00390625</ele>
        <time>2014-05-21T12:42:37Z</time>
      </trkpt>
      <trkpt lat="68.074476700276136" lon="13.361011566594243">
        <ele>114.13671875</ele>
        <time>2014-05-21T12:42:46Z</time>
      </trkpt>
      <trkpt lat="68.074406292289495" lon="13.360711326822639">
        <ele>112.64453125</ele>
        <time>2014-05-21T12:42:57Z</time>
      </trkpt>
      <trkpt lat="68.074363628402352" lon="13.360354760661721">
        <ele>109.23046875</ele>
        <time>2014-05-21T12:43:04Z</time>
      </trkpt>
      <trkpt lat="68.074357090517879" lon="13.360307235270739">
        <ele>108.81640625</ele>
        <time>2014-05-21T12:43:05Z</time>
      </trkpt>
      <trkpt lat="68.074362706393003" lon="13.360135825350881">
        <ele>106.47265625</ele>
        <time>2014-05-21T12:43:09Z</time>
      </trkpt>
      <trkpt lat="68.074380559846759" lon="13.36009182035923">
        <ele>105.38671875</ele>
        <time>2014-05-21T12:43:11Z</time>
      </trkpt>
      <trkpt lat="68.074416685849428" lon="13.36002635769546">
        <ele>103.5625</ele>
        <time>2014-05-21T12:43:15Z</time>
      </trkpt>
      <trkpt lat="68.074441663920879" lon="13.35995645262301">
        <ele>101.94140625</ele>
        <time>2014-05-21T12:43:18Z</time>
      </trkpt>
      <trkpt lat="68.074435796588659" lon="13.359903898090124">
        <ele>101.28125</ele>
        <time>2014-05-21T12:43:20Z</time>
      </trkpt>
      <trkpt lat="68.074450548738241" lon="13.35979912430048">
        <ele>99.37890625</ele>
        <time>2014-05-21T12:43:22Z</time>
      </trkpt>
      <trkpt lat="68.074464378878474" lon="13.359610280022025">
        <ele>96.21875</ele>
        <time>2014-05-21T12:43:26Z</time>
      </trkpt>
      <trkpt lat="68.074441915377975" lon="13.359546577557921">
        <ele>95.66015625</ele>
        <time>2014-05-21T12:43:29Z</time>
      </trkpt>
      <trkpt lat="68.074432108551264" lon="13.359485641121864">
        <ele>94.8671875</ele>
        <time>2014-05-21T12:43:31Z</time>
      </trkpt>
      <trkpt lat="68.074427079409361" lon="13.359277518466115">
        <ele>91.55078125</ele>
        <time>2014-05-21T12:43:37Z</time>
      </trkpt>
      <trkpt lat="68.0744285043329" lon="13.359260419383645">
        <ele>91.2421875</ele>
        <time>2014-05-21T12:43:38Z</time>
      </trkpt>
      <trkpt lat="68.074454823508859" lon="13.359123794361949">
        <ele>88.56640625</ele>
        <time>2014-05-21T12:43:49Z</time>
      </trkpt>
      <trkpt lat="68.074463624507189" lon="13.359031761065125">
        <ele>86.90625</ele>
        <time>2014-05-21T12:43:53Z</time>
      </trkpt>
      <trkpt lat="68.07444074191153" lon="13.358990773558617">
        <ele>86.58203125</ele>
        <time>2014-05-21T12:44:02Z</time>
      </trkpt>
      <trkpt lat="68.074444597586989" lon="13.358979877084494">
        <ele>86.3359375</ele>
        <time>2014-05-21T12:44:05Z</time>
      </trkpt>
      <trkpt lat="68.074466390535235" lon="13.359022540971637">
        <ele>86.70703125</ele>
        <time>2014-05-21T12:44:33Z</time>
      </trkpt>
      <trkpt lat="68.074454488232732" lon="13.359089512377977">
        <ele>88.015625</ele>
        <time>2014-05-21T12:45:14Z</time>
      </trkpt>
      <trkpt lat="68.074481813237071" lon="13.358933106064796">
        <ele>84.96484375</ele>
        <time>2014-05-21T12:45:41Z</time>
      </trkpt>
      <trkpt lat="68.074485417455435" lon="13.358818190172315">
        <ele>82.9921875</ele>
        <time>2014-05-21T12:45:53Z</time>
      </trkpt>
      <trkpt lat="68.074471587315202" lon="13.35867871530354">
        <ele>80.8671875</ele>
        <time>2014-05-21T12:45:57Z</time>
      </trkpt>
      <trkpt lat="68.074453817680478" lon="13.35862054489553">
        <ele>80.15625</ele>
        <time>2014-05-21T12:45:59Z</time>
      </trkpt>
      <trkpt lat="68.074447279796004" lon="13.358610989525914">
        <ele>80.09375</ele>
        <time>2014-05-21T12:46:00Z</time>
      </trkpt>
      <trkpt lat="68.074445687234402" lon="13.358491379767656">
        <ele>77.9921875</ele>
        <time>2014-05-21T12:46:04Z</time>
      </trkpt>
      <trkpt lat="68.074437053874135" lon="13.358134729787707">
        <ele>70.96484375</ele>
        <time>2014-05-21T12:46:17Z</time>
      </trkpt>
      <trkpt lat="68.0744509678334" lon="13.357942532747984">
        <ele>67.390625</ele>
        <time>2014-05-21T12:46:27Z</time>
      </trkpt>
      <trkpt lat="68.074461696669459" lon="13.357761986553669">
        <ele>65.671875</ele>
        <time>2014-05-21T12:46:35Z</time>
      </trkpt>
      <trkpt lat="68.074464295059443" lon="13.357713874429464">
        <ele>65.20703125</ele>
        <time>2014-05-21T12:46:37Z</time>
      </trkpt>
      <trkpt lat="68.074472341686487" lon="13.357658134773374">
        <ele>64.609375</ele>
        <time>2014-05-21T12:46:39Z</time>
      </trkpt>
      <trkpt lat="68.074470832943916" lon="13.357539866119623">
        <ele>63.5078125</ele>
        <time>2014-05-21T12:46:42Z</time>
      </trkpt>
      <trkpt lat="68.074429091066122" lon="13.357282374054193">
        <ele>61.09765625</ele>
        <time>2014-05-21T12:46:51Z</time>
      </trkpt>
      <trkpt lat="68.074386930093169" lon="13.35694944486022">
        <ele>57.1953125</ele>
        <time>2014-05-21T12:47:01Z</time>
      </trkpt>
      <trkpt lat="68.07432884350419" lon="13.356823464855552">
        <ele>56.55859375</ele>
        <time>2014-05-21T12:47:08Z</time>
      </trkpt>
      <trkpt lat="68.074249131605029" lon="13.356345361098647">
        <ele>52.94140625</ele>
        <time>2014-05-21T12:47:23Z</time>
      </trkpt>
      <trkpt lat="68.074243431910872" lon="13.356318036094308">
        <ele>52.7421875</ele>
        <time>2014-05-21T12:47:24Z</time>
      </trkpt>
      <trkpt lat="68.074174197390676" lon="13.35607722401619">
        <ele>51.69921875</ele>
        <time>2014-05-21T12:47:32Z</time>
      </trkpt>
      <trkpt lat="68.074171515181661" lon="13.355864826589823">
        <ele>49.94921875</ele>
        <time>2014-05-21T12:47:37Z</time>
      </trkpt>
      <trkpt lat="68.074112422764301" lon="13.355439445003867">
        <ele>46.89453125</ele>
        <time>2014-05-21T12:47:51Z</time>
      </trkpt>
      <trkpt lat="68.074104711413383" lon="13.355425614863634">
        <ele>46.83984375</ele>
        <time>2014-05-21T12:47:52Z</time>
      </trkpt>
      <trkpt lat="68.074067998677492" lon="13.355322265997529">
        <ele>46.25390625</ele>
        <time>2014-05-21T12:47:57Z</time>
      </trkpt>
      <trkpt lat="68.074013683944941" lon="13.354946170002222">
        <ele>43.8984375</ele>
        <time>2014-05-21T12:48:09Z</time>
      </trkpt>
      <trkpt lat="68.074013767763972" lon="13.354879450052977">
        <ele>43.41796875</ele>
        <time>2014-05-21T12:48:11Z</time>
      </trkpt>
      <trkpt lat="68.074033632874489" lon="13.354749446734786">
        <ele>42.265625</ele>
        <time>2014-05-21T12:48:16Z</time>
      </trkpt>
      <trkpt lat="68.074029190465808" lon="13.354705944657326">
        <ele>42.00390625</ele>
        <time>2014-05-21T12:48:18Z</time>
      </trkpt>
      <trkpt lat="68.074028268456459" lon="13.354639476165175">
        <ele>41.53125</ele>
        <time>2014-05-21T12:48:23Z</time>
      </trkpt>
      <trkpt lat="68.074028016999364" lon="13.354610726237297">
        <ele>41.32421875</ele>
        <time>2014-05-21T12:48:25Z</time>
      </trkpt>
      <trkpt lat="68.074014605954289" lon="13.354575941339135">
        <ele>41.2109375</ele>
        <time>2014-05-21T12:48:29Z</time>
      </trkpt>
      <trkpt lat="68.074018880724907" lon="13.354507125914097">
        <ele>40.65625</ele>
        <time>2014-05-21T12:48:32Z</time>
      </trkpt>
      <trkpt lat="68.074014941230416" lon="13.354447111487389">
        <ele>40.25</ele>
        <time>2014-05-21T12:48:36Z</time>
      </trkpt>
      <trkpt lat="68.073996920138597" lon="13.354349294677377">
        <ele>39.703125</ele>
        <time>2014-05-21T12:48:39Z</time>
      </trkpt>
      <trkpt lat="68.073994908481836" lon="13.354287855327129">
        <ele>39.265625</ele>
        <time>2014-05-21T12:48:41Z</time>
      </trkpt>
      <trkpt lat="68.073951825499535" lon="13.354062885046005">
        <ele>38.05078125</ele>
        <time>2014-05-21T12:48:50Z</time>
      </trkpt>
      <trkpt lat="68.073938246816397" lon="13.353917291387916">
        <ele>37.58203125</ele>
        <time>2014-05-21T12:48:56Z</time>
      </trkpt>
      <trkpt lat="68.073923997581005" lon="13.353865491226315">
        <ele>37.48828125</ele>
        <time>2014-05-21T12:48:59Z</time>
      </trkpt>
      <trkpt lat="68.073870353400707" lon="13.353606322780252">
        <ele>36.82421875</ele>
        <time>2014-05-21T12:49:07Z</time>
      </trkpt>
      <trkpt lat="68.073839675635099" lon="13.353519821539521">
        <ele>36.6640625</ele>
        <time>2014-05-21T12:49:10Z</time>
      </trkpt>
      <trkpt lat="68.073797766119242" lon="13.353332653641701">
        <ele>35.953125</ele>
        <time>2014-05-21T12:49:16Z</time>
      </trkpt>
      <trkpt lat="68.073729118332267" lon="13.35310734808445">
        <ele>35.23046875</ele>
        <time>2014-05-21T12:49:24Z</time>
      </trkpt>
      <trkpt lat="68.073698272928596" lon="13.353025121614337">
        <ele>35.0078125</ele>
        <time>2014-05-21T12:49:28Z</time>
      </trkpt>
      <trkpt lat="68.07357095181942" lon="13.352553555741906">
        <ele>33.37890625</ele>
        <time>2014-05-21T12:49:44Z</time>
      </trkpt>
      <trkpt lat="68.073487551882863" lon="13.352354820817709">
        <ele>32.76953125</ele>
        <time>2014-05-21T12:49:53Z</time>
      </trkpt>
      <trkpt lat="68.073470536619425" lon="13.352168826386333">
        <ele>31.7890625</ele>
        <time>2014-05-21T12:49:58Z</time>
      </trkpt>
      <trkpt lat="68.073446564376354" lon="13.352069333195686">
        <ele>31.29296875</ele>
        <time>2014-05-21T12:50:01Z</time>
      </trkpt>
      <trkpt lat="68.073390824720263" lon="13.351804632693529">
        <ele>29.9140625</ele>
        <time>2014-05-21T12:50:10Z</time>
      </trkpt>
      <trkpt lat="68.073355285450816" lon="13.351648477837443">
        <ele>29.1328125</ele>
        <time>2014-05-21T12:50:15Z</time>
      </trkpt>
      <trkpt lat="68.073341958224773" lon="13.351576309651136">
        <ele>28.76953125</ele>
        <time>2014-05-21T12:50:17Z</time>
      </trkpt>
      <trkpt lat="68.073338605463505" lon="13.351327031850815">
        <ele>27.42578125</ele>
        <time>2014-05-21T12:50:24Z</time>
      </trkpt>
      <trkpt lat="68.0732904933393" lon="13.351005669683218">
        <ele>25.546875</ele>
        <time>2014-05-21T12:50:35Z</time>
      </trkpt>
      <trkpt lat="68.073223270475864" lon="13.350864015519619">
        <ele>24.69921875</ele>
        <time>2014-05-21T12:50:43Z</time>
      </trkpt>
      <trkpt lat="68.073220001533628" lon="13.350460343062878">
        <ele>22.94140625</ele>
        <time>2014-05-21T12:50:54Z</time>
      </trkpt>
      <trkpt lat="68.073225282132626" lon="13.349950639531016">
        <ele>21.10546875</ele>
        <time>2014-05-21T12:51:08Z</time>
      </trkpt>
      <trkpt lat="68.073226539418101" lon="13.349927337840199">
        <ele>21.01953125</ele>
        <time>2014-05-21T12:51:09Z</time>
      </trkpt>
      <trkpt lat="68.073210613802075" lon="13.349843518808484">
        <ele>20.71875</ele>
        <time>2014-05-21T12:51:13Z</time>
      </trkpt>
      <trkpt lat="68.073205165565014" lon="13.349724831059575">
        <ele>20.29296875</ele>
        <time>2014-05-21T12:51:17Z</time>
      </trkpt>
      <trkpt lat="68.073194017633796" lon="13.349641095846891">
        <ele>19.98828125</ele>
        <time>2014-05-21T12:51:20Z</time>
      </trkpt>
      <trkpt lat="68.073210446164012" lon="13.349520731717348">
        <ele>19.4609375</ele>
        <time>2014-05-21T12:51:24Z</time>
      </trkpt>
      <trkpt lat="68.073152443394065" lon="13.349269358441234">
        <ele>18.42578125</ele>
        <time>2014-05-21T12:51:34Z</time>
      </trkpt>
      <trkpt lat="68.073125118389726" lon="13.349084286019206">
        <ele>17.6953125</ele>
        <time>2014-05-21T12:51:39Z</time>
      </trkpt>
      <trkpt lat="68.073040628805757" lon="13.348833248019218">
        <ele>16.55078125</ele>
        <time>2014-05-21T12:51:49Z</time>
      </trkpt>
      <trkpt lat="68.072960749268532" lon="13.348744483664632">
        <ele>16.13671875</ele>
        <time>2014-05-21T12:51:57Z</time>
      </trkpt>
      <trkpt lat="68.072946751490235" lon="13.348493194207549">
        <ele>14.85546875</ele>
        <time>2014-05-21T12:52:07Z</time>
      </trkpt>
      <trkpt lat="68.072949517518282" lon="13.348465114831924">
        <ele>14.75390625</ele>
        <time>2014-05-21T12:52:13Z</time>
      </trkpt>
      <trkpt lat="68.072957061231136" lon="13.348444495350122">
        <ele>14.6796875</ele>
        <time>2014-05-25T10:16:30Z</time>
      </trkpt>
      <trkpt lat="68.072785316035151" lon="13.348656976595521">
        <ele>15.59375</ele>
        <time>2014-05-25T10:16:45Z</time>
      </trkpt>
      <trkpt lat="68.072690181434155" lon="13.348839534446597">
        <ele>16.37890625</ele>
        <time>2014-05-25T10:16:57Z</time>
      </trkpt>
      <trkpt lat="68.07259714230895" lon="13.349004155024886">
        <ele>16.9765625</ele>
        <time>2014-05-25T10:17:10Z</time>
      </trkpt>
      <trkpt lat="68.072581803426147" lon="13.348983870819211">
        <ele>16.8671875</ele>
        <time>2014-05-25T10:17:14Z</time>
      </trkpt>
      <trkpt lat="68.072541318833828" lon="13.349074479192495">
        <ele>17.17578125</ele>
        <time>2014-05-25T10:17:19Z</time>
      </trkpt>
      <trkpt lat="68.072495134547353" lon="13.349119825288653">
        <ele>17.26171875</ele>
        <time>2014-05-25T10:17:23Z</time>
      </trkpt>
      <trkpt lat="68.072319533675909" lon="13.349284781143069">
        <ele>17.765625</ele>
        <time>2014-05-25T10:17:40Z</time>
      </trkpt>
      <trkpt lat="68.072210568934679" lon="13.349459124729037">
        <ele>18.578125</ele>
        <time>2014-05-25T10:17:53Z</time>
      </trkpt>
      <trkpt lat="68.072149883955717" lon="13.349493239074945">
        <ele>18.80078125</ele>
        <time>2014-05-25T10:18:01Z</time>
      </trkpt>
      <trkpt lat="68.072037063539028" lon="13.349674958735704">
        <ele>19.7890625</ele>
        <time>2014-05-25T10:18:14Z</time>
      </trkpt>
      <trkpt lat="68.071962716057897" lon="13.349777469411492">
        <ele>20.29296875</ele>
        <time>2014-05-25T10:18:23Z</time>
      </trkpt>
      <trkpt lat="68.071836149320006" lon="13.349802615121007">
        <ele>20.69921875</ele>
        <time>2014-05-25T10:18:36Z</time>
      </trkpt>
      <trkpt lat="68.071791138499975" lon="13.349847793579102">
        <ele>21.13671875</ele>
        <time>2014-05-25T10:18:41Z</time>
      </trkpt>
      <trkpt lat="68.071723580360413" lon="13.349901856854558">
        <ele>21.765625</ele>
        <time>2014-05-25T10:18:48Z</time>
      </trkpt>
      <trkpt lat="68.071667421609163" lon="13.349958267062902">
        <ele>22.35546875</ele>
        <time>2014-05-25T10:18:55Z</time>
      </trkpt>
      <trkpt lat="68.071635654196143" lon="13.350009815767407">
        <ele>22.78125</ele>
        <time>2014-05-25T10:18:59Z</time>
      </trkpt>
      <trkpt lat="68.071597600355744" lon="13.349952148273587">
        <ele>22.77734375</ele>
        <time>2014-05-25T10:19:03Z</time>
      </trkpt>
      <trkpt lat="68.07158075273037" lon="13.349897749722004">
        <ele>22.63671875</ele>
        <time>2014-05-25T10:19:06Z</time>
      </trkpt>
      <trkpt lat="68.071533143520355" lon="13.349942341446877">
        <ele>23.14453125</ele>
        <time>2014-05-25T10:19:11Z</time>
      </trkpt>
      <trkpt lat="68.07149332948029" lon="13.349998416379094">
        <ele>23.6640625</ele>
        <time>2014-05-25T10:19:15Z</time>
      </trkpt>
      <trkpt lat="68.07142585515976" lon="13.350111655890942">
        <ele>24.671875</ele>
        <time>2014-05-25T10:19:23Z</time>
      </trkpt>
      <trkpt lat="68.071372043341398" lon="13.350260769948363">
        <ele>25.94140625</ele>
        <time>2014-05-25T10:19:32Z</time>
      </trkpt>
      <trkpt lat="68.071356872096658" lon="13.350272504612803">
        <ele>26.13671875</ele>
        <time>2014-05-25T10:19:34Z</time>
      </trkpt>
      <trkpt lat="68.071325439959764" lon="13.350323298946023">
        <ele>26.73046875</ele>
        <time>2014-05-25T10:19:38Z</time>
      </trkpt>
      <trkpt lat="68.0711888987571" lon="13.350515244528651">
        <ele>29.09375</ele>
        <time>2014-05-25T10:19:53Z</time>
      </trkpt>
      <trkpt lat="68.071099799126387" lon="13.35062856785953">
        <ele>30.5546875</ele>
        <time>2014-05-25T10:20:05Z</time>
      </trkpt>
      <trkpt lat="68.071075743064284" lon="13.350635021924973">
        <ele>30.7734375</ele>
        <time>2014-05-25T10:20:08Z</time>
      </trkpt>
      <trkpt lat="68.070955127477646" lon="13.350710039958358">
        <ele>32.18359375</ele>
        <time>2014-05-25T10:20:21Z</time>
      </trkpt>
      <trkpt lat="68.070877427235246" lon="13.350782208144665">
        <ele>33.3125</ele>
        <time>2014-05-25T10:20:31Z</time>
      </trkpt>
      <trkpt lat="68.070846330374479" lon="13.35080299526453">
        <ele>33.72265625</ele>
        <time>2014-05-25T10:20:35Z</time>
      </trkpt>
      <trkpt lat="68.070828979834914" lon="13.350757900625467">
        <ele>33.44140625</ele>
        <time>2014-05-25T10:20:51Z</time>
      </trkpt>
      <trkpt lat="68.070805175229907" lon="13.35078195668757">
        <ele>33.83203125</ele>
        <time>2014-05-25T10:21:02Z</time>
      </trkpt>
      <trkpt lat="68.070800397545099" lon="13.35085085593164">
        <ele>34.484375</ele>
        <time>2014-05-25T10:21:22Z</time>
      </trkpt>
      <trkpt lat="68.070816323161125" lon="13.350901734083891">
        <ele>34.828125</ele>
        <time>2014-05-25T10:21:40Z</time>
      </trkpt>
      <trkpt lat="68.070799224078655" lon="13.350902991369367">
        <ele>34.96484375</ele>
        <time>2014-05-25T10:22:04Z</time>
      </trkpt>
      <trkpt lat="68.070789081975818" lon="13.350832080468535">
        <ele>34.3984375</ele>
        <time>2014-05-25T10:22:15Z</time>
      </trkpt>
      <trkpt lat="68.070782963186502" lon="13.350868122652173">
        <ele>34.765625</ele>
        <time>2014-05-25T10:22:36Z</time>
      </trkpt>
      <trkpt lat="68.070775084197521" lon="13.350908774882555">
        <ele>35.19140625</ele>
        <time>2014-05-25T10:23:01Z</time>
      </trkpt>
      <trkpt lat="68.070754548534751" lon="13.350872984156013">
        <ele>35.015625</ele>
        <time>2014-05-25T10:23:29Z</time>
      </trkpt>
      <trkpt lat="68.070730911567807" lon="13.350885137915611">
        <ele>35.30859375</ele>
        <time>2014-05-25T10:23:43Z</time>
      </trkpt>
      <trkpt lat="68.070646589621902" lon="13.350967196747661">
        <ele>36.78125</ele>
        <time>2014-05-25T10:23:59Z</time>
      </trkpt>
      <trkpt lat="68.070556819438934" lon="13.350969376042485">
        <ele>37.57421875</ele>
        <time>2014-05-25T10:24:10Z</time>
      </trkpt>
      <trkpt lat="68.070477358996868" lon="13.350963676348329">
        <ele>38.1953125</ele>
        <time>2014-05-25T10:24:23Z</time>
      </trkpt>
      <trkpt lat="68.070455230772495" lon="13.35099745541811">
        <ele>38.75390625</ele>
        <time>2014-05-25T10:24:34Z</time>
      </trkpt>
      <trkpt lat="68.070469312369823" lon="13.351000724360347">
        <ele>38.6640625</ele>
        <time>2014-05-25T10:24:56Z</time>
      </trkpt>
      <trkpt lat="68.070461684837937" lon="13.350991336628795">
        <ele>38.62890625</ele>
        <time>2014-05-25T10:25:30Z</time>
      </trkpt>
      <trkpt lat="68.070465959608555" lon="13.350977674126625">
        <ele>38.4453125</ele>
        <time>2014-05-25T10:26:01Z</time>
      </trkpt>
      <trkpt lat="68.070406280457973" lon="13.351060068234801">
        <ele>39.88671875</ele>
        <time>2014-05-25T10:26:14Z</time>
      </trkpt>
      <trkpt lat="68.070301841944456" lon="13.351165680214763">
        <ele>42.1015625</ele>
        <time>2014-05-25T10:26:28Z</time>
      </trkpt>
      <trkpt lat="68.070236127823591" lon="13.351227538660169">
        <ele>43.51171875</ele>
        <time>2014-05-25T10:26:41Z</time>
      </trkpt>
      <trkpt lat="68.070086259394884" lon="13.351275734603405">
        <ele>45.14453125</ele>
        <time>2014-05-25T10:26:57Z</time>
      </trkpt>
      <trkpt lat="68.06994091719389" lon="13.351311525329947">
        <ele>46.38671875</ele>
        <time>2014-05-25T10:27:11Z</time>
      </trkpt>
      <trkpt lat="68.069893727079034" lon="13.351351507008076">
        <ele>47.26171875</ele>
        <time>2014-05-25T10:27:25Z</time>
      </trkpt>
      <trkpt lat="68.069795658811927" lon="13.351363157853484">
        <ele>48.0234375</ele>
        <time>2014-05-25T10:27:43Z</time>
      </trkpt>
      <trkpt lat="68.069685520604253" lon="13.351376904174685">
        <ele>48.91796875</ele>
        <time>2014-05-25T10:27:57Z</time>
      </trkpt>
      <trkpt lat="68.069580160081387" lon="13.351430548354983">
        <ele>50.89453125</ele>
        <time>2014-05-25T10:28:12Z</time>
      </trkpt>
      <trkpt lat="68.069447558373213" lon="13.351421244442463">
        <ele>52.3984375</ele>
        <time>2014-05-25T10:28:35Z</time>
      </trkpt>
      <trkpt lat="68.069305652752519" lon="13.351404312998056">
        <ele>53.8828125</ele>
        <time>2014-05-25T10:28:52Z</time>
      </trkpt>
      <trkpt lat="68.069203644990921" lon="13.351442702114582">
        <ele>55.859375</ele>
        <time>2014-05-25T10:29:05Z</time>
      </trkpt>
      <trkpt lat="68.069096356630325" lon="13.351447060704231">
        <ele>57.2890625</ele>
        <time>2014-05-25T10:29:19Z</time>
      </trkpt>
      <trkpt lat="68.068966688588262" lon="13.351425351575017">
        <ele>57.828125</ele>
        <time>2014-05-25T10:29:34Z</time>
      </trkpt>
      <trkpt lat="68.068878594785929" lon="13.351502465084195">
        <ele>59.68359375</ele>
        <time>2014-05-25T10:29:49Z</time>
      </trkpt>
      <trkpt lat="68.068805420771241" lon="13.351521575823426">
        <ele>60.4296875</ele>
        <time>2014-05-25T10:30:02Z</time>
      </trkpt>
      <trkpt lat="68.068713890388608" lon="13.351517887786031">
        <ele>60.90234375</ele>
        <time>2014-05-25T10:30:15Z</time>
      </trkpt>
      <trkpt lat="68.06860844604671" lon="13.351573627442122">
        <ele>62.35546875</ele>
        <time>2014-05-25T10:30:30Z</time>
      </trkpt>
      <trkpt lat="68.068520687520504" lon="13.351530879735947">
        <ele>62.26953125</ele>
        <time>2014-05-25T10:30:45Z</time>
      </trkpt>
      <trkpt lat="68.068423876538873" lon="13.351587373763323">
        <ele>64.48046875</ele>
        <time>2014-05-25T10:30:58Z</time>
      </trkpt>
      <trkpt lat="68.068329580128193" lon="13.351571783423424">
        <ele>65.59375</ele>
        <time>2014-05-25T10:31:12Z</time>
      </trkpt>
      <trkpt lat="68.068216508254409" lon="13.351504057645798">
        <ele>66.1015625</ele>
        <time>2014-05-25T10:31:26Z</time>
      </trkpt>
      <trkpt lat="68.068104274570942" lon="13.35148855112493">
        <ele>67.390625</ele>
        <time>2014-05-25T10:31:38Z</time>
      </trkpt>
      <trkpt lat="68.06797225959599" lon="13.351475056260824">
        <ele>68.96484375</ele>
        <time>2014-05-25T10:31:51Z</time>
      </trkpt>
      <trkpt lat="68.067933451384306" lon="13.351482599973679">
        <ele>69.75</ele>
        <time>2014-05-25T10:31:56Z</time>
      </trkpt>
      <trkpt lat="68.067780816927552" lon="13.351428201422095">
        <ele>71.29296875</ele>
        <time>2014-05-25T10:32:09Z</time>
      </trkpt>
      <trkpt lat="68.067511925473809" lon="13.35140984505415">
        <ele>75.3984375</ele>
        <time>2014-05-25T10:32:22Z</time>
      </trkpt>
      <trkpt lat="68.067439505830407" lon="13.351417975500226">
        <ele>76.7578125</ele>
        <time>2014-05-25T10:32:24Z</time>
      </trkpt>
      <trkpt lat="68.067414779216051" lon="13.351436918601394">
        <ele>77.5390625</ele>
        <time>2014-05-25T10:32:27Z</time>
      </trkpt>
      <trkpt lat="68.067297013476491" lon="13.35151101462543">
        <ele>80.76171875</ele>
        <time>2014-05-25T10:32:40Z</time>
      </trkpt>
      <trkpt lat="68.06720313616097" lon="13.351586451753974">
        <ele>84.12109375</ele>
        <time>2014-05-25T10:32:51Z</time>
      </trkpt>
      <trkpt lat="68.067099619656801" lon="13.351555354893208">
        <ele>84.98828125</ele>
        <time>2014-05-25T10:33:04Z</time>
      </trkpt>
      <trkpt lat="68.067090902477503" lon="13.351548314094543">
        <ele>84.921875</ele>
        <time>2014-05-25T10:33:05Z</time>
      </trkpt>
      <trkpt lat="68.066979423165321" lon="13.351461729034781">
        <ele>83.8828125</ele>
        <time>2014-05-25T10:33:15Z</time>
      </trkpt>
      <trkpt lat="68.066839361563325" lon="13.35140154697001">
        <ele>84.234375</ele>
        <time>2014-05-25T10:33:29Z</time>
      </trkpt>
      <trkpt lat="68.066814048215747" lon="13.351395344361663">
        <ele>85.11328125</ele>
        <time>2014-05-25T10:33:32Z</time>
      </trkpt>
      <trkpt lat="68.066711621358991" lon="13.351300628855824">
        <ele>86.62109375</ele>
        <time>2014-05-25T10:33:45Z</time>
      </trkpt>
      <trkpt lat="68.066616570577025" lon="13.351168446242809">
        <ele>89.11328125</ele>
        <time>2014-05-25T10:33:57Z</time>
      </trkpt>
      <trkpt lat="68.066486567258835" lon="13.351050345227122">
        <ele>92.30078125</ele>
        <time>2014-05-25T10:34:11Z</time>
      </trkpt>
      <trkpt lat="68.066435856744647" lon="13.3510238584131">
        <ele>93.6484375</ele>
        <time>2014-05-25T10:34:17Z</time>
      </trkpt>
      <trkpt lat="68.06639151647687" lon="13.351013632491231">
        <ele>95.0234375</ele>
        <time>2014-05-25T10:34:29Z</time>
      </trkpt>
      <trkpt lat="68.066377099603415" lon="13.351022098213434">
        <ele>95.7109375</ele>
        <time>2014-05-25T10:34:45Z</time>
      </trkpt>
      <trkpt lat="68.066406520083547" lon="13.351046238094568">
        <ele>95.1484375</ele>
        <time>2014-05-25T10:35:05Z</time>
      </trkpt>
      <trkpt lat="68.066355139017105" lon="13.350977003574371">
        <ele>95.51171875</ele>
        <time>2014-05-25T10:35:15Z</time>
      </trkpt>
      <trkpt lat="68.066219268366694" lon="13.350879438221455">
        <ele>97.44921875</ele>
        <time>2014-05-25T10:35:29Z</time>
      </trkpt>
      <trkpt lat="68.066108543425798" lon="13.350838450714946">
        <ele>99.69921875</ele>
        <time>2014-05-25T10:35:43Z</time>
      </trkpt>
      <trkpt lat="68.065983150154352" lon="13.350756727159023">
        <ele>101.34765625</ele>
        <time>2014-05-25T10:35:56Z</time>
      </trkpt>
      <trkpt lat="68.065889775753021" lon="13.350699730217457">
        <ele>102.45703125</ele>
        <time>2014-05-25T10:36:08Z</time>
      </trkpt>
      <trkpt lat="68.065754743292928" lon="13.35060702636838">
        <ele>103.37109375</ele>
        <time>2014-05-25T10:36:22Z</time>
      </trkpt>
      <trkpt lat="68.06571920402348" lon="13.350608283653855">
        <ele>104.359375</ele>
        <time>2014-05-25T10:36:26Z</time>
      </trkpt>
      <trkpt lat="68.065559361129999" lon="13.350487416610122">
        <ele>105.453125</ele>
        <time>2014-05-25T10:36:42Z</time>
      </trkpt>
      <trkpt lat="68.065458526834846" lon="13.350412398576736">
        <ele>106.625</ele>
        <time>2014-05-25T10:36:54Z</time>
      </trkpt>
      <trkpt lat="68.065355932340026" lon="13.350344337522984">
        <ele>108.3515625</ele>
        <time>2014-05-25T10:37:06Z</time>
      </trkpt>
      <trkpt lat="68.065276304259896" lon="13.350317180156708">
        <ele>110.41796875</ele>
        <time>2014-05-25T10:37:19Z</time>
      </trkpt>
      <trkpt lat="68.065229365602136" lon="13.350331597030163">
        <ele>112.25390625</ele>
        <time>2014-05-25T10:37:40Z</time>
      </trkpt>
      <trkpt lat="68.065111432224512" lon="13.350383648648858">
        <ele>116.33203125</ele>
        <time>2014-05-25T10:37:54Z</time>
      </trkpt>
      <trkpt lat="68.065081341192126" lon="13.350379876792431">
        <ele>117</ele>
        <time>2014-05-25T10:38:06Z</time>
      </trkpt>
      <trkpt lat="68.064994001761079" lon="13.350348277017474">
        <ele>118.703125</ele>
        <time>2014-05-25T10:38:22Z</time>
      </trkpt>
      <trkpt lat="68.06486944667995" lon="13.350265212357044">
        <ele>121.015625</ele>
        <time>2014-05-25T10:38:36Z</time>
      </trkpt>
      <trkpt lat="68.064757212996483" lon="13.350173933431506">
        <ele>123.1171875</ele>
        <time>2014-05-25T10:38:51Z</time>
      </trkpt>
      <trkpt lat="68.064639950171113" lon="13.35011450573802">
        <ele>125.3203125</ele>
        <time>2014-05-25T10:39:04Z</time>
      </trkpt>
      <trkpt lat="68.064515311270952" lon="13.350001350045204">
        <ele>126.58984375</ele>
        <time>2014-05-25T10:39:18Z</time>
      </trkpt>
      <trkpt lat="68.064406095072627" lon="13.34999380633235">
        <ele>129.51171875</ele>
        <time>2014-05-25T10:39:33Z</time>
      </trkpt>
      <trkpt lat="68.064287742599845" lon="13.349963212385774">
        <ele>132.203125</ele>
        <time>2014-05-25T10:39:46Z</time>
      </trkpt>
      <trkpt lat="68.064147429540753" lon="13.349861372262239">
        <ele>133.95703125</ele>
        <time>2014-05-25T10:40:02Z</time>
      </trkpt>
      <trkpt lat="68.064030250534415" lon="13.349848128855228">
        <ele>136.7734375</ele>
        <time>2014-05-25T10:40:15Z</time>
      </trkpt>
      <trkpt lat="68.063925225287676" lon="13.34978861734271">
        <ele>138.2109375</ele>
        <time>2014-05-25T10:40:30Z</time>
      </trkpt>
      <trkpt lat="68.063878705725074" lon="13.349814433604479">
        <ele>139.90625</ele>
        <time>2014-05-25T10:40:43Z</time>
      </trkpt>
      <trkpt lat="68.063806369900703" lon="13.349756263196468">
        <ele>140.640625</ele>
        <time>2014-05-25T10:41:01Z</time>
      </trkpt>
      <trkpt lat="68.063783403486013" lon="13.34975877776742">
        <ele>141.28515625</ele>
        <time>2014-05-25T10:41:04Z</time>
      </trkpt>
      <trkpt lat="68.063667984679341" lon="13.349690632894635">
        <ele>143.078125</ele>
        <time>2014-05-25T10:41:18Z</time>
      </trkpt>
      <trkpt lat="68.063544016331434" lon="13.349649645388126">
        <ele>145.69921875</ele>
        <time>2014-05-25T10:41:32Z</time>
      </trkpt>
      <trkpt lat="68.063445948064327" lon="13.349576136097312">
        <ele>147.15625</ele>
        <time>2014-05-25T10:41:42Z</time>
      </trkpt>
      <trkpt lat="68.063345532864332" lon="13.349435906857252">
        <ele>147.59765625</ele>
        <time>2014-05-25T10:41:53Z</time>
      </trkpt>
      <trkpt lat="68.063181666657329" lon="13.349261311814189">
        <ele>149.19140625</ele>
        <time>2014-05-25T10:42:10Z</time>
      </trkpt>
      <trkpt lat="68.063101032748818" lon="13.349160561338067">
        <ele>149.73828125</ele>
        <time>2014-05-25T10:42:18Z</time>
      </trkpt>
      <trkpt lat="68.062927694991231" lon="13.349047573283315">
        <ele>152.8359375</ele>
        <time>2014-05-25T10:42:34Z</time>
      </trkpt>
      <trkpt lat="68.062751842662692" lon="13.348964508622885">
        <ele>157.109375</ele>
        <time>2014-05-25T10:42:51Z</time>
      </trkpt>
      <trkpt lat="68.062682189047337" lon="13.348897788673639">
        <ele>158.37109375</ele>
        <time>2014-05-25T10:42:59Z</time>
      </trkpt>
      <trkpt lat="68.062554113566875" lon="13.348718835040927">
        <ele>160.0390625</ele>
        <time>2014-05-25T10:43:13Z</time>
      </trkpt>
      <trkpt lat="68.062507761642337" lon="13.348672399297357">
        <ele>160.9140625</ele>
        <time>2014-05-25T10:43:18Z</time>
      </trkpt>
      <trkpt lat="68.062377674505115" lon="13.348581120371819">
        <ele>163.84765625</ele>
        <time>2014-05-25T10:43:32Z</time>
      </trkpt>
      <trkpt lat="68.062332663685083" lon="13.348550861701369">
        <ele>164.84765625</ele>
        <time>2014-05-25T10:43:37Z</time>
      </trkpt>
      <trkpt lat="68.062259908765554" lon="13.348333770409226">
        <ele>163.8359375</ele>
        <time>2014-05-25T10:43:51Z</time>
      </trkpt>
      <trkpt lat="68.062248509377241" lon="13.348336704075336">
        <ele>164.1953125</ele>
        <time>2014-05-25T10:44:06Z</time>
      </trkpt>
      <trkpt lat="68.062186231836677" lon="13.348154481500387">
        <ele>162.91796875</ele>
        <time>2014-05-25T10:44:22Z</time>
      </trkpt>
      <trkpt lat="68.062136862426996" lon="13.348092287778854">
        <ele>163.0546875</ele>
        <time>2014-05-25T10:44:39Z</time>
      </trkpt>
      <trkpt lat="68.062055390328169" lon="13.347911741584539">
        <ele>162.328125</ele>
        <time>2014-05-25T10:44:51Z</time>
      </trkpt>
      <trkpt lat="68.062003003433347" lon="13.347831778228283">
        <ele>163</ele>
        <time>2014-05-25T10:44:57Z</time>
      </trkpt>
      <trkpt lat="68.061973331496119" lon="13.347819205373526">
        <ele>163.6640625</ele>
        <time>2014-05-25T10:45:00Z</time>
      </trkpt>
      <trkpt lat="68.061897894367576" lon="13.347782911732793">
        <ele>165.40625</ele>
        <time>2014-05-25T10:45:14Z</time>
      </trkpt>
      <trkpt lat="68.061907030642033" lon="13.347804369404912">
        <ele>165.26953125</ele>
        <time>2014-05-25T10:45:30Z</time>
      </trkpt>
      <trkpt lat="68.061906443908811" lon="13.347798082977533">
        <ele>165.25390625</ele>
        <time>2014-05-25T10:46:03Z</time>
      </trkpt>
      <trkpt lat="68.061910718679428" lon="13.347792299464345">
        <ele>165.1171875</ele>
        <time>2014-05-25T10:46:32Z</time>
      </trkpt>
      <trkpt lat="68.061904180794954" lon="13.347779894247651">
        <ele>165.23046875</ele>
        <time>2014-05-25T10:46:55Z</time>
      </trkpt>
      <trkpt lat="68.061904767528176" lon="13.347772182896733">
        <ele>165.1796875</ele>
        <time>2014-05-25T10:47:20Z</time>
      </trkpt>
      <trkpt lat="68.061906611546874" lon="13.34778324700892">
        <ele>165.18359375</ele>
        <time>2014-05-25T10:47:43Z</time>
      </trkpt>
      <trkpt lat="68.061897726729512" lon="13.347814846783876">
        <ele>165.55078125</ele>
        <time>2014-05-25T10:47:55Z</time>
      </trkpt>
      <trkpt lat="68.061934607103467" lon="13.347829766571522">
        <ele>164.6953125</ele>
        <time>2014-05-25T10:48:05Z</time>
      </trkpt>
      <trkpt lat="68.0619450006634" lon="13.347857175394893">
        <ele>164.5859375</ele>
        <time>2014-05-25T10:48:21Z</time>
      </trkpt>
      <trkpt lat="68.061953382566571" lon="13.347870921716094">
        <ele>164.45703125</ele>
        <time>2014-05-25T10:48:41Z</time>
      </trkpt>
      <trkpt lat="68.06196067482233" lon="13.347887936979532">
        <ele>164.3828125</ele>
        <time>2014-05-25T10:49:08Z</time>
      </trkpt>
      <trkpt lat="68.06196017190814" lon="13.34791861474514">
        <ele>164.5703125</ele>
        <time>2014-05-25T10:49:15Z</time>
      </trkpt>
      <trkpt lat="68.061955645680428" lon="13.347861031070352">
        <ele>164.34765625</ele>
        <time>2014-05-25T10:49:34Z</time>
      </trkpt>
      <trkpt lat="68.061946425586939" lon="13.347845776006579">
        <ele>164.48828125</ele>
        <time>2014-05-25T10:50:11Z</time>
      </trkpt>
      <trkpt lat="68.061964949592948" lon="13.34784971550107">
        <ele>164.0546875</ele>
        <time>2014-05-25T10:50:14Z</time>
      </trkpt>
      <trkpt lat="68.061974588781595" lon="13.347954824566841">
        <ele>164.4609375</ele>
        <time>2014-05-25T10:50:29Z</time>
      </trkpt>
      <trkpt lat="68.061970062553883" lon="13.347948119044304">
        <ele>164.51953125</ele>
        <time>2014-05-25T10:51:11Z</time>
      </trkpt>
      <trkpt lat="68.061970062553883" lon="13.347933869808912">
        <ele>164.43359375</ele>
        <time>2014-05-25T10:51:39Z</time>
      </trkpt>
      <trkpt lat="68.061968050897121" lon="13.347903694957495">
        <ele>164.30078125</ele>
        <time>2014-05-25T10:51:43Z</time>
      </trkpt>
      <trkpt lat="68.06185707449913" lon="13.347734967246652">
        <ele>166.3125</ele>
        <time>2014-05-25T10:51:56Z</time>
      </trkpt>
      <trkpt lat="68.061780882999301" lon="13.347669253125787">
        <ele>168.16015625</ele>
        <time>2014-05-25T10:52:03Z</time>
      </trkpt>
      <trkpt lat="68.061730088666081" lon="13.347663218155503">
        <ele>169.515625</ele>
        <time>2014-05-25T10:52:08Z</time>
      </trkpt>
      <trkpt lat="68.061625231057405" lon="13.347577471286058">
        <ele>171.73828125</ele>
        <time>2014-05-25T10:52:19Z</time>
      </trkpt>
      <trkpt lat="68.061573011800647" lon="13.347543273121119">
        <ele>172.80859375</ele>
        <time>2014-05-25T10:52:24Z</time>
      </trkpt>
      <trkpt lat="68.061485672369599" lon="13.347483007237315">
        <ele>174.4375</ele>
        <time>2014-05-25T10:52:33Z</time>
      </trkpt>
      <trkpt lat="68.061427166685462" lon="13.347429698333144">
        <ele>175.29296875</ele>
        <time>2014-05-25T10:52:38Z</time>
      </trkpt>
      <trkpt lat="68.061389867216349" lon="13.347406564280391">
        <ele>175.79296875</ele>
        <time>2014-05-25T10:52:41Z</time>
      </trkpt>
      <trkpt lat="68.061372013762593" lon="13.347404804080725">
        <ele>176.1796875</ele>
        <time>2014-05-25T10:52:43Z</time>
      </trkpt>
      <trkpt lat="68.061303785070777" lon="13.347358116880059">
        <ele>176.89453125</ele>
        <time>2014-05-25T10:52:49Z</time>
      </trkpt>
      <trkpt lat="68.061228264123201" lon="13.347282093018293">
        <ele>176.58203125</ele>
        <time>2014-05-25T10:52:56Z</time>
      </trkpt>
      <trkpt lat="68.061205297708511" lon="13.347266083583236">
        <ele>176.6328125</ele>
        <time>2014-05-25T10:52:58Z</time>
      </trkpt>
      <trkpt lat="68.061180403456092" lon="13.347234986722469">
        <ele>176.4609375</ele>
        <time>2014-05-25T10:53:01Z</time>
      </trkpt>
      <trkpt lat="68.061159867793322" lon="13.347215708345175">
        <ele>176.44140625</ele>
        <time>2014-05-25T10:53:03Z</time>
      </trkpt>
      <trkpt lat="68.061116533353925" lon="13.34716415964067">
        <ele>176.2421875</ele>
        <time>2014-05-25T10:53:07Z</time>
      </trkpt>
      <trkpt lat="68.060929784551263" lon="13.347009345889091">
        <ele>176.84765625</ele>
        <time>2014-05-25T10:53:23Z</time>
      </trkpt>
      <trkpt lat="68.060743371024728" lon="13.346919156610966">
        <ele>178.71484375</ele>
        <time>2014-05-25T10:53:39Z</time>
      </trkpt>
      <trkpt lat="68.060535835102201" lon="13.346832320094109">
        <ele>179.10546875</ele>
        <time>2014-05-25T10:53:56Z</time>
      </trkpt>
      <trkpt lat="68.060328885912895" lon="13.346744896844029">
        <ele>179.625</ele>
        <time>2014-05-25T10:54:12Z</time>
      </trkpt>
      <trkpt lat="68.060136856511235" lon="13.346546161919832">
        <ele>178.65234375</ele>
        <time>2014-05-25T10:54:28Z</time>
      </trkpt>
      <trkpt lat="68.060077847912908" lon="13.346472484990954">
        <ele>178.03515625</ele>
        <time>2014-05-25T10:54:33Z</time>
      </trkpt>
      <trkpt lat="68.060004506260157" lon="13.346371985971928">
        <ele>177.265625</ele>
        <time>2014-05-25T10:54:39Z</time>
      </trkpt>
      <trkpt lat="68.059846926480532" lon="13.346124971285462">
        <ele>176.0390625</ele>
        <time>2014-05-25T10:54:53Z</time>
      </trkpt>
      <trkpt lat="68.059694711118937" lon="13.345836130902171">
        <ele>174.4609375</ele>
        <time>2014-05-25T10:55:08Z</time>
      </trkpt>
      <trkpt lat="68.059573760256171" lon="13.345736637711525">
        <ele>173.7578125</ele>
        <time>2014-05-25T10:55:19Z</time>
      </trkpt>
      <trkpt lat="68.059501508250833" lon="13.345703780651093">
        <ele>173.4296875</ele>
        <time>2014-05-25T10:55:25Z</time>
      </trkpt>
      <trkpt lat="68.059369912371039" lon="13.345728339627385">
        <ele>173.32421875</ele>
        <time>2014-05-25T10:55:36Z</time>
      </trkpt>
      <trkpt lat="68.059195401147008" lon="13.345732782036066">
        <ele>173.0234375</ele>
        <time>2014-05-25T10:55:50Z</time>
      </trkpt>
      <trkpt lat="68.059015106409788" lon="13.3458795491606">
        <ele>172.41015625</ele>
        <time>2014-05-25T10:56:03Z</time>
      </trkpt>
      <trkpt lat="68.058801367878914" lon="13.346047522500157">
        <ele>169.94921875</ele>
        <time>2014-05-25T10:56:19Z</time>
      </trkpt>
      <trkpt lat="68.05876255966723" lon="13.346074093133211">
        <ele>169.5234375</ele>
        <time>2014-05-25T10:56:22Z</time>
      </trkpt>
      <trkpt lat="68.05869223549962" lon="13.346108207479119">
        <ele>168.671875</ele>
        <time>2014-05-25T10:56:28Z</time>
      </trkpt>
      <trkpt lat="68.058482687920332" lon="13.346296716481447">
        <ele>166.41796875</ele>
        <time>2014-05-25T10:56:44Z</time>
      </trkpt>
      <trkpt lat="68.058317061513662" lon="13.346487153321505">
        <ele>163.29296875</ele>
        <time>2014-05-25T10:56:59Z</time>
      </trkpt>
      <trkpt lat="68.058156464248896" lon="13.346762917935848">
        <ele>161.5078125</ele>
        <time>2014-05-25T10:57:15Z</time>
      </trkpt>
      <trkpt lat="68.058129139244556" lon="13.34682310000062">
        <ele>161.390625</ele>
        <time>2014-05-25T10:57:18Z</time>
      </trkpt>
      <trkpt lat="68.057953454554081" lon="13.347258791327477">
        <ele>160.671875</ele>
        <time>2014-05-25T10:57:36Z</time>
      </trkpt>
      <trkpt lat="68.057939037680626" lon="13.347317045554519">
        <ele>160.7265625</ele>
        <time>2014-05-25T10:57:38Z</time>
      </trkpt>
      <trkpt lat="68.057870892807841" lon="13.347534807398915">
        <ele>160.48046875</ele>
        <time>2014-05-25T10:57:46Z</time>
      </trkpt>
      <trkpt lat="68.057758575305343" lon="13.347815182060003">
        <ele>158.88671875</ele>
        <time>2014-05-25T10:57:59Z</time>
      </trkpt>
      <trkpt lat="68.057613065466285" lon="13.348049204796553">
        <ele>155.51953125</ele>
        <time>2014-05-25T10:58:13Z</time>
      </trkpt>
      <trkpt lat="68.057468645274639" lon="13.348258920013905">
        <ele>152.20703125</ele>
        <time>2014-05-25T10:58:28Z</time>
      </trkpt>
      <trkpt lat="68.05742179043591" lon="13.348304685205221">
        <ele>150.9296875</ele>
        <time>2014-05-25T10:58:39Z</time>
      </trkpt>
      <trkpt lat="68.057420533150434" lon="13.348349863663316">
        <ele>151.28515625</ele>
        <time>2014-05-25T10:58:55Z</time>
      </trkpt>
      <trkpt lat="68.057369654998183" lon="13.348451955243945">
        <ele>150.21484375</ele>
        <time>2014-05-25T10:59:07Z</time>
      </trkpt>
      <trkpt lat="68.057332271710038" lon="13.348525129258633">
        <ele>149.515625</ele>
        <time>2014-05-25T10:59:21Z</time>
      </trkpt>
      <trkpt lat="68.05732405744493" lon="13.348529320210218">
        <ele>149.25</ele>
        <time>2014-05-25T11:00:05Z</time>
      </trkpt>
      <trkpt lat="68.057328751310706" lon="13.348539462313056">
        <ele>149.515625</ele>
        <time>2014-05-25T11:00:49Z</time>
      </trkpt>
      <trkpt lat="68.057332439348102" lon="13.348539546132088">
        <ele>149.65625</ele>
        <time>2014-05-25T11:01:30Z</time>
      </trkpt>
      <trkpt lat="68.05734752677381" lon="13.348599644377828">
        <ele>150.6796875</ele>
        <time>2013-09-07T11:42:50Z</time>
      </trkpt>
      <trkpt lat="68.057260774075985" lon="13.348756218329072">
        <ele>148.20703125</ele>
        <time>2013-09-07T11:42:41Z</time>
      </trkpt>
      <trkpt lat="68.057217271998525" lon="13.348829811438918">
        <ele>146.7421875</ele>
        <time>2013-09-07T11:42:37Z</time>
      </trkpt>
      <trkpt lat="68.057201849296689" lon="13.348874822258949">
        <ele>146.28125</ele>
        <time>2013-09-07T11:42:35Z</time>
      </trkpt>
      <trkpt lat="68.057207800447941" lon="13.349021170288324">
        <ele>147.25390625</ele>
        <time>2013-09-07T11:42:29Z</time>
      </trkpt>
      <trkpt lat="68.057220373302698" lon="13.349052267149091">
        <ele>148.0078125</ele>
        <time>2013-09-07T11:42:27Z</time>
      </trkpt>
      <trkpt lat="68.057233616709709" lon="13.349185790866613">
        <ele>149.76953125</ele>
        <time>2013-09-07T11:42:22Z</time>
      </trkpt>
      <trkpt lat="68.057235209271312" lon="13.349254438653588">
        <ele>150.5078125</ele>
        <time>2013-09-07T11:42:19Z</time>
      </trkpt>
      <trkpt lat="68.057219032198191" lon="13.349332977086306">
        <ele>150.48828125</ele>
        <time>2013-09-07T11:42:16Z</time>
      </trkpt>
      <trkpt lat="68.057169998064637" lon="13.349473960697651">
        <ele>149.52734375</ele>
        <time>2013-09-07T11:41:57Z</time>
      </trkpt>
      <trkpt lat="68.057151390239596" lon="13.34948368370533">
        <ele>148.7421875</ele>
        <time>2013-09-07T11:41:45Z</time>
      </trkpt>
      <trkpt lat="68.057140074670315" lon="13.349547386169434">
        <ele>148.83984375</ele>
        <time>2013-09-07T11:41:22Z</time>
      </trkpt>
      <trkpt lat="68.057132614776492" lon="13.34956917911768">
        <ele>148.703125</ele>
        <time>2013-09-07T11:41:00Z</time>
      </trkpt>
      <trkpt lat="68.057108977809548" lon="13.349673869088292">
        <ele>148.87890625</ele>
        <time>2013-09-07T11:40:47Z</time>
      </trkpt>
      <trkpt lat="68.057092214003205" lon="13.349694656208158">
        <ele>148.46875</ele>
        <time>2013-09-07T11:40:38Z</time>
      </trkpt>
      <trkpt lat="68.057031026110053" lon="13.349798172712326">
        <ele>147.46875</ele>
        <time>2013-09-07T11:40:26Z</time>
      </trkpt>
      <trkpt lat="68.057025158777833" lon="13.349815523251891">
        <ele>147.50390625</ele>
        <time>2013-09-07T11:40:21Z</time>
      </trkpt>
      <trkpt lat="68.057025158777833" lon="13.349815523251891">
        <ele>147.50390625</ele>
        <time>2013-09-07T11:39:59Z</time>
      </trkpt>
      <trkpt lat="68.056991882622242" lon="13.349907137453556">
        <ele>147.59765625</ele>
        <time>2013-09-07T11:39:50Z</time>
      </trkpt>
      <trkpt lat="68.056946704164147" lon="13.350030099973083">
        <ele>147.6953125</ele>
        <time>2013-09-07T11:39:39Z</time>
      </trkpt>
      <trkpt lat="68.056873613968492" lon="13.350175358355045">
        <ele>146.890625</ele>
        <time>2013-09-07T11:39:30Z</time>
      </trkpt>
      <trkpt lat="68.056800523772836" lon="13.350305277854204">
        <ele>144.96875</ele>
        <time>2013-09-07T11:39:22Z</time>
      </trkpt>
      <trkpt lat="68.056703628972173" lon="13.350434694439173">
        <ele>141.71484375</ele>
        <time>2013-09-07T11:39:10Z</time>
      </trkpt>
      <trkpt lat="68.05667026899755" lon="13.350448776036501">
        <ele>139.93359375</ele>
        <time>2013-09-07T11:39:07Z</time>
      </trkpt>
      <trkpt lat="68.056587958708405" lon="13.350603841245174">
        <ele>138.625</ele>
        <time>2013-09-07T11:38:57Z</time>
      </trkpt>
      <trkpt lat="68.056498523801565" lon="13.350732252001762">
        <ele>136.52734375</ele>
        <time>2013-09-07T11:38:45Z</time>
      </trkpt>
      <trkpt lat="68.056460302323103" lon="13.35078539326787">
        <ele>135.6875</ele>
        <time>2013-09-07T11:38:40Z</time>
      </trkpt>
      <trkpt lat="68.056430043652654" lon="13.350840294733644">
        <ele>135.41796875</ele>
        <time>2013-09-07T11:38:35Z</time>
      </trkpt>
      <trkpt lat="68.056322755292058" lon="13.350999550893903">
        <ele>133.703125</ele>
        <time>2013-09-07T11:38:21Z</time>
      </trkpt>
      <trkpt lat="68.056305069476366" lon="13.351031737402081">
        <ele>133.60546875</ele>
        <time>2013-09-07T11:38:19Z</time>
      </trkpt>
      <trkpt lat="68.056252431124449" lon="13.35108345374465">
        <ele>131.90625</ele>
        <time>2013-09-07T11:38:13Z</time>
      </trkpt>
      <trkpt lat="68.056197362020612" lon="13.35118755698204">
        <ele>131.34765625</ele>
        <time>2013-09-07T11:38:05Z</time>
      </trkpt>
      <trkpt lat="68.056121086701751" lon="13.351333318278193">
        <ele>130.04296875</ele>
        <time>2013-09-07T11:37:54Z</time>
      </trkpt>
      <trkpt lat="68.056048415601254" lon="13.351382687687874">
        <ele>126.125</ele>
        <time>2013-09-07T11:37:47Z</time>
      </trkpt>
      <trkpt lat="68.056017737835646" lon="13.351445971056819">
        <ele>125.140625</ele>
        <time>2013-09-07T11:37:42Z</time>
      </trkpt>
      <trkpt lat="68.055999297648668" lon="13.351469021290541">
        <ele>124.296875</ele>
        <time>2013-09-07T11:37:40Z</time>
      </trkpt>
      <trkpt lat="68.055984629318118" lon="13.351521240547299">
        <ele>124.16015625</ele>
        <time>2013-09-07T11:37:38Z</time>
      </trkpt>
      <trkpt lat="68.055946407839656" lon="13.351557534188032">
        <ele>122.19921875</ele>
        <time>2013-09-07T11:37:27Z</time>
      </trkpt>
      <trkpt lat="68.055932996794581" lon="13.351585529744625">
        <ele>121.7421875</ele>
        <time>2013-09-07T11:37:18Z</time>
      </trkpt>
      <trkpt lat="68.055873233824968" lon="13.351687286049128">
        <ele>119.3046875</ele>
        <time>2013-09-07T11:37:10Z</time>
      </trkpt>
      <trkpt lat="68.055839790031314" lon="13.351698769256473">
        <ele>117.2265625</ele>
        <time>2013-09-07T11:37:06Z</time>
      </trkpt>
      <trkpt lat="68.055780446156859" lon="13.351861964911222">
        <ele>115.60546875</ele>
        <time>2013-09-07T11:36:55Z</time>
      </trkpt>
      <trkpt lat="68.055672571063042" lon="13.351936647668481">
        <ele>111.43359375</ele>
        <time>2013-09-07T11:36:44Z</time>
      </trkpt>
      <trkpt lat="68.055662512779236" lon="13.351961625739932">
        <ele>111.5390625</ele>
        <time>2013-09-07T11:36:42Z</time>
      </trkpt>
      <trkpt lat="68.055620519444346" lon="13.351925415918231">
        <ele>108.4296875</ele>
        <time>2013-09-07T11:36:35Z</time>
      </trkpt>
      <trkpt lat="68.055552123114467" lon="13.352036224678159">
        <ele>107.65234375</ele>
        <time>2013-09-07T11:36:27Z</time>
      </trkpt>
      <trkpt lat="68.055478530004621" lon="13.35198157466948">
        <ele>102.4296875</ele>
        <time>2013-09-07T11:36:18Z</time>
      </trkpt>
      <trkpt lat="68.055392783135176" lon="13.352169496938586">
        <ele>102.69140625</ele>
        <time>2013-09-07T11:36:05Z</time>
      </trkpt>
      <trkpt lat="68.055355986580253" lon="13.352233031764627">
        <ele>102.37109375</ele>
        <time>2013-09-07T11:36:00Z</time>
      </trkpt>
      <trkpt lat="68.055284321308136" lon="13.352354820817709">
        <ele>101.69921875</ele>
        <time>2013-09-07T11:35:46Z</time>
      </trkpt>
      <trkpt lat="68.055178457871079" lon="13.352382313460112">
        <ele>97.09375</ele>
        <time>2013-09-07T11:35:34Z</time>
      </trkpt>
      <trkpt lat="68.055105535313487" lon="13.35243059322238">
        <ele>95.0390625</ele>
        <time>2013-09-07T11:35:24Z</time>
      </trkpt>
      <trkpt lat="68.05497913621366" lon="13.352518184110522">
        <ele>90.81640625</ele>
        <time>2013-09-07T11:35:12Z</time>
      </trkpt>
      <trkpt lat="68.054887941107154" lon="13.352581299841404">
        <ele>87.546875</ele>
        <time>2013-09-07T11:35:00Z</time>
      </trkpt>
      <trkpt lat="68.054818203672767" lon="13.352639973163605">
        <ele>85.0390625</ele>
        <time>2013-09-07T11:34:50Z</time>
      </trkpt>
      <trkpt lat="68.05478660389781" lon="13.352718511596322">
        <ele>84.44921875</ele>
        <time>2013-09-07T11:34:45Z</time>
      </trkpt>
      <trkpt lat="68.054712088778615" lon="13.352832002565265">
        <ele>82.01171875</ele>
        <time>2013-09-07T11:34:33Z</time>
      </trkpt>
      <trkpt lat="68.054690714925528" lon="13.352881204336882">
        <ele>81.421875</ele>
        <time>2013-09-07T11:34:30Z</time>
      </trkpt>
      <trkpt lat="68.054658444598317" lon="13.352903667837381">
        <ele>79.9921875</ele>
        <time>2013-09-07T11:34:25Z</time>
      </trkpt>
      <trkpt lat="68.054592227563262" lon="13.35297835059464">
        <ele>78.10546875</ele>
        <time>2013-09-07T11:34:18Z</time>
      </trkpt>
      <trkpt lat="68.05458384566009" lon="13.352994360029697">
        <ele>78.0078125</ele>
        <time>2013-09-07T11:34:17Z</time>
      </trkpt>
      <trkpt lat="68.054526345804334" lon="13.353070048615336">
        <ele>76.921875</ele>
        <time>2013-09-07T11:34:06Z</time>
      </trkpt>
      <trkpt lat="68.054480832070112" lon="13.353128638118505">
        <ele>76.06640625</ele>
        <time>2013-09-07T11:33:57Z</time>
      </trkpt>
      <trkpt lat="68.054415704682469" lon="13.353263754397631">
        <ele>75.55859375</ele>
        <time>2013-09-07T11:33:46Z</time>
      </trkpt>
      <trkpt lat="68.054324258118868" lon="13.353305160999298">
        <ele>72.9140625</ele>
        <time>2013-09-07T11:33:34Z</time>
      </trkpt>
      <trkpt lat="68.054271703585982" lon="13.353278087452054">
        <ele>70.703125</ele>
        <time>2013-09-07T11:33:30Z</time>
      </trkpt>
      <trkpt lat="68.054226525127888" lon="13.35337707772851">
        <ele>70.50390625</ele>
        <time>2013-09-07T11:33:23Z</time>
      </trkpt>
      <trkpt lat="68.054167684167624" lon="13.353523928672075">
        <ele>70.5390625</ele>
        <time>2013-09-07T11:33:09Z</time>
      </trkpt>
      <trkpt lat="68.054099790751934" lon="13.35363750346005">
        <ele>71.0234375</ele>
        <time>2013-09-07T11:32:59Z</time>
      </trkpt>
      <trkpt lat="68.054070537909865" lon="13.353672623634338">
        <ele>70.83984375</ele>
        <time>2013-09-07T11:32:49Z</time>
      </trkpt>
      <trkpt lat="68.054013624787331" lon="13.353673126548529">
        <ele>68.75</ele>
        <time>2013-09-07T11:32:39Z</time>
      </trkpt>
      <trkpt lat="68.053932404145598" lon="13.353841351345181">
        <ele>69.81640625</ele>
        <time>2013-09-07T11:32:26Z</time>
      </trkpt>
      <trkpt lat="68.053867779672146" lon="13.3538818359375">
        <ele>68.3203125</ele>
        <time>2013-09-07T11:32:16Z</time>
      </trkpt>
      <trkpt lat="68.053776165470481" lon="13.353963056579232">
        <ele>66.6953125</ele>
        <time>2013-09-07T11:32:03Z</time>
      </trkpt>
      <trkpt lat="68.053723443299532" lon="13.353993985801935">
        <ele>65.3515625</ele>
        <time>2013-09-07T11:31:57Z</time>
      </trkpt>
      <trkpt lat="68.053655382245779" lon="13.354102279990911">
        <ele>64.8984375</ele>
        <time>2013-09-07T11:31:45Z</time>
      </trkpt>
      <trkpt lat="68.053567623719573" lon="13.354096915572882">
        <ele>61.34375</ele>
        <time>2013-09-07T11:31:33Z</time>
      </trkpt>
      <trkpt lat="68.053496042266488" lon="13.354237647727132">
        <ele>59.91796875</ele>
        <time>2013-09-07T11:31:22Z</time>
      </trkpt>
      <trkpt lat="68.053400237113237" lon="13.354272516444325">
        <ele>57.92578125</ele>
        <time>2013-09-07T11:31:08Z</time>
      </trkpt>
      <trkpt lat="68.053300660103559" lon="13.354299422353506">
        <ele>55.8203125</ele>
        <time>2013-09-07T11:30:56Z</time>
      </trkpt>
      <trkpt lat="68.053218852728605" lon="13.35435776039958">
        <ele>54.3359375</ele>
        <time>2013-09-07T11:30:46Z</time>
      </trkpt>
      <trkpt lat="68.053146935999393" lon="13.354434790089726">
        <ele>53.2265625</ele>
        <time>2013-09-07T11:30:34Z</time>
      </trkpt>
      <trkpt lat="68.053063368424773" lon="13.354551047086716">
        <ele>52.171875</ele>
        <time>2013-09-07T11:30:21Z</time>
      </trkpt>
      <trkpt lat="68.052997067570686" lon="13.354689432308078">
        <ele>52.86328125</ele>
        <time>2013-09-07T11:30:10Z</time>
      </trkpt>
      <trkpt lat="68.052984913811088" lon="13.354725474491715">
        <ele>53.6953125</ele>
        <time>2013-09-07T11:30:06Z</time>
      </trkpt>
      <trkpt lat="68.052963959053159" lon="13.354733185842633">
        <ele>53.6875</ele>
        <time>2013-09-07T11:29:57Z</time>
      </trkpt>
      <trkpt lat="68.052978878840804" lon="13.354656910523772">
        <ele>51.48046875</ele>
        <time>2013-09-07T11:29:46Z</time>
      </trkpt>
      <trkpt lat="68.052958762273192" lon="13.354551550000906">
        <ele>50.2265625</ele>
        <time>2013-09-07T11:29:35Z</time>
      </trkpt>
      <trkpt lat="68.052950715646148" lon="13.354548700153828">
        <ele>50.15625</ele>
        <time>2013-09-07T11:29:34Z</time>
      </trkpt>
      <trkpt lat="68.052903693169355" lon="13.354484075680375">
        <ele>49.37890625</ele>
        <time>2013-09-07T11:29:24Z</time>
      </trkpt>
      <trkpt lat="68.052855916321278" lon="13.354409644380212">
        <ele>48.4765625</ele>
        <time>2013-09-07T11:29:12Z</time>
      </trkpt>
      <trkpt lat="68.052825154736638" lon="13.35430889390409">
        <ele>47.43359375</ele>
        <time>2013-09-07T11:29:01Z</time>
      </trkpt>
      <trkpt lat="68.052815096452832" lon="13.354074787348509">
        <ele>45.40625</ele>
        <time>2013-09-07T11:28:49Z</time>
      </trkpt>
      <trkpt lat="68.052806546911597" lon="13.354055173695087">
        <ele>45.140625</ele>
        <time>2013-09-07T11:28:47Z</time>
      </trkpt>
      <trkpt lat="68.052750304341316" lon="13.35395023226738">
        <ele>43.66796875</ele>
        <time>2013-09-07T11:28:37Z</time>
      </trkpt>
      <trkpt lat="68.052688529714942" lon="13.353799693286419">
        <ele>41.82421875</ele>
        <time>2013-09-07T11:28:25Z</time>
      </trkpt>
      <trkpt lat="68.052627760916948" lon="13.353695422410965">
        <ele>40.5</ele>
        <time>2013-09-07T11:28:11Z</time>
      </trkpt>
      <trkpt lat="68.052568584680557" lon="13.353560641407967">
        <ele>39.01953125</ele>
        <time>2013-09-07T11:28:03Z</time>
      </trkpt>
      <trkpt lat="68.052531285211444" lon="13.353510098531842">
        <ele>38.42578125</ele>
        <time>2014-05-21T13:17:56Z</time>
      </trkpt>
      <trkpt lat="68.052257699891925" lon="13.353817965835333">
        <ele>37.6484375</ele>
        <time>2014-05-21T13:18:06Z</time>
      </trkpt>
      <trkpt lat="68.051757551729679" lon="13.354276958853006">
        <ele>31.53515625</ele>
        <time>2014-05-21T13:18:14Z</time>
      </trkpt>
      <trkpt lat="68.051527384668589" lon="13.354493547230959">
        <ele>27.34765625</ele>
        <time>2014-05-21T13:18:17Z</time>
      </trkpt>
      <trkpt lat="68.051200993359089" lon="13.354794038459659">
        <ele>23.703125</ele>
        <time>2014-05-21T13:18:21Z</time>
      </trkpt>
      <trkpt lat="68.050860436633229" lon="13.355045914649963">
        <ele>21.34375</ele>
        <time>2014-05-21T13:18:25Z</time>
      </trkpt>
      <trkpt lat="68.050685673952103" lon="13.355081453919411">
        <ele>19.83984375</ele>
        <time>2014-05-21T13:18:27Z</time>
      </trkpt>
      <trkpt lat="68.050595568493009" lon="13.355071395635605">
        <ele>19.63671875</ele>
        <time>2014-05-21T13:18:28Z</time>
      </trkpt>
      <trkpt lat="68.050507223233581" lon="13.355049351230264">
        <ele>19.42578125</ele>
        <time>2014-05-21T13:18:29Z</time>
      </trkpt>
      <trkpt lat="68.050420135259628" lon="13.35501104593277">
        <ele>19.18359375</ele>
        <time>2014-05-21T13:18:30Z</time>
      </trkpt>
      <trkpt lat="68.050332292914391" lon="13.354955306276679">
        <ele>18.8984375</ele>
        <time>2014-05-21T13:18:31Z</time>
      </trkpt>
      <trkpt lat="68.050250736996531" lon="13.354848269373178">
        <ele>18.51171875</ele>
        <time>2014-05-21T13:18:32Z</time>
      </trkpt>
      <trkpt lat="68.050173874944448" lon="13.354718601331115">
        <ele>18.1328125</ele>
        <time>2014-05-21T13:18:33Z</time>
      </trkpt>
      <trkpt lat="68.050099778920412" lon="13.354578791186213">
        <ele>18.2734375</ele>
        <time>2014-05-21T13:18:34Z</time>
      </trkpt>
      <trkpt lat="68.050028951838613" lon="13.354433616623282">
        <ele>18.765625</ele>
        <time>2014-05-21T13:18:35Z</time>
      </trkpt>
      <trkpt lat="68.049889812245965" lon="13.354144608601928">
        <ele>19.1640625</ele>
        <time>2014-05-21T13:18:37Z</time>
      </trkpt>
      <trkpt lat="68.049312718212605" lon="13.353203572332859">
        <ele>19.609375</ele>
        <time>2014-05-21T13:18:44Z</time>
      </trkpt>
      <trkpt lat="68.049215069040656" lon="13.353141630068421">
        <ele>19.2890625</ele>
        <time>2014-05-21T13:18:45Z</time>
      </trkpt>
      <trkpt lat="68.048260705545545" lon="13.352833092212677">
        <ele>19.3828125</ele>
        <time>2014-05-21T13:18:54Z</time>
      </trkpt>
      <trkpt lat="68.048151656985283" lon="13.352868799120188">
        <ele>19.25</ele>
        <time>2014-05-21T13:18:55Z</time>
      </trkpt>
      <trkpt lat="68.048042692244053" lon="13.352945577353239">
        <ele>19.05859375</ele>
        <time>2014-05-21T13:18:56Z</time>
      </trkpt>
      <trkpt lat="68.047938421368599" lon="13.353059571236372">
        <ele>19.01171875</ele>
        <time>2014-05-21T13:18:57Z</time>
      </trkpt>
      <trkpt lat="68.047838928177953" lon="13.353202315047383">
        <ele>19.109375</ele>
        <time>2014-05-21T13:18:58Z</time>
      </trkpt>
      <trkpt lat="68.047743206843734" lon="13.353369785472751">
        <ele>19.15625</ele>
        <time>2014-05-21T13:18:59Z</time>
      </trkpt>
      <trkpt lat="68.04765067063272" lon="13.353545470163226">
        <ele>19.18359375</ele>
        <time>2014-05-21T13:19:00Z</time>
      </trkpt>
      <trkpt lat="68.04746987298131" lon="13.353886110708117">
        <ele>19.2578125</ele>
        <time>2014-05-21T13:19:02Z</time>
      </trkpt>
      <trkpt lat="68.047375157475471" lon="13.354024160653353">
        <ele>18.9296875</ele>
        <time>2014-05-21T13:19:03Z</time>
      </trkpt>
      <trkpt lat="68.047274574637413" lon="13.35412809625268">
        <ele>18.390625</ele>
        <time>2014-05-21T13:19:04Z</time>
      </trkpt>
      <trkpt lat="68.047052621841431" lon="13.354282910004258">
        <ele>17.53125</ele>
        <time>2014-05-21T13:19:06Z</time>
      </trkpt>
      <trkpt lat="68.046938376501203" lon="13.354278886690736">
        <ele>17.1953125</ele>
        <time>2014-05-21T13:19:07Z</time>
      </trkpt>
      <trkpt lat="68.046824717894197" lon="13.354221973568201">
        <ele>15.71875</ele>
        <time>2014-05-21T13:19:08Z</time>
      </trkpt>
      <trkpt lat="68.046717764809728" lon="13.354103537276387">
        <ele>12.81640625</ele>
        <time>2014-05-21T13:19:09Z</time>
      </trkpt>
      <trkpt lat="68.046615002676845" lon="13.353958111256361">
        <ele>11.34765625</ele>
        <time>2014-05-21T13:19:10Z</time>
      </trkpt>
      <trkpt lat="68.045782763510942" lon="13.353069210425019">
        <ele>5.30078125</ele>
        <time>2014-05-21T13:19:18Z</time>
      </trkpt>
      <trkpt lat="68.045663069933653" lon="13.353063175454736">
        <ele>6.75390625</ele>
        <time>2014-05-21T13:19:19Z</time>
      </trkpt>
      <trkpt lat="68.044838374480605" lon="13.353233663365245">
        <ele>10.08203125</ele>
        <time>2014-05-21T13:19:26Z</time>
      </trkpt>
      <trkpt lat="68.044719770550728" lon="13.353190831840038">
        <ele>10.015625</ele>
        <time>2014-05-21T13:19:27Z</time>
      </trkpt>
      <trkpt lat="68.044606447219849" lon="13.353118663653731">
        <ele>9.81640625</ele>
        <time>2014-05-21T13:19:28Z</time>
      </trkpt>
      <trkpt lat="68.044499410316348" lon="13.353011962026358">
        <ele>9.21875</ele>
        <time>2014-05-21T13:19:29Z</time>
      </trkpt>
      <trkpt lat="68.044404778629541" lon="13.352856142446399">
        <ele>9.37109375</ele>
        <time>2014-05-21T13:19:30Z</time>
      </trkpt>
      <trkpt lat="68.044318193569779" lon="13.352683307603002">
        <ele>9.31640625</ele>
        <time>2014-05-21T13:19:31Z</time>
      </trkpt>
      <trkpt lat="68.044246025383472" lon="13.352486835792661">
        <ele>9.0703125</ele>
        <time>2014-05-21T13:19:32Z</time>
      </trkpt>
      <trkpt lat="68.044185675680637" lon="13.352299500256777">
        <ele>8.58984375</ele>
        <time>2014-05-21T13:19:33Z</time>
      </trkpt>
      <trkpt lat="68.044136893004179" lon="13.352111075073481">
        <ele>8.453125</ele>
        <time>2014-05-21T13:19:34Z</time>
      </trkpt>
      <trkpt lat="68.044097330421209" lon="13.351889625191689">
        <ele>8.8359375</ele>
        <time>2014-05-21T13:19:35Z</time>
      </trkpt>
      <trkpt lat="68.044072855263948" lon="13.351656524464488">
        <ele>8.61328125</ele>
        <time>2014-05-21T13:19:36Z</time>
      </trkpt>
      <trkpt lat="68.044065311551094" lon="13.351422669366002">
        <ele>8.48828125</ele>
        <time>2014-05-21T13:19:37Z</time>
      </trkpt>
      <trkpt lat="68.044073274359107" lon="13.351191328838468">
        <ele>8.0078125</ele>
        <time>2014-05-21T13:19:38Z</time>
      </trkpt>
      <trkpt lat="68.044090792536736" lon="13.350965604186058">
        <ele>7.0625</ele>
        <time>2014-05-21T13:19:39Z</time>
      </trkpt>
      <trkpt lat="68.044121135026217" lon="13.350740047171712">
        <ele>6.8984375</ele>
        <time>2014-05-21T13:19:40Z</time>
      </trkpt>
      <trkpt lat="68.04416480474174" lon="13.350524129346013">
        <ele>8.359375</ele>
        <time>2014-05-21T13:19:41Z</time>
      </trkpt>
      <trkpt lat="68.044296316802502" lon="13.349804459139705">
        <ele>11.99609375</ele>
        <time>2014-05-21T13:19:44Z</time>
      </trkpt>
      <trkpt lat="68.044317187741399" lon="13.349547972902656">
        <ele>11.62890625</ele>
        <time>2014-05-21T13:19:45Z</time>
      </trkpt>
      <trkpt lat="68.04431433789432" lon="13.349290145561099">
        <ele>10.69921875</ele>
        <time>2014-05-21T13:19:46Z</time>
      </trkpt>
      <trkpt lat="68.044291539117694" lon="13.349043633788824">
        <ele>10.1640625</ele>
        <time>2014-05-21T13:19:47Z</time>
      </trkpt>
      <trkpt lat="68.044250467792153" lon="13.348830984905362">
        <ele>13.1953125</ele>
        <time>2014-05-21T13:19:48Z</time>
      </trkpt>
      <trkpt lat="68.044193051755428" lon="13.348642894998193">
        <ele>15.96875</ele>
        <time>2014-05-21T13:19:49Z</time>
      </trkpt>
      <trkpt lat="68.044125493615866" lon="13.348492020741105">
        <ele>17.6484375</ele>
        <time>2014-05-21T13:19:50Z</time>
      </trkpt>
      <trkpt lat="68.044048128649592" lon="13.348380457609892">
        <ele>17.3046875</ele>
        <time>2014-05-21T13:19:51Z</time>
      </trkpt>
      <trkpt lat="68.043960956856608" lon="13.348325556144118">
        <ele>17.203125</ele>
        <time>2014-05-21T13:19:52Z</time>
      </trkpt>
      <trkpt lat="68.043866576626897" lon="13.348318934440613">
        <ele>16.70703125</ele>
        <time>2014-05-21T13:19:53Z</time>
      </trkpt>
      <trkpt lat="68.043473046272993" lon="13.348464863374829">
        <ele>11.1171875</ele>
        <time>2014-05-21T13:19:57Z</time>
      </trkpt>
      <trkpt lat="68.043260565027595" lon="13.348594447597861">
        <ele>16.16796875</ele>
        <time>2014-05-21T13:19:59Z</time>
      </trkpt>
      <trkpt lat="68.043156210333109" lon="13.348619090393186">
        <ele>19.49609375</ele>
        <time>2014-05-21T13:20:00Z</time>
      </trkpt>
      <trkpt lat="68.042528824880719" lon="13.348565949127078">
        <ele>29.1875</ele>
        <time>2014-05-21T13:20:06Z</time>
      </trkpt>
      <trkpt lat="68.042305363342166" lon="13.348652869462967">
        <ele>23.02734375</ele>
        <time>2014-05-21T13:20:08Z</time>
      </trkpt>
      <trkpt lat="68.041116558015347" lon="13.349026367068291">
        <ele>12.2421875</ele>
        <time>2014-05-21T13:20:18Z</time>
      </trkpt>
      <trkpt lat="68.039671182632446" lon="13.347917776554823">
        <ele>5.90625</ele>
        <time>2014-05-21T13:20:31Z</time>
      </trkpt>
      <trkpt lat="68.039254518225789" lon="13.347344119101763">
        <ele>11.4765625</ele>
        <time>2014-05-21T13:20:35Z</time>
      </trkpt>
      <trkpt lat="68.039143122732639" lon="13.34727362729609">
        <ele>11.1953125</ele>
        <time>2014-05-21T13:20:36Z</time>
      </trkpt>
      <trkpt lat="68.039029464125633" lon="13.34724479354918">
        <ele>11.6796875</ele>
        <time>2014-05-21T13:20:37Z</time>
      </trkpt>
      <trkpt lat="68.038914380595088" lon="13.347241189330816">
        <ele>12.59375</ele>
        <time>2014-05-21T13:20:38Z</time>
      </trkpt>
      <trkpt lat="68.03879963234067" lon="13.347261222079396">
        <ele>12.953125</ele>
        <time>2014-05-21T13:20:39Z</time>
      </trkpt>
      <trkpt lat="68.038685889914632" lon="13.347307071089745">
        <ele>12.69921875</ele>
        <time>2014-05-21T13:20:40Z</time>
      </trkpt>
      <trkpt lat="68.038574662059546" lon="13.347387369722128">
        <ele>11.62109375</ele>
        <time>2014-05-21T13:20:41Z</time>
      </trkpt>
      <trkpt lat="68.038464523851871" lon="13.347492897883058">
        <ele>14.0546875</ele>
        <time>2014-05-21T13:20:42Z</time>
      </trkpt>
      <trkpt lat="68.038364108651876" lon="13.347646538168192">
        <ele>17.8359375</ele>
        <time>2014-05-21T13:20:43Z</time>
      </trkpt>
      <trkpt lat="68.038270818069577" lon="13.347811996936798">
        <ele>22.43359375</ele>
        <time>2014-05-21T13:20:44Z</time>
      </trkpt>
      <trkpt lat="68.038009637966752" lon="13.348268140107393">
        <ele>23.828125</ele>
        <time>2014-05-21T13:20:47Z</time>
      </trkpt>
      <trkpt lat="68.037640079855919" lon="13.348587574437261">
        <ele>8.35546875</ele>
        <time>2014-05-21T13:20:51Z</time>
      </trkpt>
      <trkpt lat="68.037541089579463" lon="13.34854549728334">
        <ele>9.40625</ele>
        <time>2014-05-21T13:20:52Z</time>
      </trkpt>
      <trkpt lat="68.037441847845912" lon="13.348468383774161">
        <ele>12.11328125</ele>
        <time>2014-05-21T13:20:53Z</time>
      </trkpt>
      <trkpt lat="68.036347171291709" lon="13.347607562318444">
        <ele>5.66015625</ele>
        <time>2014-05-21T13:21:04Z</time>
      </trkpt>
      <trkpt lat="68.036244157701731" lon="13.347576800733805">
        <ele>5.734375</ele>
        <time>2014-05-21T13:21:05Z</time>
      </trkpt>
      <trkpt lat="68.036145670339465" lon="13.347584344446659">
        <ele>5.828125</ele>
        <time>2014-05-21T13:21:06Z</time>
      </trkpt>
      <trkpt lat="68.035700507462025" lon="13.347761537879705">
        <ele>7.203125</ele>
        <time>2014-05-21T13:21:11Z</time>
      </trkpt>
      <trkpt lat="68.035460030660033" lon="13.347853487357497">
        <ele>11.9921875</ele>
        <time>2014-05-21T13:21:15Z</time>
      </trkpt>
      <trkpt lat="68.035413762554526" lon="13.347836220636964">
        <ele>13.015625</ele>
        <time>2014-05-21T13:21:16Z</time>
      </trkpt>
      <trkpt lat="68.035364225506783" lon="13.347787773236632">
        <ele>14.17578125</ele>
        <time>2014-05-21T13:21:17Z</time>
      </trkpt>
      <trkpt lat="68.035329608246684" lon="13.347732704132795">
        <ele>15.0234375</ele>
        <time>2014-05-21T13:21:18Z</time>
      </trkpt>
      <trkpt lat="68.035303205251694" lon="13.347681406885386">
        <ele>15.6796875</ele>
        <time>2014-05-21T13:21:19Z</time>
      </trkpt>
      <trkpt lat="68.035265989601612" lon="13.347656009718776">
        <ele>16.49609375</ele>
        <time>2014-05-21T13:21:21Z</time>
      </trkpt>
      <trkpt lat="68.035257691517472" lon="13.347669504582882">
        <ele>16.640625</ele>
        <time>2014-05-21T13:21:22Z</time>
      </trkpt>
      <trkpt lat="68.035258362069726" lon="13.347737481817603">
        <ele>16.49609375</ele>
        <time>2014-05-21T13:21:38Z</time>
      </trkpt>
      <trkpt lat="68.035266660153866" lon="13.347746366634965">
        <ele>16.3046875</ele>
        <time>2014-05-21T13:22:05Z</time>
      </trkpt>
      <trkpt lat="68.035273952409625" lon="13.347741756588221">
        <ele>16.1640625</ele>
        <time>2014-05-21T13:22:29Z</time>
      </trkpt>
      <trkpt lat="68.035259200260043" lon="13.347736056894064">
        <ele>16.48046875</ele>
        <time>2014-05-21T13:23:03Z</time>
      </trkpt>
      <trkpt lat="68.035249812528491" lon="13.347739577293396">
        <ele>16.671875</ele>
        <time>2014-05-21T13:23:37Z</time>
      </trkpt>
      <trkpt lat="68.035235144197941" lon="13.347762124612927">
        <ele>16.93359375</ele>
        <time>2014-05-21T13:24:03Z</time>
      </trkpt>
      <trkpt lat="68.03522827103734" lon="13.347736895084381">
        <ele>17.125</ele>
        <time>2014-05-21T13:24:21Z</time>
      </trkpt>
      <trkpt lat="68.03523413836956" lon="13.347735637798905">
        <ele>17.00390625</ele>
        <time>2014-05-21T13:24:30Z</time>
      </trkpt>
      <trkpt lat="68.035234557464719" lon="13.347769249230623">
        <ele>16.93359375</ele>
        <time>2014-05-21T13:24:49Z</time>
      </trkpt>
      <trkpt lat="68.03517596796155" lon="13.347978042438626">
        <ele>16.93359375</ele>
        <time>2014-05-21T13:25:03Z</time>
      </trkpt>
      <trkpt lat="68.035093322396278" lon="13.348526135087013">
        <ele>10.515625</ele>
        <time>2014-05-21T13:25:20Z</time>
      </trkpt>
      <trkpt lat="68.034934904426336" lon="13.348596123978496">
        <ele>10.71875</ele>
        <time>2014-05-21T13:25:38Z</time>
      </trkpt>
      <trkpt lat="68.03477288223803" lon="13.348277192562819">
        <ele>13.71875</ele>
        <time>2014-05-21T13:25:50Z</time>
      </trkpt>
      <trkpt lat="68.034575236961246" lon="13.347920710220933">
        <ele>15.4453125</ele>
        <time>2014-05-21T13:26:09Z</time>
      </trkpt>
      <trkpt lat="68.034424781799316" lon="13.347791712731123">
        <ele>15.13671875</ele>
        <time>2014-05-21T13:26:20Z</time>
      </trkpt>
      <trkpt lat="68.034128230065107" lon="13.347810655832291">
        <ele>10.67578125</ele>
        <time>2014-05-21T13:26:42Z</time>
      </trkpt>
      <trkpt lat="68.034132085740566" lon="13.347838064655662">
        <ele>10.19921875</ele>
        <time>2015-01-18T17:01:12Z</time>
      </trkpt>
      <trkpt lat="68.03406922146678" lon="13.347838064655662">
        <ele>10.234375</ele>
      </trkpt>
      <trkpt lat="68.034022282809019" lon="13.347874358296394">
        <ele>10.203125</ele>
      </trkpt>
      <trkpt lat="68.033961681649089" lon="13.347874358296394">
        <ele>11.0625</ele>
      </trkpt>
      <trkpt lat="68.033907786011696" lon="13.347849966958165">
        <ele>12.21875</ele>
      </trkpt>
      <trkpt lat="68.033876521512866" lon="13.347782827913761">
        <ele>13.6796875</ele>
      </trkpt>
      <trkpt lat="68.033827319741249" lon="13.347733961418271">
        <ele>14.99609375</ele>
      </trkpt>
      <trkpt lat="68.033778369426727" lon="13.347697667777538">
        <ele>16.046875</ele>
      </trkpt>
      <trkpt lat="68.033729335293174" lon="13.347661457955837">
        <ele>17.02734375</ele>
      </trkpt>
      <trkpt lat="68.033691449090838" lon="13.347612507641315">
        <ele>17.98828125</ele>
      </trkpt>
      <trkpt lat="68.033651215955615" lon="13.347527347505093">
        <ele>19.29296875</ele>
      </trkpt>
      <trkpt lat="68.033606540411711" lon="13.34744218736887">
        <ele>20.48828125</ele>
      </trkpt>
      <trkpt lat="68.03357326425612" lon="13.347363313660026">
        <ele>21.0078125</ele>
      </trkpt>
      <trkpt lat="68.033539988100529" lon="13.347284439951181">
        <ele>21.15234375</ele>
      </trkpt>
      <trkpt lat="68.033513082191348" lon="13.347181174904108">
        <ele>20.953125</ele>
      </trkpt>
      <trkpt lat="68.033493049442768" lon="13.347047986462712">
        <ele>20.8203125</ele>
      </trkpt>
      <trkpt lat="68.033466394990683" lon="13.346957294270396">
        <ele>20.46875</ele>
      </trkpt>
      <trkpt lat="68.033433118835092" lon="13.346872050315142">
        <ele>19.93359375</ele>
      </trkpt>
      <trkpt lat="68.033388191834092" lon="13.346835840493441">
        <ele>19.40625</ele>
      </trkpt>
      <trkpt lat="68.033352233469486" lon="13.346781441941857">
        <ele>19.1953125</ele>
      </trkpt>
      <trkpt lat="68.033305378630757" lon="13.346745232120156">
        <ele>18.57421875</ele>
      </trkpt>
      <trkpt lat="68.033260451629758" lon="13.346684463322163">
        <ele>18.125</ele>
      </trkpt>
      <trkpt lat="68.033215859904885" lon="13.346641883254051">
        <ele>17.4921875</ele>
      </trkpt>
      <trkpt lat="68.033177889883518" lon="13.346581198275089">
        <ele>17.0625</ele>
      </trkpt>
      <trkpt lat="68.033155594021082" lon="13.346477933228016">
        <ele>17.16796875</ele>
      </trkpt>
      <trkpt lat="68.033122317865491" lon="13.346417164430022">
        <ele>16.72265625</ele>
      </trkpt>
      <trkpt lat="68.033088957890868" lon="13.346308367326856">
        <ele>16.47265625</ele>
      </trkpt>
      <trkpt lat="68.033064315095544" lon="13.346211388707161">
        <ele>16.76953125</ele>
      </trkpt>
      <trkpt lat="68.033019723370671" lon="13.346126228570938">
        <ele>16.3984375</ele>
      </trkpt>
      <trkpt lat="68.032981837168336" lon="13.346047354862094">
        <ele>16.203125</ele>
      </trkpt>
      <trkpt lat="68.032952835783362" lon="13.34597485139966">
        <ele>16.43359375</ele>
      </trkpt>
      <trkpt lat="68.032903885468841" lon="13.345938557758927">
        <ele>16.1015625</ele>
      </trkpt>
      <trkpt lat="68.032854935154319" lon="13.345884159207344">
        <ele>16.109375</ele>
      </trkpt>
      <trkpt lat="68.03280171006918" lon="13.345866054296494">
        <ele>15.69921875</ele>
      </trkpt>
      <trkpt lat="68.032754771411419" lon="13.34581165574491">
        <ele>15.99609375</ele>
      </trkpt>
      <trkpt lat="68.032708168029785" lon="13.345739152282476">
        <ele>16.66796875</ele>
      </trkpt>
      <trkpt lat="68.03266148082912" lon="13.345684837549925">
        <ele>16.859375</ele>
      </trkpt>
      <trkpt lat="68.032610267400742" lon="13.345666648820043">
        <ele>16.51953125</ele>
      </trkpt>
      <trkpt lat="68.032556958496571" lon="13.345648543909192">
        <ele>16.1171875</ele>
      </trkpt>
      <trkpt lat="68.03251001983881" lon="13.345551565289497">
        <ele>16.4296875</ele>
      </trkpt>
      <trkpt lat="68.032474396750331" lon="13.345490796491504">
        <ele>16.44921875</ele>
      </trkpt>
      <trkpt lat="68.032418489456177" lon="13.345515271648765">
        <ele>15.3203125</ele>
      </trkpt>
      <trkpt lat="68.032358223572373" lon="13.345515271648765">
        <ele>13.95703125</ele>
      </trkpt>
      <trkpt lat="68.032293682917953" lon="13.345515271648765">
        <ele>12.49609375</ele>
      </trkpt>
      <trkpt lat="68.032235763967037" lon="13.345515271648765">
        <ele>11.18359375</ele>
      </trkpt>
      <trkpt lat="68.032180108129978" lon="13.345515271648765">
        <ele>9.92578125</ele>
      </trkpt>
      <trkpt lat="68.032124200835824" lon="13.345515271648765">
        <ele>8.66015625</ele>
      </trkpt>
      <trkpt lat="68.032074999064207" lon="13.345448216423392">
        <ele>8.109375</ele>
      </trkpt>
      <trkpt lat="68.032039040699601" lon="13.345363056287169">
        <ele>8.02734375</ele>
      </trkpt>
      <trkpt lat="68.031998807564378" lon="13.345296001061797">
        <ele>7.71484375</ele>
      </trkpt>
      <trkpt lat="68.031960837543011" lon="13.345235316082835">
        <ele>7.4140625</ele>
      </trkpt>
      <trkpt lat="68.031922867521644" lon="13.345180917531252">
        <ele>7.48046875</ele>
      </trkpt>
      <trkpt lat="68.031895961612463" lon="13.345108414068818">
        <ele>8.984375</ele>
      </trkpt>
      <trkpt lat="68.031857991591096" lon="13.345035826787353">
        <ele>10.41015625</ele>
      </trkpt>
      <trkpt lat="68.031813064590096" lon="13.344986960291862">
        <ele>10.95703125</ele>
      </trkpt>
      <trkpt lat="68.031777441501617" lon="13.344853688031435">
        <ele>13.5625</ele>
      </trkpt>
      <trkpt lat="68.031741818413138" lon="13.344786632806063">
        <ele>14.25390625</ele>
      </trkpt>
      <trkpt lat="68.031701920554042" lon="13.344677919521928">
        <ele>15.50390625</ele>
      </trkpt>
      <trkpt lat="68.031675266101956" lon="13.344598961994052">
        <ele>15.48828125</ele>
      </trkpt>
      <trkpt lat="68.031650623306632" lon="13.344495696946979">
        <ele>15.1796875</ele>
      </trkpt>
      <trkpt lat="68.03160167299211" lon="13.344416907057166">
        <ele>14.16796875</ele>
      </trkpt>
      <trkpt lat="68.031557081267238" lon="13.344338033348322">
        <ele>13.41796875</ele>
      </trkpt>
      <trkpt lat="68.031496815383434" lon="13.344313558191061">
        <ele>12.01171875</ele>
      </trkpt>
      <trkpt lat="68.03144090808928" lon="13.344331746920943">
        <ele>10.40625</ele>
      </trkpt>
      <trkpt lat="68.031391622498631" lon="13.344374326989055">
        <ele>8.703125</ele>
      </trkpt>
      <trkpt lat="68.031353736296296" lon="13.344435011968017">
        <ele>7.05078125</ele>
      </trkpt>
      <trkpt lat="68.031306797638535" lon="13.344477592036128">
        <ele>6.16015625</ele>
      </trkpt>
      <trkpt lat="68.031255248934031" lon="13.344502067193389">
        <ele>6.75390625</ele>
      </trkpt>
      <trkpt lat="68.031237227842212" lon="13.344538360834122">
        <ele>6.69140625</ele>
      </trkpt>
    </trkseg>
  </trk>

</gpx>
