<?xml version="1.0"?>
<gpx xmlns="http://www.topografix.com/GPX/1/1" xmlns:xsi="http://www.w3.org/2001/XMLSchema-instance" xmlns:wptx1="http://www.garmin.com/xmlschemas/WaypointExtension/v1" xmlns:gpxtrx="http://www.garmin.com/xmlschemas/GpxExtensions/v3" xmlns:gpxtpx="http://www.garmin.com/xmlschemas/TrackPointExtension/v1" xmlns:gpxx="http://www.garmin.com/xmlschemas/GpxExtensions/v3" xmlns:trp="http://www.garmin.com/xmlschemas/TripExtensions/v1" xmlns:adv="http://www.garmin.com/xmlschemas/AdventuresExtensions/v1" xmlns:prs="http://www.garmin.com/xmlschemas/PressureExtension/v1" xmlns:tmd="http://www.garmin.com/xmlschemas/TripMetaDataExtensions/v1" xmlns:vptm="http://www.garmin.com/xmlschemas/ViaPointTransportationModeExtensions/v1" xmlns:ctx="http://www.garmin.com/xmlschemas/CreationTimeExtension/v1" creator="Garmin Desktop App" version="1.1" xsi:schemaLocation="http://www.topografix.com/GPX/1/1 http://www.topografix.com/GPX/1/1/gpx.xsd http://www.garmin.com/xmlschemas/WaypointExtension/v1 http://www8.garmin.com/xmlschemas/WaypointExtensionv1.xsd http://www.garmin.com/xmlschemas/TrackPointExtension/v1 http://www.garmin.com/xmlschemas/TrackPointExtensionv1.xsd http://www.garmin.com/xmlschemas/GpxExtensions/v3 http://www8.garmin.com/xmlschemas/GpxExtensionsv3.xsd http://www.garmin.com/xmlschemas/ActivityExtension/v1 http://www8.garmin.com/xmlschemas/ActivityExtensionv1.xsd http://www.garmin.com/xmlschemas/AdventuresExtensions/v1 http://www8.garmin.com/xmlschemas/AdventuresExtensionv1.xsd http://www.garmin.com/xmlschemas/PressureExtension/v1 http://www.garmin.com/xmlschemas/PressureExtensionv1.xsd http://www.garmin.com/xmlschemas/TripExtensions/v1 http://www.garmin.com/xmlschemas/TripExtensionsv1.xsd http://www.garmin.com/xmlschemas/TripMetaDataExtensions/v1 http://www.garmin.com/xmlschemas/TripMetaDataExtensionsv1.xsd http://www.garmin.com/xmlschemas/ViaPointTransportationModeExtensions/v1 http://www.garmin.com/xmlschemas/ViaPointTransportationModeExtensionsv1.xsd http://www.garmin.com/xmlschemas/CreationTimeExtensions/v1 http://www.garmin.com/xmlschemas/CreationTimeExtensionsv1.xsd">

  <metadata>
    <link href="http://www.garmin.com">
      <text>Garmin International</text>
    </link>
    <time>2015-01-21T11:36:47Z</time>
    <bounds maxlat="68.090990642085671" maxlon="13.207807978615165" minlat="68.035806370899081" minlon="13.071815455332398"/>
  </metadata>

  <wpt lat="68.036476084962487" lon="13.071815455332398">
    <ele>28.90625</ele>
    <time>2015-01-18T17:27:56Z</time>
    <name>Bivouac n°8</name>
    <cmt>Prés de la cabane de la DNT

</cmt>
    <desc>Prés de la cabane de la DNT

</desc>
    <sym>Campground</sym>
    <type>user</type>
    <extensions>
      <gpxx:WaypointExtension>
        <gpxx:DisplayMode>SymbolAndName</gpxx:DisplayMode>
        <gpxx:Categories>
          <gpxx:Category>Moskenesoya</gpxx:Category>
        </gpxx:Categories>
      </gpxx:WaypointExtension>
      <wptx1:WaypointExtension>
        <wptx1:DisplayMode>SymbolAndName</wptx1:DisplayMode>
        <wptx1:Categories>
          <wptx1:Category>Moskenesoya</wptx1:Category>
        </wptx1:Categories>
      </wptx1:WaypointExtension>
      <ctx:CreationTimeExtension>
        <ctx:CreationTime>2015-01-18T17:27:56Z</ctx:CreationTime>
      </ctx:CreationTimeExtension>
    </extensions>
  </wpt>

  <trk>
    <name>GT_Moskenesoya_Etape8</name>
    <extensions>
      <gpxx:TrackExtension>
        <gpxx:DisplayColor>DarkGray</gpxx:DisplayColor>
      </gpxx:TrackExtension>
    </extensions>
    <trkseg>
      <trkpt lat="68.074487932026386" lon="13.207807978615165">
        <ele>17.0859375</ele>
        <time>2014-05-21T15:33:21Z</time>
      </trkpt>
      <trkpt lat="68.074259357526898" lon="13.203469924628735">
        <ele>16.41796875</ele>
        <time>2014-05-21T15:33:36Z</time>
      </trkpt>
      <trkpt lat="68.07426237501204" lon="13.203131966292858">
        <ele>16.359375</ele>
        <time>2014-05-21T15:33:38Z</time>
      </trkpt>
      <trkpt lat="68.074277797713876" lon="13.203007746487856">
        <ele>15.87890625</ele>
        <time>2014-05-21T15:33:39Z</time>
      </trkpt>
      <trkpt lat="68.074307385832071" lon="13.202898949384689">
        <ele>14.98828125</ele>
        <time>2014-05-21T15:33:40Z</time>
      </trkpt>
      <trkpt lat="68.074376452714205" lon="13.202863074839115">
        <ele>13.5625</ele>
        <time>2014-05-21T15:33:41Z</time>
      </trkpt>
      <trkpt lat="68.074451219290495" lon="13.202821332961321">
        <ele>12.03125</ele>
        <time>2014-05-21T15:33:42Z</time>
      </trkpt>
      <trkpt lat="68.074692115187645" lon="13.202338702976704">
        <ele>6.953125</ele>
        <time>2014-05-21T15:33:46Z</time>
      </trkpt>
      <trkpt lat="68.074732264503837" lon="13.202146757394075">
        <ele>6.1015625</ele>
        <time>2014-05-21T15:33:47Z</time>
      </trkpt>
      <trkpt lat="68.07476319372654" lon="13.20193050429225">
        <ele>5.296875</ele>
        <time>2014-05-21T15:33:48Z</time>
      </trkpt>
      <trkpt lat="68.074868973344564" lon="13.200896512717009">
        <ele>1.8359375</ele>
        <time>2014-05-21T15:33:52Z</time>
      </trkpt>
      <trkpt lat="68.075044993311167" lon="13.19970334880054">
        <ele>0</ele>
        <time>2014-05-21T15:33:56Z</time>
      </trkpt>
      <trkpt lat="68.075226293876767" lon="13.198846718296409">
        <ele>0</ele>
        <time>2014-05-21T15:33:59Z</time>
      </trkpt>
      <trkpt lat="68.075991813093424" lon="13.196843778714538">
        <ele>0.5546875</ele>
        <time>2014-05-21T15:34:08Z</time>
      </trkpt>
      <trkpt lat="68.076436640694737" lon="13.196223014965653">
        <ele>0</ele>
        <time>2014-05-21T15:34:13Z</time>
      </trkpt>
      <trkpt lat="68.077104426920414" lon="13.195621697232127">
        <ele>0</ele>
        <time>2014-05-21T15:34:19Z</time>
      </trkpt>
      <trkpt lat="68.077343897894025" lon="13.195427320897579">
        <ele>0</ele>
        <time>2014-05-21T15:34:21Z</time>
      </trkpt>
      <trkpt lat="68.077464764937758" lon="13.195329587906599">
        <ele>0</ele>
        <time>2014-05-21T15:34:22Z</time>
      </trkpt>
      <trkpt lat="68.077583452686667" lon="13.195234453305602">
        <ele>0</ele>
        <time>2014-05-21T15:34:23Z</time>
      </trkpt>
      <trkpt lat="68.077822253108025" lon="13.195039825513959">
        <ele>0</ele>
        <time>2014-05-21T15:34:25Z</time>
      </trkpt>
      <trkpt lat="68.078176053240895" lon="13.194764479994774">
        <ele>0</ele>
        <time>2014-05-21T15:34:28Z</time>
      </trkpt>
      <trkpt lat="68.078409992158413" lon="13.194579156115651">
        <ele>0</ele>
        <time>2014-05-21T15:34:30Z</time>
      </trkpt>
      <trkpt lat="68.079531574621797" lon="13.193702241405845">
        <ele>0</ele>
        <time>2014-05-21T15:34:39Z</time>
      </trkpt>
      <trkpt lat="68.080087546259165" lon="13.193253306671977">
        <ele>0</ele>
        <time>2014-05-21T15:34:43Z</time>
      </trkpt>
      <trkpt lat="68.080522567033768" lon="13.192912917584181">
        <ele>0</ele>
        <time>2014-05-21T15:34:46Z</time>
      </trkpt>
      <trkpt lat="68.082332387566566" lon="13.19145823828876">
        <ele>0</ele>
        <time>2014-05-21T15:34:58Z</time>
      </trkpt>
      <trkpt lat="68.083443911746144" lon="13.190548298880458">
        <ele>3.51171875</ele>
        <time>2014-05-21T15:35:06Z</time>
      </trkpt>
      <trkpt lat="68.083919920027256" lon="13.18999576382339">
        <ele>2.3984375</ele>
        <time>2014-05-21T15:35:10Z</time>
      </trkpt>
      <trkpt lat="68.084025699645281" lon="13.189821923151612">
        <ele>1.48046875</ele>
        <time>2014-05-21T15:35:11Z</time>
      </trkpt>
      <trkpt lat="68.084123600274324" lon="13.18963123485446">
        <ele>0.90625</ele>
        <time>2014-05-21T15:35:12Z</time>
      </trkpt>
      <trkpt lat="68.084214124828577" lon="13.189424285665154">
        <ele>0.74609375</ele>
        <time>2014-05-21T15:35:13Z</time>
      </trkpt>
      <trkpt lat="68.084459295496345" lon="13.188735628500581">
        <ele>0.3046875</ele>
        <time>2014-05-21T15:35:16Z</time>
      </trkpt>
      <trkpt lat="68.084524758160114" lon="13.188481153920293">
        <ele>0.13671875</ele>
        <time>2014-05-21T15:35:17Z</time>
      </trkpt>
      <trkpt lat="68.084703460335732" lon="13.187689064070582">
        <ele>0</ele>
        <time>2014-05-21T15:35:20Z</time>
      </trkpt>
      <trkpt lat="68.085383484140038" lon="13.18475816398859">
        <ele>1.6875</ele>
        <time>2014-05-21T15:35:31Z</time>
      </trkpt>
      <trkpt lat="68.085522120818496" lon="13.184176040813327">
        <ele>2.875</ele>
        <time>2014-05-21T15:35:33Z</time>
      </trkpt>
      <trkpt lat="68.085756562650204" lon="13.183269035071135">
        <ele>8.63671875</ele>
        <time>2014-05-21T15:35:36Z</time>
      </trkpt>
      <trkpt lat="68.085942305624485" lon="13.18268733099103">
        <ele>12.05078125</ele>
        <time>2014-05-21T15:35:38Z</time>
      </trkpt>
      <trkpt lat="68.08625134639442" lon="13.181823659688234">
        <ele>12.7265625</ele>
        <time>2014-05-21T15:35:41Z</time>
      </trkpt>
      <trkpt lat="68.086786363273859" lon="13.18036487326026">
        <ele>5.5234375</ele>
        <time>2014-05-21T15:35:46Z</time>
      </trkpt>
      <trkpt lat="68.087223647162318" lon="13.178488751873374">
        <ele>8.578125</ele>
        <time>2014-05-21T15:35:52Z</time>
      </trkpt>
      <trkpt lat="68.087257174775004" lon="13.178156493231654">
        <ele>9.34375</ele>
        <time>2014-05-21T15:35:53Z</time>
      </trkpt>
      <trkpt lat="68.087282152846456" lon="13.177818786352873">
        <ele>9.6875</ele>
        <time>2014-05-21T15:35:54Z</time>
      </trkpt>
      <trkpt lat="68.087221970781684" lon="13.174700969830155">
        <ele>4.5390625</ele>
        <time>2014-05-21T15:36:03Z</time>
      </trkpt>
      <trkpt lat="68.087183749303222" lon="13.174009043723345">
        <ele>2.8125</ele>
        <time>2014-05-21T15:36:05Z</time>
      </trkpt>
      <trkpt lat="68.087182072922587" lon="13.173670750111341">
        <ele>2.80078125</ele>
        <time>2014-05-21T15:36:06Z</time>
      </trkpt>
      <trkpt lat="68.087188862264156" lon="13.173336731269956">
        <ele>2.50390625</ele>
        <time>2014-05-21T15:36:07Z</time>
      </trkpt>
      <trkpt lat="68.087207050994039" lon="13.173003047704697">
        <ele>2.1953125</ele>
        <time>2014-05-21T15:36:08Z</time>
      </trkpt>
      <trkpt lat="68.087232615798712" lon="13.172671124339104">
        <ele>1.8671875</ele>
        <time>2014-05-21T15:36:09Z</time>
      </trkpt>
      <trkpt lat="68.087603682652116" lon="13.168761385604739">
        <ele>1.44140625</ele>
        <time>2014-05-21T15:36:21Z</time>
      </trkpt>
      <trkpt lat="68.088091677054763" lon="13.165699895471334">
        <ele>5.95703125</ele>
        <time>2014-07-05T12:51:29Z</time>
      </trkpt>
      <trkpt lat="68.08831681497395" lon="13.165137888863683">
        <ele>7.6875</ele>
        <time>2014-07-05T12:51:51Z</time>
      </trkpt>
      <trkpt lat="68.088523512706161" lon="13.164678812026978">
        <ele>9.203125</ele>
        <time>2014-07-05T12:52:10Z</time>
      </trkpt>
      <trkpt lat="68.088739095255733" lon="13.164181932806969">
        <ele>11.21484375</ele>
        <time>2014-07-05T12:52:31Z</time>
      </trkpt>
      <trkpt lat="68.088958533480763" lon="13.163744481280446">
        <ele>12.40234375</ele>
        <time>2014-07-05T12:52:50Z</time>
      </trkpt>
      <trkpt lat="68.089209320023656" lon="13.163254391402006">
        <ele>14.28515625</ele>
        <time>2014-07-05T12:53:12Z</time>
      </trkpt>
      <trkpt lat="68.089409647509456" lon="13.162880139425397">
        <ele>15.2265625</ele>
        <time>2014-07-05T12:53:30Z</time>
      </trkpt>
      <trkpt lat="68.089636629447341" lon="13.162532793357968">
        <ele>16.046875</ele>
        <time>2014-07-05T12:53:49Z</time>
      </trkpt>
      <trkpt lat="68.089859755709767" lon="13.162279073148966">
        <ele>17.11328125</ele>
        <time>2014-07-05T12:54:06Z</time>
      </trkpt>
      <trkpt lat="68.090134682133794" lon="13.162118559703231">
        <ele>17.8984375</ele>
        <time>2014-07-05T12:54:26Z</time>
      </trkpt>
      <trkpt lat="68.090370213612914" lon="13.162039266899228">
        <ele>18</ele>
        <time>2014-07-05T12:54:44Z</time>
      </trkpt>
      <trkpt lat="68.090622508898377" lon="13.161814967170358">
        <ele>18</ele>
        <time>2014-07-05T12:55:03Z</time>
      </trkpt>
      <trkpt lat="68.090757792815566" lon="13.161183223128319">
        <ele>18</ele>
        <time>2014-07-05T12:55:24Z</time>
      </trkpt>
      <trkpt lat="68.090753769502044" lon="13.160403287038207">
        <ele>17.97265625</ele>
        <time>2014-07-05T12:55:44Z</time>
      </trkpt>
      <trkpt lat="68.090757122263312" lon="13.159733237698674">
        <ele>17</ele>
        <time>2014-07-05T12:56:01Z</time>
      </trkpt>
      <trkpt lat="68.090744381770492" lon="13.159117335453629">
        <ele>16.984375</ele>
        <time>2014-07-05T12:56:18Z</time>
      </trkpt>
      <trkpt lat="68.090736083686352" lon="13.158496906980872">
        <ele>16.72265625</ele>
        <time>2014-07-05T12:56:35Z</time>
      </trkpt>
      <trkpt lat="68.090747566893697" lon="13.157945042476058">
        <ele>15.71484375</ele>
        <time>2014-07-05T12:56:50Z</time>
      </trkpt>
      <trkpt lat="68.090751338750124" lon="13.15737783908844">
        <ele>14.9921875</ele>
        <time>2014-07-05T12:57:06Z</time>
      </trkpt>
      <trkpt lat="68.090745806694031" lon="13.156854975968599">
        <ele>14.75390625</ele>
        <time>2014-07-05T12:57:21Z</time>
      </trkpt>
      <trkpt lat="68.090756284072995" lon="13.156196745112538">
        <ele>13.984375</ele>
        <time>2014-07-05T12:57:39Z</time>
      </trkpt>
      <trkpt lat="68.090785704553127" lon="13.155628871172667">
        <ele>13.91015625</ele>
        <time>2014-07-05T12:57:55Z</time>
      </trkpt>
      <trkpt lat="68.090815879404545" lon="13.155052782967687">
        <ele>13.4453125</ele>
        <time>2014-07-05T12:58:11Z</time>
      </trkpt>
      <trkpt lat="68.090852005407214" lon="13.154343422502279">
        <ele>12.83984375</ele>
        <time>2014-07-05T12:58:30Z</time>
      </trkpt>
      <trkpt lat="68.09089869260788" lon="13.153517972677946">
        <ele>11.828125</ele>
        <time>2014-07-05T12:58:52Z</time>
      </trkpt>
      <trkpt lat="68.090952336788177" lon="13.152816072106361">
        <ele>11.19140625</ele>
        <time>2014-07-05T12:59:10Z</time>
      </trkpt>
      <trkpt lat="68.090968262404203" lon="13.152167396619916">
        <ele>11</ele>
        <time>2014-07-05T12:59:28Z</time>
      </trkpt>
      <trkpt lat="68.090970022603869" lon="13.151552751660347">
        <ele>10.55078125</ele>
        <time>2014-07-05T12:59:45Z</time>
      </trkpt>
      <trkpt lat="68.090973710641265" lon="13.150972807779908">
        <ele>9.60546875</ele>
        <time>2014-07-05T13:00:01Z</time>
      </trkpt>
      <trkpt lat="68.090976728126407" lon="13.150812797248363">
        <ele>9.38671875</ele>
        <time>2014-07-05T13:00:06Z</time>
      </trkpt>
      <trkpt lat="68.090975638478994" lon="13.150317091494799">
        <ele>8.99609375</ele>
        <time>2014-07-05T13:00:20Z</time>
      </trkpt>
      <trkpt lat="68.090978236868978" lon="13.149757850915194">
        <ele>8.41796875</ele>
        <time>2014-07-05T13:00:36Z</time>
      </trkpt>
      <trkpt lat="68.090990642085671" lon="13.149312771856785">
        <ele>7.26953125</ele>
        <time>2014-07-05T13:00:49Z</time>
      </trkpt>
      <trkpt lat="68.090986115857959" lon="13.149182936176658">
        <ele>6.97265625</ele>
        <time>2014-07-05T13:00:53Z</time>
      </trkpt>
      <trkpt lat="68.090984271839261" lon="13.149082353338599">
        <ele>6.87109375</ele>
        <time>2014-07-05T13:00:56Z</time>
      </trkpt>
      <trkpt lat="68.090963484719396" lon="13.14852830953896">
        <ele>6.18359375</ele>
        <time>2014-07-05T13:01:12Z</time>
      </trkpt>
      <trkpt lat="68.09093875810504" lon="13.14802304841578">
        <ele>5.17578125</ele>
        <time>2014-07-05T13:01:26Z</time>
      </trkpt>
      <trkpt lat="68.090934650972486" lon="13.147953897714615">
        <ele>5</ele>
        <time>2014-07-05T13:01:28Z</time>
      </trkpt>
      <trkpt lat="68.090892909094691" lon="13.147884244099259">
        <ele>4.78515625</ele>
        <time>2014-07-05T13:01:38Z</time>
      </trkpt>
      <trkpt lat="68.090886203572154" lon="13.147866306826472">
        <ele>4.73828125</ele>
        <time>2014-07-05T13:01:48Z</time>
      </trkpt>
      <trkpt lat="68.090886203572154" lon="13.147874856367707">
        <ele>4.7578125</ele>
        <time>2014-07-05T13:02:02Z</time>
      </trkpt>
      <trkpt lat="68.09088159352541" lon="13.147868067026138">
        <ele>4.734375</ele>
        <time>2014-07-05T13:02:04Z</time>
      </trkpt>
      <trkpt lat="68.090903721749783" lon="13.147850632667542">
        <ele>4.71875</ele>
        <time>2014-07-05T13:02:18Z</time>
      </trkpt>
      <trkpt lat="68.090879917144775" lon="13.147879634052515">
        <ele>4.76171875</ele>
        <time>2014-07-05T13:02:33Z</time>
      </trkpt>
      <trkpt lat="68.090885113924742" lon="13.147851889953017">
        <ele>4.703125</ele>
        <time>2014-07-05T13:02:44Z</time>
      </trkpt>
      <trkpt lat="68.090905481949449" lon="13.147897906601429">
        <ele>4.83203125</ele>
        <time>2014-07-05T13:02:59Z</time>
      </trkpt>
      <trkpt lat="68.090901039540768" lon="13.147903019562364">
        <ele>4.8359375</ele>
        <time>2014-07-05T13:03:16Z</time>
      </trkpt>
      <trkpt lat="68.090883102267981" lon="13.147892290726304">
        <ele>4.79296875</ele>
        <time>2014-07-05T13:03:26Z</time>
      </trkpt>
      <trkpt lat="68.090904979035258" lon="13.147834287956357">
        <ele>4.6796875</ele>
        <time>2014-07-05T13:03:48Z</time>
      </trkpt>
      <trkpt lat="68.090899949893355" lon="13.14783881418407">
        <ele>4.6875</ele>
        <time>2014-07-05T13:04:17Z</time>
      </trkpt>
      <trkpt lat="68.09089433401823" lon="13.147813500836492">
        <ele>4.62109375</ele>
        <time>2014-07-05T13:04:35Z</time>
      </trkpt>
      <trkpt lat="68.09092023409903" lon="13.147810567170382">
        <ele>4.63671875</ele>
        <time>2014-07-05T13:04:52Z</time>
      </trkpt>
      <trkpt lat="68.090922245755792" lon="13.147867480292916">
        <ele>4.77734375</ele>
        <time>2014-07-05T13:05:12Z</time>
      </trkpt>
      <trkpt lat="68.090881509706378" lon="13.14789648167789">
        <ele>4.80078125</ele>
        <time>2014-07-05T13:05:26Z</time>
      </trkpt>
      <trkpt lat="68.090865667909384" lon="13.147889859974384">
        <ele>4.765625</ele>
        <time>2014-07-05T13:05:49Z</time>
      </trkpt>
      <trkpt lat="68.090866003185511" lon="13.147878041490912">
        <ele>4.7421875</ele>
        <time>2014-07-05T13:06:10Z</time>
      </trkpt>
      <trkpt lat="68.090831050649285" lon="13.147862367331982">
        <ele>4.671875</ele>
        <time>2014-07-05T13:06:31Z</time>
      </trkpt>
      <trkpt lat="68.09080540202558" lon="13.147903271019459">
        <ele>4.7265625</ele>
        <time>2014-07-05T13:06:42Z</time>
      </trkpt>
      <trkpt lat="68.0906299687922" lon="13.148023383691907">
        <ele>5.0234375</ele>
        <time>2014-07-05T13:06:56Z</time>
      </trkpt>
      <trkpt lat="68.090573558583856" lon="13.148047188296914">
        <ele>5.16796875</ele>
        <time>2014-07-05T13:07:00Z</time>
      </trkpt>
      <trkpt lat="68.090348420664668" lon="13.148169899359345">
        <ele>5.734375</ele>
        <time>2014-07-05T13:07:17Z</time>
      </trkpt>
      <trkpt lat="68.090132754296064" lon="13.148173587396741">
        <ele>6.09765625</ele>
        <time>2014-07-05T13:07:34Z</time>
      </trkpt>
      <trkpt lat="68.089919351041317" lon="13.148137209936976">
        <ele>6.5</ele>
        <time>2014-07-05T13:07:51Z</time>
      </trkpt>
      <trkpt lat="68.08970108628273" lon="13.148121954873204">
        <ele>6.89453125</ele>
        <time>2014-07-05T13:08:08Z</time>
      </trkpt>
      <trkpt lat="68.089472092688084" lon="13.148065879940987">
        <ele>8.0390625</ele>
        <time>2014-07-05T13:08:25Z</time>
      </trkpt>
      <trkpt lat="68.089262042194605" lon="13.147857673466206">
        <ele>9.17578125</ele>
        <time>2014-07-05T13:08:43Z</time>
      </trkpt>
      <trkpt lat="68.089085351675749" lon="13.147701770067215">
        <ele>10.16796875</ele>
        <time>2014-07-05T13:08:59Z</time>
      </trkpt>
      <trkpt lat="68.088885527104139" lon="13.147512506693602">
        <ele>12.5703125</ele>
        <time>2014-07-05T13:09:16Z</time>
      </trkpt>
      <trkpt lat="68.088876307010651" lon="13.147493144497275">
        <ele>12.65625</ele>
        <time>2014-07-05T13:09:17Z</time>
      </trkpt>
      <trkpt lat="68.088749153539538" lon="13.147379402071238">
        <ele>14.14453125</ele>
        <time>2014-07-05T13:09:29Z</time>
      </trkpt>
      <trkpt lat="68.088653180748224" lon="13.147203046828508">
        <ele>14.921875</ele>
        <time>2014-07-05T13:09:44Z</time>
      </trkpt>
      <trkpt lat="68.08864513412118" lon="13.147156527265906">
        <ele>14.87890625</ele>
        <time>2014-07-05T13:09:49Z</time>
      </trkpt>
      <trkpt lat="68.088569948449731" lon="13.146604159846902">
        <ele>13.9765625</ele>
        <time>2014-07-05T13:10:07Z</time>
      </trkpt>
      <trkpt lat="68.08839107863605" lon="13.14629964530468">
        <ele>14.5703125</ele>
        <time>2014-07-05T13:10:24Z</time>
      </trkpt>
      <trkpt lat="68.088163593783975" lon="13.146027233451605">
        <ele>15.2265625</ele>
        <time>2014-07-05T13:10:42Z</time>
      </trkpt>
      <trkpt lat="68.087916076183319" lon="13.145822044461966">
        <ele>16.28515625</ele>
        <time>2014-07-05T13:11:02Z</time>
      </trkpt>
      <trkpt lat="68.087691608816385" lon="13.145566564053297">
        <ele>17.3515625</ele>
        <time>2014-07-05T13:11:20Z</time>
      </trkpt>
      <trkpt lat="68.08746219612658" lon="13.145241178572178">
        <ele>16.91015625</ele>
        <time>2014-07-05T13:11:39Z</time>
      </trkpt>
      <trkpt lat="68.087239488959312" lon="13.144839853048325">
        <ele>16.8046875</ele>
        <time>2014-07-05T13:11:58Z</time>
      </trkpt>
      <trkpt lat="68.087024157866836" lon="13.144444394856691">
        <ele>17.1015625</ele>
        <time>2014-07-05T13:12:17Z</time>
      </trkpt>
      <trkpt lat="68.086814777925611" lon="13.144050696864724">
        <ele>16.484375</ele>
        <time>2014-07-05T13:12:37Z</time>
      </trkpt>
      <trkpt lat="68.086662227287889" lon="13.143810220062733">
        <ele>16.8359375</ele>
        <time>2014-07-05T13:12:53Z</time>
      </trkpt>
      <trkpt lat="68.086619479581714" lon="13.143770406022668">
        <ele>17.08203125</ele>
        <time>2014-07-05T13:12:57Z</time>
      </trkpt>
      <trkpt lat="68.086542785167694" lon="13.143692538142204">
        <ele>17.48828125</ele>
        <time>2014-07-05T13:13:04Z</time>
      </trkpt>
      <trkpt lat="68.086503390222788" lon="13.143683234229684">
        <ele>17.86328125</ele>
        <time>2014-07-05T13:13:08Z</time>
      </trkpt>
      <trkpt lat="68.086476735770702" lon="13.143726736307144">
        <ele>18.38671875</ele>
        <time>2014-07-05T13:13:11Z</time>
      </trkpt>
      <trkpt lat="68.086418733000755" lon="13.143875263631344">
        <ele>19.81640625</ele>
        <time>2014-07-05T13:13:25Z</time>
      </trkpt>
      <trkpt lat="68.086429294198751" lon="13.143907282501459">
        <ele>19.875</ele>
        <time>2014-07-05T13:13:48Z</time>
      </trkpt>
      <trkpt lat="68.086409261450171" lon="13.143891273066401">
        <ele>20.00390625</ele>
        <time>2014-07-05T13:14:10Z</time>
      </trkpt>
      <trkpt lat="68.08639551512897" lon="13.143870150670409">
        <ele>20.0390625</ele>
        <time>2014-07-05T13:14:38Z</time>
      </trkpt>
      <trkpt lat="68.08630708605051" lon="13.143555577844381">
        <ele>19.48046875</ele>
        <time>2014-07-05T13:14:49Z</time>
      </trkpt>
      <trkpt lat="68.086154870688915" lon="13.143326751887798">
        <ele>20.50390625</ele>
        <time>2014-07-05T13:15:03Z</time>
      </trkpt>
      <trkpt lat="68.085963595658541" lon="13.143125753849745">
        <ele>21.69140625</ele>
        <time>2014-07-05T13:15:20Z</time>
      </trkpt>
      <trkpt lat="68.085798807442188" lon="13.142923414707184">
        <ele>22.41015625</ele>
        <time>2014-07-05T13:15:37Z</time>
      </trkpt>
      <trkpt lat="68.085647262632847" lon="13.142738174647093">
        <ele>23.44921875</ele>
        <time>2014-07-05T13:15:52Z</time>
      </trkpt>
      <trkpt lat="68.085588421672583" lon="13.142700372263789">
        <ele>24.12890625</ele>
        <time>2014-07-05T13:15:58Z</time>
      </trkpt>
      <trkpt lat="68.085504015907645" lon="13.142817299813032">
        <ele>26.23828125</ele>
        <time>2014-07-05T13:16:07Z</time>
      </trkpt>
      <trkpt lat="68.085394883528352" lon="13.142882846295834">
        <ele>28.5</ele>
        <time>2014-07-05T13:16:17Z</time>
      </trkpt>
      <trkpt lat="68.085259767249227" lon="13.142839092761278">
        <ele>30.37109375</ele>
        <time>2014-07-05T13:16:33Z</time>
      </trkpt>
      <trkpt lat="68.085207128897309" lon="13.142841858789325">
        <ele>31.25</ele>
        <time>2014-07-05T13:16:43Z</time>
      </trkpt>
      <trkpt lat="68.085134793072939" lon="13.142881169915199">
        <ele>33.1796875</ele>
        <time>2014-07-05T13:16:56Z</time>
      </trkpt>
      <trkpt lat="68.085017949342728" lon="13.142889887094498">
        <ele>36.125</ele>
        <time>2014-07-05T13:17:11Z</time>
      </trkpt>
      <trkpt lat="68.084933459758759" lon="13.142947470769286">
        <ele>38.76171875</ele>
        <time>2014-07-05T13:17:24Z</time>
      </trkpt>
      <trkpt lat="68.084893729537725" lon="13.143009832128882">
        <ele>40.36328125</ele>
        <time>2014-07-05T13:17:31Z</time>
      </trkpt>
      <trkpt lat="68.084802618250251" lon="13.143058698624372">
        <ele>43.1328125</ele>
        <time>2014-07-05T13:17:44Z</time>
      </trkpt>
      <trkpt lat="68.084689043462276" lon="13.143109325319529">
        <ele>46.55078125</ele>
        <time>2014-07-05T13:17:58Z</time>
      </trkpt>
      <trkpt lat="68.084599440917373" lon="13.143101446330547">
        <ele>49</ele>
        <time>2014-07-05T13:18:10Z</time>
      </trkpt>
      <trkpt lat="68.084592903032899" lon="13.143095495179296">
        <ele>49.16796875</ele>
        <time>2014-07-05T13:18:11Z</time>
      </trkpt>
      <trkpt lat="68.084472371265292" lon="13.142958786338568">
        <ele>51.890625</ele>
        <time>2014-07-05T13:18:26Z</time>
      </trkpt>
      <trkpt lat="68.084375225007534" lon="13.142919475212693">
        <ele>54.80859375</ele>
        <time>2014-07-05T13:18:39Z</time>
      </trkpt>
      <trkpt lat="68.084281012415886" lon="13.142869435250759">
        <ele>57.4375</ele>
        <time>2014-07-05T13:18:52Z</time>
      </trkpt>
      <trkpt lat="68.084176573902369" lon="13.142769187688828">
        <ele>59.6640625</ele>
        <time>2014-07-05T13:19:06Z</time>
      </trkpt>
      <trkpt lat="68.08415561914444" lon="13.142723506316543">
        <ele>59.73828125</ele>
        <time>2014-07-05T13:19:09Z</time>
      </trkpt>
      <trkpt lat="68.084109267219901" lon="13.142663910984993">
        <ele>60.44921875</ele>
        <time>2014-07-05T13:19:15Z</time>
      </trkpt>
      <trkpt lat="68.084069704636931" lon="13.142629461362958">
        <ele>61.28125</ele>
        <time>2014-07-05T13:19:20Z</time>
      </trkpt>
      <trkpt lat="68.083992507308722" lon="13.142528878524899">
        <ele>62.80078125</ele>
        <time>2014-07-05T13:19:33Z</time>
      </trkpt>
      <trkpt lat="68.083908520638943" lon="13.142550922930241">
        <ele>66.25390625</ele>
        <time>2014-07-05T13:19:48Z</time>
      </trkpt>
      <trkpt lat="68.083848506212234" lon="13.142524855211377">
        <ele>68.23046875</ele>
        <time>2014-07-05T13:20:00Z</time>
      </trkpt>
      <trkpt lat="68.083767369389534" lon="13.142407340928912">
        <ele>70.18359375</ele>
        <time>2014-07-05T13:20:13Z</time>
      </trkpt>
      <trkpt lat="68.083712803199887" lon="13.142286138609052">
        <ele>71.21875</ele>
        <time>2014-07-05T13:20:22Z</time>
      </trkpt>
      <trkpt lat="68.083619931712747" lon="13.142133085057139">
        <ele>73.71484375</ele>
        <time>2014-07-05T13:20:36Z</time>
      </trkpt>
      <trkpt lat="68.083567544817924" lon="13.141980869695544">
        <ele>74.734375</ele>
        <time>2014-07-05T13:20:47Z</time>
      </trkpt>
      <trkpt lat="68.083492107689381" lon="13.141769226640463">
        <ele>76.8203125</ele>
        <time>2014-07-05T13:20:59Z</time>
      </trkpt>
      <trkpt lat="68.083421532064676" lon="13.141496228054166">
        <ele>79.2109375</ele>
        <time>2014-07-05T13:21:12Z</time>
      </trkpt>
      <trkpt lat="68.083357075229287" lon="13.141269581392407">
        <ele>81.98828125</ele>
        <time>2014-07-05T13:21:26Z</time>
      </trkpt>
      <trkpt lat="68.083337713032961" lon="13.141176290810108">
        <ele>82.734375</ele>
        <time>2014-07-05T13:21:45Z</time>
      </trkpt>
      <trkpt lat="68.083325391635299" lon="13.14114754088223">
        <ele>83.36328125</ele>
        <time>2014-07-05T13:21:47Z</time>
      </trkpt>
      <trkpt lat="68.083269651979208" lon="13.140915865078568">
        <ele>85.76171875</ele>
        <time>2014-07-05T13:21:58Z</time>
      </trkpt>
      <trkpt lat="68.083211062476039" lon="13.140703635290265">
        <ele>88.625</ele>
        <time>2014-07-05T13:22:12Z</time>
      </trkpt>
      <trkpt lat="68.083156496286392" lon="13.14052359201014">
        <ele>91.25390625</ele>
        <time>2014-07-05T13:22:26Z</time>
      </trkpt>
      <trkpt lat="68.083131182938814" lon="13.140344219282269">
        <ele>92.01953125</ele>
        <time>2014-07-05T13:22:39Z</time>
      </trkpt>
      <trkpt lat="68.083111234009266" lon="13.140276744961739">
        <ele>93.38671875</ele>
        <time>2014-07-05T13:22:49Z</time>
      </trkpt>
      <trkpt lat="68.083112994208932" lon="13.140180688351393">
        <ele>93.76953125</ele>
        <time>2014-07-05T13:22:54Z</time>
      </trkpt>
      <trkpt lat="68.083137720823288" lon="13.139909198507667">
        <ele>93.77734375</ele>
        <time>2014-07-05T13:23:09Z</time>
      </trkpt>
      <trkpt lat="68.083127662539482" lon="13.1397969648242">
        <ele>94.91796875</ele>
        <time>2014-07-05T13:23:21Z</time>
      </trkpt>
      <trkpt lat="68.083092039451003" lon="13.139757486060262">
        <ele>97.05859375</ele>
        <time>2014-07-05T13:23:29Z</time>
      </trkpt>
      <trkpt lat="68.083083154633641" lon="13.13975740224123">
        <ele>97.5390625</ele>
        <time>2014-07-05T13:23:31Z</time>
      </trkpt>
      <trkpt lat="68.083080556243658" lon="13.139654975384474">
        <ele>98.2734375</ele>
        <time>2014-07-05T13:23:38Z</time>
      </trkpt>
      <trkpt lat="68.083038479089737" lon="13.13963963650167">
        <ele>100.6171875</ele>
        <time>2014-07-05T13:23:45Z</time>
      </trkpt>
      <trkpt lat="68.082933034747839" lon="13.13963477499783">
        <ele>105.61328125</ele>
        <time>2014-07-05T13:24:00Z</time>
      </trkpt>
      <trkpt lat="68.08284368366003" lon="13.139569563791156">
        <ele>108.734375</ele>
        <time>2014-07-05T13:24:13Z</time>
      </trkpt>
      <trkpt lat="68.082743687555194" lon="13.139566546306014">
        <ele>111.8359375</ele>
        <time>2014-07-05T13:24:26Z</time>
      </trkpt>
      <trkpt lat="68.082724828273058" lon="13.139566211029887">
        <ele>112.421875</ele>
        <time>2014-07-05T13:24:28Z</time>
      </trkpt>
      <trkpt lat="68.082706220448017" lon="13.139546429738402">
        <ele>113.15234375</ele>
        <time>2014-07-05T13:24:30Z</time>
      </trkpt>
      <trkpt lat="68.082688115537167" lon="13.139544334262609">
        <ele>113.73046875</ele>
        <time>2014-07-05T13:24:32Z</time>
      </trkpt>
      <trkpt lat="68.082651067525148" lon="13.139374433085322">
        <ele>116.3125</ele>
        <time>2014-07-05T13:24:41Z</time>
      </trkpt>
      <trkpt lat="68.082586778327823" lon="13.139016442000866">
        <ele>120.78515625</ele>
        <time>2014-07-05T13:24:57Z</time>
      </trkpt>
      <trkpt lat="68.082544784992933" lon="13.138840924948454">
        <ele>122.796875</ele>
        <time>2014-07-05T13:25:04Z</time>
      </trkpt>
      <trkpt lat="68.082531709223986" lon="13.138800021260977">
        <ele>123.3203125</ele>
        <time>2014-07-05T13:25:06Z</time>
      </trkpt>
      <trkpt lat="68.082507150247693" lon="13.138700695708394">
        <ele>124.3359375</ele>
        <time>2014-07-05T13:25:10Z</time>
      </trkpt>
      <trkpt lat="68.082433054223657" lon="13.138340692967176">
        <ele>131.42578125</ele>
        <time>2014-07-05T13:25:26Z</time>
      </trkpt>
      <trkpt lat="68.082397179678082" lon="13.138123769313097">
        <ele>135.68359375</ele>
        <time>2014-07-05T13:25:40Z</time>
      </trkpt>
      <trkpt lat="68.082412853837013" lon="13.137871557846665">
        <ele>138.8125</ele>
        <time>2014-07-05T13:25:53Z</time>
      </trkpt>
      <trkpt lat="68.08241955935955" lon="13.137652957811952">
        <ele>141.5078125</ele>
        <time>2014-07-05T13:26:05Z</time>
      </trkpt>
      <trkpt lat="68.082427522167563" lon="13.137519685551524">
        <ele>143.13671875</ele>
        <time>2014-07-05T13:26:17Z</time>
      </trkpt>
      <trkpt lat="68.082435736432672" lon="13.137366380542517">
        <ele>144.98046875</ele>
        <time>2014-07-05T13:26:28Z</time>
      </trkpt>
      <trkpt lat="68.082472197711468" lon="13.137298822402954">
        <ele>145.40625</ele>
        <time>2014-07-05T13:26:43Z</time>
      </trkpt>
      <trkpt lat="68.082490470260382" lon="13.137291949242353">
        <ele>145.28125</ele>
        <time>2014-07-05T13:27:00Z</time>
      </trkpt>
      <trkpt lat="68.082511760294437" lon="13.137289853766561">
        <ele>145.05859375</ele>
        <time>2014-07-05T13:27:25Z</time>
      </trkpt>
      <trkpt lat="68.082505809143186" lon="13.137299157679081">
        <ele>145.0078125</ele>
        <time>2014-07-05T13:27:45Z</time>
      </trkpt>
      <trkpt lat="68.082549897953868" lon="13.13726345077157">
        <ele>144.953125</ele>
        <time>2014-07-05T13:28:01Z</time>
      </trkpt>
      <trkpt lat="68.082584431394935" lon="13.137269569560885">
        <ele>144.46875</ele>
        <time>2014-07-05T13:28:13Z</time>
      </trkpt>
      <trkpt lat="68.082537073642015" lon="13.137230090796947">
        <ele>145.5390625</ele>
        <time>2014-07-05T13:28:24Z</time>
      </trkpt>
      <trkpt lat="68.08250404894352" lon="13.137045856565237">
        <ele>148.30078125</ele>
        <time>2014-07-05T13:28:38Z</time>
      </trkpt>
      <trkpt lat="68.082556435838342" lon="13.13701719045639">
        <ele>148.1015625</ele>
        <time>2014-07-05T13:28:46Z</time>
      </trkpt>
      <trkpt lat="68.082583677023649" lon="13.136908477172256">
        <ele>150.16796875</ele>
        <time>2014-07-05T13:28:59Z</time>
      </trkpt>
      <trkpt lat="68.082619970664382" lon="13.136772606521845">
        <ele>153.19921875</ele>
        <time>2014-07-05T13:29:11Z</time>
      </trkpt>
      <trkpt lat="68.08262818492949" lon="13.136751735582948">
        <ele>153.66796875</ele>
        <time>2014-07-05T13:29:14Z</time>
      </trkpt>
      <trkpt lat="68.082663305103779" lon="13.136633047834039">
        <ele>156.52734375</ele>
        <time>2014-07-05T13:29:27Z</time>
      </trkpt>
      <trkpt lat="68.082697000354528" lon="13.13649432733655">
        <ele>160.1015625</ele>
        <time>2014-07-05T13:29:38Z</time>
      </trkpt>
      <trkpt lat="68.082696832716465" lon="13.136330125853419">
        <ele>162.5078125</ele>
        <time>2014-07-05T13:29:53Z</time>
      </trkpt>
      <trkpt lat="68.082701526582241" lon="13.136171875521541">
        <ele>163.921875</ele>
        <time>2014-07-05T13:30:05Z</time>
      </trkpt>
      <trkpt lat="68.082723235711455" lon="13.135984372347593">
        <ele>165.5625</ele>
        <time>2014-07-05T13:30:17Z</time>
      </trkpt>
      <trkpt lat="68.082740753889084" lon="13.135800724849105">
        <ele>167.46484375</ele>
        <time>2014-07-05T13:30:28Z</time>
      </trkpt>
      <trkpt lat="68.082705466076732" lon="13.135605091229081">
        <ele>169.99609375</ele>
        <time>2014-07-05T13:30:41Z</time>
      </trkpt>
      <trkpt lat="68.082714015617967" lon="13.135549183934927">
        <ele>170.68359375</ele>
        <time>2014-07-05T13:30:45Z</time>
      </trkpt>
      <trkpt lat="68.082714015617967" lon="13.13512179069221">
        <ele>175.48828125</ele>
        <time>2014-07-05T13:30:59Z</time>
      </trkpt>
      <trkpt lat="68.082733042538166" lon="13.13506755977869">
        <ele>175.97265625</ele>
        <time>2014-07-05T13:31:01Z</time>
      </trkpt>
      <trkpt lat="68.082751734182239" lon="13.134994804859161">
        <ele>176.625</ele>
        <time>2014-07-05T13:31:04Z</time>
      </trkpt>
      <trkpt lat="68.082798253744841" lon="13.134637400507927">
        <ele>180.17578125</ele>
        <time>2014-07-05T13:31:18Z</time>
      </trkpt>
      <trkpt lat="68.082812670618296" lon="13.134366665035486">
        <ele>183.2890625</ele>
        <time>2014-07-05T13:31:32Z</time>
      </trkpt>
      <trkpt lat="68.082815101370215" lon="13.13432483933866">
        <ele>183.7734375</ele>
        <time>2014-07-05T13:31:34Z</time>
      </trkpt>
      <trkpt lat="68.082802277058363" lon="13.134265663102269">
        <ele>184.46875</ele>
        <time>2014-07-05T13:31:37Z</time>
      </trkpt>
      <trkpt lat="68.082789033651352" lon="13.133951928466558">
        <ele>184.453125</ele>
        <time>2014-07-05T13:31:51Z</time>
      </trkpt>
      <trkpt lat="68.082774449139833" lon="13.133870204910636">
        <ele>184.38671875</ele>
        <time>2014-07-05T13:31:55Z</time>
      </trkpt>
      <trkpt lat="68.082767659798265" lon="13.13380784355104">
        <ele>184.33203125</ele>
        <time>2014-07-05T13:31:58Z</time>
      </trkpt>
      <trkpt lat="68.082755673676729" lon="13.13356501981616">
        <ele>184.72265625</ele>
        <time>2014-07-05T13:32:10Z</time>
      </trkpt>
      <trkpt lat="68.082737904042006" lon="13.133527133613825">
        <ele>185.1171875</ele>
        <time>2014-07-05T13:32:13Z</time>
      </trkpt>
      <trkpt lat="68.082732371985912" lon="13.133476506918669">
        <ele>185.4375</ele>
        <time>2014-07-05T13:32:15Z</time>
      </trkpt>
      <trkpt lat="68.082693563774228" lon="13.133288417011499">
        <ele>186.91015625</ele>
        <time>2014-07-05T13:32:25Z</time>
      </trkpt>
      <trkpt lat="68.082669507712126" lon="13.133224463090301">
        <ele>187.58203125</ele>
        <time>2014-07-05T13:32:29Z</time>
      </trkpt>
      <trkpt lat="68.082644697278738" lon="13.133217506110668">
        <ele>187.9609375</ele>
        <time>2014-07-05T13:32:32Z</time>
      </trkpt>
      <trkpt lat="68.08257152326405" lon="13.133107870817184">
        <ele>189.6328125</ele>
        <time>2014-07-05T13:32:40Z</time>
      </trkpt>
      <trkpt lat="68.082550903782248" lon="13.133071828633547">
        <ele>190.15625</ele>
        <time>2014-07-05T13:32:42Z</time>
      </trkpt>
      <trkpt lat="68.082536570727825" lon="13.133016424253583">
        <ele>190.73046875</ele>
        <time>2014-07-05T13:32:44Z</time>
      </trkpt>
      <trkpt lat="68.082490302622318" lon="13.132942747324705">
        <ele>192.02734375</ele>
        <time>2014-07-05T13:32:49Z</time>
      </trkpt>
      <trkpt lat="68.082437915727496" lon="13.132926402613521">
        <ele>193.0859375</ele>
        <time>2014-07-05T13:32:54Z</time>
      </trkpt>
      <trkpt lat="68.082393994554877" lon="13.132867142558098">
        <ele>194.16796875</ele>
        <time>2014-07-05T13:32:58Z</time>
      </trkpt>
      <trkpt lat="68.08230766095221" lon="13.132709311321378">
        <ele>195.55078125</ele>
        <time>2014-07-05T13:33:07Z</time>
      </trkpt>
      <trkpt lat="68.082191320136189" lon="13.132686847820878">
        <ele>195.7109375</ele>
        <time>2014-07-05T13:33:18Z</time>
      </trkpt>
      <trkpt lat="68.082155780866742" lon="13.132677627727389">
        <ele>195.78515625</ele>
        <time>2014-07-05T13:33:21Z</time>
      </trkpt>
      <trkpt lat="68.082136334851384" lon="13.132647788152099">
        <ele>196.07421875</ele>
        <time>2014-07-05T13:33:23Z</time>
      </trkpt>
      <trkpt lat="68.082062238827348" lon="13.132627420127392">
        <ele>196.2578125</ele>
        <time>2014-07-05T13:33:29Z</time>
      </trkpt>
      <trkpt lat="68.081977078691125" lon="13.132609063759446">
        <ele>196.42578125</ele>
        <time>2014-07-05T13:33:37Z</time>
      </trkpt>
      <trkpt lat="68.081937348470092" lon="13.13248660415411">
        <ele>197.328125</ele>
        <time>2014-07-05T13:33:42Z</time>
      </trkpt>
      <trkpt lat="68.081935336813331" lon="13.132341513410211">
        <ele>198.03125</ele>
        <time>2014-07-05T13:33:46Z</time>
      </trkpt>
      <trkpt lat="68.081874400377274" lon="13.132141437381506">
        <ele>199.16796875</ele>
        <time>2014-07-05T13:33:54Z</time>
      </trkpt>
      <trkpt lat="68.08182192966342" lon="13.131970530375838">
        <ele>199.89453125</ele>
        <time>2014-07-05T13:34:02Z</time>
      </trkpt>
      <trkpt lat="68.081808602437377" lon="13.13197648152709">
        <ele>199.77734375</ele>
        <time>2014-07-05T13:34:04Z</time>
      </trkpt>
      <trkpt lat="68.081700140610337" lon="13.131819823756814">
        <ele>199.73046875</ele>
        <time>2014-07-05T13:34:18Z</time>
      </trkpt>
      <trkpt lat="68.081670049577951" lon="13.131582196801901">
        <ele>200.68359375</ele>
        <time>2014-07-05T13:34:32Z</time>
      </trkpt>
      <trkpt lat="68.081662254408002" lon="13.131474992260337">
        <ele>201.16796875</ele>
        <time>2014-07-05T13:34:38Z</time>
      </trkpt>
      <trkpt lat="68.081611460074782" lon="13.131382204592228">
        <ele>201.53125</ele>
        <time>2014-07-05T13:34:48Z</time>
      </trkpt>
      <trkpt lat="68.081586146727204" lon="13.13117072917521">
        <ele>202.9453125</ele>
        <time>2014-07-05T13:35:00Z</time>
      </trkpt>
      <trkpt lat="68.081604670733213" lon="13.131053298711777">
        <ele>203.6875</ele>
        <time>2014-07-05T13:35:07Z</time>
      </trkpt>
      <trkpt lat="68.081646412611008" lon="13.13093226402998">
        <ele>204.22265625</ele>
        <time>2014-07-05T13:35:15Z</time>
      </trkpt>
      <trkpt lat="68.081648172810674" lon="13.1308086309582">
        <ele>204.46484375</ele>
        <time>2014-07-05T13:35:19Z</time>
      </trkpt>
      <trkpt lat="68.081641551107168" lon="13.130732690915465">
        <ele>204.51171875</ele>
        <time>2014-07-05T13:35:22Z</time>
      </trkpt>
      <trkpt lat="68.081641215831041" lon="13.130626492202282">
        <ele>204.515625</ele>
        <time>2014-07-05T13:35:26Z</time>
      </trkpt>
      <trkpt lat="68.081613890826702" lon="13.130536302924156">
        <ele>204.7109375</ele>
        <time>2014-07-05T13:35:30Z</time>
      </trkpt>
      <trkpt lat="68.081512972712517" lon="13.130329856649041">
        <ele>205.4609375</ele>
        <time>2014-07-05T13:35:42Z</time>
      </trkpt>
      <trkpt lat="68.081489419564605" lon="13.130143191665411">
        <ele>206.875</ele>
        <time>2014-07-05T13:35:49Z</time>
      </trkpt>
      <trkpt lat="68.08146477676928" lon="13.130037244409323">
        <ele>207.70703125</ele>
        <time>2014-07-05T13:35:54Z</time>
      </trkpt>
      <trkpt lat="68.081448012962937" lon="13.129922915250063">
        <ele>208.52734375</ele>
        <time>2014-07-05T13:35:58Z</time>
      </trkpt>
      <trkpt lat="68.081380119547248" lon="13.129485044628382">
        <ele>213.91796875</ele>
        <time>2014-07-05T13:36:13Z</time>
      </trkpt>
      <trkpt lat="68.081334438174963" lon="13.129321681335568">
        <ele>216.4375</ele>
        <time>2014-07-05T13:36:20Z</time>
      </trkpt>
      <trkpt lat="68.08129470795393" lon="13.129055975005031">
        <ele>218.8671875</ele>
        <time>2014-07-05T13:36:29Z</time>
      </trkpt>
      <trkpt lat="68.081268388777971" lon="13.128956565633416">
        <ele>218.8359375</ele>
        <time>2014-07-05T13:36:33Z</time>
      </trkpt>
      <trkpt lat="68.081261934712529" lon="13.128816923126578">
        <ele>219.41796875</ele>
        <time>2014-07-05T13:36:37Z</time>
      </trkpt>
      <trkpt lat="68.081240560859442" lon="13.128663199022412">
        <ele>219.734375</ele>
        <time>2014-07-05T13:36:44Z</time>
      </trkpt>
      <trkpt lat="68.081211810931563" lon="13.128471085801721">
        <ele>220.8203125</ele>
        <time>2014-07-05T13:36:55Z</time>
      </trkpt>
      <trkpt lat="68.08113687671721" lon="13.128140168264508">
        <ele>221.328125</ele>
        <time>2014-07-05T13:37:10Z</time>
      </trkpt>
      <trkpt lat="68.081106282770634" lon="13.127998514100909">
        <ele>221.03515625</ele>
        <time>2014-07-05T13:37:17Z</time>
      </trkpt>
      <trkpt lat="68.081084825098515" lon="13.12779625877738">
        <ele>221.16796875</ele>
        <time>2014-07-05T13:37:31Z</time>
      </trkpt>
      <trkpt lat="68.081092704087496" lon="13.127726186066866">
        <ele>221.79296875</ele>
        <time>2014-07-05T13:37:35Z</time>
      </trkpt>
      <trkpt lat="68.081158082932234" lon="13.12748939730227">
        <ele>225.26953125</ele>
        <time>2014-07-05T13:37:48Z</time>
      </trkpt>
      <trkpt lat="68.081175768747926" lon="13.127483362331986">
        <ele>226.00390625</ele>
        <time>2014-07-05T13:37:50Z</time>
      </trkpt>
      <trkpt lat="68.081287583336234" lon="13.127446481958032">
        <ele>230.63671875</ele>
        <time>2014-07-05T13:38:04Z</time>
      </trkpt>
      <trkpt lat="68.081307532265782" lon="13.127432148903608">
        <ele>231.4453125</ele>
        <time>2014-07-05T13:38:08Z</time>
      </trkpt>
      <trkpt lat="68.081319853663445" lon="13.127258224412799">
        <ele>232</ele>
        <time>2014-07-05T13:38:22Z</time>
      </trkpt>
      <trkpt lat="68.081377102062106" lon="13.12728613615036">
        <ele>234.40625</ele>
        <time>2014-07-05T13:38:34Z</time>
      </trkpt>
      <trkpt lat="68.081428902223706" lon="13.127343552187085">
        <ele>236.47265625</ele>
        <time>2014-07-05T13:38:44Z</time>
      </trkpt>
      <trkpt lat="68.08150626718998" lon="13.127354867756367">
        <ele>239.625</ele>
        <time>2014-07-05T13:38:56Z</time>
      </trkpt>
      <trkpt lat="68.081586314365268" lon="13.127417396754026">
        <ele>242.62109375</ele>
        <time>2014-07-05T13:39:10Z</time>
      </trkpt>
      <trkpt lat="68.081667535007" lon="13.127467269077897">
        <ele>245.578125</ele>
        <time>2014-07-05T13:39:22Z</time>
      </trkpt>
      <trkpt lat="68.081706007942557" lon="13.127433825284243">
        <ele>247.3125</ele>
        <time>2014-07-05T13:39:28Z</time>
      </trkpt>
      <trkpt lat="68.081825617700815" lon="13.127451092004776">
        <ele>251.92578125</ele>
        <time>2014-07-05T13:39:41Z</time>
      </trkpt>
      <trkpt lat="68.081860737875104" lon="13.12745762988925">
        <ele>253.02734375</ele>
        <time>2014-07-05T13:39:45Z</time>
      </trkpt>
      <trkpt lat="68.081890493631363" lon="13.127451175823808">
        <ele>253.51953125</ele>
        <time>2014-07-05T13:39:49Z</time>
      </trkpt>
      <trkpt lat="68.081934163346887" lon="13.127480931580067">
        <ele>253.80078125</ele>
        <time>2014-07-05T13:39:53Z</time>
      </trkpt>
      <trkpt lat="68.081963416188955" lon="13.127478584647179">
        <ele>254.2265625</ele>
        <time>2014-07-05T13:39:56Z</time>
      </trkpt>
      <trkpt lat="68.082116972655058" lon="13.127393089234829">
        <ele>257.8984375</ele>
        <time>2014-07-05T13:40:13Z</time>
      </trkpt>
      <trkpt lat="68.08215569704771" lon="13.127312120050192">
        <ele>260.1484375</ele>
        <time>2014-07-05T13:40:24Z</time>
      </trkpt>
      <trkpt lat="68.082249239087105" lon="13.127228384837508">
        <ele>263.921875</ele>
        <time>2014-07-05T13:40:39Z</time>
      </trkpt>
      <trkpt lat="68.082267176359892" lon="13.12714833766222">
        <ele>266.234375</ele>
        <time>2014-07-05T13:40:48Z</time>
      </trkpt>
      <trkpt lat="68.082288131117821" lon="13.127015149220824">
        <ele>270.0390625</ele>
        <time>2014-07-05T13:40:59Z</time>
      </trkpt>
      <trkpt lat="68.082295339554548" lon="13.126966869458556">
        <ele>270.63671875</ele>
        <time>2014-07-05T13:41:03Z</time>
      </trkpt>
      <trkpt lat="68.082315372303128" lon="13.126775845885277">
        <ele>271.5390625</ele>
        <time>2014-07-05T13:41:15Z</time>
      </trkpt>
      <trkpt lat="68.082348397001624" lon="13.126725889742374">
        <ele>272.65625</ele>
        <time>2014-07-05T13:41:19Z</time>
      </trkpt>
      <trkpt lat="68.08239852078259" lon="13.126428415998816">
        <ele>274.921875</ele>
        <time>2014-07-05T13:41:35Z</time>
      </trkpt>
      <trkpt lat="68.082425259053707" lon="13.126382566988468">
        <ele>275.75</ele>
        <time>2014-07-05T13:41:38Z</time>
      </trkpt>
      <trkpt lat="68.082472532987595" lon="13.12625021673739">
        <ele>277.2734375</ele>
        <time>2014-07-05T13:41:47Z</time>
      </trkpt>
      <trkpt lat="68.082497846335173" lon="13.126175366342068">
        <ele>278.09765625</ele>
        <time>2014-07-05T13:41:51Z</time>
      </trkpt>
      <trkpt lat="68.08253338560462" lon="13.125916700810194">
        <ele>280.74609375</ele>
        <time>2014-07-05T13:42:02Z</time>
      </trkpt>
      <trkpt lat="68.082601111382246" lon="13.125828104093671">
        <ele>280.7109375</ele>
        <time>2014-07-05T13:42:09Z</time>
      </trkpt>
      <trkpt lat="68.082688953727484" lon="13.125753253698349">
        <ele>280.640625</ele>
        <time>2014-07-05T13:42:22Z</time>
      </trkpt>
      <trkpt lat="68.082725498825312" lon="13.125782003626227">
        <ele>280.8046875</ele>
        <time>2014-07-05T13:42:25Z</time>
      </trkpt>
      <trkpt lat="68.082845024764538" lon="13.125777561217546">
        <ele>281.109375</ele>
        <time>2014-07-05T13:42:37Z</time>
      </trkpt>
      <trkpt lat="68.08289447799325" lon="13.125682761892676">
        <ele>281.4296875</ele>
        <time>2014-07-05T13:42:43Z</time>
      </trkpt>
      <trkpt lat="68.082940662279725" lon="13.12540783546865">
        <ele>282.5078125</ele>
        <time>2014-07-05T13:42:54Z</time>
      </trkpt>
      <trkpt lat="68.08295801281929" lon="13.125331895425916">
        <ele>282.98046875</ele>
        <time>2014-07-05T13:42:57Z</time>
      </trkpt>
      <trkpt lat="68.083053063601255" lon="13.125031320378184">
        <ele>283.12109375</ele>
        <time>2014-07-05T13:43:11Z</time>
      </trkpt>
      <trkpt lat="68.083054237067699" lon="13.125014640390873">
        <ele>283.19921875</ele>
        <time>2014-07-05T13:43:12Z</time>
      </trkpt>
      <trkpt lat="68.083062199875712" lon="13.124670227989554">
        <ele>283.5859375</ele>
        <time>2014-07-05T13:43:26Z</time>
      </trkpt>
      <trkpt lat="68.083032108843327" lon="13.124554390087724">
        <ele>283.34765625</ele>
        <time>2014-07-05T13:43:31Z</time>
      </trkpt>
      <trkpt lat="68.082990031689405" lon="13.124132780358195">
        <ele>280.625</ele>
        <time>2014-07-05T13:43:47Z</time>
      </trkpt>
      <trkpt lat="68.082982320338488" lon="13.123873444274068">
        <ele>278.47265625</ele>
        <time>2014-07-05T13:43:55Z</time>
      </trkpt>
      <trkpt lat="68.083001179620624" lon="13.123575635254383">
        <ele>274.83984375</ele>
        <time>2014-07-05T13:44:04Z</time>
      </trkpt>
      <trkpt lat="68.082968657836318" lon="13.12346113845706">
        <ele>273.50390625</ele>
        <time>2014-07-05T13:44:09Z</time>
      </trkpt>
      <trkpt lat="68.082943260669708" lon="13.123394753783941">
        <ele>272.2265625</ele>
        <time>2014-07-05T13:44:12Z</time>
      </trkpt>
      <trkpt lat="68.082934962585568" lon="13.12326860614121">
        <ele>270.11328125</ele>
        <time>2014-07-05T13:44:16Z</time>
      </trkpt>
      <trkpt lat="68.082924652844667" lon="13.123154025524855">
        <ele>268.1953125</ele>
        <time>2014-07-05T13:44:20Z</time>
      </trkpt>
      <trkpt lat="68.082927418872714" lon="13.122947998344898">
        <ele>266.45703125</ele>
        <time>2014-07-05T13:44:26Z</time>
      </trkpt>
      <trkpt lat="68.082927670329809" lon="13.122874405235052">
        <ele>265.9453125</ele>
        <time>2014-07-05T13:44:28Z</time>
      </trkpt>
      <trkpt lat="68.082852903753519" lon="13.122657062485814">
        <ele>263.84375</ele>
        <time>2014-07-05T13:44:42Z</time>
      </trkpt>
      <trkpt lat="68.082810575142503" lon="13.122493028640747">
        <ele>262.58984375</ele>
        <time>2014-07-05T13:44:51Z</time>
      </trkpt>
      <trkpt lat="68.082786099985242" lon="13.122435864061117">
        <ele>262.19140625</ele>
        <time>2014-07-05T13:44:54Z</time>
      </trkpt>
      <trkpt lat="68.082764055579901" lon="13.122244086116552">
        <ele>261.3125</ele>
        <time>2014-07-05T13:45:00Z</time>
      </trkpt>
      <trkpt lat="68.082739496603608" lon="13.122121123597026">
        <ele>260.8203125</ele>
        <time>2014-07-05T13:45:04Z</time>
      </trkpt>
      <trkpt lat="68.082712003961205" lon="13.121546125039458">
        <ele>258.921875</ele>
        <time>2014-07-05T13:45:21Z</time>
      </trkpt>
      <trkpt lat="68.082737484946847" lon="13.121329536661506">
        <ele>258.41015625</ele>
        <time>2014-07-05T13:45:29Z</time>
      </trkpt>
      <trkpt lat="68.082777801901102" lon="13.120890744030476">
        <ele>258.32421875</ele>
        <time>2014-07-05T13:45:45Z</time>
      </trkpt>
      <trkpt lat="68.082799175754189" lon="13.120811618864536">
        <ele>258.0625</ele>
        <time>2014-07-05T13:45:48Z</time>
      </trkpt>
      <trkpt lat="68.082804707810283" lon="13.120750514790416">
        <ele>258.0546875</ele>
        <time>2014-07-05T13:45:50Z</time>
      </trkpt>
      <trkpt lat="68.082814263179898" lon="13.12054255977273">
        <ele>258.16796875</ele>
        <time>2014-07-05T13:45:57Z</time>
      </trkpt>
      <trkpt lat="68.082820130512118" lon="13.120479779317975">
        <ele>258.12890625</ele>
        <time>2014-07-05T13:45:59Z</time>
      </trkpt>
      <trkpt lat="68.08282264508307" lon="13.120416747406125">
        <ele>258.16015625</ele>
        <time>2014-07-05T13:46:01Z</time>
      </trkpt>
      <trkpt lat="68.082798002287745" lon="13.120282553136349">
        <ele>258.90234375</ele>
        <time>2014-07-05T13:46:06Z</time>
      </trkpt>
      <trkpt lat="68.082794900983572" lon="13.120234357193112">
        <ele>259.02734375</ele>
        <time>2014-07-05T13:46:08Z</time>
      </trkpt>
      <trkpt lat="68.082814179360867" lon="13.120130840688944">
        <ele>258.66015625</ele>
        <time>2014-07-05T13:46:12Z</time>
      </trkpt>
      <trkpt lat="68.082823567092419" lon="13.12005297280848">
        <ele>258.5</ele>
        <time>2014-07-05T13:46:17Z</time>
      </trkpt>
      <trkpt lat="68.082784423604608" lon="13.11988583765924">
        <ele>259.6796875</ele>
        <time>2014-07-05T13:46:28Z</time>
      </trkpt>
      <trkpt lat="68.082769252359867" lon="13.119734795764089">
        <ele>260.47265625</ele>
        <time>2014-07-05T13:46:34Z</time>
      </trkpt>
      <trkpt lat="68.082777382805943" lon="13.119601523503661">
        <ele>260.97265625</ele>
        <time>2014-07-05T13:46:39Z</time>
      </trkpt>
      <trkpt lat="68.082785597071052" lon="13.119266834110022">
        <ele>262.5625</ele>
        <time>2014-07-05T13:46:52Z</time>
      </trkpt>
      <trkpt lat="68.082823483273387" lon="13.119004899635911">
        <ele>263.15625</ele>
        <time>2014-07-05T13:47:03Z</time>
      </trkpt>
      <trkpt lat="68.082828847691417" lon="13.11894086189568">
        <ele>263.421875</ele>
        <time>2014-07-05T13:47:06Z</time>
      </trkpt>
      <trkpt lat="68.082823734730482" lon="13.118739193305373">
        <ele>264.82421875</ele>
        <time>2014-07-05T13:47:16Z</time>
      </trkpt>
      <trkpt lat="68.082843432202935" lon="13.118549846112728">
        <ele>264.953125</ele>
        <time>2014-07-05T13:47:26Z</time>
      </trkpt>
      <trkpt lat="68.082853741943836" lon="13.118414310738444">
        <ele>264.91015625</ele>
        <time>2014-07-05T13:47:32Z</time>
      </trkpt>
      <trkpt lat="68.082899339497089" lon="13.118092445656657">
        <ele>264.33984375</ele>
        <time>2014-07-05T13:47:45Z</time>
      </trkpt>
      <trkpt lat="68.082905123010278" lon="13.118068808689713">
        <ele>264.203125</ele>
        <time>2014-07-05T13:47:46Z</time>
      </trkpt>
      <trkpt lat="68.082920964807272" lon="13.118023127317429">
        <ele>263.84765625</ele>
        <time>2014-07-05T13:47:48Z</time>
      </trkpt>
      <trkpt lat="68.082943009212613" lon="13.117917766794562">
        <ele>263.375</ele>
        <time>2014-07-05T13:47:52Z</time>
      </trkpt>
      <trkpt lat="68.08297804556787" lon="13.117639906704426">
        <ele>262.94140625</ele>
        <time>2014-07-05T13:48:03Z</time>
      </trkpt>
      <trkpt lat="68.082994306460023" lon="13.117446368560195">
        <ele>262.55859375</ele>
        <time>2014-07-05T13:48:11Z</time>
      </trkpt>
      <trkpt lat="68.083063960075378" lon="13.117220476269722">
        <ele>261.921875</ele>
        <time>2014-07-05T13:48:22Z</time>
      </trkpt>
      <trkpt lat="68.083116849884391" lon="13.117096172645688">
        <ele>261.7421875</ele>
        <time>2014-07-05T13:48:36Z</time>
      </trkpt>
      <trkpt lat="68.083114754408598" lon="13.117088545113802">
        <ele>261.72265625</ele>
        <time>2014-07-05T13:48:56Z</time>
      </trkpt>
      <trkpt lat="68.083151802420616" lon="13.117094831541181">
        <ele>261.8359375</ele>
        <time>2014-07-05T13:49:05Z</time>
      </trkpt>
      <trkpt lat="68.083157753571868" lon="13.117135399952531">
        <ele>261.921875</ele>
        <time>2014-07-05T13:49:31Z</time>
      </trkpt>
      <trkpt lat="68.083142917603254" lon="13.117110254243016">
        <ele>261.83984375</ele>
        <time>2014-07-05T13:50:01Z</time>
      </trkpt>
      <trkpt lat="68.083206620067358" lon="13.116884445771575">
        <ele>261.953125</ele>
        <time>2014-07-05T13:50:13Z</time>
      </trkpt>
      <trkpt lat="68.083283985033631" lon="13.116782857105136">
        <ele>262.4609375</ele>
        <time>2014-07-05T13:50:24Z</time>
      </trkpt>
      <trkpt lat="68.083301838487387" lon="13.11678453348577">
        <ele>262.55859375</ele>
        <time>2014-07-05T13:50:26Z</time>
      </trkpt>
      <trkpt lat="68.083342155441642" lon="13.116769194602966">
        <ele>262.82421875</ele>
        <time>2014-07-05T13:50:30Z</time>
      </trkpt>
      <trkpt lat="68.083378029987216" lon="13.116730554029346">
        <ele>263.12109375</ele>
        <time>2014-07-05T13:50:34Z</time>
      </trkpt>
      <trkpt lat="68.083401834592223" lon="13.116654949262738">
        <ele>263.4609375</ele>
        <time>2014-07-05T13:50:38Z</time>
      </trkpt>
      <trkpt lat="68.083484480157495" lon="13.116418831050396">
        <ele>264.74609375</ele>
        <time>2014-07-05T13:50:52Z</time>
      </trkpt>
      <trkpt lat="68.083571149036288" lon="13.116140719503164">
        <ele>266.59765625</ele>
        <time>2014-07-05T13:51:08Z</time>
      </trkpt>
      <trkpt lat="68.08358296751976" lon="13.116062264889479">
        <ele>267.01953125</ele>
        <time>2014-07-05T13:51:11Z</time>
      </trkpt>
      <trkpt lat="68.083593277260661" lon="13.11601297929883">
        <ele>267.3515625</ele>
        <time>2014-07-05T13:51:13Z</time>
      </trkpt>
      <trkpt lat="68.083639796823263" lon="13.115731179714203">
        <ele>269.1484375</ele>
        <time>2014-07-05T13:51:26Z</time>
      </trkpt>
      <trkpt lat="68.083677347749472" lon="13.115479722619057">
        <ele>270.86328125</ele>
        <time>2014-07-05T13:51:40Z</time>
      </trkpt>
      <trkpt lat="68.083744151517749" lon="13.115247879177332">
        <ele>273.74609375</ele>
        <time>2014-07-05T13:51:54Z</time>
      </trkpt>
      <trkpt lat="68.083820678293705" lon="13.115031542256474">
        <ele>277.5390625</ele>
        <time>2014-07-05T13:52:08Z</time>
      </trkpt>
      <trkpt lat="68.083833167329431" lon="13.114927355200052">
        <ele>278.73046875</ele>
        <time>2014-07-05T13:52:13Z</time>
      </trkpt>
      <trkpt lat="68.08386879041791" lon="13.114685202017426">
        <ele>281.5625</ele>
        <time>2014-07-05T13:52:27Z</time>
      </trkpt>
      <trkpt lat="68.083917489275336" lon="13.114470625296235">
        <ele>284.5</ele>
        <time>2014-07-05T13:52:41Z</time>
      </trkpt>
      <trkpt lat="68.0839763302356" lon="13.114280691370368">
        <ele>287.8828125</ele>
        <time>2014-07-05T13:52:54Z</time>
      </trkpt>
      <trkpt lat="68.084031147882342" lon="13.114032922312617">
        <ele>291.359375</ele>
        <time>2014-07-05T13:53:08Z</time>
      </trkpt>
      <trkpt lat="68.084067022427917" lon="13.113757912069559">
        <ele>294.3203125</ele>
        <time>2014-07-05T13:53:21Z</time>
      </trkpt>
      <trkpt lat="68.084108429029584" lon="13.113552639260888">
        <ele>296.80078125</ele>
        <time>2014-07-05T13:53:34Z</time>
      </trkpt>
      <trkpt lat="68.084137514233589" lon="13.113298835232854">
        <ele>299.19140625</ele>
        <time>2014-07-05T13:53:47Z</time>
      </trkpt>
      <trkpt lat="68.084129551425576" lon="13.112957691773772">
        <ele>300.83984375</ele>
        <time>2014-07-05T13:54:01Z</time>
      </trkpt>
      <trkpt lat="68.084116727113724" lon="13.112728698179126">
        <ele>301.63671875</ele>
        <time>2014-07-05T13:54:10Z</time>
      </trkpt>
      <trkpt lat="68.084141118451953" lon="13.112424351274967">
        <ele>304.1484375</ele>
        <time>2014-07-05T13:54:23Z</time>
      </trkpt>
      <trkpt lat="68.084128042683005" lon="13.112063175067306">
        <ele>305.7109375</ele>
        <time>2014-07-05T13:54:38Z</time>
      </trkpt>
      <trkpt lat="68.084128629416227" lon="13.111899979412556">
        <ele>306.50390625</ele>
        <time>2014-07-05T13:54:44Z</time>
      </trkpt>
      <trkpt lat="68.084118571132421" lon="13.111456409096718">
        <ele>307.98828125</ele>
        <time>2014-07-05T13:55:00Z</time>
      </trkpt>
      <trkpt lat="68.08412091806531" lon="13.111374098807573">
        <ele>308.38671875</ele>
        <time>2014-07-05T13:55:03Z</time>
      </trkpt>
      <trkpt lat="68.084124606102705" lon="13.11100747436285">
        <ele>309.8671875</ele>
        <time>2014-07-05T13:55:16Z</time>
      </trkpt>
      <trkpt lat="68.084127036854625" lon="13.110934048891068">
        <ele>310.23828125</ele>
        <time>2014-07-05T13:55:19Z</time>
      </trkpt>
      <trkpt lat="68.084119744598866" lon="13.110829861834645">
        <ele>310.99609375</ele>
        <time>2014-07-05T13:55:23Z</time>
      </trkpt>
      <trkpt lat="68.084116643294692" lon="13.110416885465384">
        <ele>316.4609375</ele>
        <time>2014-07-05T13:55:37Z</time>
      </trkpt>
      <trkpt lat="68.084121337160468" lon="13.110283361747861">
        <ele>317.125</ele>
        <time>2014-07-05T13:55:42Z</time>
      </trkpt>
      <trkpt lat="68.084112452343106" lon="13.110160985961556">
        <ele>315.875</ele>
        <time>2014-07-05T13:55:46Z</time>
      </trkpt>
      <trkpt lat="68.084103232249618" lon="13.109666537493467">
        <ele>312.76171875</ele>
        <time>2014-07-05T13:56:03Z</time>
      </trkpt>
      <trkpt lat="68.084110859781504" lon="13.109310390427709">
        <ele>313.7421875</ele>
        <time>2014-07-05T13:56:15Z</time>
      </trkpt>
      <trkpt lat="68.084109099581838" lon="13.109116936102509">
        <ele>313.9921875</ele>
        <time>2014-07-05T13:56:22Z</time>
      </trkpt>
      <trkpt lat="68.084130389615893" lon="13.108619973063469">
        <ele>316.30859375</ele>
        <time>2014-07-05T13:56:39Z</time>
      </trkpt>
      <trkpt lat="68.084155032411218" lon="13.108261730521917">
        <ele>320.33203125</ele>
        <time>2014-07-05T13:56:52Z</time>
      </trkpt>
      <trkpt lat="68.084191577509046" lon="13.108035502955317">
        <ele>322.875</ele>
        <time>2014-07-05T13:57:04Z</time>
      </trkpt>
      <trkpt lat="68.084206748753786" lon="13.10780206695199">
        <ele>323.40234375</ele>
        <time>2014-07-05T13:57:14Z</time>
      </trkpt>
      <trkpt lat="68.084238516166806" lon="13.107616156339645">
        <ele>324.78515625</ele>
        <time>2014-07-05T13:57:23Z</time>
      </trkpt>
      <trkpt lat="68.084230469539762" lon="13.107438795268536">
        <ele>324.36328125</ele>
        <time>2014-07-05T13:57:30Z</time>
      </trkpt>
      <trkpt lat="68.084262991324067" lon="13.107086084783077">
        <ele>325.94921875</ele>
        <time>2014-07-05T13:57:44Z</time>
      </trkpt>
      <trkpt lat="68.084265924990177" lon="13.107070410624146">
        <ele>326.1015625</ele>
        <time>2014-07-05T13:57:45Z</time>
      </trkpt>
      <trkpt lat="68.084297189489007" lon="13.106782576069236">
        <ele>328.07421875</ele>
        <time>2014-07-05T13:57:59Z</time>
      </trkpt>
      <trkpt lat="68.084312109276652" lon="13.1065081525594">
        <ele>329.3046875</ele>
        <time>2014-07-05T13:58:11Z</time>
      </trkpt>
      <trkpt lat="68.084335327148438" lon="13.106240099295974">
        <ele>330.48828125</ele>
        <time>2014-07-05T13:58:24Z</time>
      </trkpt>
      <trkpt lat="68.084337674081326" lon="13.105957461521029">
        <ele>330.375</ele>
        <time>2014-07-05T13:58:36Z</time>
      </trkpt>
      <trkpt lat="68.084339937195182" lon="13.105889651924372">
        <ele>330.39453125</ele>
        <time>2014-07-05T13:58:39Z</time>
      </trkpt>
      <trkpt lat="68.084341362118721" lon="13.105690162628889">
        <ele>329.6875</ele>
        <time>2014-07-05T13:58:46Z</time>
      </trkpt>
      <trkpt lat="68.08438821695745" lon="13.10531398281455">
        <ele>332.1875</ele>
        <time>2014-07-05T13:59:01Z</time>
      </trkpt>
      <trkpt lat="68.084416631609201" lon="13.105119355022907">
        <ele>335.859375</ele>
        <time>2014-07-05T13:59:11Z</time>
      </trkpt>
      <trkpt lat="68.084450410678983" lon="13.104959847405553">
        <ele>339.30078125</ele>
        <time>2014-07-05T13:59:19Z</time>
      </trkpt>
      <trkpt lat="68.084488632157445" lon="13.104690201580524">
        <ele>342.96875</ele>
        <time>2014-07-05T13:59:31Z</time>
      </trkpt>
      <trkpt lat="68.084487542510033" lon="13.104671677574515">
        <ele>342.94140625</ele>
        <time>2014-07-05T13:59:32Z</time>
      </trkpt>
      <trkpt lat="68.084561051800847" lon="13.104508901014924">
        <ele>347.87890625</ele>
        <time>2014-07-05T13:59:46Z</time>
      </trkpt>
      <trkpt lat="68.084601536393166" lon="13.104412676766515">
        <ele>350.71875</ele>
        <time>2014-07-05T13:59:54Z</time>
      </trkpt>
      <trkpt lat="68.084607152268291" lon="13.104096846655011">
        <ele>352.921875</ele>
        <time>2014-07-05T14:00:09Z</time>
      </trkpt>
      <trkpt lat="68.084613690152764" lon="13.103924347087741">
        <ele>354.88671875</ele>
        <time>2014-07-05T14:00:23Z</time>
      </trkpt>
      <trkpt lat="68.084610756486654" lon="13.103604996576905">
        <ele>357.125</ele>
        <time>2014-07-05T14:00:36Z</time>
      </trkpt>
      <trkpt lat="68.08458955027163" lon="13.103167293593287">
        <ele>357.30859375</ele>
        <time>2014-07-05T14:00:51Z</time>
      </trkpt>
      <trkpt lat="68.084576390683651" lon="13.102791868150234">
        <ele>357.90234375</ele>
        <time>2014-07-05T14:01:04Z</time>
      </trkpt>
      <trkpt lat="68.084545796737075" lon="13.102459525689483">
        <ele>357.4765625</ele>
        <time>2014-07-05T14:01:17Z</time>
      </trkpt>
      <trkpt lat="68.084501288831234" lon="13.102098433300853">
        <ele>356.78515625</ele>
        <time>2014-07-05T14:01:30Z</time>
      </trkpt>
      <trkpt lat="68.084501624107361" lon="13.10207286849618">
        <ele>356.95703125</ele>
        <time>2014-07-05T14:01:31Z</time>
      </trkpt>
      <trkpt lat="68.08445661328733" lon="13.101599458605051">
        <ele>357.2421875</ele>
        <time>2014-07-05T14:01:47Z</time>
      </trkpt>
      <trkpt lat="68.084451667964458" lon="13.101159324869514">
        <ele>360.03515625</ele>
        <time>2014-07-05T14:02:02Z</time>
      </trkpt>
      <trkpt lat="68.084451584145427" lon="13.101143902167678">
        <ele>360.140625</ele>
        <time>2014-07-05T14:02:03Z</time>
      </trkpt>
      <trkpt lat="68.084456445649266" lon="13.101039296016097">
        <ele>361.17578125</ele>
        <time>2014-07-05T14:02:08Z</time>
      </trkpt>
      <trkpt lat="68.084447141736746" lon="13.100896216928959">
        <ele>361.6328125</ele>
        <time>2014-07-05T14:02:14Z</time>
      </trkpt>
      <trkpt lat="68.08446055278182" lon="13.100850535556674">
        <ele>362.55859375</ele>
        <time>2014-07-05T14:02:28Z</time>
      </trkpt>
      <trkpt lat="68.084485195577145" lon="13.100842824205756">
        <ele>363.9921875</ele>
        <time>2014-07-05T14:02:55Z</time>
      </trkpt>
      <trkpt lat="68.084484022110701" lon="13.100844752043486">
        <ele>363.91796875</ele>
        <time>2014-07-05T14:03:22Z</time>
      </trkpt>
      <trkpt lat="68.084476310759783" lon="13.100851289927959">
        <ele>363.45703125</ele>
        <time>2014-07-05T14:03:56Z</time>
      </trkpt>
      <trkpt lat="68.084455691277981" lon="13.10075556859374">
        <ele>362.61328125</ele>
        <time>2014-07-05T14:04:14Z</time>
      </trkpt>
      <trkpt lat="68.084463402628899" lon="13.100695386528969">
        <ele>363.25</ele>
        <time>2014-07-05T14:04:18Z</time>
      </trkpt>
      <trkpt lat="68.08445367962122" lon="13.100527077913284">
        <ele>363.296875</ele>
        <time>2014-07-05T14:04:24Z</time>
      </trkpt>
      <trkpt lat="68.084458038210869" lon="13.100475529208779">
        <ele>363.7109375</ele>
        <time>2014-07-05T14:04:26Z</time>
      </trkpt>
      <trkpt lat="68.08446298353374" lon="13.100207224488258">
        <ele>364.234375</ele>
        <time>2014-07-05T14:04:38Z</time>
      </trkpt>
      <trkpt lat="68.084495337679982" lon="13.10000890865922">
        <ele>365.4140625</ele>
        <time>2014-07-05T14:04:48Z</time>
      </trkpt>
      <trkpt lat="68.084512520581484" lon="13.099906397983432">
        <ele>365.91015625</ele>
        <time>2014-07-05T14:04:54Z</time>
      </trkpt>
      <trkpt lat="68.084500450640917" lon="13.099751248955727">
        <ele>365.125</ele>
        <time>2014-07-05T14:05:00Z</time>
      </trkpt>
      <trkpt lat="68.084489302709699" lon="13.099685199558735">
        <ele>364.6171875</ele>
        <time>2014-07-05T14:05:03Z</time>
      </trkpt>
      <trkpt lat="68.084494583308697" lon="13.099454864859581">
        <ele>364.5</ele>
        <time>2014-07-05T14:05:20Z</time>
      </trkpt>
      <trkpt lat="68.084511766210198" lon="13.099380014464259">
        <ele>365.0234375</ele>
        <time>2014-07-05T14:05:28Z</time>
      </trkpt>
      <trkpt lat="68.084618300199509" lon="13.099244730547071">
        <ele>368.66796875</ele>
        <time>2014-07-05T14:05:41Z</time>
      </trkpt>
      <trkpt lat="68.084698431193829" lon="13.099356712773442">
        <ele>371.9375</ele>
        <time>2014-07-05T14:05:53Z</time>
      </trkpt>
      <trkpt lat="68.084782082587481" lon="13.09946995228529">
        <ele>375.48046875</ele>
        <time>2014-07-05T14:06:06Z</time>
      </trkpt>
      <trkpt lat="68.08486363850534" lon="13.099591657519341">
        <ele>379.09375</ele>
        <time>2014-07-05T14:06:19Z</time>
      </trkpt>
      <trkpt lat="68.084934381768107" lon="13.099690563976765">
        <ele>382.3046875</ele>
        <time>2014-07-05T14:06:31Z</time>
      </trkpt>
      <trkpt lat="68.084983332082629" lon="13.099549748003483">
        <ele>383.71875</ele>
        <time>2014-07-05T14:06:42Z</time>
      </trkpt>
      <trkpt lat="68.085076287388802" lon="13.099607583135366">
        <ele>387.6953125</ele>
        <time>2014-07-05T14:06:55Z</time>
      </trkpt>
      <trkpt lat="68.085159016773105" lon="13.099619820713997">
        <ele>391.0859375</ele>
        <time>2014-07-05T14:07:06Z</time>
      </trkpt>
      <trkpt lat="68.085193885490298" lon="13.099600709974766">
        <ele>392.43359375</ele>
        <time>2014-07-05T14:07:17Z</time>
      </trkpt>
      <trkpt lat="68.085187850520015" lon="13.099616384133697">
        <ele>392.24609375</ele>
        <time>2014-07-05T14:07:31Z</time>
      </trkpt>
      <trkpt lat="68.085171086713672" lon="13.099636835977435">
        <ele>391.66015625</ele>
        <time>2014-07-05T14:08:03Z</time>
      </trkpt>
      <trkpt lat="68.085168153047562" lon="13.099638763815165">
        <ele>391.5546875</ele>
        <time>2014-07-05T14:08:30Z</time>
      </trkpt>
      <trkpt lat="68.085236130282283" lon="13.099568607285619">
        <ele>394.1953125</ele>
        <time>2014-07-05T14:08:51Z</time>
      </trkpt>
      <trkpt lat="68.085338976234198" lon="13.09955989010632">
        <ele>398.86328125</ele>
        <time>2014-07-05T14:09:04Z</time>
      </trkpt>
      <trkpt lat="68.085408629849553" lon="13.099458469077945">
        <ele>402.09765625</ele>
        <time>2014-07-05T14:09:17Z</time>
      </trkpt>
      <trkpt lat="68.085497645661235" lon="13.099338943138719">
        <ele>406.734375</ele>
        <time>2014-07-05T14:09:30Z</time>
      </trkpt>
      <trkpt lat="68.085570819675922" lon="13.099243137985468">
        <ele>410.94921875</ele>
        <time>2014-07-05T14:09:43Z</time>
      </trkpt>
      <trkpt lat="68.085659667849541" lon="13.099150182679296">
        <ele>414.734375</ele>
        <time>2014-07-05T14:09:56Z</time>
      </trkpt>
      <trkpt lat="68.085717335343361" lon="13.099030908197165">
        <ele>416.859375</ele>
        <time>2014-07-05T14:10:08Z</time>
      </trkpt>
      <trkpt lat="68.085777685046196" lon="13.09886259958148">
        <ele>418.07421875</ele>
        <time>2014-07-05T14:10:21Z</time>
      </trkpt>
      <trkpt lat="68.085869215428829" lon="13.098708372563124">
        <ele>420.7734375</ele>
        <time>2014-07-05T14:10:35Z</time>
      </trkpt>
      <trkpt lat="68.08594741858542" lon="13.098586164414883">
        <ele>423.828125</ele>
        <time>2014-07-05T14:10:47Z</time>
      </trkpt>
      <trkpt lat="68.085971977561712" lon="13.098391955718398">
        <ele>424.69140625</ele>
        <time>2014-07-05T14:11:00Z</time>
      </trkpt>
      <trkpt lat="68.085967618972063" lon="13.098413664847612">
        <ele>424.49609375</ele>
        <time>2014-07-05T14:11:19Z</time>
      </trkpt>
      <trkpt lat="68.085966110229492" lon="13.098404109477997">
        <ele>424.40234375</ele>
        <time>2014-07-05T14:11:27Z</time>
      </trkpt>
      <trkpt lat="68.085995865985751" lon="13.098135720938444">
        <ele>425.7890625</ele>
        <time>2014-07-05T14:11:40Z</time>
      </trkpt>
      <trkpt lat="68.085995279252529" lon="13.098034132272005">
        <ele>426.32421875</ele>
        <time>2014-07-05T14:11:46Z</time>
      </trkpt>
      <trkpt lat="68.08602562174201" lon="13.097787536680698">
        <ele>429.82421875</ele>
        <time>2014-07-05T14:11:59Z</time>
      </trkpt>
      <trkpt lat="68.086027801036835" lon="13.097745878621936">
        <ele>430.23828125</ele>
        <time>2014-07-05T14:12:02Z</time>
      </trkpt>
      <trkpt lat="68.086065100505948" lon="13.097529038786888">
        <ele>434.453125</ele>
        <time>2014-07-05T14:12:15Z</time>
      </trkpt>
      <trkpt lat="68.086096616461873" lon="13.097358047962189">
        <ele>438.4140625</ele>
        <time>2014-07-05T14:12:27Z</time>
      </trkpt>
      <trkpt lat="68.086125869303942" lon="13.0972521007061">
        <ele>441.5</ele>
        <time>2014-07-05T14:12:39Z</time>
      </trkpt>
      <trkpt lat="68.086113380268216" lon="13.097051521763206">
        <ele>442.6875</ele>
        <time>2014-07-05T14:12:52Z</time>
      </trkpt>
      <trkpt lat="68.086137603968382" lon="13.096753712743521">
        <ele>443.27734375</ele>
        <time>2014-07-05T14:13:06Z</time>
      </trkpt>
      <trkpt lat="68.086165012791753" lon="13.096518348902464">
        <ele>444.359375</ele>
        <time>2014-07-05T14:13:18Z</time>
      </trkpt>
      <trkpt lat="68.086216477677226" lon="13.096498399972916">
        <ele>448.578125</ele>
        <time>2014-07-05T14:13:25Z</time>
      </trkpt>
      <trkpt lat="68.086238773539662" lon="13.096532262861729">
        <ele>450.5</ele>
        <time>2014-07-05T14:13:28Z</time>
      </trkpt>
      <trkpt lat="68.086334159597754" lon="13.096592193469405">
        <ele>456.828125</ele>
        <time>2014-07-05T14:13:41Z</time>
      </trkpt>
      <trkpt lat="68.086381852626801" lon="13.096536872908473">
        <ele>459.04296875</ele>
        <time>2014-07-05T14:13:48Z</time>
      </trkpt>
      <trkpt lat="68.086484111845493" lon="13.096431596204638">
        <ele>463.71875</ele>
        <time>2014-07-05T14:14:03Z</time>
      </trkpt>
      <trkpt lat="68.086551502346992" lon="13.096280638128519">
        <ele>466.30859375</ele>
        <time>2014-07-05T14:14:15Z</time>
      </trkpt>
      <trkpt lat="68.086585281416774" lon="13.096042592078447">
        <ele>467.34765625</ele>
        <time>2014-07-05T14:14:28Z</time>
      </trkpt>
      <trkpt lat="68.086606906726956" lon="13.095955671742558">
        <ele>468.4453125</ele>
        <time>2014-07-05T14:14:33Z</time>
      </trkpt>
      <trkpt lat="68.08661830611527" lon="13.095796667039394">
        <ele>470.12109375</ele>
        <time>2014-07-05T14:14:42Z</time>
      </trkpt>
      <trkpt lat="68.086630627512932" lon="13.095710081979632">
        <ele>471.74609375</ele>
        <time>2014-07-05T14:14:57Z</time>
      </trkpt>
      <trkpt lat="68.086622077971697" lon="13.095715027302504">
        <ele>471.1328125</ele>
        <time>2014-07-05T14:15:22Z</time>
      </trkpt>
      <trkpt lat="68.086645966395736" lon="13.095681751146913">
        <ele>473.02734375</ele>
        <time>2014-07-05T14:15:37Z</time>
      </trkpt>
      <trkpt lat="68.08664227835834" lon="13.09569088742137">
        <ele>472.6953125</ele>
        <time>2014-07-05T14:16:04Z</time>
      </trkpt>
      <trkpt lat="68.086645714938641" lon="13.095699939876795">
        <ele>472.83984375</ele>
        <time>2014-07-05T14:16:30Z</time>
      </trkpt>
      <trkpt lat="68.086643116548657" lon="13.095695665106177">
        <ele>472.70703125</ele>
        <time>2014-07-05T14:16:52Z</time>
      </trkpt>
      <trkpt lat="68.086632890626788" lon="13.095381343737245">
        <ele>474.98828125</ele>
        <time>2014-07-05T14:17:05Z</time>
      </trkpt>
      <trkpt lat="68.086644122377038" lon="13.095268607139587">
        <ele>475.3671875</ele>
        <time>2014-07-05T14:17:11Z</time>
      </trkpt>
      <trkpt lat="68.086626268923283" lon="13.094993177801371">
        <ele>471.7890625</ele>
        <time>2014-07-05T14:17:24Z</time>
      </trkpt>
      <trkpt lat="68.086631800979376" lon="13.094647508114576">
        <ele>468.328125</ele>
        <time>2014-07-05T14:17:38Z</time>
      </trkpt>
      <trkpt lat="68.086624927818775" lon="13.094567712396383">
        <ele>466.37109375</ele>
        <time>2014-07-05T14:17:41Z</time>
      </trkpt>
      <trkpt lat="68.086640350520611" lon="13.094425052404404">
        <ele>465.7734375</ele>
        <time>2014-07-05T14:17:47Z</time>
      </trkpt>
      <trkpt lat="68.086639177054167" lon="13.094215337187052">
        <ele>462.1796875</ele>
        <time>2014-07-05T14:17:57Z</time>
      </trkpt>
      <trkpt lat="68.086669016629457" lon="13.093863967806101">
        <ele>457.73046875</ele>
        <time>2014-07-05T14:18:11Z</time>
      </trkpt>
      <trkpt lat="68.086711429059505" lon="13.093700772151351">
        <ele>459.984375</ele>
        <time>2014-07-05T14:18:19Z</time>
      </trkpt>
      <trkpt lat="68.086719224229455" lon="13.09332886710763">
        <ele>461.0703125</ele>
        <time>2014-07-05T14:18:34Z</time>
      </trkpt>
      <trkpt lat="68.086729450151324" lon="13.093203138560057">
        <ele>462.703125</ele>
        <time>2014-07-05T14:18:45Z</time>
      </trkpt>
      <trkpt lat="68.086741017177701" lon="13.09320280328393">
        <ele>464.45703125</ele>
        <time>2014-07-05T14:19:07Z</time>
      </trkpt>
      <trkpt lat="68.086713692173362" lon="13.093134239315987">
        <ele>460.35546875</ele>
        <time>2014-07-05T14:19:21Z</time>
      </trkpt>
      <trkpt lat="68.086709836497903" lon="13.093198696151376">
        <ele>459.734375</ele>
        <time>2014-07-05T14:19:36Z</time>
      </trkpt>
      <trkpt lat="68.086705058813095" lon="13.093149745836854">
        <ele>459.02734375</ele>
        <time>2014-07-05T14:19:44Z</time>
      </trkpt>
      <trkpt lat="68.086762223392725" lon="13.093039775267243">
        <ele>466.71484375</ele>
        <time>2014-07-05T14:19:55Z</time>
      </trkpt>
      <trkpt lat="68.086780412122607" lon="13.093051174655557">
        <ele>469.703125</ele>
        <time>2014-07-05T14:20:08Z</time>
      </trkpt>
      <trkpt lat="68.086783094331622" lon="13.093054695054889">
        <ele>470.16015625</ele>
        <time>2014-07-05T14:20:35Z</time>
      </trkpt>
      <trkpt lat="68.086784854531288" lon="13.093066848814487">
        <ele>470.55859375</ele>
        <time>2014-07-05T14:21:07Z</time>
      </trkpt>
      <trkpt lat="68.086773958057165" lon="13.093065172433853">
        <ele>468.83984375</ele>
        <time>2014-07-05T14:21:28Z</time>
      </trkpt>
      <trkpt lat="68.086788710206747" lon="13.093062909319997">
        <ele>471.125</ele>
        <time>2014-07-05T14:21:53Z</time>
      </trkpt>
      <trkpt lat="68.086762726306915" lon="13.09309777803719">
        <ele>467.453125</ele>
        <time>2014-07-05T14:22:30Z</time>
      </trkpt>
      <trkpt lat="68.086739424616098" lon="13.093027286231518">
        <ele>462.96484375</ele>
        <time>2014-07-05T14:22:44Z</time>
      </trkpt>
      <trkpt lat="68.086722828447819" lon="13.093013539910316">
        <ele>460.15234375</ele>
        <time>2014-07-05T14:22:54Z</time>
      </trkpt>
      <trkpt lat="68.086707657203078" lon="13.092678431421518">
        <ele>453.03125</ele>
        <time>2014-07-05T14:23:06Z</time>
      </trkpt>
      <trkpt lat="68.086812933906913" lon="13.092486821115017">
        <ele>464.203125</ele>
        <time>2014-07-05T14:23:18Z</time>
      </trkpt>
      <trkpt lat="68.08695743791759" lon="13.092349693179131">
        <ele>464.34765625</ele>
        <time>2014-07-05T14:23:31Z</time>
      </trkpt>
      <trkpt lat="68.086989792063832" lon="13.092326307669282">
        <ele>463.7265625</ele>
        <time>2014-07-05T14:23:34Z</time>
      </trkpt>
      <trkpt lat="68.087068917229772" lon="13.092404175549746">
        <ele>470.8359375</ele>
        <time>2014-07-05T14:23:40Z</time>
      </trkpt>
      <trkpt lat="68.087245523929596" lon="13.092534178867936">
        <ele>483.01171875</ele>
        <time>2014-07-05T14:23:55Z</time>
      </trkpt>
      <trkpt lat="68.087318111211061" lon="13.092623697593808">
        <ele>488.234375</ele>
        <time>2014-07-05T14:24:01Z</time>
      </trkpt>
      <trkpt lat="68.08736689388752" lon="13.092708270996809">
        <ele>491.54296875</ele>
        <time>2014-07-05T14:24:05Z</time>
      </trkpt>
      <trkpt lat="68.087517935782671" lon="13.092815224081278">
        <ele>498.04296875</ele>
        <time>2014-07-05T14:24:19Z</time>
      </trkpt>
      <trkpt lat="68.087642909958959" lon="13.092796197161078">
        <ele>500.390625</ele>
        <time>2014-07-05T14:24:31Z</time>
      </trkpt>
      <trkpt lat="68.087769560515881" lon="13.09278697706759">
        <ele>503.0390625</ele>
        <time>2014-07-05T14:24:43Z</time>
      </trkpt>
      <trkpt lat="68.087852289900184" lon="13.092840788885951">
        <ele>506.546875</ele>
        <time>2014-07-05T14:24:50Z</time>
      </trkpt>
      <trkpt lat="68.087945161387324" lon="13.092840453609824">
        <ele>508.703125</ele>
        <time>2014-07-05T14:24:58Z</time>
      </trkpt>
      <trkpt lat="68.088120594620705" lon="13.092946149408817">
        <ele>512.734375</ele>
        <time>2014-07-05T14:25:13Z</time>
      </trkpt>
      <trkpt lat="68.088162001222372" lon="13.092951849102974">
        <ele>513.06640625</ele>
        <time>2014-07-05T14:25:17Z</time>
      </trkpt>
      <trkpt lat="68.088183458894491" lon="13.093016808852553">
        <ele>515.59765625</ele>
        <time>2014-07-05T14:25:20Z</time>
      </trkpt>
      <trkpt lat="68.088222434744239" lon="13.093031644821167">
        <ele>516.37890625</ele>
        <time>2014-07-05T14:25:25Z</time>
      </trkpt>
      <trkpt lat="68.088256968185306" lon="13.093005493283272">
        <ele>515.5234375</ele>
        <time>2014-07-05T14:25:29Z</time>
      </trkpt>
      <trkpt lat="68.088298458606005" lon="13.093030052259564">
        <ele>516.74609375</ele>
        <time>2014-07-05T14:25:33Z</time>
      </trkpt>
      <trkpt lat="68.088334836065769" lon="13.093018485233188">
        <ele>516.45703125</ele>
        <time>2014-07-05T14:25:37Z</time>
      </trkpt>
      <trkpt lat="68.088398538529873" lon="13.092949334532022">
        <ele>513.69140625</ele>
        <time>2014-07-05T14:25:44Z</time>
      </trkpt>
      <trkpt lat="68.08844287879765" lon="13.092952519655228">
        <ele>513.97265625</ele>
        <time>2014-07-05T14:25:49Z</time>
      </trkpt>
      <trkpt lat="68.088503815233707" lon="13.092892672866583">
        <ele>511.2734375</ele>
        <time>2014-07-05T14:25:56Z</time>
      </trkpt>
      <trkpt lat="68.088626526296139" lon="13.09273618273437">
        <ele>506.91015625</ele>
        <time>2014-07-05T14:26:09Z</time>
      </trkpt>
      <trkpt lat="68.088658126071095" lon="13.092748336493969">
        <ele>508.4140625</ele>
        <time>2014-07-05T14:26:12Z</time>
      </trkpt>
      <trkpt lat="68.088690228760242" lon="13.09273861348629">
        <ele>508.8671875</ele>
        <time>2014-07-05T14:26:15Z</time>
      </trkpt>
      <trkpt lat="68.088744962587953" lon="13.09271807782352">
        <ele>509.4453125</ele>
        <time>2014-07-05T14:26:21Z</time>
      </trkpt>
      <trkpt lat="68.088900782167912" lon="13.092931983992457">
        <ele>524.3359375</ele>
        <time>2014-07-05T14:26:35Z</time>
      </trkpt>
      <trkpt lat="68.089070683345199" lon="13.092870209366083">
        <ele>526.10546875</ele>
        <time>2014-07-05T14:26:50Z</time>
      </trkpt>
      <trkpt lat="68.089073449373245" lon="13.092900803312659">
        <ele>527.40625</ele>
        <time>2014-07-05T14:27:04Z</time>
      </trkpt>
      <trkpt lat="68.089125584810972" lon="13.092904156073928">
        <ele>524.05078125</ele>
        <time>2014-07-05T14:27:20Z</time>
      </trkpt>
      <trkpt lat="68.089272351935506" lon="13.093020245432854">
        <ele>521.5390625</ele>
        <time>2014-07-05T14:27:35Z</time>
      </trkpt>
      <trkpt lat="68.089303867891431" lon="13.093000464141369">
        <ele>518.375</ele>
        <time>2014-07-05T14:27:38Z</time>
      </trkpt>
      <trkpt lat="68.089386429637671" lon="13.092918489128351">
        <ele>507.46484375</ele>
        <time>2014-07-05T14:27:52Z</time>
      </trkpt>
      <trkpt lat="68.089391123503447" lon="13.092918740585446">
        <ele>507.171875</ele>
        <time>2014-07-05T14:28:18Z</time>
      </trkpt>
      <trkpt lat="68.089391961693764" lon="13.092926619574428">
        <ele>507.69140625</ele>
        <time>2014-07-05T14:28:34Z</time>
      </trkpt>
      <trkpt lat="68.089389195665717" lon="13.09297313913703">
        <ele>511.2421875</ele>
        <time>2014-07-05T14:28:52Z</time>
      </trkpt>
      <trkpt lat="68.08936782181263" lon="13.093043966218829">
        <ele>517.59765625</ele>
        <time>2014-07-05T14:29:06Z</time>
      </trkpt>
      <trkpt lat="68.08936052955687" lon="13.093110518530011">
        <ele>522.69921875</ele>
        <time>2014-07-05T14:29:09Z</time>
      </trkpt>
      <trkpt lat="68.089343849569559" lon="13.093130383640528">
        <ele>524.94140625</ele>
        <time>2014-07-05T14:29:25Z</time>
      </trkpt>
      <trkpt lat="68.089336222037673" lon="13.093161312863231">
        <ele>525.93359375</ele>
        <time>2014-07-05T14:30:01Z</time>
      </trkpt>
      <trkpt lat="68.089337227866054" lon="13.093148907646537">
        <ele>525.7109375</ele>
        <time>2014-07-05T14:30:30Z</time>
      </trkpt>
      <trkpt lat="68.089340077713132" lon="13.093145973980427">
        <ele>525.52734375</ele>
        <time>2014-07-05T14:31:00Z</time>
      </trkpt>
      <trkpt lat="68.089344184845686" lon="13.093129713088274">
        <ele>524.875</ele>
        <time>2014-07-05T14:31:38Z</time>
      </trkpt>
      <trkpt lat="68.089342340826988" lon="13.093143124133348">
        <ele>525.37109375</ele>
        <time>2014-07-05T14:32:09Z</time>
      </trkpt>
      <trkpt lat="68.089348878711462" lon="13.093124348670244">
        <ele>524.265625</ele>
        <time>2014-07-05T14:32:51Z</time>
      </trkpt>
      <trkpt lat="68.089344101026654" lon="13.093120912089944">
        <ele>524.2734375</ele>
        <time>2014-07-05T14:33:37Z</time>
      </trkpt>
      <trkpt lat="68.08934586122632" lon="13.093118229880929">
        <ele>523.99609375</ele>
        <time>2014-07-05T14:34:09Z</time>
      </trkpt>
      <trkpt lat="68.08935709297657" lon="13.093102890998125">
        <ele>522.33984375</ele>
        <time>2014-07-05T14:34:45Z</time>
      </trkpt>
      <trkpt lat="68.089353488758206" lon="13.093079421669245">
        <ele>520.89453125</ele>
        <time>2014-07-05T14:35:17Z</time>
      </trkpt>
      <trkpt lat="68.089349213987589" lon="13.093112697824836">
        <ele>523.4375</ele>
        <time>2014-07-05T14:35:46Z</time>
      </trkpt>
      <trkpt lat="68.089353572577238" lon="13.09311387129128">
        <ele>523.29296875</ele>
        <time>2014-07-05T14:36:21Z</time>
      </trkpt>
      <trkpt lat="68.089360194280744" lon="13.09311387129128">
        <ele>522.94921875</ele>
        <time>2014-07-05T14:36:45Z</time>
      </trkpt>
      <trkpt lat="68.089350638911128" lon="13.093108339235187">
        <ele>523.0625</ele>
        <time>2014-07-05T14:37:09Z</time>
      </trkpt>
      <trkpt lat="68.089356673881412" lon="13.093118900433183">
        <ele>523.484375</ele>
        <time>2014-07-05T14:37:42Z</time>
      </trkpt>
      <trkpt lat="68.089338904246688" lon="13.093146644532681">
        <ele>525.59375</ele>
        <time>2014-07-05T14:38:01Z</time>
      </trkpt>
      <trkpt lat="68.089340748265386" lon="13.093124683946371">
        <ele>524.703125</ele>
        <time>2014-07-05T14:38:17Z</time>
      </trkpt>
      <trkpt lat="68.089330522343516" lon="13.093138681724668">
        <ele>525.90234375</ele>
        <time>2014-07-05T14:38:29Z</time>
      </trkpt>
      <trkpt lat="68.089309148490429" lon="13.093132311478257">
        <ele>526.828125</ele>
        <time>2014-07-05T14:38:31Z</time>
      </trkpt>
      <trkpt lat="68.089287858456373" lon="13.093142369762063">
        <ele>528.09375</ele>
        <time>2014-07-05T14:38:33Z</time>
      </trkpt>
      <trkpt lat="68.089208984747529" lon="13.093154523521662">
        <ele>532.16796875</ele>
        <time>2014-07-05T14:38:40Z</time>
      </trkpt>
      <trkpt lat="68.089069593697786" lon="13.093177322298288">
        <ele>539.2265625</ele>
        <time>2014-07-05T14:38:53Z</time>
      </trkpt>
      <trkpt lat="68.089020056650043" lon="13.093157541006804">
        <ele>537.71484375</ele>
        <time>2014-07-05T14:38:58Z</time>
      </trkpt>
      <trkpt lat="68.088926011696458" lon="13.093183944001794">
        <ele>535.1875</ele>
        <time>2014-07-05T14:39:06Z</time>
      </trkpt>
      <trkpt lat="68.088810257613659" lon="13.093224260956049">
        <ele>532.17578125</ele>
        <time>2014-07-05T14:39:16Z</time>
      </trkpt>
      <trkpt lat="68.088734149932861" lon="13.09324680827558">
        <ele>530.1953125</ele>
        <time>2014-07-05T14:39:30Z</time>
      </trkpt>
      <trkpt lat="68.088736077770591" lon="13.093248568475246">
        <ele>530.265625</ele>
        <time>2014-07-05T14:39:52Z</time>
      </trkpt>
      <trkpt lat="68.08873800560832" lon="13.093239599838853">
        <ele>530.25</ele>
        <time>2014-07-05T14:40:17Z</time>
      </trkpt>
      <trkpt lat="68.088734233751893" lon="13.09327706694603">
        <ele>530.4296875</ele>
        <time>2014-07-05T14:40:43Z</time>
      </trkpt>
      <trkpt lat="68.088734401389956" lon="13.093254938721657">
        <ele>530.265625</ele>
        <time>2014-07-05T14:41:05Z</time>
      </trkpt>
      <trkpt lat="68.088711937889457" lon="13.093241443857551">
        <ele>529.53125</ele>
        <time>2014-07-05T14:41:26Z</time>
      </trkpt>
      <trkpt lat="68.088697521016002" lon="13.09322920627892">
        <ele>529.03125</ele>
        <time>2014-07-05T14:41:50Z</time>
      </trkpt>
      <trkpt lat="68.088701879605651" lon="13.093208251520991">
        <ele>528.98828125</ele>
        <time>2014-07-05T14:42:18Z</time>
      </trkpt>
      <trkpt lat="68.088688552379608" lon="13.093206072226167">
        <ele>528.59375</ele>
        <time>2014-07-05T14:42:44Z</time>
      </trkpt>
      <trkpt lat="68.088672878220677" lon="13.093202887102962">
        <ele>528.125</ele>
        <time>2014-07-05T14:42:46Z</time>
      </trkpt>
      <trkpt lat="68.088557459414005" lon="13.093072045594454">
        <ele>521.25390625</ele>
        <time>2014-07-05T14:42:57Z</time>
      </trkpt>
      <trkpt lat="68.088510604575276" lon="13.093047067523003">
        <ele>518.76953125</ele>
        <time>2014-07-05T14:43:01Z</time>
      </trkpt>
      <trkpt lat="68.088487219065428" lon="13.092995854094625">
        <ele>516.1796875</ele>
        <time>2014-07-05T14:43:03Z</time>
      </trkpt>
      <trkpt lat="68.08837397955358" lon="13.093021335080266">
        <ele>516.7890625</ele>
        <time>2014-07-05T14:43:13Z</time>
      </trkpt>
      <trkpt lat="68.088227966800332" lon="13.093048660084605">
        <ele>517.08203125</ele>
        <time>2014-07-05T14:43:24Z</time>
      </trkpt>
      <trkpt lat="68.088172478601336" lon="13.093000464141369">
        <ele>514.92578125</ele>
        <time>2014-07-05T14:43:28Z</time>
      </trkpt>
      <trkpt lat="68.08796058408916" lon="13.092901725322008">
        <ele>510.90234375</ele>
        <time>2014-07-05T14:43:44Z</time>
      </trkpt>
      <trkpt lat="68.087939294055104" lon="13.092873897403479">
        <ele>509.5859375</ele>
        <time>2014-07-05T14:43:46Z</time>
      </trkpt>
      <trkpt lat="68.087718095630407" lon="13.092860486358404">
        <ele>503.9921875</ele>
        <time>2014-07-05T14:44:02Z</time>
      </trkpt>
      <trkpt lat="68.087568143382668" lon="13.092868281528354">
        <ele>500.6953125</ele>
        <time>2014-07-05T14:44:12Z</time>
      </trkpt>
      <trkpt lat="68.087432691827416" lon="13.09287347830832">
        <ele>497.65234375</ele>
        <time>2014-07-05T14:44:20Z</time>
      </trkpt>
      <trkpt lat="68.087416347116232" lon="13.092867359519005">
        <ele>497.1015625</ele>
        <time>2014-07-05T14:44:21Z</time>
      </trkpt>
      <trkpt lat="68.08720076456666" lon="13.092586314305663">
        <ele>484.76953125</ele>
        <time>2014-07-05T14:44:37Z</time>
      </trkpt>
      <trkpt lat="68.087028348818421" lon="13.092426639050245">
        <ele>471.2109375</ele>
        <time>2014-07-05T14:44:51Z</time>
      </trkpt>
      <trkpt lat="68.087005466222763" lon="13.092395961284637">
        <ele>468.65234375</ele>
        <time>2014-07-05T14:44:53Z</time>
      </trkpt>
      <trkpt lat="68.086847886443138" lon="13.092506602406502">
        <ele>471.96484375</ele>
        <time>2014-07-05T14:45:07Z</time>
      </trkpt>
      <trkpt lat="68.0868084076792" lon="13.092518337070942">
        <ele>465.57421875</ele>
        <time>2014-07-05T14:45:11Z</time>
      </trkpt>
      <trkpt lat="68.086726935580373" lon="13.092705924063921">
        <ele>456.76953125</ele>
        <time>2014-07-05T14:45:21Z</time>
      </trkpt>
      <trkpt lat="68.086762642487884" lon="13.09308210387826">
        <ele>467.26171875</ele>
        <time>2014-07-05T14:45:32Z</time>
      </trkpt>
      <trkpt lat="68.086762893944979" lon="13.093403466045856">
        <ele>467.4375</ele>
        <time>2014-07-05T14:45:41Z</time>
      </trkpt>
      <trkpt lat="68.086751494556665" lon="13.093685517087579">
        <ele>465.37109375</ele>
        <time>2014-07-05T14:45:49Z</time>
      </trkpt>
      <trkpt lat="68.086726013571024" lon="13.093805043026805">
        <ele>464.10546875</ele>
        <time>2014-07-05T14:45:53Z</time>
      </trkpt>
      <trkpt lat="68.086699694395065" lon="13.093901015818119">
        <ele>462.578125</ele>
        <time>2014-07-05T14:45:57Z</time>
      </trkpt>
      <trkpt lat="68.08668770827353" lon="13.094069240614772">
        <ele>464.6640625</ele>
        <time>2014-07-05T14:46:02Z</time>
      </trkpt>
      <trkpt lat="68.086683936417103" lon="13.094403091818094">
        <ele>470.19140625</ele>
        <time>2014-07-05T14:46:11Z</time>
      </trkpt>
      <trkpt lat="68.086664155125618" lon="13.094803243875504">
        <ele>473.7578125</ele>
        <time>2014-07-05T14:46:23Z</time>
      </trkpt>
      <trkpt lat="68.086672117933631" lon="13.094962332397699">
        <ele>475.48828125</ele>
        <time>2014-07-05T14:46:27Z</time>
      </trkpt>
      <trkpt lat="68.086679577827454" lon="13.095031902194023">
        <ele>476.5390625</ele>
        <time>2014-07-05T14:46:29Z</time>
      </trkpt>
      <trkpt lat="68.086686283349991" lon="13.095088396221399">
        <ele>477.4140625</ele>
        <time>2014-07-05T14:46:31Z</time>
      </trkpt>
      <trkpt lat="68.086691480129957" lon="13.095289561897516">
        <ele>478.90234375</ele>
        <time>2014-07-05T14:46:36Z</time>
      </trkpt>
      <trkpt lat="68.086658287793398" lon="13.095549400895834">
        <ele>475.11328125</ele>
        <time>2014-07-05T14:46:43Z</time>
      </trkpt>
      <trkpt lat="68.086664909496903" lon="13.095684684813023">
        <ele>474.25390625</ele>
        <time>2014-07-05T14:46:46Z</time>
      </trkpt>
      <trkpt lat="68.086659042164683" lon="13.095838995650411">
        <ele>472.390625</ele>
        <time>2014-07-05T14:46:50Z</time>
      </trkpt>
      <trkpt lat="68.086623502895236" lon="13.096070252358913">
        <ele>469.7109375</ele>
        <time>2014-07-05T14:46:57Z</time>
      </trkpt>
      <trkpt lat="68.08659391477704" lon="13.096153819933534">
        <ele>468.1875</ele>
        <time>2014-07-05T14:47:00Z</time>
      </trkpt>
      <trkpt lat="68.086552089080215" lon="13.096458250656724">
        <ele>467.08984375</ele>
        <time>2014-07-05T14:47:09Z</time>
      </trkpt>
      <trkpt lat="68.086538510397077" lon="13.096471829339862">
        <ele>466.453125</ele>
        <time>2014-07-05T14:47:10Z</time>
      </trkpt>
      <trkpt lat="68.086469611153007" lon="13.096554894000292">
        <ele>462.99609375</ele>
        <time>2014-07-05T14:47:15Z</time>
      </trkpt>
      <trkpt lat="68.086344301700592" lon="13.096662182360888">
        <ele>457.22265625</ele>
        <time>2014-07-05T14:47:25Z</time>
      </trkpt>
      <trkpt lat="68.08631731197238" lon="13.096733763813972">
        <ele>456.01953125</ele>
        <time>2014-07-05T14:47:29Z</time>
      </trkpt>
      <trkpt lat="68.086288059130311" lon="13.096833173185587">
        <ele>454.6171875</ele>
        <time>2014-07-05T14:47:34Z</time>
      </trkpt>
      <trkpt lat="68.086269786581397" lon="13.096930738538504">
        <ele>453.36328125</ele>
        <time>2014-07-05T14:47:38Z</time>
      </trkpt>
      <trkpt lat="68.086258722469211" lon="13.096932834014297">
        <ele>452.59375</ele>
        <time>2014-07-05T14:47:39Z</time>
      </trkpt>
      <trkpt lat="68.08617515489459" lon="13.096854547038674">
        <ele>446.48828125</ele>
        <time>2014-07-05T14:47:46Z</time>
      </trkpt>
      <trkpt lat="68.086154535412788" lon="13.096822025254369">
        <ele>444.859375</ele>
        <time>2014-07-05T14:47:50Z</time>
      </trkpt>
      <trkpt lat="68.086145063862205" lon="13.096897797659039">
        <ele>444.53125</ele>
        <time>2014-07-05T14:47:53Z</time>
      </trkpt>
      <trkpt lat="68.086141040548682" lon="13.096937024965882">
        <ele>444.44140625</ele>
        <time>2014-07-05T14:47:55Z</time>
      </trkpt>
      <trkpt lat="68.086154786869884" lon="13.097280096262693">
        <ele>443.19140625</ele>
        <time>2014-07-05T14:48:09Z</time>
      </trkpt>
      <trkpt lat="68.086138106882572" lon="13.09734832495451">
        <ele>441.3671875</ele>
        <time>2014-07-05T14:48:15Z</time>
      </trkpt>
      <trkpt lat="68.08611698448658" lon="13.097416805103421">
        <ele>439.22265625</ele>
        <time>2014-07-05T14:48:18Z</time>
      </trkpt>
      <trkpt lat="68.086111452430487" lon="13.097441447898746">
        <ele>438.5859375</ele>
        <time>2014-07-05T14:48:19Z</time>
      </trkpt>
      <trkpt lat="68.086106758564711" lon="13.097528535872698">
        <ele>437.37109375</ele>
        <time>2014-07-05T14:48:22Z</time>
      </trkpt>
      <trkpt lat="68.086066609248519" lon="13.097767168655992">
        <ele>432.70703125</ele>
        <time>2014-07-05T14:48:32Z</time>
      </trkpt>
      <trkpt lat="68.086044900119305" lon="13.097939919680357">
        <ele>430.078125</ele>
        <time>2014-07-05T14:48:40Z</time>
      </trkpt>
      <trkpt lat="68.086032830178738" lon="13.098130691796541">
        <ele>428.046875</ele>
        <time>2014-07-05T14:48:47Z</time>
      </trkpt>
      <trkpt lat="68.086023358628154" lon="13.098297575488687">
        <ele>427.42578125</ele>
        <time>2014-07-05T14:48:54Z</time>
      </trkpt>
      <trkpt lat="68.085984131321311" lon="13.098599491640925">
        <ele>425.546875</ele>
        <time>2014-07-05T14:49:08Z</time>
      </trkpt>
      <trkpt lat="68.085977928712964" lon="13.098610891029239">
        <ele>425.2734375</ele>
        <time>2014-07-05T14:49:09Z</time>
      </trkpt>
      <trkpt lat="68.085934175178409" lon="13.098678616806865">
        <ele>423.45703125</ele>
        <time>2014-07-05T14:49:14Z</time>
      </trkpt>
      <trkpt lat="68.085896205157042" lon="13.098757574334741">
        <ele>422.11328125</ele>
        <time>2014-07-05T14:49:18Z</time>
      </trkpt>
      <trkpt lat="68.085808278992772" lon="13.098866958171129">
        <ele>419.25390625</ele>
        <time>2014-07-05T14:49:27Z</time>
      </trkpt>
      <trkpt lat="68.085777768865228" lon="13.098973240703344">
        <ele>418.93359375</ele>
        <time>2014-07-05T14:49:32Z</time>
      </trkpt>
      <trkpt lat="68.085731416940689" lon="13.099106764420867">
        <ele>418.40234375</ele>
        <time>2014-07-05T14:49:40Z</time>
      </trkpt>
      <trkpt lat="68.085695877671242" lon="13.099183542653918">
        <ele>417.12890625</ele>
        <time>2014-07-05T14:49:44Z</time>
      </trkpt>
      <trkpt lat="68.0856376234442" lon="13.099208436906338">
        <ele>414.18359375</ele>
        <time>2014-07-05T14:49:49Z</time>
      </trkpt>
      <trkpt lat="68.085611136630177" lon="13.099242970347404">
        <ele>413.12890625</ele>
        <time>2014-07-05T14:49:51Z</time>
      </trkpt>
      <trkpt lat="68.085491275414824" lon="13.099408261477947">
        <ele>406.2265625</ele>
        <time>2014-07-05T14:50:00Z</time>
      </trkpt>
      <trkpt lat="68.085475936532021" lon="13.099424606189132">
        <ele>405.4296875</ele>
        <time>2014-07-05T14:50:01Z</time>
      </trkpt>
      <trkpt lat="68.085376108065248" lon="13.099554274231195">
        <ele>400.5625</ele>
        <time>2014-07-05T14:50:11Z</time>
      </trkpt>
      <trkpt lat="68.085365379229188" lon="13.09957891702652">
        <ele>400.0859375</ele>
        <time>2014-07-05T14:50:12Z</time>
      </trkpt>
      <trkpt lat="68.08532053604722" lon="13.099599536508322">
        <ele>398.09375</ele>
        <time>2014-07-05T14:50:15Z</time>
      </trkpt>
      <trkpt lat="68.085277201607823" lon="13.099599285051227">
        <ele>396.15625</ele>
        <time>2014-07-05T14:50:18Z</time>
      </trkpt>
      <trkpt lat="68.085234202444553" lon="13.099621664732695">
        <ele>394.3203125</ele>
        <time>2014-07-05T14:50:23Z</time>
      </trkpt>
      <trkpt lat="68.085216851904988" lon="13.099625185132027">
        <ele>393.5703125</ele>
        <time>2014-07-05T14:50:25Z</time>
      </trkpt>
      <trkpt lat="68.08517930097878" lon="13.099669776856899">
        <ele>392.171875</ele>
        <time>2014-07-05T14:50:29Z</time>
      </trkpt>
      <trkpt lat="68.085125824436545" lon="13.09963658452034">
        <ele>389.83203125</ele>
        <time>2014-07-05T14:50:33Z</time>
      </trkpt>
      <trkpt lat="68.085116352885962" lon="13.099640607833862">
        <ele>389.46875</ele>
        <time>2014-07-05T14:50:34Z</time>
      </trkpt>
      <trkpt lat="68.084990959614515" lon="13.099575228989124">
        <ele>384.12890625</ele>
        <time>2014-07-05T14:50:45Z</time>
      </trkpt>
      <trkpt lat="68.084958102554083" lon="13.099668938666582">
        <ele>383.1875</ele>
        <time>2014-07-05T14:50:56Z</time>
      </trkpt>
      <trkpt lat="68.084934717044234" lon="13.099902961403131">
        <ele>383.08203125</ele>
        <time>2014-07-05T14:51:03Z</time>
      </trkpt>
      <trkpt lat="68.084903955459595" lon="13.100115023553371">
        <ele>382.59765625</ele>
        <time>2014-07-05T14:51:08Z</time>
      </trkpt>
      <trkpt lat="68.084890712052584" lon="13.100346447899938">
        <ele>382.9296875</ele>
        <time>2014-07-05T14:51:14Z</time>
      </trkpt>
      <trkpt lat="68.08486120775342" lon="13.100538142025471">
        <ele>381.35546875</ele>
        <time>2014-07-05T14:51:19Z</time>
      </trkpt>
      <trkpt lat="68.084834469482303" lon="13.100697146728635">
        <ele>379.96484375</ele>
        <time>2014-07-05T14:51:23Z</time>
      </trkpt>
      <trkpt lat="68.08478644117713" lon="13.101088413968682">
        <ele>376.50390625</ele>
        <time>2014-07-05T14:51:32Z</time>
      </trkpt>
      <trkpt lat="68.08482994325459" lon="13.101568194106221">
        <ele>375.00390625</ele>
        <time>2014-07-05T14:51:46Z</time>
      </trkpt>
      <trkpt lat="68.084813430905342" lon="13.102028276771307">
        <ele>371.625</ele>
        <time>2014-07-05T14:52:00Z</time>
      </trkpt>
      <trkpt lat="68.084839750081301" lon="13.102527838200331">
        <ele>369.52734375</ele>
        <time>2014-07-05T14:52:16Z</time>
      </trkpt>
      <trkpt lat="68.084849305450916" lon="13.102947017177939">
        <ele>367.96484375</ele>
        <time>2014-07-05T14:52:30Z</time>
      </trkpt>
      <trkpt lat="68.084775460883975" lon="13.103281119838357">
        <ele>364.23828125</ele>
        <time>2014-07-05T14:52:42Z</time>
      </trkpt>
      <trkpt lat="68.08479624800384" lon="13.103678422048688">
        <ele>363.48046875</ele>
        <time>2014-07-05T14:52:55Z</time>
      </trkpt>
      <trkpt lat="68.084795409813523" lon="13.103713542222977">
        <ele>363.17578125</ele>
        <time>2014-07-05T14:52:56Z</time>
      </trkpt>
      <trkpt lat="68.084790632128716" lon="13.103740951046348">
        <ele>362.7890625</ele>
        <time>2014-07-05T14:52:57Z</time>
      </trkpt>
      <trkpt lat="68.084786357358098" lon="13.10376794077456">
        <ele>362.421875</ele>
        <time>2014-07-05T14:52:58Z</time>
      </trkpt>
      <trkpt lat="68.084783423691988" lon="13.103797612711787">
        <ele>362.0703125</ele>
        <time>2014-07-05T14:52:59Z</time>
      </trkpt>
      <trkpt lat="68.08478157967329" lon="13.103827787563205">
        <ele>361.75390625</ele>
        <time>2014-07-05T14:53:00Z</time>
      </trkpt>
      <trkpt lat="68.084781160578132" lon="13.10385980643332">
        <ele>361.46875</ele>
        <time>2014-07-05T14:53:01Z</time>
      </trkpt>
      <trkpt lat="68.084780490025878" lon="13.10389350168407">
        <ele>361.16015625</ele>
        <time>2014-07-05T14:53:02Z</time>
      </trkpt>
      <trkpt lat="68.084771102294326" lon="13.104321649298072">
        <ele>357.60546875</ele>
        <time>2014-07-05T14:53:16Z</time>
      </trkpt>
      <trkpt lat="68.084729695692658" lon="13.104804866015911">
        <ele>354.46484375</ele>
        <time>2014-07-05T14:53:31Z</time>
      </trkpt>
      <trkpt lat="68.084709830582142" lon="13.104972168803215">
        <ele>353.44140625</ele>
        <time>2014-07-05T14:53:37Z</time>
      </trkpt>
      <trkpt lat="68.084699604660273" lon="13.104987340047956">
        <ele>353.06640625</ele>
        <time>2014-07-05T14:53:38Z</time>
      </trkpt>
      <trkpt lat="68.084690133109689" lon="13.105009971186519">
        <ele>352.703125</ele>
        <time>2014-07-05T14:53:39Z</time>
      </trkpt>
      <trkpt lat="68.084684433415532" lon="13.105039978399873">
        <ele>352.453125</ele>
        <time>2014-07-05T14:53:40Z</time>
      </trkpt>
      <trkpt lat="68.084679655730724" lon="13.105065459385514">
        <ele>352.2421875</ele>
        <time>2014-07-05T14:53:41Z</time>
      </trkpt>
      <trkpt lat="68.084672447293997" lon="13.105119774118066">
        <ele>351.89453125</ele>
        <time>2014-07-05T14:53:43Z</time>
      </trkpt>
      <trkpt lat="68.084668759256601" lon="13.105145087465644">
        <ele>351.7265625</ele>
        <time>2014-07-05T14:53:44Z</time>
      </trkpt>
      <trkpt lat="68.084664652124047" lon="13.105168640613556">
        <ele>351.54296875</ele>
        <time>2014-07-05T14:53:45Z</time>
      </trkpt>
      <trkpt lat="68.084660712629557" lon="13.105194037780166">
        <ele>351.3671875</ele>
        <time>2014-07-05T14:53:46Z</time>
      </trkpt>
      <trkpt lat="68.084655264392495" lon="13.105225386098027">
        <ele>351.125</ele>
        <time>2014-07-05T14:53:47Z</time>
      </trkpt>
      <trkpt lat="68.084649899974465" lon="13.105257153511047">
        <ele>350.890625</ele>
        <time>2014-07-05T14:53:48Z</time>
      </trkpt>
      <trkpt lat="68.084645122289658" lon="13.105286909267306">
        <ele>350.6796875</ele>
        <time>2014-07-05T14:53:49Z</time>
      </trkpt>
      <trkpt lat="68.084638668224216" lon="13.10531934723258">
        <ele>350.41015625</ele>
        <time>2014-07-05T14:53:50Z</time>
      </trkpt>
      <trkpt lat="68.08463154360652" lon="13.105353126302361">
        <ele>350.08984375</ele>
        <time>2014-07-05T14:53:51Z</time>
      </trkpt>
      <trkpt lat="68.084593573585153" lon="13.105789823457599">
        <ele>344.82421875</ele>
        <time>2014-07-05T14:54:06Z</time>
      </trkpt>
      <trkpt lat="68.084597093984485" lon="13.105813628062606">
        <ele>344.88671875</ele>
        <time>2014-07-05T14:54:07Z</time>
      </trkpt>
      <trkpt lat="68.084609247744083" lon="13.105887556448579">
        <ele>345.109375</ele>
        <time>2014-07-05T14:54:10Z</time>
      </trkpt>
      <trkpt lat="68.084608409553766" lon="13.10592133551836">
        <ele>344.98828125</ele>
        <time>2014-07-05T14:54:11Z</time>
      </trkpt>
      <trkpt lat="68.084603967145085" lon="13.105952851474285">
        <ele>344.8046875</ele>
        <time>2014-07-05T14:54:12Z</time>
      </trkpt>
      <trkpt lat="68.084580497816205" lon="13.10601320117712">
        <ele>343.6328125</ele>
        <time>2014-07-05T14:54:15Z</time>
      </trkpt>
      <trkpt lat="68.084571361541748" lon="13.106028791517019">
        <ele>343.16015625</ele>
        <time>2014-07-05T14:54:16Z</time>
      </trkpt>
      <trkpt lat="68.084565242752433" lon="13.106052177026868">
        <ele>342.86328125</ele>
        <time>2014-07-05T14:54:17Z</time>
      </trkpt>
      <trkpt lat="68.084563985466957" lon="13.106086039915681">
        <ele>342.84765625</ele>
        <time>2014-07-05T14:54:18Z</time>
      </trkpt>
      <trkpt lat="68.084563231095672" lon="13.106120405718684">
        <ele>342.86328125</ele>
        <time>2014-07-05T14:54:19Z</time>
      </trkpt>
      <trkpt lat="68.084559626877308" lon="13.10615099966526">
        <ele>342.71484375</ele>
        <time>2014-07-05T14:54:20Z</time>
      </trkpt>
      <trkpt lat="68.084556190297008" lon="13.106182180345058">
        <ele>342.57421875</ele>
        <time>2014-07-05T14:54:21Z</time>
      </trkpt>
      <trkpt lat="68.084554513916373" lon="13.106211768463254">
        <ele>342.52734375</ele>
        <time>2014-07-05T14:54:22Z</time>
      </trkpt>
      <trkpt lat="68.084554178640246" lon="13.106239847838879">
        <ele>342.5546875</ele>
        <time>2014-07-05T14:54:23Z</time>
      </trkpt>
      <trkpt lat="68.084550742059946" lon="13.106266753748059">
        <ele>342.40625</ele>
        <time>2014-07-05T14:54:24Z</time>
      </trkpt>
      <trkpt lat="68.084504893049598" lon="13.106427267193794">
        <ele>340.1015625</ele>
        <time>2014-07-05T14:54:31Z</time>
      </trkpt>
      <trkpt lat="68.084498858079314" lon="13.106481246650219">
        <ele>339.74609375</ele>
        <time>2014-07-05T14:54:33Z</time>
      </trkpt>
      <trkpt lat="68.084499360993505" lon="13.106508571654558">
        <ele>339.6953125</ele>
        <time>2014-07-05T14:54:34Z</time>
      </trkpt>
      <trkpt lat="68.084498858079314" lon="13.106539249420166">
        <ele>339.5859375</ele>
        <time>2014-07-05T14:54:35Z</time>
      </trkpt>
      <trkpt lat="68.084497014060616" lon="13.106568166986108">
        <ele>339.40234375</ele>
        <time>2014-07-05T14:54:36Z</time>
      </trkpt>
      <trkpt lat="68.084501875564456" lon="13.106617871671915">
        <ele>339.53125</ele>
        <time>2014-07-05T14:54:38Z</time>
      </trkpt>
      <trkpt lat="68.084506820887327" lon="13.106669755652547">
        <ele>339.65625</ele>
        <time>2014-07-05T14:54:40Z</time>
      </trkpt>
      <trkpt lat="68.08450254611671" lon="13.106700936332345">
        <ele>339.3359375</ele>
        <time>2014-07-05T14:54:41Z</time>
      </trkpt>
      <trkpt lat="68.084499277174473" lon="13.106729602441192">
        <ele>339.08203125</ele>
        <time>2014-07-05T14:54:42Z</time>
      </trkpt>
      <trkpt lat="68.084480501711369" lon="13.107029004022479">
        <ele>337.28125</ele>
        <time>2014-07-05T14:54:54Z</time>
      </trkpt>
      <trkpt lat="68.084427444264293" lon="13.107349779456854">
        <ele>333.984375</ele>
        <time>2014-07-05T14:55:07Z</time>
      </trkpt>
      <trkpt lat="68.0844219122082" lon="13.10737987048924">
        <ele>333.66796875</ele>
        <time>2014-07-05T14:55:09Z</time>
      </trkpt>
      <trkpt lat="68.084428366273642" lon="13.107433682307601">
        <ele>333.890625</ele>
        <time>2014-07-05T14:55:12Z</time>
      </trkpt>
      <trkpt lat="68.08440187945962" lon="13.107714895159006">
        <ele>332.22265625</ele>
        <time>2014-07-05T14:55:22Z</time>
      </trkpt>
      <trkpt lat="68.084361143410206" lon="13.108092248439789">
        <ele>329.9921875</ele>
        <time>2014-07-05T14:55:35Z</time>
      </trkpt>
      <trkpt lat="68.084324095398188" lon="13.108303556218743">
        <ele>327.39453125</ele>
        <time>2014-07-05T14:55:44Z</time>
      </trkpt>
      <trkpt lat="68.084302386268973" lon="13.108444204553962">
        <ele>325.59765625</ele>
        <time>2014-07-05T14:55:50Z</time>
      </trkpt>
      <trkpt lat="68.084249412640929" lon="13.108557527884841">
        <ele>322.42578125</ele>
        <time>2014-07-05T14:55:56Z</time>
      </trkpt>
      <trkpt lat="68.084177328273654" lon="13.10863665305078">
        <ele>318.4296875</ele>
        <time>2014-07-05T14:56:03Z</time>
      </trkpt>
      <trkpt lat="68.08416391722858" lon="13.108658865094185">
        <ele>317.609375</ele>
        <time>2014-07-05T14:56:05Z</time>
      </trkpt>
      <trkpt lat="68.084146147593856" lon="13.108906717970967">
        <ele>316.17578125</ele>
        <time>2014-07-05T14:56:14Z</time>
      </trkpt>
      <trkpt lat="68.084140447899699" lon="13.10910277068615">
        <ele>315.54296875</ele>
        <time>2014-07-05T14:56:21Z</time>
      </trkpt>
      <trkpt lat="68.084137011319399" lon="13.109431592747569">
        <ele>314.82421875</ele>
        <time>2014-07-05T14:56:32Z</time>
      </trkpt>
      <trkpt lat="68.084150338545442" lon="13.110024277120829">
        <ele>316.4453125</ele>
        <time>2014-07-05T14:56:50Z</time>
      </trkpt>
      <trkpt lat="68.084158468991518" lon="13.110203146934509">
        <ele>317.90625</ele>
        <time>2014-07-05T14:56:55Z</time>
      </trkpt>
      <trkpt lat="68.084152434021235" lon="13.110503973439336">
        <ele>316.5546875</ele>
        <time>2014-07-05T14:57:05Z</time>
      </trkpt>
      <trkpt lat="68.084165761247277" lon="13.110804464668036">
        <ele>313.2421875</ele>
        <time>2014-07-05T14:57:15Z</time>
      </trkpt>
      <trkpt lat="68.084158636629581" lon="13.111151559278369">
        <ele>310.8203125</ele>
        <time>2014-07-05T14:57:26Z</time>
      </trkpt>
      <trkpt lat="68.084150590002537" lon="13.111263625323772">
        <ele>310.0703125</ele>
        <time>2014-07-05T14:57:29Z</time>
      </trkpt>
      <trkpt lat="68.08416492305696" lon="13.111610552296042">
        <ele>309.25390625</ele>
        <time>2014-07-05T14:57:39Z</time>
      </trkpt>
      <trkpt lat="68.084173556417227" lon="13.11219192110002">
        <ele>306.60546875</ele>
        <time>2014-07-05T14:57:56Z</time>
      </trkpt>
      <trkpt lat="68.084182357415557" lon="13.11231404542923">
        <ele>306.2109375</ele>
        <time>2014-07-05T14:58:00Z</time>
      </trkpt>
      <trkpt lat="68.084151595830917" lon="13.112694332376122">
        <ele>303.015625</ele>
        <time>2014-07-05T14:58:11Z</time>
      </trkpt>
      <trkpt lat="68.084183279424906" lon="13.113211244344711">
        <ele>301.2421875</ele>
        <time>2014-07-05T14:58:26Z</time>
      </trkpt>
      <trkpt lat="68.084153272211552" lon="13.113521542400122">
        <ele>298.39453125</ele>
        <time>2014-07-05T14:58:35Z</time>
      </trkpt>
      <trkpt lat="68.084133993834257" lon="13.113643415272236">
        <ele>297.078125</ele>
        <time>2014-07-05T14:58:40Z</time>
      </trkpt>
      <trkpt lat="68.08410432189703" lon="13.113856483250856">
        <ele>294.984375</ele>
        <time>2014-07-05T14:58:47Z</time>
      </trkpt>
      <trkpt lat="68.08406081981957" lon="13.114094026386738">
        <ele>292.265625</ele>
        <time>2014-07-05T14:58:54Z</time>
      </trkpt>
      <trkpt lat="68.084003906697035" lon="13.114318493753672">
        <ele>288.71484375</ele>
        <time>2014-07-05T14:59:01Z</time>
      </trkpt>
      <trkpt lat="68.083951938897371" lon="13.114462411031127">
        <ele>285.83203125</ele>
        <time>2014-07-05T14:59:07Z</time>
      </trkpt>
      <trkpt lat="68.083913214504719" lon="13.114681094884872">
        <ele>283.1484375</ele>
        <time>2014-07-05T14:59:17Z</time>
      </trkpt>
      <trkpt lat="68.083897959440947" lon="13.114773044362664">
        <ele>282.10546875</ele>
        <time>2014-07-05T14:59:21Z</time>
      </trkpt>
      <trkpt lat="68.083842722699046" lon="13.115093149244785">
        <ele>277.7421875</ele>
        <time>2014-07-05T14:59:33Z</time>
      </trkpt>
      <trkpt lat="68.083835933357477" lon="13.115112343803048">
        <ele>277.38671875</ele>
        <time>2014-07-05T14:59:34Z</time>
      </trkpt>
      <trkpt lat="68.08381849899888" lon="13.11520722694695">
        <ele>276.15234375</ele>
        <time>2014-07-05T14:59:38Z</time>
      </trkpt>
      <trkpt lat="68.083771727979183" lon="13.115266151726246">
        <ele>274.40234375</ele>
        <time>2014-07-05T14:59:42Z</time>
      </trkpt>
      <trkpt lat="68.08370852842927" lon="13.115182248875499">
        <ele>273.140625</ele>
        <time>2014-07-05T14:59:47Z</time>
      </trkpt>
      <trkpt lat="68.083557654172182" lon="13.114705067127943">
        <ele>270.5625</ele>
        <time>2014-07-05T15:00:05Z</time>
      </trkpt>
      <trkpt lat="68.083490850403905" lon="13.114367192611098">
        <ele>268.79296875</ele>
        <time>2014-07-05T15:00:18Z</time>
      </trkpt>
      <trkpt lat="68.083482217043638" lon="13.114312626421452">
        <ele>268.55859375</ele>
        <time>2014-07-05T15:00:20Z</time>
      </trkpt>
      <trkpt lat="68.08345153927803" lon="13.114122273400426">
        <ele>267.4453125</ele>
        <time>2014-07-05T15:00:26Z</time>
      </trkpt>
      <trkpt lat="68.083449779078364" lon="13.11396025121212">
        <ele>267.26953125</ele>
        <time>2014-07-05T15:00:31Z</time>
      </trkpt>
      <trkpt lat="68.083462519571185" lon="13.113913731649518">
        <ele>267.76171875</ele>
        <time>2014-07-05T15:00:33Z</time>
      </trkpt>
      <trkpt lat="68.0834427382797" lon="13.113763527944684">
        <ele>266.84375</ele>
        <time>2014-07-05T15:00:43Z</time>
      </trkpt>
      <trkpt lat="68.083413653075695" lon="13.113698232918978">
        <ele>265.54296875</ele>
        <time>2014-07-05T15:00:47Z</time>
      </trkpt>
      <trkpt lat="68.083365205675364" lon="13.113375781103969">
        <ele>262.73828125</ele>
        <time>2014-07-05T15:00:59Z</time>
      </trkpt>
      <trkpt lat="68.083285577595234" lon="13.113153241574764">
        <ele>258.6484375</ele>
        <time>2014-07-05T15:01:11Z</time>
      </trkpt>
      <trkpt lat="68.083263784646988" lon="13.112862724810839">
        <ele>258.73046875</ele>
        <time>2014-07-05T15:01:21Z</time>
      </trkpt>
      <trkpt lat="68.083241991698742" lon="13.112651081755757">
        <ele>258.71875</ele>
        <time>2014-07-05T15:01:30Z</time>
      </trkpt>
      <trkpt lat="68.083242746070027" lon="13.112580925226212">
        <ele>259.06640625</ele>
        <time>2014-07-05T15:01:33Z</time>
      </trkpt>
      <trkpt lat="68.083173763006926" lon="13.112228214740753">
        <ele>256.6171875</ele>
        <time>2014-07-05T15:01:47Z</time>
      </trkpt>
      <trkpt lat="68.08315490372479" lon="13.111976338550448">
        <ele>256.09375</ele>
        <time>2014-07-05T15:01:59Z</time>
      </trkpt>
      <trkpt lat="68.083133362233639" lon="13.111551459878683">
        <ele>255.8515625</ele>
        <time>2014-07-05T15:02:12Z</time>
      </trkpt>
      <trkpt lat="68.08312363922596" lon="13.111483147367835">
        <ele>255.51953125</ele>
        <time>2014-07-05T15:02:17Z</time>
      </trkpt>
      <trkpt lat="68.083106288686395" lon="13.111378960311413">
        <ele>254.89453125</ele>
        <time>2014-07-05T15:02:23Z</time>
      </trkpt>
      <trkpt lat="68.083087597042322" lon="13.111344091594219">
        <ele>254.08203125</ele>
        <time>2014-07-05T15:02:25Z</time>
      </trkpt>
      <trkpt lat="68.083021715283394" lon="13.110924493521452">
        <ele>251.75</ele>
        <time>2014-07-05T15:02:39Z</time>
      </trkpt>
      <trkpt lat="68.082973184064031" lon="13.110593995079398">
        <ele>250.0625</ele>
        <time>2014-07-05T15:02:54Z</time>
      </trkpt>
      <trkpt lat="68.08294678106904" lon="13.110431972891092">
        <ele>249.62890625</ele>
        <time>2014-07-05T15:03:01Z</time>
      </trkpt>
      <trkpt lat="68.082898920401931" lon="13.110236255452037">
        <ele>249.265625</ele>
        <time>2014-07-05T15:03:09Z</time>
      </trkpt>
      <trkpt lat="68.082844018936157" lon="13.110042884945869">
        <ele>248.7265625</ele>
        <time>2014-07-05T15:03:17Z</time>
      </trkpt>
      <trkpt lat="68.082783669233322" lon="13.109599482268095">
        <ele>248.109375</ele>
        <time>2014-07-05T15:03:32Z</time>
      </trkpt>
      <trkpt lat="68.082782244309783" lon="13.109558997675776">
        <ele>248.0859375</ele>
        <time>2014-07-05T15:03:33Z</time>
      </trkpt>
      <trkpt lat="68.082776209339499" lon="13.109413823112845">
        <ele>247.98828125</ele>
        <time>2014-07-05T15:03:37Z</time>
      </trkpt>
      <trkpt lat="68.082787357270718" lon="13.109108051285148">
        <ele>247.78515625</ele>
        <time>2014-07-05T15:03:50Z</time>
      </trkpt>
      <trkpt lat="68.082721056416631" lon="13.108646543696523">
        <ele>245.43359375</ele>
        <time>2014-07-05T15:04:05Z</time>
      </trkpt>
      <trkpt lat="68.082659868523479" lon="13.108431212604046">
        <ele>243.99609375</ele>
        <time>2014-07-05T15:04:13Z</time>
      </trkpt>
      <trkpt lat="68.082617372274399" lon="13.108237674459815">
        <ele>242.9375</ele>
        <time>2014-07-05T15:04:19Z</time>
      </trkpt>
      <trkpt lat="68.08258568868041" lon="13.107681032270193">
        <ele>240.1171875</ele>
        <time>2014-07-05T15:04:34Z</time>
      </trkpt>
      <trkpt lat="68.082528607919812" lon="13.107246933504939">
        <ele>236.94140625</ele>
        <time>2014-07-05T15:04:47Z</time>
      </trkpt>
      <trkpt lat="68.082523578777909" lon="13.10721374116838">
        <ele>236.66015625</ele>
        <time>2014-07-05T15:04:48Z</time>
      </trkpt>
      <trkpt lat="68.082537576556206" lon="13.107026992365718">
        <ele>235.8984375</ele>
        <time>2014-07-05T15:04:53Z</time>
      </trkpt>
      <trkpt lat="68.082509832456708" lon="13.106527598574758">
        <ele>231.109375</ele>
        <time>2014-07-05T15:05:07Z</time>
      </trkpt>
      <trkpt lat="68.08250404894352" lon="13.106372030451894">
        <ele>229.703125</ele>
        <time>2014-07-05T15:05:11Z</time>
      </trkpt>
      <trkpt lat="68.082460965961218" lon="13.106199949979782">
        <ele>226.98828125</ele>
        <time>2014-07-05T15:05:18Z</time>
      </trkpt>
      <trkpt lat="68.082411261275411" lon="13.105990318581462">
        <ele>223.77734375</ele>
        <time>2014-07-05T15:05:29Z</time>
      </trkpt>
      <trkpt lat="68.082426348701119" lon="13.105859560891986">
        <ele>223.59375</ele>
        <time>2014-07-05T15:05:33Z</time>
      </trkpt>
      <trkpt lat="68.082434479147196" lon="13.105654623359442">
        <ele>223.51953125</ele>
        <time>2014-07-05T15:05:40Z</time>
      </trkpt>
      <trkpt lat="68.082423582673073" lon="13.105540545657277">
        <ele>222.94140625</ele>
        <time>2014-07-05T15:05:45Z</time>
      </trkpt>
      <trkpt lat="68.082377649843693" lon="13.105207365006208">
        <ele>219.91015625</ele>
        <time>2014-07-05T15:05:59Z</time>
      </trkpt>
      <trkpt lat="68.082345379516482" lon="13.104938641190529">
        <ele>216.22265625</ele>
        <time>2014-07-05T15:06:10Z</time>
      </trkpt>
      <trkpt lat="68.082340601831675" lon="13.104875022545457">
        <ele>215.38671875</ele>
        <time>2014-07-05T15:06:12Z</time>
      </trkpt>
      <trkpt lat="68.082293830811977" lon="13.104819366708398">
        <ele>213.66796875</ele>
        <time>2014-07-05T15:06:25Z</time>
      </trkpt>
      <trkpt lat="68.082243204116821" lon="13.104611244052649">
        <ele>210.7421875</ele>
        <time>2014-07-05T15:06:34Z</time>
      </trkpt>
      <trkpt lat="68.082222500815988" lon="13.104428937658668">
        <ele>208.62890625</ele>
        <time>2014-07-05T15:06:41Z</time>
      </trkpt>
      <trkpt lat="68.082210598513484" lon="13.104420807212591">
        <ele>208.16796875</ele>
        <time>2014-07-05T15:06:42Z</time>
      </trkpt>
      <trkpt lat="68.082157792523503" lon="13.104351069778204">
        <ele>205.71875</ele>
        <time>2014-07-05T15:06:53Z</time>
      </trkpt>
      <trkpt lat="68.082137173041701" lon="13.104321481660008">
        <ele>204.6875</ele>
        <time>2014-07-05T15:06:55Z</time>
      </trkpt>
      <trkpt lat="68.082122001796961" lon="13.104202290996909">
        <ele>202.8046875</ele>
        <time>2014-07-05T15:07:01Z</time>
      </trkpt>
      <trkpt lat="68.082131473347545" lon="13.104151748120785">
        <ele>202.58203125</ele>
        <time>2014-07-05T15:07:03Z</time>
      </trkpt>
      <trkpt lat="68.082132143899798" lon="13.103856453672051">
        <ele>199.1796875</ele>
        <time>2014-07-05T15:07:15Z</time>
      </trkpt>
      <trkpt lat="68.082131808623672" lon="13.103832062333822">
        <ele>198.87890625</ele>
        <time>2014-07-05T15:07:16Z</time>
      </trkpt>
      <trkpt lat="68.082125606015325" lon="13.103690659627318">
        <ele>196.8984375</ele>
        <time>2014-07-05T15:07:26Z</time>
      </trkpt>
      <trkpt lat="68.08210339397192" lon="13.103752434253693">
        <ele>196.47265625</ele>
        <time>2014-07-05T15:07:38Z</time>
      </trkpt>
      <trkpt lat="68.082062238827348" lon="13.103592256084085">
        <ele>192.8125</ele>
        <time>2014-07-05T15:07:49Z</time>
      </trkpt>
      <trkpt lat="68.082053521648049" lon="13.103418750688434">
        <ele>191.2265625</ele>
        <time>2014-07-05T15:08:02Z</time>
      </trkpt>
      <trkpt lat="68.082051007077098" lon="13.103424282744527">
        <ele>191.1171875</ele>
        <time>2014-07-05T15:08:13Z</time>
      </trkpt>
      <trkpt lat="68.082038518041372" lon="13.103437107056379">
        <ele>190.484375</ele>
        <time>2014-07-05T15:08:19Z</time>
      </trkpt>
      <trkpt lat="68.082020580768585" lon="13.103417409583926">
        <ele>189.32421875</ele>
        <time>2014-07-05T15:08:29Z</time>
      </trkpt>
      <trkpt lat="68.08199099265039" lon="13.10336728580296">
        <ele>187.26171875</ele>
        <time>2014-07-05T15:08:42Z</time>
      </trkpt>
      <trkpt lat="68.081966266036034" lon="13.10334431938827">
        <ele>185.65234375</ele>
        <time>2014-07-05T15:08:53Z</time>
      </trkpt>
      <trkpt lat="68.081934750080109" lon="13.103297129273415">
        <ele>183.4375</ele>
        <time>2014-07-05T15:09:01Z</time>
      </trkpt>
      <trkpt lat="68.08188890106976" lon="13.10325245372951">
        <ele>180.34765625</ele>
        <time>2014-07-05T15:09:14Z</time>
      </trkpt>
      <trkpt lat="68.081856966018677" lon="13.103183219209313">
        <ele>177.828125</ele>
        <time>2014-07-05T15:09:26Z</time>
      </trkpt>
      <trkpt lat="68.081806590780616" lon="13.103081462904811">
        <ele>174.9375</ele>
        <time>2014-07-05T15:09:37Z</time>
      </trkpt>
      <trkpt lat="68.081781277433038" lon="13.102990100160241">
        <ele>173.43359375</ele>
        <time>2014-07-05T15:09:47Z</time>
      </trkpt>
      <trkpt lat="68.081735679879785" lon="13.102869903668761">
        <ele>170.78515625</ele>
        <time>2014-07-05T15:09:58Z</time>
      </trkpt>
      <trkpt lat="68.081720592454076" lon="13.102837130427361">
        <ele>169.91015625</ele>
        <time>2014-07-05T15:10:06Z</time>
      </trkpt>
      <trkpt lat="68.081670133396983" lon="13.102757250890136">
        <ele>167.05859375</ele>
        <time>2014-07-05T15:10:18Z</time>
      </trkpt>
      <trkpt lat="68.081607688218355" lon="13.102635629475117">
        <ele>163.1796875</ele>
        <time>2014-07-05T15:10:30Z</time>
      </trkpt>
      <trkpt lat="68.081579022109509" lon="13.102536723017693">
        <ele>160.97265625</ele>
        <time>2014-07-05T15:10:37Z</time>
      </trkpt>
      <trkpt lat="68.081526132300496" lon="13.102421974763274">
        <ele>157.16015625</ele>
        <time>2014-07-05T15:10:48Z</time>
      </trkpt>
      <trkpt lat="68.081521522253752" lon="13.1024085637182">
        <ele>156.77734375</ele>
        <time>2014-07-05T15:10:49Z</time>
      </trkpt>
      <trkpt lat="68.081491766497493" lon="13.102191975340247">
        <ele>152.859375</ele>
        <time>2014-07-05T15:11:00Z</time>
      </trkpt>
      <trkpt lat="68.081438541412354" lon="13.102086279541254">
        <ele>148.30859375</ele>
        <time>2014-07-05T15:11:13Z</time>
      </trkpt>
      <trkpt lat="68.081393027678132" lon="13.101918809115887">
        <ele>145.0859375</ele>
        <time>2014-07-05T15:11:25Z</time>
      </trkpt>
      <trkpt lat="68.081335108727217" lon="13.101743962615728">
        <ele>142.48046875</ele>
        <time>2014-07-05T15:11:35Z</time>
      </trkpt>
      <trkpt lat="68.081330666318536" lon="13.101723594591022">
        <ele>142.33203125</ele>
        <time>2014-07-05T15:11:36Z</time>
      </trkpt>
      <trkpt lat="68.081327565014362" lon="13.101694090291858">
        <ele>142.33984375</ele>
        <time>2014-07-05T15:11:37Z</time>
      </trkpt>
      <trkpt lat="68.08132647536695" lon="13.101664753630757">
        <ele>142.4765625</ele>
        <time>2014-07-05T15:11:38Z</time>
      </trkpt>
      <trkpt lat="68.081257492303848" lon="13.101587304845452">
        <ele>139.34765625</ele>
        <time>2014-07-05T15:11:53Z</time>
      </trkpt>
      <trkpt lat="68.081163195893168" lon="13.101465683430433">
        <ele>135.51171875</ele>
        <time>2014-07-05T15:12:03Z</time>
      </trkpt>
      <trkpt lat="68.081103349104524" lon="13.101400472223759">
        <ele>132.5703125</ele>
        <time>2014-07-05T15:12:13Z</time>
      </trkpt>
      <trkpt lat="68.08105775155127" lon="13.101316317915916">
        <ele>130.20703125</ele>
        <time>2014-07-05T15:12:22Z</time>
      </trkpt>
      <trkpt lat="68.08099715039134" lon="13.101123198866844">
        <ele>126.7421875</ele>
        <time>2014-07-05T15:12:35Z</time>
      </trkpt>
      <trkpt lat="68.080941829830408" lon="13.100924547761679">
        <ele>123.25390625</ele>
        <time>2014-07-05T15:12:48Z</time>
      </trkpt>
      <trkpt lat="68.080880055204034" lon="13.100750287994742">
        <ele>119.82421875</ele>
        <time>2014-07-05T15:13:02Z</time>
      </trkpt>
      <trkpt lat="68.080861950293183" lon="13.100716089829803">
        <ele>118.8203125</ele>
        <time>2014-07-05T15:13:05Z</time>
      </trkpt>
      <trkpt lat="68.080797158181667" lon="13.100530011579394">
        <ele>115.1953125</ele>
        <time>2014-07-05T15:13:15Z</time>
      </trkpt>
      <trkpt lat="68.080735970288515" lon="13.100349800661206">
        <ele>111.72265625</ele>
        <time>2014-07-05T15:13:28Z</time>
      </trkpt>
      <trkpt lat="68.080722978338599" lon="13.10032264329493">
        <ele>111.07421875</ele>
        <time>2014-07-05T15:13:30Z</time>
      </trkpt>
      <trkpt lat="68.080674028024077" lon="13.100231364369392">
        <ele>108.640625</ele>
        <time>2014-07-05T15:13:37Z</time>
      </trkpt>
      <trkpt lat="68.080609822645783" lon="13.10006900690496">
        <ele>105.65234375</ele>
        <time>2014-07-05T15:13:48Z</time>
      </trkpt>
      <trkpt lat="68.08056615293026" lon="13.099988205358386">
        <ele>103.609375</ele>
        <time>2014-07-05T15:14:02Z</time>
      </trkpt>
      <trkpt lat="68.080521645024419" lon="13.099951408803463">
        <ele>101.4296875</ele>
        <time>2014-07-05T15:14:08Z</time>
      </trkpt>
      <trkpt lat="68.080486776307225" lon="13.099954929202795">
        <ele>99.625</ele>
        <time>2014-07-05T15:14:18Z</time>
      </trkpt>
      <trkpt lat="68.080440759658813" lon="13.099939255043864">
        <ele>97.3125</ele>
        <time>2014-07-05T15:14:25Z</time>
      </trkpt>
      <trkpt lat="68.080367837101221" lon="13.099824674427509">
        <ele>94.05078125</ele>
        <time>2014-07-05T15:14:34Z</time>
      </trkpt>
      <trkpt lat="68.080312851816416" lon="13.099803971126676">
        <ele>91.36328125</ele>
        <time>2014-07-05T15:14:43Z</time>
      </trkpt>
      <trkpt lat="68.080258537083864" lon="13.09977781958878">
        <ele>88.55859375</ele>
        <time>2014-07-05T15:14:51Z</time>
      </trkpt>
      <trkpt lat="68.080244623124599" lon="13.09975728392601">
        <ele>87.73046875</ele>
        <time>2014-07-05T15:14:53Z</time>
      </trkpt>
      <trkpt lat="68.080237079411745" lon="13.099752003327012">
        <ele>87.3125</ele>
        <time>2014-07-05T15:14:54Z</time>
      </trkpt>
      <trkpt lat="68.080218303948641" lon="13.099738089367747">
        <ele>86.25390625</ele>
        <time>2014-07-05T15:14:57Z</time>
      </trkpt>
      <trkpt lat="68.08016549795866" lon="13.099701963365078">
        <ele>83.15625</ele>
        <time>2014-07-05T15:15:06Z</time>
      </trkpt>
      <trkpt lat="68.080116380006075" lon="13.099661478772759">
        <ele>80.08203125</ele>
        <time>2014-07-05T15:15:12Z</time>
      </trkpt>
      <trkpt lat="68.08010833337903" lon="13.099657874554396">
        <ele>79.6015625</ele>
        <time>2014-07-05T15:15:13Z</time>
      </trkpt>
      <trkpt lat="68.080063657835126" lon="13.099675057455897">
        <ele>77.17578125</ele>
        <time>2014-07-05T15:15:22Z</time>
      </trkpt>
      <trkpt lat="68.080001045018435" lon="13.099668435752392">
        <ele>73.57421875</ele>
        <time>2014-07-05T15:15:33Z</time>
      </trkpt>
      <trkpt lat="68.079956788569689" lon="13.099624179303646">
        <ele>70.80859375</ele>
        <time>2014-07-05T15:15:43Z</time>
      </trkpt>
      <trkpt lat="68.079915968701243" lon="13.099574642255902">
        <ele>68.23046875</ele>
        <time>2014-07-05T15:15:51Z</time>
      </trkpt>
      <trkpt lat="68.079858971759677" lon="13.099499205127358">
        <ele>64.64453125</ele>
        <time>2014-07-05T15:16:04Z</time>
      </trkpt>
      <trkpt lat="68.079854277893901" lon="13.099487386643887">
        <ele>64.32421875</ele>
        <time>2014-07-05T15:16:05Z</time>
      </trkpt>
      <trkpt lat="68.079795772209764" lon="13.099443884566426">
        <ele>60.8671875</ele>
        <time>2014-07-05T15:16:16Z</time>
      </trkpt>
      <trkpt lat="68.079740451648831" lon="13.099375572055578">
        <ele>57.5078125</ele>
        <time>2014-07-05T15:16:31Z</time>
      </trkpt>
      <trkpt lat="68.079720921814442" lon="13.099357048049569">
        <ele>56.359375</ele>
        <time>2014-07-05T15:16:37Z</time>
      </trkpt>
      <trkpt lat="68.079701894894242" lon="13.099345816299319">
        <ele>55.26953125</ele>
        <time>2014-07-05T15:16:48Z</time>
      </trkpt>
      <trkpt lat="68.079657638445497" lon="13.09940985403955">
        <ele>53.08984375</ele>
        <time>2014-07-05T15:16:59Z</time>
      </trkpt>
      <trkpt lat="68.079616064205766" lon="13.099437430500984">
        <ele>51.05859375</ele>
        <time>2014-07-05T15:17:08Z</time>
      </trkpt>
      <trkpt lat="68.079572981223464" lon="13.099344978109002">
        <ele>48.79296875</ele>
        <time>2014-07-05T15:17:18Z</time>
      </trkpt>
      <trkpt lat="68.079546662047505" lon="13.099380852654576">
        <ele>47.7578125</ele>
        <time>2014-07-05T15:17:30Z</time>
      </trkpt>
      <trkpt lat="68.079530820250511" lon="13.099431563168764">
        <ele>47.25</ele>
        <time>2014-07-05T15:17:43Z</time>
      </trkpt>
      <trkpt lat="68.07947943918407" lon="13.099460145458579">
        <ele>45.0859375</ele>
        <time>2014-07-05T15:17:55Z</time>
      </trkpt>
      <trkpt lat="68.079462088644505" lon="13.099457211792469">
        <ele>44.3046875</ele>
        <time>2014-07-05T15:18:01Z</time>
      </trkpt>
      <trkpt lat="68.079398889094591" lon="13.099466264247894">
        <ele>41.54296875</ele>
        <time>2014-07-05T15:18:13Z</time>
      </trkpt>
      <trkpt lat="68.079324457794428" lon="13.099444722756743">
        <ele>38.14453125</ele>
        <time>2014-07-05T15:18:26Z</time>
      </trkpt>
      <trkpt lat="68.079142570495605" lon="13.099275827407837">
        <ele>29.19921875</ele>
        <time>2014-07-05T15:18:38Z</time>
      </trkpt>
      <trkpt lat="68.079066798090935" lon="13.099155044183135">
        <ele>25.2734375</ele>
        <time>2014-07-05T15:18:47Z</time>
      </trkpt>
      <trkpt lat="68.079025307670236" lon="13.099067620933056">
        <ele>23.58203125</ele>
        <time>2014-07-05T15:18:51Z</time>
      </trkpt>
      <trkpt lat="68.079032599925995" lon="13.0990238673985">
        <ele>23.57421875</ele>
        <time>2014-07-05T15:19:06Z</time>
      </trkpt>
      <trkpt lat="68.079054225236177" lon="13.0990428943187">
        <ele>24.3046875</ele>
        <time>2014-07-05T15:19:11Z</time>
      </trkpt>
      <trkpt lat="68.078904105350375" lon="13.09943675994873">
        <ele>22.02734375</ele>
        <time>2014-07-05T15:19:26Z</time>
      </trkpt>
      <trkpt lat="68.078890442848206" lon="13.099451512098312">
        <ele>21.72265625</ele>
        <time>2014-07-05T15:19:28Z</time>
      </trkpt>
      <trkpt lat="68.078815340995789" lon="13.099462743848562">
        <ele>19.60546875</ele>
        <time>2014-07-05T15:19:40Z</time>
      </trkpt>
      <trkpt lat="68.078779382631183" lon="13.099422762170434">
        <ele>18.265625</ele>
        <time>2014-07-05T15:19:43Z</time>
      </trkpt>
      <trkpt lat="68.078664802014828" lon="13.099210532382131">
        <ele>13.33984375</ele>
        <time>2014-07-05T15:19:57Z</time>
      </trkpt>
      <trkpt lat="68.07864292524755" lon="13.09916015714407">
        <ele>12.546875</ele>
        <time>2014-07-05T15:20:01Z</time>
      </trkpt>
      <trkpt lat="68.078622976318002" lon="13.099098550155759">
        <ele>11.79296875</ele>
        <time>2014-07-05T15:20:04Z</time>
      </trkpt>
      <trkpt lat="68.078544773161411" lon="13.099042726680636">
        <ele>9.359375</ele>
        <time>2014-07-05T15:20:11Z</time>
      </trkpt>
      <trkpt lat="68.078434886410832" lon="13.098888164386153">
        <ele>7.8046875</ele>
        <time>2014-07-05T15:20:27Z</time>
      </trkpt>
      <trkpt lat="68.078398173674941" lon="13.098772326484323">
        <ele>7.30859375</ele>
        <time>2014-07-05T15:20:33Z</time>
      </trkpt>
      <trkpt lat="68.078347211703658" lon="13.09877366758883">
        <ele>6.9609375</ele>
        <time>2014-07-05T15:20:39Z</time>
      </trkpt>
      <trkpt lat="68.078318210318685" lon="13.098708121106029">
        <ele>6.59765625</ele>
        <time>2014-07-05T15:20:43Z</time>
      </trkpt>
      <trkpt lat="68.078206814825535" lon="13.098580380901694">
        <ele>5.38671875</ele>
        <time>2014-07-05T15:20:56Z</time>
      </trkpt>
      <trkpt lat="68.078116290271282" lon="13.098213169723749">
        <ele>3.7734375</ele>
        <time>2014-07-05T15:21:12Z</time>
      </trkpt>
      <trkpt lat="68.078020736575127" lon="13.097777059301734">
        <ele>1.80078125</ele>
        <time>2014-07-05T15:21:28Z</time>
      </trkpt>
      <trkpt lat="68.078002212569118" lon="13.097725510597229">
        <ele>1.578125</ele>
        <time>2014-07-05T15:21:30Z</time>
      </trkpt>
      <trkpt lat="68.07783373631537" lon="13.09731655754149">
        <ele>1.2421875</ele>
        <time>2014-07-05T15:21:48Z</time>
      </trkpt>
      <trkpt lat="68.077647322788835" lon="13.096964517608285">
        <ele>1.66015625</ele>
        <time>2014-07-05T15:22:05Z</time>
      </trkpt>
      <trkpt lat="68.07748731225729" lon="13.096600491553545">
        <ele>1.9296875</ele>
        <time>2014-07-05T15:22:22Z</time>
      </trkpt>
      <trkpt lat="68.077345155179501" lon="13.09622255153954">
        <ele>1.64453125</ele>
        <time>2014-07-05T15:22:39Z</time>
      </trkpt>
      <trkpt lat="68.07720291428268" lon="13.095829859375954">
        <ele>1.80859375</ele>
        <time>2014-07-05T15:22:56Z</time>
      </trkpt>
      <trkpt lat="68.077046005055308" lon="13.095451081171632">
        <ele>2.734375</ele>
        <time>2014-07-05T15:23:14Z</time>
      </trkpt>
      <trkpt lat="68.076888006180525" lon="13.095050090923905">
        <ele>3.7578125</ele>
        <time>2014-07-05T15:23:31Z</time>
      </trkpt>
      <trkpt lat="68.076707376167178" lon="13.094769800081849">
        <ele>5.1796875</ele>
        <time>2014-07-05T15:23:48Z</time>
      </trkpt>
      <trkpt lat="68.076545102521777" lon="13.094477858394384">
        <ele>5.375</ele>
        <time>2014-07-05T15:24:04Z</time>
      </trkpt>
      <trkpt lat="68.076397832483053" lon="13.094152808189392">
        <ele>5.66796875</ele>
        <time>2014-07-05T15:24:19Z</time>
      </trkpt>
      <trkpt lat="68.076297584921122" lon="13.094090949743986">
        <ele>6.4765625</ele>
        <time>2014-07-05T15:24:26Z</time>
      </trkpt>
      <trkpt lat="68.076261794194579" lon="13.094011237844825">
        <ele>6.703125</ele>
        <time>2014-07-05T15:24:30Z</time>
      </trkpt>
      <trkpt lat="68.076088540256023" lon="13.09374276548624">
        <ele>8.234375</ele>
        <time>2014-07-05T15:24:47Z</time>
      </trkpt>
      <trkpt lat="68.075885279104114" lon="13.093516873195767">
        <ele>9.88671875</ele>
        <time>2014-07-05T15:25:05Z</time>
      </trkpt>
      <trkpt lat="68.075769105926156" lon="13.093398939818144">
        <ele>10.6015625</ele>
        <time>2014-07-05T15:25:16Z</time>
      </trkpt>
      <trkpt lat="68.075723592191935" lon="13.093405645340681">
        <ele>12.1484375</ele>
        <time>2014-07-05T15:25:22Z</time>
      </trkpt>
      <trkpt lat="68.075725939124823" lon="13.093326101079583">
        <ele>11.44140625</ele>
        <time>2014-07-05T15:25:34Z</time>
      </trkpt>
      <trkpt lat="68.075753515586257" lon="13.093294836580753">
        <ele>10.05078125</ele>
        <time>2014-07-05T15:26:02Z</time>
      </trkpt>
      <trkpt lat="68.075727866962552" lon="13.093320652842522">
        <ele>11.2890625</ele>
        <time>2014-07-05T15:26:27Z</time>
      </trkpt>
      <trkpt lat="68.075748486444354" lon="13.093324424698949">
        <ele>10.32421875</ele>
        <time>2014-07-05T15:26:54Z</time>
      </trkpt>
      <trkpt lat="68.075752342119813" lon="13.093203390017152">
        <ele>9.41015625</ele>
        <time>2014-07-05T15:27:23Z</time>
      </trkpt>
      <trkpt lat="68.07576734572649" lon="13.093191906809807">
        <ele>9.16015625</ele>
        <time>2014-07-05T15:27:52Z</time>
      </trkpt>
      <trkpt lat="68.07578394189477" lon="13.093207748606801">
        <ele>9.0859375</ele>
        <time>2014-07-05T15:28:17Z</time>
      </trkpt>
      <trkpt lat="68.075779750943184" lon="13.093326352536678">
        <ele>9.9609375</ele>
        <time>2014-07-05T15:28:39Z</time>
      </trkpt>
      <trkpt lat="68.075741278007627" lon="13.093482423573732">
        <ele>11.68359375</ele>
        <time>2014-07-05T15:29:06Z</time>
      </trkpt>
      <trkpt lat="68.075731890276074" lon="13.093467419967055">
        <ele>12.11328125</ele>
        <time>2014-07-05T15:29:40Z</time>
      </trkpt>
      <trkpt lat="68.07576390914619" lon="13.093436909839511">
        <ele>10.93359375</ele>
        <time>2014-07-05T15:30:05Z</time>
      </trkpt>
      <trkpt lat="68.075773380696774" lon="13.093473287299275">
        <ele>11.06640625</ele>
        <time>2014-07-05T15:30:38Z</time>
      </trkpt>
      <trkpt lat="68.075765920802951" lon="13.093433221802115">
        <ele>10.8828125</ele>
        <time>2014-07-05T15:31:05Z</time>
      </trkpt>
      <trkpt lat="68.075800621882081" lon="13.09338653460145">
        <ele>10.12109375</ele>
        <time>2014-07-05T15:31:37Z</time>
      </trkpt>
      <trkpt lat="68.075833981856704" lon="13.093492733314633">
        <ele>10.40625</ele>
        <time>2014-07-05T15:32:02Z</time>
      </trkpt>
      <trkpt lat="68.075861809775233" lon="13.093458199873567">
        <ele>9.8203125</ele>
        <time>2014-07-05T15:32:33Z</time>
      </trkpt>
      <trkpt lat="68.075868263840675" lon="13.09346130117774">
        <ele>9.7578125</ele>
        <time>2014-07-05T15:32:35Z</time>
      </trkpt>
      <trkpt lat="68.075872622430325" lon="13.093478567898273">
        <ele>9.80859375</ele>
        <time>2014-07-05T15:32:37Z</time>
      </trkpt>
      <trkpt lat="68.075868180021644" lon="13.093407573178411">
        <ele>9.4140625</ele>
        <time>2014-07-05T15:33:00Z</time>
      </trkpt>
      <trkpt lat="68.075851080939174" lon="13.093375386670232">
        <ele>9.41796875</ele>
        <time>2014-07-05T15:33:22Z</time>
      </trkpt>
      <trkpt lat="68.075842950493097" lon="13.09340019710362">
        <ele>9.68359375</ele>
        <time>2014-07-05T15:33:53Z</time>
      </trkpt>
      <trkpt lat="68.075814284384251" lon="13.093364993110299">
        <ele>9.8046875</ele>
        <time>2014-07-05T15:34:15Z</time>
      </trkpt>
      <trkpt lat="68.075806153938174" lon="13.093336243182421">
        <ele>9.7109375</ele>
        <time>2014-07-05T15:34:28Z</time>
      </trkpt>
      <trkpt lat="68.075710516422987" lon="13.093380080536008">
        <ele>12.71875</ele>
        <time>2014-07-05T15:34:39Z</time>
      </trkpt>
      <trkpt lat="68.075652848929167" lon="13.093367842957377">
        <ele>15.953125</ele>
        <time>2014-07-05T15:34:52Z</time>
      </trkpt>
      <trkpt lat="68.075642539188266" lon="13.093313528224826">
        <ele>16.15625</ele>
        <time>2014-07-05T15:34:55Z</time>
      </trkpt>
      <trkpt lat="68.075608341023326" lon="13.093037595972419">
        <ele>16.53125</ele>
        <time>2014-07-05T15:35:07Z</time>
      </trkpt>
      <trkpt lat="68.075546231120825" lon="13.092764848843217">
        <ele>19.03515625</ele>
        <time>2014-07-05T15:35:20Z</time>
      </trkpt>
      <trkpt lat="68.075535586103797" lon="13.092686394229531">
        <ele>19.3125</ele>
        <time>2014-07-05T15:35:24Z</time>
      </trkpt>
      <trkpt lat="68.075539274141192" lon="13.092513894662261">
        <ele>18.2265625</ele>
        <time>2014-07-05T15:35:31Z</time>
      </trkpt>
      <trkpt lat="68.075519157573581" lon="13.092383304610848">
        <ele>18.2734375</ele>
        <time>2014-07-05T15:35:44Z</time>
      </trkpt>
      <trkpt lat="68.075513793155551" lon="13.092376096174121">
        <ele>18.48828125</ele>
        <time>2014-07-05T15:36:05Z</time>
      </trkpt>
      <trkpt lat="68.075517732650042" lon="13.092420687898993">
        <ele>18.62890625</ele>
        <time>2014-07-05T15:36:30Z</time>
      </trkpt>
      <trkpt lat="68.075529467314482" lon="13.092328570783138">
        <ele>17.34375</ele>
        <time>2014-07-05T15:36:43Z</time>
      </trkpt>
      <trkpt lat="68.075459143146873" lon="13.09199052862823">
        <ele>18.0859375</ele>
        <time>2014-07-05T15:36:57Z</time>
      </trkpt>
      <trkpt lat="68.075455036014318" lon="13.091937052085996">
        <ele>17.83984375</ele>
        <time>2014-07-05T15:36:59Z</time>
      </trkpt>
      <trkpt lat="68.075437601655722" lon="13.091805875301361">
        <ele>17.578125</ele>
        <time>2014-07-05T15:37:04Z</time>
      </trkpt>
      <trkpt lat="68.07539502158761" lon="13.091510497033596">
        <ele>17.078125</ele>
        <time>2014-07-05T15:37:18Z</time>
      </trkpt>
      <trkpt lat="68.075365517288446" lon="13.091331291943789">
        <ele>17.1328125</ele>
        <time>2014-07-05T15:37:28Z</time>
      </trkpt>
      <trkpt lat="68.075352441519499" lon="13.091218639165163">
        <ele>16.92578125</ele>
        <time>2014-07-05T15:37:34Z</time>
      </trkpt>
      <trkpt lat="68.075319416821003" lon="13.091143369674683">
        <ele>17.75390625</ele>
        <time>2014-07-05T15:37:50Z</time>
      </trkpt>
      <trkpt lat="68.075312711298466" lon="13.091119481250644">
        <ele>17.8515625</ele>
        <time>2014-07-05T15:37:52Z</time>
      </trkpt>
      <trkpt lat="68.075270969420671" lon="13.09091504663229">
        <ele>17.91796875</ele>
        <time>2014-07-05T15:38:06Z</time>
      </trkpt>
      <trkpt lat="68.075252780690789" lon="13.090911358594894">
        <ele>18.57421875</ele>
        <time>2014-07-05T15:38:25Z</time>
      </trkpt>
      <trkpt lat="68.075263425707817" lon="13.090917393565178">
        <ele>18.22265625</ele>
        <time>2014-07-05T15:38:56Z</time>
      </trkpt>
      <trkpt lat="68.075266862288117" lon="13.090912280604243">
        <ele>18.05078125</ele>
        <time>2014-07-05T15:38:59Z</time>
      </trkpt>
      <trkpt lat="68.07528555393219" lon="13.090819325298071">
        <ele>16.515625</ele>
        <time>2014-07-05T15:39:03Z</time>
      </trkpt>
      <trkpt lat="68.075273316353559" lon="13.0905397888273">
        <ele>14.390625</ele>
        <time>2014-07-05T15:39:17Z</time>
      </trkpt>
      <trkpt lat="68.07527189143002" lon="13.090464435517788">
        <ele>13.7421875</ele>
        <time>2014-07-05T15:39:30Z</time>
      </trkpt>
      <trkpt lat="68.075279518961906" lon="13.090311549603939">
        <ele>11.9296875</ele>
        <time>2014-07-05T15:39:37Z</time>
      </trkpt>
      <trkpt lat="68.07523182593286" lon="13.090039808303118">
        <ele>9.08984375</ele>
        <time>2014-07-05T15:39:51Z</time>
      </trkpt>
      <trkpt lat="68.07521028444171" lon="13.089937381446362">
        <ele>7.875</ele>
        <time>2014-07-05T15:40:04Z</time>
      </trkpt>
      <trkpt lat="68.075208608061075" lon="13.089911816641688">
        <ele>7.5</ele>
        <time>2014-07-05T15:40:07Z</time>
      </trkpt>
      <trkpt lat="68.075190000236034" lon="13.089670166373253">
        <ele>4.80078125</ele>
        <time>2014-07-05T15:40:21Z</time>
      </trkpt>
      <trkpt lat="68.075167201459408" lon="13.089633034542203">
        <ele>5.64453125</ele>
        <time>2014-07-05T15:40:40Z</time>
      </trkpt>
      <trkpt lat="68.075159154832363" lon="13.089614091441035">
        <ele>5.8984375</ele>
        <time>2014-07-05T15:40:57Z</time>
      </trkpt>
      <trkpt lat="68.075213888660073" lon="13.089628759771585">
        <ele>4.23828125</ele>
        <time>2014-07-05T15:41:19Z</time>
      </trkpt>
      <trkpt lat="68.075233167037368" lon="13.089623395353556">
        <ele>4.0390625</ele>
        <time>2014-07-05T15:41:29Z</time>
      </trkpt>
      <trkpt lat="68.075227970257401" lon="13.089638398960233">
        <ele>4.20703125</ele>
        <time>2014-07-05T15:41:56Z</time>
      </trkpt>
      <trkpt lat="68.075190922245383" lon="13.089682320132852">
        <ele>4.90234375</ele>
        <time>2014-07-05T15:42:15Z</time>
      </trkpt>
      <trkpt lat="68.075203830376267" lon="13.089660443365574">
        <ele>4.59765625</ele>
        <time>2014-07-05T15:42:31Z</time>
      </trkpt>
      <trkpt lat="68.075186479836702" lon="13.08963437564671">
        <ele>4.62109375</ele>
        <time>2014-07-05T15:42:46Z</time>
      </trkpt>
      <trkpt lat="68.075182707980275" lon="13.089623311534524">
        <ele>4.7265625</ele>
        <time>2014-07-05T15:42:47Z</time>
      </trkpt>
      <trkpt lat="68.075079442933202" lon="13.089533625170588">
        <ele>9.31640625</ele>
        <time>2014-07-05T15:43:01Z</time>
      </trkpt>
      <trkpt lat="68.075033593922853" lon="13.089457349851727">
        <ele>10.875</ele>
        <time>2014-07-05T15:43:14Z</time>
      </trkpt>
      <trkpt lat="68.074963102117181" lon="13.089413931593299">
        <ele>13.9765625</ele>
        <time>2014-07-05T15:43:26Z</time>
      </trkpt>
      <trkpt lat="68.074909206479788" lon="13.089329693466425">
        <ele>15.6484375</ele>
        <time>2014-07-05T15:43:38Z</time>
      </trkpt>
      <trkpt lat="68.074898226186633" lon="13.089305972680449">
        <ele>15.89453125</ele>
        <time>2014-07-05T15:43:50Z</time>
      </trkpt>
      <trkpt lat="68.074895711615682" lon="13.089385181665421">
        <ele>17.03125</ele>
        <time>2014-07-05T15:44:04Z</time>
      </trkpt>
      <trkpt lat="68.074820609763265" lon="13.089363221079111">
        <ele>20.515625</ele>
        <time>2014-07-05T15:44:16Z</time>
      </trkpt>
      <trkpt lat="68.074731174856424" lon="13.089397083967924">
        <ele>25.50390625</ele>
        <time>2014-07-05T15:44:30Z</time>
      </trkpt>
      <trkpt lat="68.074688846245408" lon="13.089424073696136">
        <ele>28.06640625</ele>
        <time>2014-07-05T15:44:36Z</time>
      </trkpt>
      <trkpt lat="68.074652971699834" lon="13.089384846389294">
        <ele>29.265625</ele>
        <time>2014-07-05T15:44:41Z</time>
      </trkpt>
      <trkpt lat="68.074555825442076" lon="13.089288538321853">
        <ele>36.1328125</ele>
        <time>2014-07-05T15:44:55Z</time>
      </trkpt>
      <trkpt lat="68.074492793530226" lon="13.089195163920522">
        <ele>40.0546875</ele>
        <time>2014-07-05T15:45:07Z</time>
      </trkpt>
      <trkpt lat="68.074452895671129" lon="13.089124755933881">
        <ele>41.828125</ele>
        <time>2014-07-05T15:45:20Z</time>
      </trkpt>
      <trkpt lat="68.074421631172299" lon="13.089081589132547">
        <ele>43.46484375</ele>
        <time>2014-07-05T15:45:30Z</time>
      </trkpt>
      <trkpt lat="68.074389360845089" lon="13.08907387778163">
        <ele>46.1796875</ele>
        <time>2014-07-05T15:45:42Z</time>
      </trkpt>
      <trkpt lat="68.074360946193337" lon="13.089002631604671">
        <ele>46.58984375</ele>
        <time>2014-07-05T15:45:55Z</time>
      </trkpt>
      <trkpt lat="68.074360024183989" lon="13.088987627997994">
        <ele>46.21484375</ele>
        <time>2014-07-05T15:45:56Z</time>
      </trkpt>
      <trkpt lat="68.074333537369967" lon="13.088846392929554">
        <ele>44.15625</ele>
        <time>2014-07-05T15:46:09Z</time>
      </trkpt>
      <trkpt lat="68.074319371953607" lon="13.088792413473129">
        <ele>43.65625</ele>
        <time>2014-07-05T15:46:15Z</time>
      </trkpt>
      <trkpt lat="68.074331609532237" lon="13.088681353256106">
        <ele>39.171875</ele>
        <time>2014-07-05T15:46:20Z</time>
      </trkpt>
      <trkpt lat="68.074330855160952" lon="13.088630894199014">
        <ele>37.6953125</ele>
        <time>2014-07-05T15:46:22Z</time>
      </trkpt>
      <trkpt lat="68.074314091354609" lon="13.088566856458783">
        <ele>36.96875</ele>
        <time>2014-07-05T15:46:25Z</time>
      </trkpt>
      <trkpt lat="68.074258267879486" lon="13.08833559975028">
        <ele>32.90625</ele>
        <time>2014-07-05T15:46:40Z</time>
      </trkpt>
      <trkpt lat="68.074219040572643" lon="13.088155640289187">
        <ele>28.390625</ele>
        <time>2014-07-05T15:46:47Z</time>
      </trkpt>
      <trkpt lat="68.074156595394015" lon="13.087885575369">
        <ele>27.96484375</ele>
        <time>2014-07-05T15:47:00Z</time>
      </trkpt>
      <trkpt lat="68.074106387794018" lon="13.08769354596734">
        <ele>28.078125</ele>
        <time>2014-07-05T15:47:12Z</time>
      </trkpt>
      <trkpt lat="68.074081996455789" lon="13.0876231379807">
        <ele>28.3125</ele>
        <time>2014-07-05T15:47:18Z</time>
      </trkpt>
      <trkpt lat="68.074016030877829" lon="13.087520124390721">
        <ele>28.95703125</ele>
        <time>2014-07-05T15:47:25Z</time>
      </trkpt>
      <trkpt lat="68.073994824662805" lon="13.087465558201075">
        <ele>28.1953125</ele>
        <time>2014-07-05T15:47:28Z</time>
      </trkpt>
      <trkpt lat="68.073912430554628" lon="13.087310995906591">
        <ele>26.03125</ele>
        <time>2014-07-05T15:47:43Z</time>
      </trkpt>
      <trkpt lat="68.073859959840775" lon="13.087150314822793">
        <ele>21.6875</ele>
        <time>2014-07-05T15:47:56Z</time>
      </trkpt>
      <trkpt lat="68.073798520490527" lon="13.087024837732315">
        <ele>18.015625</ele>
        <time>2014-07-05T15:48:08Z</time>
      </trkpt>
      <trkpt lat="68.073756443336606" lon="13.086960548534989">
        <ele>17.72265625</ele>
        <time>2014-07-05T15:48:19Z</time>
      </trkpt>
      <trkpt lat="68.073680084198713" lon="13.08676365762949">
        <ele>16.6484375</ele>
        <time>2014-07-05T15:48:31Z</time>
      </trkpt>
      <trkpt lat="68.07355041615665" lon="13.086631558835506">
        <ele>18.453125</ele>
        <time>2014-07-05T15:48:44Z</time>
      </trkpt>
      <trkpt lat="68.07345611974597" lon="13.086469536647201">
        <ele>19.18359375</ele>
        <time>2014-07-05T15:48:57Z</time>
      </trkpt>
      <trkpt lat="68.073430135846138" lon="13.086440283805132">
        <ele>19.1171875</ele>
        <time>2014-07-05T15:49:03Z</time>
      </trkpt>
      <trkpt lat="68.073360482230783" lon="13.086274322122335">
        <ele>17.2890625</ele>
        <time>2014-07-05T15:49:11Z</time>
      </trkpt>
      <trkpt lat="68.073273980990052" lon="13.086082292720675">
        <ele>15.17578125</ele>
        <time>2014-07-05T15:49:25Z</time>
      </trkpt>
      <trkpt lat="68.073181444779038" lon="13.085857992991805">
        <ele>12.94140625</ele>
        <time>2014-07-05T15:49:37Z</time>
      </trkpt>
      <trkpt lat="68.073142636567354" lon="13.085760679095984">
        <ele>12.59765625</ele>
        <time>2014-07-05T15:49:42Z</time>
      </trkpt>
      <trkpt lat="68.073056722059846" lon="13.085612067952752">
        <ele>12.65625</ele>
        <time>2014-07-05T15:49:55Z</time>
      </trkpt>
      <trkpt lat="68.073015064001083" lon="13.08558507822454">
        <ele>13.16015625</ele>
        <time>2014-07-05T15:50:07Z</time>
      </trkpt>
      <trkpt lat="68.072916409000754" lon="13.085412913933396">
        <ele>13.4453125</ele>
        <time>2014-07-05T15:50:21Z</time>
      </trkpt>
      <trkpt lat="68.072753045707941" lon="13.085138406604528">
        <ele>13.31640625</ele>
        <time>2014-07-05T15:50:36Z</time>
      </trkpt>
      <trkpt lat="68.072614828124642" lon="13.084861217066646">
        <ele>12.39453125</ele>
        <time>2014-07-05T15:50:50Z</time>
      </trkpt>
      <trkpt lat="68.072557831183076" lon="13.084754850715399">
        <ele>12.359375</ele>
        <time>2014-07-05T15:50:57Z</time>
      </trkpt>
      <trkpt lat="68.07250963523984" lon="13.084661476314068">
        <ele>12.53125</ele>
        <time>2014-07-05T15:51:03Z</time>
      </trkpt>
      <trkpt lat="68.072430426254869" lon="13.084450755268335">
        <ele>12.22265625</ele>
        <time>2014-07-05T15:51:16Z</time>
      </trkpt>
      <trkpt lat="68.072420116513968" lon="13.084399793297052">
        <ele>11.98828125</ele>
        <time>2014-07-05T15:51:29Z</time>
      </trkpt>
      <trkpt lat="68.072307044640183" lon="13.084294851869345">
        <ele>12.3203125</ele>
        <time>2014-07-05T15:51:39Z</time>
      </trkpt>
      <trkpt lat="68.072276199236512" lon="13.084280770272017">
        <ele>12.4921875</ele>
        <time>2014-07-05T15:51:43Z</time>
      </trkpt>
      <trkpt lat="68.072230434045196" lon="13.084230395033956">
        <ele>12.5</ele>
        <time>2014-07-05T15:51:47Z</time>
      </trkpt>
      <trkpt lat="68.072147034108639" lon="13.084142552688718">
        <ele>12.62109375</ele>
        <time>2014-07-05T15:51:54Z</time>
      </trkpt>
      <trkpt lat="68.072042427957058" lon="13.083959827199578">
        <ele>12.24609375</ele>
        <time>2014-07-05T15:52:06Z</time>
      </trkpt>
      <trkpt lat="68.072016192600131" lon="13.083946835249662">
        <ele>12.38671875</ele>
        <time>2014-07-05T15:52:09Z</time>
      </trkpt>
      <trkpt lat="68.071990963071585" lon="13.083943231031299">
        <ele>12.58984375</ele>
        <time>2014-07-05T15:52:12Z</time>
      </trkpt>
      <trkpt lat="68.071854002773762" lon="13.083730498328805">
        <ele>12.3125</ele>
        <time>2014-07-05T15:52:27Z</time>
      </trkpt>
      <trkpt lat="68.071781080216169" lon="13.083632178604603">
        <ele>12.75</ele>
        <time>2014-07-05T15:52:33Z</time>
      </trkpt>
      <trkpt lat="68.071659961715341" lon="13.083440316841006">
        <ele>13.30859375</ele>
        <time>2014-07-05T15:52:45Z</time>
      </trkpt>
      <trkpt lat="68.071559797972441" lon="13.083249125629663">
        <ele>13.453125</ele>
        <time>2014-07-05T15:52:56Z</time>
      </trkpt>
      <trkpt lat="68.07146105915308" lon="13.083073105663061">
        <ele>13.796875</ele>
        <time>2014-07-05T15:53:06Z</time>
      </trkpt>
      <trkpt lat="68.071355782449245" lon="13.083061706274748">
        <ele>15.05859375</ele>
        <time>2014-07-05T15:53:15Z</time>
      </trkpt>
      <trkpt lat="68.071331139653921" lon="13.083030022680759">
        <ele>15.25390625</ele>
        <time>2014-07-05T15:53:18Z</time>
      </trkpt>
      <trkpt lat="68.071171715855598" lon="13.082834389060736">
        <ele>16.94921875</ele>
        <time>2014-07-05T15:53:33Z</time>
      </trkpt>
      <trkpt lat="68.071123519912362" lon="13.082763310521841">
        <ele>17.203125</ele>
        <time>2014-07-05T15:53:39Z</time>
      </trkpt>
      <trkpt lat="68.071086220443249" lon="13.082540770992637">
        <ele>16.1796875</ele>
        <time>2014-07-05T15:53:47Z</time>
      </trkpt>
      <trkpt lat="68.07103643193841" lon="13.08238361030817">
        <ele>16.15234375</ele>
        <time>2014-07-05T15:53:55Z</time>
      </trkpt>
      <trkpt lat="68.070988403633237" lon="13.0823147110641">
        <ele>16.421875</ele>
        <time>2014-07-05T15:54:01Z</time>
      </trkpt>
      <trkpt lat="68.070897459983826" lon="13.08208211325109">
        <ele>16.56640625</ele>
        <time>2014-07-05T15:54:15Z</time>
      </trkpt>
      <trkpt lat="68.070858232676983" lon="13.082024110481143">
        <ele>16.7734375</ele>
        <time>2014-07-05T15:54:20Z</time>
      </trkpt>
      <trkpt lat="68.07076133787632" lon="13.081792183220387">
        <ele>16.578125</ele>
        <time>2014-07-05T15:54:33Z</time>
      </trkpt>
      <trkpt lat="68.070757482200861" lon="13.081742227077484">
        <ele>16.34765625</ele>
        <time>2014-07-05T15:54:36Z</time>
      </trkpt>
      <trkpt lat="68.070699982345104" lon="13.081475682556629">
        <ele>15.09375</ele>
        <time>2014-07-05T15:54:50Z</time>
      </trkpt>
      <trkpt lat="68.070664023980498" lon="13.081326903775334">
        <ele>14.31640625</ele>
        <time>2014-07-05T15:54:58Z</time>
      </trkpt>
      <trkpt lat="68.070601914077997" lon="13.081169407814741">
        <ele>13.47265625</ele>
        <time>2014-07-05T15:55:09Z</time>
      </trkpt>
      <trkpt lat="68.070459086447954" lon="13.08078040368855">
        <ele>11.6328125</ele>
        <time>2014-07-05T15:55:26Z</time>
      </trkpt>
      <trkpt lat="68.070297315716743" lon="13.08029861189425">
        <ele>10.578125</ele>
        <time>2014-07-05T15:55:44Z</time>
      </trkpt>
      <trkpt lat="68.070097072049975" lon="13.079909607768059">
        <ele>9.84765625</ele>
        <time>2014-07-05T15:56:02Z</time>
      </trkpt>
      <trkpt lat="68.069910574704409" lon="13.079568883404136">
        <ele>10.08984375</ele>
        <time>2014-07-05T15:56:19Z</time>
      </trkpt>
      <trkpt lat="68.069865563884377" lon="13.079474167898297">
        <ele>10.1640625</ele>
        <time>2014-07-05T15:56:32Z</time>
      </trkpt>
      <trkpt lat="68.069880902767181" lon="13.079414488747716">
        <ele>9.97265625</ele>
        <time>2014-07-05T15:56:54Z</time>
      </trkpt>
      <trkpt lat="68.069878052920103" lon="13.079485818743706">
        <ele>10.1171875</ele>
        <time>2014-07-05T15:57:15Z</time>
      </trkpt>
      <trkpt lat="68.069868078455329" lon="13.079518675804138">
        <ele>10.23046875</ele>
        <time>2014-07-05T15:57:39Z</time>
      </trkpt>
      <trkpt lat="68.069872688502073" lon="13.07953828945756">
        <ele>10.23828125</ele>
        <time>2014-07-05T15:58:04Z</time>
      </trkpt>
      <trkpt lat="68.069769088178873" lon="13.07936143130064">
        <ele>10.48046875</ele>
        <time>2014-07-05T15:58:18Z</time>
      </trkpt>
      <trkpt lat="68.069612514227629" lon="13.079317845404148">
        <ele>11.296875</ele>
        <time>2014-07-05T15:58:34Z</time>
      </trkpt>
      <trkpt lat="68.069533975794911" lon="13.078924482688308">
        <ele>10.55859375</ele>
        <time>2014-07-05T15:58:49Z</time>
      </trkpt>
      <trkpt lat="68.069535065442324" lon="13.078895984217525">
        <ele>10.4453125</ele>
        <time>2014-07-05T15:58:50Z</time>
      </trkpt>
      <trkpt lat="68.069467758759856" lon="13.078853068873286">
        <ele>10.77734375</ele>
        <time>2014-07-05T15:59:02Z</time>
      </trkpt>
      <trkpt lat="68.06944839656353" lon="13.078838568180799">
        <ele>10.86328125</ele>
        <time>2014-07-05T15:59:05Z</time>
      </trkpt>
      <trkpt lat="68.069429537281394" lon="13.078811494633555">
        <ele>10.90234375</ele>
        <time>2014-07-05T15:59:07Z</time>
      </trkpt>
      <trkpt lat="68.069362733513117" lon="13.078799759969115">
        <ele>11.33984375</ele>
        <time>2014-07-05T15:59:14Z</time>
      </trkpt>
      <trkpt lat="68.069320321083069" lon="13.078772015869617">
        <ele>11.546875</ele>
        <time>2014-07-05T15:59:18Z</time>
      </trkpt>
      <trkpt lat="68.069271119311452" lon="13.078719293698668">
        <ele>11.7109375</ele>
        <time>2014-07-05T15:59:23Z</time>
      </trkpt>
      <trkpt lat="68.069153102114797" lon="13.078535730019212">
        <ele>12.19140625</ele>
        <time>2014-07-05T15:59:38Z</time>
      </trkpt>
      <trkpt lat="68.069013794884086" lon="13.078367924317718">
        <ele>13.33203125</ele>
        <time>2014-07-05T15:59:53Z</time>
      </trkpt>
      <trkpt lat="68.068877002224326" lon="13.07840321213007">
        <ele>15.24609375</ele>
        <time>2014-07-05T16:00:05Z</time>
      </trkpt>
      <trkpt lat="68.068854622542858" lon="13.078398015350103">
        <ele>15.54296875</ele>
        <time>2014-07-05T16:00:07Z</time>
      </trkpt>
      <trkpt lat="68.068695114925504" lon="13.078241609036922">
        <ele>17.62109375</ele>
        <time>2014-07-05T16:00:23Z</time>
      </trkpt>
      <trkpt lat="68.068615319207311" lon="13.078220235183835">
        <ele>18.7421875</ele>
        <time>2014-07-05T16:00:35Z</time>
      </trkpt>
      <trkpt lat="68.068559831008315" lon="13.07808805257082">
        <ele>19.3203125</ele>
        <time>2014-07-05T16:00:46Z</time>
      </trkpt>
      <trkpt lat="68.068497469648719" lon="13.078086711466312">
        <ele>20.5390625</ele>
        <time>2014-07-05T16:00:58Z</time>
      </trkpt>
      <trkpt lat="68.068417590111494" lon="13.078029379248619">
        <ele>22.4140625</ele>
        <time>2014-07-05T16:01:11Z</time>
      </trkpt>
      <trkpt lat="68.068377189338207" lon="13.077990151941776">
        <ele>23.359375</ele>
        <time>2014-07-05T16:01:24Z</time>
      </trkpt>
      <trkpt lat="68.068355731666088" lon="13.077976908534765">
        <ele>23.890625</ele>
        <time>2014-07-05T16:01:39Z</time>
      </trkpt>
      <trkpt lat="68.068392192944884" lon="13.07792435400188">
        <ele>22.7890625</ele>
        <time>2014-07-05T16:02:05Z</time>
      </trkpt>
      <trkpt lat="68.068366292864084" lon="13.077983530238271">
        <ele>23.62890625</ele>
        <time>2014-07-05T16:02:29Z</time>
      </trkpt>
      <trkpt lat="68.068359168246388" lon="13.077967604622245">
        <ele>23.77734375</ele>
        <time>2014-07-05T16:02:30Z</time>
      </trkpt>
      <trkpt lat="68.068276103585958" lon="13.077835002914071">
        <ele>25.703125</ele>
        <time>2014-07-05T16:02:43Z</time>
      </trkpt>
      <trkpt lat="68.068210976198316" lon="13.077705083414912">
        <ele>27.2734375</ele>
        <time>2014-07-05T16:02:52Z</time>
      </trkpt>
      <trkpt lat="68.068181052803993" lon="13.077657390385866">
        <ele>28.046875</ele>
        <time>2014-07-05T16:02:55Z</time>
      </trkpt>
      <trkpt lat="68.068164456635714" lon="13.077642722055316">
        <ele>28.5</ele>
        <time>2014-07-05T16:02:57Z</time>
      </trkpt>
      <trkpt lat="68.068105783313513" lon="13.077452285215259">
        <ele>30.00390625</ele>
        <time>2014-07-05T16:03:10Z</time>
      </trkpt>
      <trkpt lat="68.068081140518188" lon="13.077457649633288">
        <ele>30.73828125</ele>
        <time>2014-07-05T16:03:14Z</time>
      </trkpt>
      <trkpt lat="68.068048618733883" lon="13.077463181689382">
        <ele>31.70703125</ele>
        <time>2014-07-05T16:03:18Z</time>
      </trkpt>
      <trkpt lat="68.067949377000332" lon="13.077522944658995">
        <ele>34.859375</ele>
        <time>2014-07-05T16:03:32Z</time>
      </trkpt>
      <trkpt lat="68.067894391715527" lon="13.07760433293879">
        <ele>37.0546875</ele>
        <time>2014-07-05T16:03:42Z</time>
      </trkpt>
      <trkpt lat="68.06783689185977" lon="13.07774112559855">
        <ele>39.51953125</ele>
        <time>2014-07-05T16:03:52Z</time>
      </trkpt>
      <trkpt lat="68.06773035787046" lon="13.077836511656642">
        <ele>44.125</ele>
        <time>2014-07-05T16:04:06Z</time>
      </trkpt>
      <trkpt lat="68.067696494981647" lon="13.077901052311063">
        <ele>45.72265625</ele>
        <time>2014-07-05T16:04:12Z</time>
      </trkpt>
      <trkpt lat="68.067630026489496" lon="13.078014627099037">
        <ele>48.93359375</ele>
        <time>2014-07-05T16:04:26Z</time>
      </trkpt>
      <trkpt lat="68.067576214671135" lon="13.078059135004878">
        <ele>51.4609375</ele>
        <time>2014-07-05T16:04:38Z</time>
      </trkpt>
      <trkpt lat="68.067513266578317" lon="13.078123927116394">
        <ele>54.53515625</ele>
        <time>2014-07-05T16:04:50Z</time>
      </trkpt>
      <trkpt lat="68.067472279071808" lon="13.078265078365803">
        <ele>57.8515625</ele>
        <time>2014-07-05T16:05:02Z</time>
      </trkpt>
      <trkpt lat="68.067400110885501" lon="13.07824244722724">
        <ele>60.9140625</ele>
        <time>2014-07-05T16:05:14Z</time>
      </trkpt>
      <trkpt lat="68.067344538867474" lon="13.078206405043602">
        <ele>62.76171875</ele>
        <time>2014-07-05T16:05:25Z</time>
      </trkpt>
      <trkpt lat="68.067331211641431" lon="13.078212607651949">
        <ele>63.390625</ele>
        <time>2014-07-05T16:05:31Z</time>
      </trkpt>
      <trkpt lat="68.067343281581998" lon="13.078346634283662">
        <ele>64.58203125</ele>
        <time>2014-07-05T16:05:37Z</time>
      </trkpt>
      <trkpt lat="68.067317297682166" lon="13.078532125800848">
        <ele>67.99609375</ele>
        <time>2014-07-05T16:05:50Z</time>
      </trkpt>
      <trkpt lat="68.067235155031085" lon="13.078524330630898">
        <ele>71.30078125</ele>
        <time>2014-07-05T16:06:02Z</time>
      </trkpt>
      <trkpt lat="68.067182013764977" lon="13.078431123867631">
        <ele>72.328125</ele>
        <time>2014-07-05T16:06:14Z</time>
      </trkpt>
      <trkpt lat="68.067158712074161" lon="13.078431626781821">
        <ele>73.296875</ele>
        <time>2014-07-05T16:06:20Z</time>
      </trkpt>
      <trkpt lat="68.067088555544615" lon="13.078474374487996">
        <ele>76.7421875</ele>
        <time>2014-07-05T16:06:33Z</time>
      </trkpt>
      <trkpt lat="68.067009011283517" lon="13.078539334237576">
        <ele>80.859375</ele>
        <time>2014-07-05T16:06:45Z</time>
      </trkpt>
      <trkpt lat="68.06692510843277" lon="13.078435733914375">
        <ele>83.02734375</ele>
        <time>2014-07-05T16:06:58Z</time>
      </trkpt>
      <trkpt lat="68.066895855590701" lon="13.078480158001184">
        <ele>84.80078125</ele>
        <time>2014-07-05T16:07:03Z</time>
      </trkpt>
      <trkpt lat="68.066869033500552" lon="13.078541597351432">
        <ele>86.68359375</ele>
        <time>2014-07-05T16:07:06Z</time>
      </trkpt>
      <trkpt lat="68.066806001588702" lon="13.078449396416545">
        <ele>86.984375</ele>
        <time>2014-07-05T16:07:15Z</time>
      </trkpt>
      <trkpt lat="68.06677121669054" lon="13.078405978158116">
        <ele>87.1875</ele>
        <time>2014-07-05T16:07:20Z</time>
      </trkpt>
      <trkpt lat="68.066738611087203" lon="13.078335570171475">
        <ele>87.0625</ele>
        <time>2014-07-05T16:07:25Z</time>
      </trkpt>
      <trkpt lat="68.066617073491216" lon="13.078184444457293">
        <ele>88.1328125</ele>
        <time>2014-07-05T16:07:40Z</time>
      </trkpt>
      <trkpt lat="68.066609865054488" lon="13.078178744763136">
        <ele>88.23828125</ele>
        <time>2014-07-05T16:07:41Z</time>
      </trkpt>
      <trkpt lat="68.066492350772023" lon="13.07818285189569">
        <ele>90.98828125</ele>
        <time>2014-07-05T16:07:54Z</time>
      </trkpt>
      <trkpt lat="68.066477682441473" lon="13.07820875197649">
        <ele>91.5546875</ele>
        <time>2014-07-05T16:07:56Z</time>
      </trkpt>
      <trkpt lat="68.066442059352994" lon="13.078240603208542">
        <ele>92.63671875</ele>
        <time>2014-07-05T16:08:00Z</time>
      </trkpt>
      <trkpt lat="68.066383553668857" lon="13.078279830515385">
        <ele>94.265625</ele>
        <time>2014-07-05T16:08:08Z</time>
      </trkpt>
      <trkpt lat="68.066267296671867" lon="13.078355854377151">
        <ele>97.23828125</ele>
        <time>2014-07-05T16:08:23Z</time>
      </trkpt>
      <trkpt lat="68.066249191761017" lon="13.078357363119721">
        <ele>97.58203125</ele>
        <time>2014-07-05T16:08:25Z</time>
      </trkpt>
      <trkpt lat="68.066231086850166" lon="13.07837437838316">
        <ele>98.03125</ele>
        <time>2014-07-05T16:08:27Z</time>
      </trkpt>
      <trkpt lat="68.066197643056512" lon="13.078409666195512">
        <ele>98.875</ele>
        <time>2014-07-05T16:08:31Z</time>
      </trkpt>
      <trkpt lat="68.066146764904261" lon="13.078497424721718">
        <ele>100.3359375</ele>
        <time>2014-07-05T16:08:37Z</time>
      </trkpt>
      <trkpt lat="68.066123714670539" lon="13.078489545732737">
        <ele>100.69140625</ele>
        <time>2014-07-05T16:08:39Z</time>
      </trkpt>
      <trkpt lat="68.066010056063533" lon="13.078541178256273">
        <ele>102.9609375</ele>
        <time>2014-07-05T16:08:52Z</time>
      </trkpt>
      <trkpt lat="68.065969236195087" lon="13.078560959547758">
        <ele>103.76171875</ele>
        <time>2014-07-05T16:08:56Z</time>
      </trkpt>
      <trkpt lat="68.065906707197428" lon="13.07859281077981">
        <ele>104.98046875</ele>
        <time>2014-07-05T16:09:04Z</time>
      </trkpt>
      <trkpt lat="68.065840573981404" lon="13.078673612326384">
        <ele>106.43359375</ele>
        <time>2014-07-05T16:09:12Z</time>
      </trkpt>
      <trkpt lat="68.065757425501943" lon="13.07868224568665">
        <ele>107.828125</ele>
        <time>2014-07-05T16:09:22Z</time>
      </trkpt>
      <trkpt lat="68.06573923677206" lon="13.078683167695999">
        <ele>108.06640625</ele>
        <time>2014-07-05T16:09:24Z</time>
      </trkpt>
      <trkpt lat="68.065664134919643" lon="13.078624159097672">
        <ele>108.6640625</ele>
        <time>2014-07-05T16:09:36Z</time>
      </trkpt>
      <trkpt lat="68.065592050552368" lon="13.078615944832563">
        <ele>109.4140625</ele>
        <time>2014-07-05T16:09:46Z</time>
      </trkpt>
      <trkpt lat="68.065485348924994" lon="13.078538998961449">
        <ele>110.2890625</ele>
        <time>2014-07-05T16:09:59Z</time>
      </trkpt>
      <trkpt lat="68.065473362803459" lon="13.078534640371799">
        <ele>110.40625</ele>
        <time>2014-07-05T16:10:00Z</time>
      </trkpt>
      <trkpt lat="68.065399685874581" lon="13.078542435541749">
        <ele>111.23046875</ele>
        <time>2014-07-05T16:10:09Z</time>
      </trkpt>
      <trkpt lat="68.065389879047871" lon="13.078534891828895">
        <ele>111.30859375</ele>
        <time>2014-07-05T16:10:10Z</time>
      </trkpt>
      <trkpt lat="68.065260127186775" lon="13.078586105257273">
        <ele>112.89453125</ele>
        <time>2014-07-05T16:10:24Z</time>
      </trkpt>
      <trkpt lat="68.065192904323339" lon="13.078711582347751">
        <ele>113.98046875</ele>
        <time>2014-07-05T16:10:34Z</time>
      </trkpt>
      <trkpt lat="68.065155018121004" lon="13.078860193490982">
        <ele>113.45703125</ele>
        <time>2014-07-05T16:10:42Z</time>
      </trkpt>
      <trkpt lat="68.065142361447215" lon="13.078912580385804">
        <ele>113.26953125</ele>
        <time>2014-07-05T16:10:47Z</time>
      </trkpt>
      <trkpt lat="68.065123585984111" lon="13.078952562063932">
        <ele>112.92578125</ele>
        <time>2014-07-05T16:10:50Z</time>
      </trkpt>
      <trkpt lat="68.065054686740041" lon="13.079281384125352">
        <ele>111.83984375</ele>
        <time>2014-07-05T16:11:06Z</time>
      </trkpt>
      <trkpt lat="68.065025769174099" lon="13.079534685239196">
        <ele>112.13671875</ele>
        <time>2014-07-05T16:11:21Z</time>
      </trkpt>
      <trkpt lat="68.064987296238542" lon="13.079767618328333">
        <ele>111.76171875</ele>
        <time>2014-07-05T16:11:34Z</time>
      </trkpt>
      <trkpt lat="68.064953181892633" lon="13.080057799816132">
        <ele>114.1796875</ele>
        <time>2014-07-05T16:11:49Z</time>
      </trkpt>
      <trkpt lat="68.064865674823523" lon="13.080221833661199">
        <ele>113.10546875</ele>
        <time>2014-07-05T16:12:01Z</time>
      </trkpt>
      <trkpt lat="68.064793758094311" lon="13.080370277166367">
        <ele>112.16015625</ele>
        <time>2014-07-05T16:12:13Z</time>
      </trkpt>
      <trkpt lat="68.064710190519691" lon="13.080476224422455">
        <ele>109.828125</ele>
        <time>2014-07-05T16:12:24Z</time>
      </trkpt>
      <trkpt lat="68.064696863293648" lon="13.080543279647827">
        <ele>109.91015625</ele>
        <time>2014-07-05T16:12:27Z</time>
      </trkpt>
      <trkpt lat="68.064622515812516" lon="13.080950137227774">
        <ele>110.703125</ele>
        <time>2014-07-05T16:12:43Z</time>
      </trkpt>
      <trkpt lat="68.064573481678963" lon="13.081269906833768">
        <ele>110.63671875</ele>
        <time>2014-07-05T16:12:57Z</time>
      </trkpt>
      <trkpt lat="68.064560070633888" lon="13.081371830776334">
        <ele>110.64453125</ele>
        <time>2014-07-05T16:13:02Z</time>
      </trkpt>
      <trkpt lat="68.064563171938062" lon="13.081433940678835">
        <ele>110.93359375</ele>
        <time>2014-07-05T16:13:06Z</time>
      </trkpt>
      <trkpt lat="68.064512964338064" lon="13.081596465781331">
        <ele>111.7734375</ele>
        <time>2014-07-05T16:13:20Z</time>
      </trkpt>
      <trkpt lat="68.064440963789821" lon="13.081700652837753">
        <ele>111.16015625</ele>
        <time>2014-07-05T16:13:36Z</time>
      </trkpt>
      <trkpt lat="68.064272236078978" lon="13.081623036414385">
        <ele>105.08203125</ele>
        <time>2014-07-05T16:13:52Z</time>
      </trkpt>
      <trkpt lat="68.064258825033903" lon="13.081625467166305">
        <ele>104.70703125</ele>
        <time>2014-07-05T16:13:53Z</time>
      </trkpt>
      <trkpt lat="68.064214736223221" lon="13.081695036962628">
        <ele>103.91796875</ele>
        <time>2014-07-05T16:13:58Z</time>
      </trkpt>
      <trkpt lat="68.064264608547091" lon="13.082071719691157">
        <ele>108.4765625</ele>
        <time>2014-07-05T16:14:13Z</time>
      </trkpt>
      <trkpt lat="68.064025137573481" lon="13.081902153789997">
        <ele>100.26953125</ele>
        <time>2014-07-05T16:14:32Z</time>
      </trkpt>
      <trkpt lat="68.063687179237604" lon="13.081607362255454">
        <ele>98.421875</ele>
        <time>2014-07-05T16:14:47Z</time>
      </trkpt>
      <trkpt lat="68.063590535894036" lon="13.081521196290851">
        <ele>98.12890625</ele>
        <time>2014-07-05T16:14:51Z</time>
      </trkpt>
      <trkpt lat="68.063913406804204" lon="13.082345137372613">
        <ele>100.20703125</ele>
        <time>2014-07-05T16:15:05Z</time>
      </trkpt>
      <trkpt lat="68.064045170322061" lon="13.082696255296469">
        <ele>103.10546875</ele>
        <time>2014-07-05T16:15:19Z</time>
      </trkpt>
      <trkpt lat="68.063963195309043" lon="13.082795664668083">
        <ele>105.22265625</ele>
        <time>2014-07-05T16:15:31Z</time>
      </trkpt>
      <trkpt lat="68.06395229883492" lon="13.08283019810915">
        <ele>105.94921875</ele>
        <time>2014-07-05T16:15:33Z</time>
      </trkpt>
      <trkpt lat="68.063888931646943" lon="13.082943772897124">
        <ele>107.7421875</ele>
        <time>2014-07-05T16:15:47Z</time>
      </trkpt>
      <trkpt lat="68.063843082636595" lon="13.083006553351879">
        <ele>108.30078125</ele>
        <time>2014-07-05T16:15:59Z</time>
      </trkpt>
      <trkpt lat="68.063712073490024" lon="13.083000099286437">
        <ele>106.1171875</ele>
        <time>2014-07-05T16:16:13Z</time>
      </trkpt>
      <trkpt lat="68.063647951930761" lon="13.08290446177125">
        <ele>104.11328125</ele>
        <time>2014-07-05T16:16:24Z</time>
      </trkpt>
      <trkpt lat="68.063555331900716" lon="13.082634313032031">
        <ele>101.27734375</ele>
        <time>2014-07-05T16:16:39Z</time>
      </trkpt>
      <trkpt lat="68.063518116250634" lon="13.082549069076777">
        <ele>100.98046875</ele>
        <time>2014-07-05T16:16:50Z</time>
      </trkpt>
      <trkpt lat="68.063449300825596" lon="13.08234010823071">
        <ele>100.46875</ele>
        <time>2014-07-05T16:17:03Z</time>
      </trkpt>
      <trkpt lat="68.063352908939123" lon="13.082234160974622">
        <ele>100.36328125</ele>
        <time>2014-07-05T16:17:17Z</time>
      </trkpt>
      <trkpt lat="68.063269928097725" lon="13.08222284540534">
        <ele>100.81640625</ele>
        <time>2014-07-05T16:17:28Z</time>
      </trkpt>
      <trkpt lat="68.063117796555161" lon="13.082001898437738">
        <ele>98.703125</ele>
        <time>2014-07-05T16:17:40Z</time>
      </trkpt>
      <trkpt lat="68.062992738559842" lon="13.08187197893858">
        <ele>98.69140625</ele>
        <time>2014-07-05T16:17:52Z</time>
      </trkpt>
      <trkpt lat="68.062922162935138" lon="13.081959318369627">
        <ele>98.79296875</ele>
        <time>2014-07-05T16:18:03Z</time>
      </trkpt>
      <trkpt lat="68.062876900658011" lon="13.08202788233757">
        <ele>98.82421875</ele>
        <time>2014-07-05T16:18:10Z</time>
      </trkpt>
      <trkpt lat="68.062771540135145" lon="13.082085801288486">
        <ele>99.45703125</ele>
        <time>2014-07-05T16:18:24Z</time>
      </trkpt>
      <trkpt lat="68.062761398032308" lon="13.082111701369286">
        <ele>99.796875</ele>
        <time>2014-07-05T16:18:26Z</time>
      </trkpt>
      <trkpt lat="68.062707167118788" lon="13.082294007763267">
        <ele>101.9296875</ele>
        <time>2014-07-05T16:18:36Z</time>
      </trkpt>
      <trkpt lat="68.062627287581563" lon="13.082421831786633">
        <ele>102.6171875</ele>
        <time>2014-07-05T16:18:50Z</time>
      </trkpt>
      <trkpt lat="68.062603818252683" lon="13.082436583936214">
        <ele>102.48828125</ele>
        <time>2014-07-05T16:19:06Z</time>
      </trkpt>
      <trkpt lat="68.062569787725806" lon="13.082522246986628">
        <ele>102.86328125</ele>
        <time>2014-07-05T16:19:25Z</time>
      </trkpt>
      <trkpt lat="68.062536846846342" lon="13.082597516477108">
        <ele>103.08203125</ele>
        <time>2014-07-05T16:19:38Z</time>
      </trkpt>
      <trkpt lat="68.062550676986575" lon="13.082753084599972">
        <ele>105.4453125</ele>
        <time>2014-07-05T16:20:04Z</time>
      </trkpt>
      <trkpt lat="68.062539361417294" lon="13.082795580849051">
        <ele>105.7578125</ele>
        <time>2014-07-05T16:20:06Z</time>
      </trkpt>
      <trkpt lat="68.06248496286571" lon="13.082840256392956">
        <ele>104.9765625</ele>
        <time>2014-07-05T16:20:12Z</time>
      </trkpt>
      <trkpt lat="68.062388068065047" lon="13.083106130361557">
        <ele>105.26953125</ele>
        <time>2014-07-05T16:20:26Z</time>
      </trkpt>
      <trkpt lat="68.062300896272063" lon="13.083428498357534">
        <ele>105.52734375</ele>
        <time>2014-07-05T16:20:41Z</time>
      </trkpt>
      <trkpt lat="68.062221184372902" lon="13.083465965464711">
        <ele>104.28515625</ele>
        <time>2014-07-05T16:20:50Z</time>
      </trkpt>
      <trkpt lat="68.062213221564889" lon="13.083512401208282">
        <ele>104.30078125</ele>
        <time>2014-07-05T16:20:52Z</time>
      </trkpt>
      <trkpt lat="68.06210819631815" lon="13.083726139739156">
        <ele>103.90234375</ele>
        <time>2014-07-05T16:21:04Z</time>
      </trkpt>
      <trkpt lat="68.062074081972241" lon="13.083818256855011">
        <ele>106.0703125</ele>
        <time>2014-07-05T16:21:10Z</time>
      </trkpt>
      <trkpt lat="68.06201197206974" lon="13.083879528567195">
        <ele>106.0390625</ele>
        <time>2014-07-05T16:21:20Z</time>
      </trkpt>
      <trkpt lat="68.061944497749209" lon="13.083874667063355">
        <ele>103.77734375</ele>
        <time>2014-07-05T16:21:32Z</time>
      </trkpt>
      <trkpt lat="68.061931170523167" lon="13.083881372585893">
        <ele>103.5078125</ele>
        <time>2014-07-05T16:21:36Z</time>
      </trkpt>
      <trkpt lat="68.061877693980932" lon="13.083835272118449">
        <ele>100.9296875</ele>
        <time>2014-07-05T16:21:41Z</time>
      </trkpt>
      <trkpt lat="68.061835784465075" lon="13.083967454731464">
        <ele>102.6875</ele>
        <time>2014-07-05T16:21:48Z</time>
      </trkpt>
      <trkpt lat="68.061687927693129" lon="13.084051860496402">
        <ele>102.59765625</ele>
        <time>2014-07-05T16:22:03Z</time>
      </trkpt>
      <trkpt lat="68.061590194702148" lon="13.084031827747822">
        <ele>101.37890625</ele>
        <time>2014-07-05T16:22:15Z</time>
      </trkpt>
      <trkpt lat="68.061581728979945" lon="13.084030402824283">
        <ele>101.28125</ele>
        <time>2014-07-05T16:22:16Z</time>
      </trkpt>
      <trkpt lat="68.061505202203989" lon="13.084236346185207">
        <ele>102.08203125</ele>
        <time>2014-07-05T16:22:30Z</time>
      </trkpt>
      <trkpt lat="68.061420880258083" lon="13.084330223500729">
        <ele>101.2578125</ele>
        <time>2014-07-05T16:22:43Z</time>
      </trkpt>
      <trkpt lat="68.061404451727867" lon="13.084296779707074">
        <ele>100.78515625</ele>
        <time>2014-07-05T16:22:48Z</time>
      </trkpt>
      <trkpt lat="68.061413168907166" lon="13.08427557349205">
        <ele>100.828125</ele>
        <time>2014-07-05T16:23:05Z</time>
      </trkpt>
      <trkpt lat="68.06139774620533" lon="13.0842902418226">
        <ele>100.6328125</ele>
        <time>2014-07-05T16:23:29Z</time>
      </trkpt>
      <trkpt lat="68.061343934386969" lon="13.084307005628943">
        <ele>99.7421875</ele>
        <time>2014-07-05T16:23:33Z</time>
      </trkpt>
      <trkpt lat="68.061325242742896" lon="13.084302227944136">
        <ele>99.390625</ele>
        <time>2014-07-05T16:23:35Z</time>
      </trkpt>
      <trkpt lat="68.061304287984967" lon="13.084552260115743">
        <ele>99.4921875</ele>
        <time>2014-07-05T16:23:49Z</time>
      </trkpt>
      <trkpt lat="68.061290038749576" lon="13.084720987826586">
        <ele>99.62109375</ele>
        <time>2014-07-05T16:23:59Z</time>
      </trkpt>
      <trkpt lat="68.061297414824367" lon="13.085057269781828">
        <ele>101.1953125</ele>
        <time>2014-07-05T16:24:11Z</time>
      </trkpt>
      <trkpt lat="68.061269000172615" lon="13.085509389638901">
        <ele>103.51171875</ele>
        <time>2014-07-05T16:24:26Z</time>
      </trkpt>
      <trkpt lat="68.061247961595654" lon="13.08550201356411">
        <ele>103.015625</ele>
        <time>2014-07-05T16:24:27Z</time>
      </trkpt>
      <trkpt lat="68.061168668791652" lon="13.085661605000496">
        <ele>102.37109375</ele>
        <time>2014-07-05T16:24:39Z</time>
      </trkpt>
      <trkpt lat="68.061084849759936" lon="13.085784483700991">
        <ele>100.94140625</ele>
        <time>2014-07-05T16:24:52Z</time>
      </trkpt>
      <trkpt lat="68.061009161174297" lon="13.085731090977788">
        <ele>98.78515625</ele>
        <time>2014-07-05T16:25:00Z</time>
      </trkpt>
      <trkpt lat="68.060899022966623" lon="13.085705693811178">
        <ele>95.98046875</ele>
        <time>2014-07-05T16:25:10Z</time>
      </trkpt>
      <trkpt lat="68.060899609699845" lon="13.086063684895635">
        <ele>96.08984375</ele>
        <time>2014-07-05T16:25:23Z</time>
      </trkpt>
      <trkpt lat="68.060869099572301" lon="13.086163261905313">
        <ele>95.07421875</ele>
        <time>2014-07-05T16:25:27Z</time>
      </trkpt>
      <trkpt lat="68.060756949707866" lon="13.086269712075591">
        <ele>91.4765625</ele>
        <time>2014-07-05T16:25:41Z</time>
      </trkpt>
      <trkpt lat="68.060735743492842" lon="13.086358560249209">
        <ele>90.95703125</ele>
        <time>2014-07-05T16:25:52Z</time>
      </trkpt>
      <trkpt lat="68.060721326619387" lon="13.086438188329339">
        <ele>90.6015625</ele>
        <time>2014-07-05T16:25:56Z</time>
      </trkpt>
      <trkpt lat="68.06062325835228" lon="13.08643190190196">
        <ele>89.2109375</ele>
        <time>2014-07-05T16:26:05Z</time>
      </trkpt>
      <trkpt lat="68.060566680505872" lon="13.086569448933005">
        <ele>88.19140625</ele>
        <time>2014-07-05T16:26:14Z</time>
      </trkpt>
      <trkpt lat="68.060517814010382" lon="13.086801376193762">
        <ele>87.26171875</ele>
        <time>2014-07-05T16:26:28Z</time>
      </trkpt>
      <trkpt lat="68.060511108487844" lon="13.086957195773721">
        <ele>87.015625</ele>
        <time>2014-07-05T16:26:41Z</time>
      </trkpt>
      <trkpt lat="68.060507588088512" lon="13.087123911827803">
        <ele>85.96484375</ele>
        <time>2014-07-05T16:26:50Z</time>
      </trkpt>
      <trkpt lat="68.060513539239764" lon="13.087174873799086">
        <ele>85.55859375</ele>
        <time>2014-07-05T16:26:52Z</time>
      </trkpt>
      <trkpt lat="68.060528626665473" lon="13.087320970371366">
        <ele>84.3984375</ele>
        <time>2014-07-05T16:26:57Z</time>
      </trkpt>
      <trkpt lat="68.060519238933921" lon="13.087505958974361">
        <ele>82.5</ele>
        <time>2014-07-05T16:27:07Z</time>
      </trkpt>
      <trkpt lat="68.060511024668813" lon="13.08777803555131">
        <ele>80.265625</ele>
        <time>2014-07-05T16:27:16Z</time>
      </trkpt>
      <trkpt lat="68.06051286868751" lon="13.087847689166665">
        <ele>79.81640625</ele>
        <time>2014-07-05T16:27:17Z</time>
      </trkpt>
      <trkpt lat="68.060476239770651" lon="13.088050782680511">
        <ele>77.62890625</ele>
        <time>2014-07-05T16:27:30Z</time>
      </trkpt>
      <trkpt lat="68.060417398810387" lon="13.088185898959637">
        <ele>75.48828125</ele>
        <time>2014-07-05T16:27:43Z</time>
      </trkpt>
      <trkpt lat="68.060359815135598" lon="13.088323948904872">
        <ele>73.44140625</ele>
        <time>2014-07-05T16:27:54Z</time>
      </trkpt>
      <trkpt lat="68.06031103245914" lon="13.08859309181571">
        <ele>70.65234375</ele>
        <time>2014-07-05T16:28:07Z</time>
      </trkpt>
      <trkpt lat="68.06023970246315" lon="13.088691411539912">
        <ele>68.125</ele>
        <time>2014-07-05T16:28:17Z</time>
      </trkpt>
      <trkpt lat="68.060162169858813" lon="13.089192062616348">
        <ele>63.8515625</ele>
        <time>2014-07-05T16:28:35Z</time>
      </trkpt>
      <trkpt lat="68.060121266171336" lon="13.089515687897801">
        <ele>61.64453125</ele>
        <time>2014-07-05T16:28:45Z</time>
      </trkpt>
      <trkpt lat="68.059878023341298" lon="13.089654073119164">
        <ele>58.1875</ele>
        <time>2014-07-05T16:29:00Z</time>
      </trkpt>
      <trkpt lat="68.059808034449816" lon="13.089739987626672">
        <ele>57.04296875</ele>
        <time>2014-07-05T16:29:12Z</time>
      </trkpt>
      <trkpt lat="68.059805100783706" lon="13.089760020375252">
        <ele>56.92578125</ele>
        <time>2014-07-05T16:29:13Z</time>
      </trkpt>
      <trkpt lat="68.059732262045145" lon="13.089976776391268">
        <ele>55.75390625</ele>
        <time>2014-07-05T16:29:29Z</time>
      </trkpt>
      <trkpt lat="68.059674426913261" lon="13.090282464399934">
        <ele>54.57421875</ele>
        <time>2014-07-05T16:29:46Z</time>
      </trkpt>
      <trkpt lat="68.05965431034565" lon="13.090823767706752">
        <ele>52.5</ele>
        <time>2014-07-05T16:30:05Z</time>
      </trkpt>
      <trkpt lat="68.059582058340311" lon="13.090976569801569">
        <ele>51.0078125</ele>
        <time>2014-07-05T16:30:11Z</time>
      </trkpt>
      <trkpt lat="68.059639893472195" lon="13.091543186455965">
        <ele>50.8203125</ele>
        <time>2014-07-05T16:30:26Z</time>
      </trkpt>
      <trkpt lat="68.059749025851488" lon="13.091725576668978">
        <ele>52.625</ele>
        <time>2014-07-05T16:30:42Z</time>
      </trkpt>
      <trkpt lat="68.05969001725316" lon="13.092106869444251">
        <ele>51.16796875</ele>
        <time>2014-07-05T16:30:58Z</time>
      </trkpt>
      <trkpt lat="68.059697896242142" lon="13.092533424496651">
        <ele>52.109375</ele>
        <time>2014-07-05T16:31:10Z</time>
      </trkpt>
      <trkpt lat="68.059591446071863" lon="13.093092497438192">
        <ele>49.32421875</ele>
        <time>2014-07-05T16:31:29Z</time>
      </trkpt>
      <trkpt lat="68.059526905417442" lon="13.093554256483912">
        <ele>48.171875</ele>
        <time>2014-07-05T16:31:46Z</time>
      </trkpt>
      <trkpt lat="68.059500670060515" lon="13.09412338770926">
        <ele>47.11328125</ele>
        <time>2014-07-05T16:32:04Z</time>
      </trkpt>
      <trkpt lat="68.059496395289898" lon="13.094387166202068">
        <ele>46.890625</ele>
        <time>2014-07-05T16:32:18Z</time>
      </trkpt>
      <trkpt lat="68.059535371139646" lon="13.095102477818727">
        <ele>47.01171875</ele>
        <time>2014-07-05T16:32:36Z</time>
      </trkpt>
      <trkpt lat="68.059519613161683" lon="13.095651995390654">
        <ele>47.28125</ele>
        <time>2014-07-05T16:32:55Z</time>
      </trkpt>
      <trkpt lat="68.059532018378377" lon="13.096214504912496">
        <ele>47.76171875</ele>
        <time>2014-07-05T16:33:13Z</time>
      </trkpt>
      <trkpt lat="68.059470076113939" lon="13.096503764390945">
        <ele>46.6015625</ele>
        <time>2014-07-05T16:33:26Z</time>
      </trkpt>
      <trkpt lat="68.059437973424792" lon="13.09682990424335">
        <ele>46.9453125</ele>
        <time>2014-07-05T16:33:39Z</time>
      </trkpt>
      <trkpt lat="68.059296989813447" lon="13.097185548394918">
        <ele>46.234375</ele>
        <time>2014-07-05T16:33:55Z</time>
      </trkpt>
      <trkpt lat="68.059162879362702" lon="13.09761461801827">
        <ele>46.02734375</ele>
        <time>2014-07-05T16:34:12Z</time>
      </trkpt>
      <trkpt lat="68.05910219438374" lon="13.098163045942783">
        <ele>46.32421875</ele>
        <time>2014-07-05T16:34:30Z</time>
      </trkpt>
      <trkpt lat="68.059109570458531" lon="13.098329594358802">
        <ele>47.03125</ele>
        <time>2014-07-05T16:34:35Z</time>
      </trkpt>
      <trkpt lat="68.059022650122643" lon="13.098808703944087">
        <ele>47</ele>
        <time>2014-07-05T16:34:54Z</time>
      </trkpt>
      <trkpt lat="68.059017285704613" lon="13.098826808854938">
        <ele>46.921875</ele>
        <time>2014-07-05T16:34:55Z</time>
      </trkpt>
      <trkpt lat="68.058971017599106" lon="13.099227380007505">
        <ele>46.46484375</ele>
        <time>2014-07-05T16:35:11Z</time>
      </trkpt>
      <trkpt lat="68.058889042586088" lon="13.099459894001484">
        <ele>44.9609375</ele>
        <time>2014-07-05T16:35:25Z</time>
      </trkpt>
      <trkpt lat="68.058875380083919" lon="13.099487638100982">
        <ele>44.6875</ele>
        <time>2014-07-05T16:35:27Z</time>
      </trkpt>
      <trkpt lat="68.05886322632432" lon="13.099599285051227">
        <ele>44.53125</ele>
        <time>2014-07-05T16:35:32Z</time>
      </trkpt>
      <trkpt lat="68.058815449476242" lon="13.099913103505969">
        <ele>43.625</ele>
        <time>2014-07-05T16:35:43Z</time>
      </trkpt>
      <trkpt lat="68.058725846931338" lon="13.100424567237496">
        <ele>41.53515625</ele>
        <time>2014-07-05T16:36:00Z</time>
      </trkpt>
      <trkpt lat="68.058679746463895" lon="13.100746599957347">
        <ele>40.3046875</ele>
        <time>2014-07-05T16:36:13Z</time>
      </trkpt>
      <trkpt lat="68.058642614632845" lon="13.101055640727282">
        <ele>39.12109375</ele>
        <time>2014-07-05T16:36:26Z</time>
      </trkpt>
      <trkpt lat="68.05859743617475" lon="13.101307516917586">
        <ele>37.7890625</ele>
        <time>2014-07-05T16:36:36Z</time>
      </trkpt>
      <trkpt lat="68.058528620749712" lon="13.101463755592704">
        <ele>35.9296875</ele>
        <time>2014-07-05T16:36:45Z</time>
      </trkpt>
      <trkpt lat="68.058475563302636" lon="13.101826105266809">
        <ele>34.90625</ele>
        <time>2014-07-05T16:37:01Z</time>
      </trkpt>
      <trkpt lat="68.058452680706978" lon="13.102229442447424">
        <ele>34.41796875</ele>
        <time>2014-07-05T16:37:17Z</time>
      </trkpt>
      <trkpt lat="68.058409010991454" lon="13.102606125175953">
        <ele>33.5546875</ele>
        <time>2014-07-05T16:37:32Z</time>
      </trkpt>
      <trkpt lat="68.058441113680601" lon="13.102875184267759">
        <ele>34.19140625</ele>
        <time>2014-07-05T16:37:48Z</time>
      </trkpt>
      <trkpt lat="68.058383697643876" lon="13.102987753227353">
        <ele>33.05078125</ele>
        <time>2014-07-05T16:38:05Z</time>
      </trkpt>
      <trkpt lat="68.058392917737365" lon="13.102953722700477">
        <ele>33.234375</ele>
        <time>2014-07-05T16:38:30Z</time>
      </trkpt>
      <trkpt lat="68.058377746492624" lon="13.102976437658072">
        <ele>32.93359375</ele>
        <time>2014-07-05T16:38:55Z</time>
      </trkpt>
      <trkpt lat="68.058378165587783" lon="13.102945424616337">
        <ele>32.94140625</ele>
        <time>2014-07-05T16:39:21Z</time>
      </trkpt>
      <trkpt lat="68.058368526399136" lon="13.103005606681108">
        <ele>32.75</ele>
        <time>2014-07-05T16:39:44Z</time>
      </trkpt>
      <trkpt lat="68.058331897482276" lon="13.103423612192273">
        <ele>33.2421875</ele>
        <time>2014-07-05T16:39:58Z</time>
      </trkpt>
      <trkpt lat="68.058317732065916" lon="13.103474825620651">
        <ele>33.13671875</ele>
        <time>2014-07-05T16:40:00Z</time>
      </trkpt>
      <trkpt lat="68.058303650468588" lon="13.103673392906785">
        <ele>33.60546875</ele>
        <time>2014-07-05T16:40:08Z</time>
      </trkpt>
      <trkpt lat="68.058292670175433" lon="13.103934824466705">
        <ele>34.16015625</ele>
        <time>2014-07-05T16:40:21Z</time>
      </trkpt>
      <trkpt lat="68.058268530294299" lon="13.104131883010268">
        <ele>34.09375</ele>
        <time>2014-07-05T16:40:33Z</time>
      </trkpt>
      <trkpt lat="68.058235589414835" lon="13.104355512186885">
        <ele>33.953125</ele>
        <time>2014-07-05T16:40:48Z</time>
      </trkpt>
      <trkpt lat="68.058204241096973" lon="13.104442683979869">
        <ele>33.36328125</ele>
        <time>2014-07-05T16:40:56Z</time>
      </trkpt>
      <trkpt lat="68.05813760496676" lon="13.104626247659326">
        <ele>31.92578125</ele>
        <time>2014-07-05T16:41:09Z</time>
      </trkpt>
      <trkpt lat="68.058069627732038" lon="13.104871585965157">
        <ele>30.984375</ele>
        <time>2014-07-05T16:41:23Z</time>
      </trkpt>
      <trkpt lat="68.058024113997817" lon="13.105113571509719">
        <ele>32.01953125</ele>
        <time>2014-07-05T16:41:36Z</time>
      </trkpt>
      <trkpt lat="68.057949431240559" lon="13.10533937998116">
        <ele>32.5078125</ele>
        <time>2014-07-05T16:41:50Z</time>
      </trkpt>
      <trkpt lat="68.057908862829208" lon="13.105604080483317">
        <ele>33.2265625</ele>
        <time>2014-07-05T16:42:03Z</time>
      </trkpt>
      <trkpt lat="68.057904923334718" lon="13.105663508176804">
        <ele>33.4375</ele>
        <time>2014-07-05T16:42:06Z</time>
      </trkpt>
      <trkpt lat="68.057883800938725" lon="13.105993000790477">
        <ele>34.7109375</ele>
        <time>2014-07-05T16:42:18Z</time>
      </trkpt>
      <trkpt lat="68.057876592501998" lon="13.10601613484323">
        <ele>34.70703125</ele>
        <time>2014-07-05T16:42:19Z</time>
      </trkpt>
      <trkpt lat="68.057800652459264" lon="13.106197603046894">
        <ele>34.11328125</ele>
        <time>2014-07-05T16:42:33Z</time>
      </trkpt>
      <trkpt lat="68.057753965258598" lon="13.106347220018506">
        <ele>33.80859375</ele>
        <time>2014-07-05T16:42:45Z</time>
      </trkpt>
      <trkpt lat="68.057714989408851" lon="13.106634300202131">
        <ele>33.71875</ele>
        <time>2014-07-05T16:43:00Z</time>
      </trkpt>
      <trkpt lat="68.057694369927049" lon="13.106748210266232">
        <ele>33.37890625</ele>
        <time>2014-07-05T16:43:12Z</time>
      </trkpt>
      <trkpt lat="68.057662770152092" lon="13.106904700398445">
        <ele>32.765625</ele>
        <time>2014-07-05T16:43:24Z</time>
      </trkpt>
      <trkpt lat="68.057677438482642" lon="13.107054149731994">
        <ele>33.671875</ele>
        <time>2014-07-05T16:43:32Z</time>
      </trkpt>
      <trkpt lat="68.05763871408999" lon="13.107310049235821">
        <ele>34.3515625</ele>
        <time>2014-07-05T16:43:47Z</time>
      </trkpt>
      <trkpt lat="68.057603007182479" lon="13.107476513832808">
        <ele>34.23828125</ele>
        <time>2014-07-05T16:44:00Z</time>
      </trkpt>
      <trkpt lat="68.057551123201847" lon="13.107619509100914">
        <ele>33.23828125</ele>
        <time>2014-07-05T16:44:12Z</time>
      </trkpt>
      <trkpt lat="68.057506196200848" lon="13.107731910422444">
        <ele>32.23828125</ele>
        <time>2014-07-05T16:44:21Z</time>
      </trkpt>
      <trkpt lat="68.05745841935277" lon="13.107858141884208">
        <ele>31.07421875</ele>
        <time>2014-07-05T16:44:33Z</time>
      </trkpt>
      <trkpt lat="68.057417264208198" lon="13.108044471591711">
        <ele>30.51171875</ele>
        <time>2014-07-05T16:44:45Z</time>
      </trkpt>
      <trkpt lat="68.057403098791838" lon="13.108127284795046">
        <ele>30.80078125</ele>
        <time>2014-07-05T16:44:47Z</time>
      </trkpt>
      <trkpt lat="68.05739781819284" lon="13.10819542966783">
        <ele>31.671875</ele>
        <time>2014-07-05T16:44:50Z</time>
      </trkpt>
      <trkpt lat="68.057346772402525" lon="13.108454681932926">
        <ele>34.1640625</ele>
        <time>2014-07-05T16:45:04Z</time>
      </trkpt>
      <trkpt lat="68.057320453226566" lon="13.108814684674144">
        <ele>38.06640625</ele>
        <time>2014-07-05T16:45:17Z</time>
      </trkpt>
      <trkpt lat="68.057300169020891" lon="13.108884086832404">
        <ele>38.41015625</ele>
        <time>2014-07-05T16:45:20Z</time>
      </trkpt>
      <trkpt lat="68.057237891480327" lon="13.109161192551255">
        <ele>40.1015625</ele>
        <time>2014-07-05T16:45:37Z</time>
      </trkpt>
      <trkpt lat="68.057136638090014" lon="13.109220704063773">
        <ele>37.58203125</ele>
        <time>2014-07-05T16:45:49Z</time>
      </trkpt>
      <trkpt lat="68.057018369436264" lon="13.109219865873456">
        <ele>33.75390625</ele>
        <time>2014-07-05T16:46:03Z</time>
      </trkpt>
      <trkpt lat="68.056965814903378" lon="13.109289100393653">
        <ele>32.58984375</ele>
        <time>2014-07-05T16:46:15Z</time>
      </trkpt>
      <trkpt lat="68.056882079690695" lon="13.109301254153252">
        <ele>29.87109375</ele>
        <time>2014-07-05T16:46:25Z</time>
      </trkpt>
      <trkpt lat="68.056723829358816" lon="13.109341571107507">
        <ele>28.64453125</ele>
        <time>2014-07-05T16:46:38Z</time>
      </trkpt>
      <trkpt lat="68.056648978963494" lon="13.109296644106507">
        <ele>27.8515625</ele>
        <time>2014-07-05T16:46:46Z</time>
      </trkpt>
      <trkpt lat="68.056577229872346" lon="13.109245765954256">
        <ele>26.9921875</ele>
        <time>2014-07-05T16:46:57Z</time>
      </trkpt>
      <trkpt lat="68.056498691439629" lon="13.109245430678129">
        <ele>26.4296875</ele>
        <time>2014-07-05T16:47:09Z</time>
      </trkpt>
      <trkpt lat="68.056426355615258" lon="13.109360849484801">
        <ele>26.8671875</ele>
        <time>2014-07-05T16:47:21Z</time>
      </trkpt>
      <trkpt lat="68.056331388652325" lon="13.109475933015347">
        <ele>27.28125</ele>
        <time>2014-07-05T16:47:30Z</time>
      </trkpt>
      <trkpt lat="68.056272799149156" lon="13.10945556499064">
        <ele>26.86328125</ele>
        <time>2014-07-05T16:47:38Z</time>
      </trkpt>
      <trkpt lat="68.056224435567856" lon="13.109463695436716">
        <ele>26.7734375</ele>
        <time>2014-07-05T16:47:40Z</time>
      </trkpt>
      <trkpt lat="68.056176323443651" lon="13.109500575810671">
        <ele>26.9140625</ele>
        <time>2014-07-05T16:47:46Z</time>
      </trkpt>
      <trkpt lat="68.056062329560518" lon="13.109511975198984">
        <ele>26.59765625</ele>
        <time>2014-07-05T16:47:56Z</time>
      </trkpt>
      <trkpt lat="68.055931404232979" lon="13.109498228877783">
        <ele>26.0390625</ele>
        <time>2014-07-05T16:48:10Z</time>
      </trkpt>
      <trkpt lat="68.055860577151179" lon="13.109588166698813">
        <ele>26.3359375</ele>
        <time>2014-07-05T16:48:22Z</time>
      </trkpt>
      <trkpt lat="68.055758653208613" lon="13.109672991558909">
        <ele>26.37890625</ele>
        <time>2014-07-05T16:48:34Z</time>
      </trkpt>
      <trkpt lat="68.055683970451355" lon="13.109677014872432">
        <ele>26.078125</ele>
        <time>2014-07-05T16:48:41Z</time>
      </trkpt>
      <trkpt lat="68.055566875264049" lon="13.109688498079777">
        <ele>25.61328125</ele>
        <time>2014-07-05T16:48:52Z</time>
      </trkpt>
      <trkpt lat="68.055439889431" lon="13.109670979902148">
        <ele>25.01171875</ele>
        <time>2014-07-05T16:49:03Z</time>
      </trkpt>
      <trkpt lat="68.055377779528499" lon="13.109713811427355">
        <ele>24.82421875</ele>
        <time>2014-07-05T16:49:10Z</time>
      </trkpt>
      <trkpt lat="68.055309802293777" lon="13.109704926609993">
        <ele>24.49609375</ele>
        <time>2014-07-05T16:49:16Z</time>
      </trkpt>
      <trkpt lat="68.055291948840022" lon="13.109716242179275">
        <ele>24.42578125</ele>
        <time>2014-07-05T16:49:18Z</time>
      </trkpt>
      <trkpt lat="68.055247273296118" lon="13.109713057056069">
        <ele>24.21484375</ele>
        <time>2014-07-05T16:49:22Z</time>
      </trkpt>
      <trkpt lat="68.055177787318826" lon="13.109759325161576">
        <ele>24</ele>
        <time>2014-07-05T16:49:28Z</time>
      </trkpt>
      <trkpt lat="68.055094722658396" lon="13.109825290739536">
        <ele>24.421875</ele>
        <time>2014-07-05T16:49:36Z</time>
      </trkpt>
      <trkpt lat="68.055003611370921" lon="13.109892345964909">
        <ele>25.015625</ele>
        <time>2014-07-05T16:49:45Z</time>
      </trkpt>
      <trkpt lat="68.054980896413326" lon="13.109953617677093">
        <ele>25.5390625</ele>
        <time>2014-07-05T16:49:50Z</time>
      </trkpt>
      <trkpt lat="68.054915182292461" lon="13.110076496377587">
        <ele>26.265625</ele>
        <time>2014-07-05T16:49:57Z</time>
      </trkpt>
      <trkpt lat="68.054885594174266" lon="13.110129218548536">
        <ele>26.45703125</ele>
        <time>2014-07-05T16:50:00Z</time>
      </trkpt>
      <trkpt lat="68.054738827049732" lon="13.110240530222654">
        <ele>25.76171875</ele>
        <time>2014-07-05T16:50:15Z</time>
      </trkpt>
      <trkpt lat="68.054666323587298" lon="13.110329881310463">
        <ele>25.22265625</ele>
        <time>2014-07-05T16:50:27Z</time>
      </trkpt>
      <trkpt lat="68.054585941135883" lon="13.110383525490761">
        <ele>25.18359375</ele>
        <time>2014-07-05T16:50:38Z</time>
      </trkpt>
      <trkpt lat="68.054481251165271" lon="13.110372126102448">
        <ele>24.92578125</ele>
        <time>2014-07-05T16:50:52Z</time>
      </trkpt>
      <trkpt lat="68.054406400769949" lon="13.11033264733851">
        <ele>24.5546875</ele>
        <time>2014-07-05T16:51:03Z</time>
      </trkpt>
      <trkpt lat="68.054357953369617" lon="13.110359637066722">
        <ele>24.609375</ele>
        <time>2014-07-05T16:51:09Z</time>
      </trkpt>
      <trkpt lat="68.054327694699168" lon="13.110383525490761">
        <ele>24.78125</ele>
        <time>2014-07-05T16:51:13Z</time>
      </trkpt>
      <trkpt lat="68.054198613390326" lon="13.110408000648022">
        <ele>24.828125</ele>
        <time>2014-07-05T16:51:28Z</time>
      </trkpt>
      <trkpt lat="68.054102389141917" lon="13.110441444441676">
        <ele>25.05078125</ele>
        <time>2014-07-05T16:51:41Z</time>
      </trkpt>
      <trkpt lat="68.05408394895494" lon="13.110457370057702">
        <ele>25.19921875</ele>
        <time>2014-07-05T16:51:58Z</time>
      </trkpt>
      <trkpt lat="68.054088475182652" lon="13.11045971699059">
        <ele>25.23046875</ele>
        <time>2014-07-05T16:51:59Z</time>
      </trkpt>
      <trkpt lat="68.05401555262506" lon="13.110506404191256">
        <ele>25.54296875</ele>
        <time>2014-07-05T16:52:07Z</time>
      </trkpt>
      <trkpt lat="68.053863421082497" lon="13.110715700313449">
        <ele>26.63671875</ele>
        <time>2014-07-05T16:52:23Z</time>
      </trkpt>
      <trkpt lat="68.053839197382331" lon="13.110731123015285">
        <ele>26.59375</ele>
        <time>2014-07-05T16:52:25Z</time>
      </trkpt>
      <trkpt lat="68.053756887093186" lon="13.110849307850003">
        <ele>26.71875</ele>
        <time>2014-07-05T16:52:34Z</time>
      </trkpt>
      <trkpt lat="68.053578687831759" lon="13.110852995887399">
        <ele>25.26953125</ele>
        <time>2014-07-05T16:52:48Z</time>
      </trkpt>
      <trkpt lat="68.053435357287526" lon="13.11102356761694">
        <ele>27.81640625</ele>
        <time>2014-07-05T16:53:04Z</time>
      </trkpt>
      <trkpt lat="68.053372325375676" lon="13.111107302829623">
        <ele>29.6015625</ele>
        <time>2014-07-05T16:53:10Z</time>
      </trkpt>
      <trkpt lat="68.053213655948639" lon="13.11115013435483">
        <ele>31.421875</ele>
        <time>2014-07-05T16:53:24Z</time>
      </trkpt>
      <trkpt lat="68.05315800011158" lon="13.111125910654664">
        <ele>31.5</ele>
        <time>2014-07-05T16:53:29Z</time>
      </trkpt>
      <trkpt lat="68.053140565752983" lon="13.111124066635966">
        <ele>31.609375</ele>
        <time>2014-07-05T16:53:31Z</time>
      </trkpt>
      <trkpt lat="68.053047861903906" lon="13.111148877069354">
        <ele>32.6328125</ele>
        <time>2014-07-05T16:53:44Z</time>
      </trkpt>
      <trkpt lat="68.053038474172354" lon="13.111144183203578">
        <ele>32.640625</ele>
        <time>2014-07-05T16:53:45Z</time>
      </trkpt>
      <trkpt lat="68.052913499996066" lon="13.111138651147485">
        <ele>33.328125</ele>
        <time>2014-07-05T16:53:57Z</time>
      </trkpt>
      <trkpt lat="68.05279154330492" lon="13.111239820718765">
        <ele>35.015625</ele>
        <time>2014-07-05T16:54:12Z</time>
      </trkpt>
      <trkpt lat="68.052777964621782" lon="13.111259685829282">
        <ele>35.27734375</ele>
        <time>2014-07-05T16:54:14Z</time>
      </trkpt>
      <trkpt lat="68.052653325721622" lon="13.111425479874015">
        <ele>37.3046875</ele>
        <time>2014-07-05T16:54:29Z</time>
      </trkpt>
      <trkpt lat="68.052629772573709" lon="13.111524470150471">
        <ele>37.890625</ele>
        <time>2014-07-05T16:54:38Z</time>
      </trkpt>
      <trkpt lat="68.052613427862525" lon="13.111510891467333">
        <ele>37.859375</ele>
        <time>2014-07-05T16:54:42Z</time>
      </trkpt>
      <trkpt lat="68.052613260224462" lon="13.111501168459654">
        <ele>37.82421875</ele>
        <time>2014-07-05T16:54:54Z</time>
      </trkpt>
      <trkpt lat="68.052614936605096" lon="13.111506449058652">
        <ele>37.84375</ele>
        <time>2014-07-05T16:55:02Z</time>
      </trkpt>
      <trkpt lat="68.052616864442825" lon="13.111513908952475">
        <ele>37.8671875</ele>
        <time>2014-07-05T16:55:04Z</time>
      </trkpt>
      <trkpt lat="68.0526561755687" lon="13.111543748527765">
        <ele>37.94140625</ele>
        <time>2014-07-05T16:55:36Z</time>
      </trkpt>
      <trkpt lat="68.052625246345997" lon="13.111541150137782">
        <ele>37.9609375</ele>
        <time>2014-07-05T16:56:10Z</time>
      </trkpt>
      <trkpt lat="68.052629940211773" lon="13.111523548141122">
        <ele>37.88671875</ele>
        <time>2014-07-05T16:56:22Z</time>
      </trkpt>
      <trkpt lat="68.052596161141992" lon="13.111570738255978">
        <ele>38.08984375</ele>
        <time>2014-07-05T16:56:26Z</time>
      </trkpt>
      <trkpt lat="68.052565399557352" lon="13.111585658043623">
        <ele>38.16015625</ele>
        <time>2014-07-05T16:56:29Z</time>
      </trkpt>
      <trkpt lat="68.052542600780725" lon="13.111752793192863">
        <ele>38.6640625</ele>
        <time>2014-07-05T16:56:41Z</time>
      </trkpt>
      <trkpt lat="68.052482083439827" lon="13.11191045679152">
        <ele>38.96875</ele>
        <time>2014-07-05T16:56:52Z</time>
      </trkpt>
      <trkpt lat="68.052381835877895" lon="13.111996622756124">
        <ele>38.58203125</ele>
        <time>2014-07-05T16:57:05Z</time>
      </trkpt>
      <trkpt lat="68.052316205576062" lon="13.112097708508372">
        <ele>38.17578125</ele>
        <time>2014-07-05T16:57:11Z</time>
      </trkpt>
      <trkpt lat="68.052256191149354" lon="13.112098127603531">
        <ele>37.63671875</ele>
        <time>2014-07-05T16:57:15Z</time>
      </trkpt>
      <trkpt lat="68.05203365162015" lon="13.112185467034578">
        <ele>35.7890625</ele>
        <time>2014-07-05T16:57:33Z</time>
      </trkpt>
      <trkpt lat="68.05188462138176" lon="13.112234836444259">
        <ele>34.53515625</ele>
        <time>2014-07-05T16:57:45Z</time>
      </trkpt>
      <trkpt lat="68.051723688840866" lon="13.112440528348088">
        <ele>33.66015625</ele>
        <time>2014-07-05T16:58:00Z</time>
      </trkpt>
      <trkpt lat="68.051614640280604" lon="13.112584194168448">
        <ele>33.2265625</ele>
        <time>2014-07-05T16:58:09Z</time>
      </trkpt>
      <trkpt lat="68.051540292799473" lon="13.112753424793482">
        <ele>33.30078125</ele>
        <time>2014-07-05T16:58:17Z</time>
      </trkpt>
      <trkpt lat="68.051444152370095" lon="13.112771194428205">
        <ele>32.671875</ele>
        <time>2014-07-05T16:58:25Z</time>
      </trkpt>
      <trkpt lat="68.051301660016179" lon="13.112920224666595">
        <ele>32.12109375</ele>
        <time>2014-07-05T16:58:40Z</time>
      </trkpt>
      <trkpt lat="68.051215913146734" lon="13.112909412011504">
        <ele>31.05859375</ele>
        <time>2014-07-05T16:58:47Z</time>
      </trkpt>
      <trkpt lat="68.051154976710677" lon="13.112931624054909">
        <ele>30.40234375</ele>
        <time>2014-07-05T16:58:52Z</time>
      </trkpt>
      <trkpt lat="68.051082976162434" lon="13.112926175817847">
        <ele>29.5234375</ele>
        <time>2014-07-05T16:58:57Z</time>
      </trkpt>
      <trkpt lat="68.051068978384137" lon="13.112958697602153">
        <ele>29.4453125</ele>
        <time>2014-07-05T16:58:59Z</time>
      </trkpt>
      <trkpt lat="68.051024554297328" lon="13.113042265176773">
        <ele>29.1328125</ele>
        <time>2014-07-05T16:59:04Z</time>
      </trkpt>
      <trkpt lat="68.05097040720284" lon="13.113140920177102">
        <ele>28.6953125</ele>
        <time>2014-07-05T16:59:11Z</time>
      </trkpt>
      <trkpt lat="68.050888516008854" lon="13.113520788028836">
        <ele>28.34765625</ele>
        <time>2014-07-05T16:59:26Z</time>
      </trkpt>
      <trkpt lat="68.050688523799181" lon="13.113648444414139">
        <ele>26.31640625</ele>
        <time>2014-07-05T16:59:40Z</time>
      </trkpt>
      <trkpt lat="68.050646111369133" lon="13.113693287596107">
        <ele>25.97265625</ele>
        <time>2014-07-05T16:59:44Z</time>
      </trkpt>
      <trkpt lat="68.05048861540854" lon="13.114018170163035">
        <ele>24.26171875</ele>
        <time>2014-07-05T16:59:59Z</time>
      </trkpt>
      <trkpt lat="68.050474785268307" lon="13.114107856526971">
        <ele>24.0390625</ele>
        <time>2014-07-05T17:00:02Z</time>
      </trkpt>
      <trkpt lat="68.050475204363465" lon="13.114171558991075">
        <ele>23.984375</ele>
        <time>2014-07-05T17:00:04Z</time>
      </trkpt>
      <trkpt lat="68.050426756963134" lon="13.114282200112939">
        <ele>23.27734375</ele>
        <time>2014-07-05T17:00:09Z</time>
      </trkpt>
      <trkpt lat="68.050385685637593" lon="13.11436677351594">
        <ele>22.63671875</ele>
        <time>2014-07-05T17:00:13Z</time>
      </trkpt>
      <trkpt lat="68.050273871049285" lon="13.114414801821113">
        <ele>21.3828125</ele>
        <time>2014-07-05T17:00:27Z</time>
      </trkpt>
      <trkpt lat="68.050252832472324" lon="13.114428715780377">
        <ele>21.140625</ele>
        <time>2014-07-05T17:00:31Z</time>
      </trkpt>
      <trkpt lat="68.050266662612557" lon="13.114510690793395">
        <ele>21.1171875</ele>
        <time>2014-07-05T17:00:42Z</time>
      </trkpt>
      <trkpt lat="68.05027462542057" lon="13.114546649158001">
        <ele>21.12109375</ele>
        <time>2014-07-05T17:00:54Z</time>
      </trkpt>
      <trkpt lat="68.050205139443278" lon="13.115001702681184">
        <ele>19.62109375</ele>
        <time>2014-07-05T17:01:08Z</time>
      </trkpt>
      <trkpt lat="68.050091480836272" lon="13.115130951628089">
        <ele>18.97265625</ele>
        <time>2014-07-05T17:01:20Z</time>
      </trkpt>
      <trkpt lat="68.049976900219917" lon="13.115339744836092">
        <ele>18.1875</ele>
        <time>2014-07-05T17:01:33Z</time>
      </trkpt>
      <trkpt lat="68.049907330423594" lon="13.115478381514549">
        <ele>17.9296875</ele>
        <time>2014-07-05T17:01:40Z</time>
      </trkpt>
      <trkpt lat="68.049868186935782" lon="13.115537390112877">
        <ele>17.7890625</ele>
        <time>2014-07-05T17:01:44Z</time>
      </trkpt>
      <trkpt lat="68.049805825576186" lon="13.115750793367624">
        <ele>17.56640625</ele>
        <time>2014-07-05T17:01:53Z</time>
      </trkpt>
      <trkpt lat="68.04968873038888" lon="13.116014152765274">
        <ele>17.3515625</ele>
        <time>2014-07-05T17:02:07Z</time>
      </trkpt>
      <trkpt lat="68.049676828086376" lon="13.116087829694152">
        <ele>17.44140625</ele>
        <time>2014-07-05T17:02:10Z</time>
      </trkpt>
      <trkpt lat="68.049631817266345" lon="13.116254629567266">
        <ele>17.51953125</ele>
        <time>2014-07-05T17:02:17Z</time>
      </trkpt>
      <trkpt lat="68.049561157822609" lon="13.116519832983613">
        <ele>17.3671875</ele>
        <time>2014-07-05T17:02:28Z</time>
      </trkpt>
      <trkpt lat="68.049407601356506" lon="13.116813618689775">
        <ele>16.26171875</ele>
        <time>2014-07-05T17:02:43Z</time>
      </trkpt>
      <trkpt lat="68.049376085400581" lon="13.116848738864064">
        <ele>16.03515625</ele>
        <time>2014-07-05T17:02:47Z</time>
      </trkpt>
      <trkpt lat="68.049351861700416" lon="13.116995254531503">
        <ele>15.859375</ele>
        <time>2014-07-05T17:02:53Z</time>
      </trkpt>
      <trkpt lat="68.049287740141153" lon="13.117126682773232">
        <ele>15.3984375</ele>
        <time>2014-07-05T17:03:00Z</time>
      </trkpt>
      <trkpt lat="68.049262426793575" lon="13.117175633087754">
        <ele>15.21484375</ele>
        <time>2014-07-05T17:03:03Z</time>
      </trkpt>
      <trkpt lat="68.049099398776889" lon="13.117310581728816">
        <ele>14.0390625</ele>
        <time>2014-07-05T17:03:18Z</time>
      </trkpt>
      <trkpt lat="68.049013568088412" lon="13.117531025782228">
        <ele>13.421875</ele>
        <time>2014-07-05T17:03:30Z</time>
      </trkpt>
      <trkpt lat="68.048960929736495" lon="13.117626998573542">
        <ele>13.12890625</ele>
        <time>2014-07-05T17:03:36Z</time>
      </trkpt>
      <trkpt lat="68.048841487616301" lon="13.117958921939135">
        <ele>12.5703125</ele>
        <time>2014-07-05T17:03:51Z</time>
      </trkpt>
      <trkpt lat="68.048808462917805" lon="13.118050703778863">
        <ele>12.37109375</ele>
        <time>2014-07-05T17:03:55Z</time>
      </trkpt>
      <trkpt lat="68.048743000254035" lon="13.118098145350814">
        <ele>11.828125</ele>
        <time>2014-07-05T17:04:00Z</time>
      </trkpt>
      <trkpt lat="68.048721626400948" lon="13.118091942742467">
        <ele>11.6328125</ele>
        <time>2014-07-05T17:04:02Z</time>
      </trkpt>
      <trkpt lat="68.048660941421986" lon="13.118126392364502">
        <ele>11.11328125</ele>
        <time>2014-07-05T17:04:07Z</time>
      </trkpt>
      <trkpt lat="68.048608470708132" lon="13.118178946897388">
        <ele>10.7265625</ele>
        <time>2014-07-05T17:04:12Z</time>
      </trkpt>
      <trkpt lat="68.048435971140862" lon="13.118200153112411">
        <ele>9.41015625</ele>
        <time>2014-07-05T17:04:27Z</time>
      </trkpt>
      <trkpt lat="68.048391463235021" lon="13.118187496438622">
        <ele>9.06640625</ele>
        <time>2014-07-05T17:04:31Z</time>
      </trkpt>
      <trkpt lat="68.048300016671419" lon="13.118187999352813">
        <ele>8.40625</ele>
        <time>2014-07-05T17:04:39Z</time>
      </trkpt>
      <trkpt lat="68.048188369721174" lon="13.118388075381517">
        <ele>7.96484375</ele>
        <time>2014-07-05T17:04:52Z</time>
      </trkpt>
      <trkpt lat="68.048177473247051" lon="13.118401067331433">
        <ele>7.90625</ele>
        <time>2014-07-05T17:04:53Z</time>
      </trkpt>
      <trkpt lat="68.048150567337871" lon="13.118654536083341">
        <ele>8.171875</ele>
        <time>2014-07-05T17:05:08Z</time>
      </trkpt>
      <trkpt lat="68.048146376386285" lon="13.118636514991522">
        <ele>8.109375</ele>
        <time>2014-07-05T17:05:11Z</time>
      </trkpt>
      <trkpt lat="68.048171522095799" lon="13.119053095579147">
        <ele>9.0390625</ele>
        <time>2014-07-05T17:05:25Z</time>
      </trkpt>
      <trkpt lat="68.048069681972265" lon="13.118654536083341">
        <ele>7.5859375</ele>
        <time>2014-05-21T15:50:27Z</time>
      </trkpt>
      <trkpt lat="68.047996005043387" lon="13.118225550279021">
        <ele>6.28515625</ele>
        <time>2014-05-21T15:50:41Z</time>
      </trkpt>
      <trkpt lat="68.047887207940221" lon="13.117484338581562">
        <ele>5.48046875</ele>
        <time>2014-05-21T15:50:51Z</time>
      </trkpt>
      <trkpt lat="68.047699704766273" lon="13.116630893200636">
        <ele>4.13671875</ele>
        <time>2014-05-21T15:50:56Z</time>
      </trkpt>
      <trkpt lat="68.04765016771853" lon="13.116478258743882">
        <ele>3.81640625</ele>
        <time>2014-05-21T15:50:57Z</time>
      </trkpt>
      <trkpt lat="68.04759057238698" lon="13.116349764168262">
        <ele>3.5859375</ele>
        <time>2014-05-21T15:50:58Z</time>
      </trkpt>
      <trkpt lat="68.046479718759656" lon="13.114152196794748">
        <ele>8.0546875</ele>
        <time>2014-05-21T15:51:15Z</time>
      </trkpt>
      <trkpt lat="68.045367356389761" lon="13.111894195899367">
        <ele>19.40234375</ele>
        <time>2014-05-21T15:51:31Z</time>
      </trkpt>
      <trkpt lat="68.045085053890944" lon="13.111324477940798">
        <ele>22.40234375</ele>
        <time>2014-05-21T15:51:35Z</time>
      </trkpt>
      <trkpt lat="68.044098587706685" lon="13.108831783756614">
        <ele>26.2109375</ele>
        <time>2014-05-21T15:51:51Z</time>
      </trkpt>
      <trkpt lat="68.043990880250931" lon="13.108252007514238">
        <ele>26.2890625</ele>
        <time>2014-05-21T15:51:54Z</time>
      </trkpt>
      <trkpt lat="68.043825421482325" lon="13.10598336160183">
        <ele>20.3203125</ele>
        <time>2014-05-21T15:52:04Z</time>
      </trkpt>
      <trkpt lat="68.043705224990845" lon="13.10194437392056">
        <ele>15.984375</ele>
        <time>2014-05-21T15:52:21Z</time>
      </trkpt>
      <trkpt lat="68.043651916086674" lon="13.100754814222455">
        <ele>13.75390625</ele>
        <time>2014-05-21T15:52:26Z</time>
      </trkpt>
      <trkpt lat="68.043577903881669" lon="13.098723040893674">
        <ele>12.30078125</ele>
        <time>2014-05-21T15:52:37Z</time>
      </trkpt>
      <trkpt lat="68.04341814480722" lon="13.097545383498073">
        <ele>11.85546875</ele>
        <time>2014-05-21T15:52:43Z</time>
      </trkpt>
      <trkpt lat="68.043378833681345" lon="13.097326280549169">
        <ele>12.1328125</ele>
        <time>2014-05-21T15:52:44Z</time>
      </trkpt>
      <trkpt lat="68.042665114626288" lon="13.094841213896871">
        <ele>13.3984375</ele>
        <time>2014-05-21T15:52:57Z</time>
      </trkpt>
      <trkpt lat="68.042116435244679" lon="13.093407154083252">
        <ele>12.671875</ele>
        <time>2014-05-21T15:53:06Z</time>
      </trkpt>
      <trkpt lat="68.042044350877404" lon="13.093273127451539">
        <ele>12.21484375</ele>
        <time>2014-05-21T15:53:07Z</time>
      </trkpt>
      <trkpt lat="68.041967740282416" lon="13.093159133568406">
        <ele>10.75</ele>
        <time>2014-05-21T15:53:08Z</time>
      </trkpt>
      <trkpt lat="68.041889369487762" lon="13.093076990917325">
        <ele>8.71875</ele>
        <time>2014-05-21T15:53:09Z</time>
      </trkpt>
      <trkpt lat="68.041810244321823" lon="13.093021670356393">
        <ele>9.3125</ele>
        <time>2014-05-21T15:53:10Z</time>
      </trkpt>
      <trkpt lat="68.041732124984264" lon="13.092989400029182">
        <ele>9.97265625</ele>
        <time>2014-05-21T15:53:11Z</time>
      </trkpt>
      <trkpt lat="68.041656101122499" lon="13.09296727180481">
        <ele>10.375</ele>
        <time>2014-05-21T15:53:12Z</time>
      </trkpt>
      <trkpt lat="68.041270449757576" lon="13.092878675088286">
        <ele>10.52734375</ele>
        <time>2014-05-21T15:53:17Z</time>
      </trkpt>
      <trkpt lat="68.041186043992639" lon="13.09283240698278">
        <ele>9.640625</ele>
        <time>2014-05-21T15:53:18Z</time>
      </trkpt>
      <trkpt lat="68.040925785899162" lon="13.092598048970103">
        <ele>7.4453125</ele>
        <time>2014-05-21T15:53:21Z</time>
      </trkpt>
      <trkpt lat="68.040839787572622" lon="13.092461843043566">
        <ele>7.57421875</ele>
        <time>2014-05-21T15:53:22Z</time>
      </trkpt>
      <trkpt lat="68.039850387722254" lon="13.090669037774205">
        <ele>10.49609375</ele>
        <time>2014-05-21T15:53:34Z</time>
      </trkpt>
      <trkpt lat="68.039486529305577" lon="13.089765552431345">
        <ele>9.0546875</ele>
        <time>2014-05-21T15:53:40Z</time>
      </trkpt>
      <trkpt lat="68.039440596476197" lon="13.089559357613325">
        <ele>8.671875</ele>
        <time>2014-05-21T15:53:41Z</time>
      </trkpt>
      <trkpt lat="68.039362141862512" lon="13.089122409000993">
        <ele>8.63671875</ele>
        <time>2014-05-21T15:53:43Z</time>
      </trkpt>
      <trkpt lat="68.038971545174718" lon="13.086596438661218">
        <ele>8.93359375</ele>
        <time>2014-05-21T15:53:54Z</time>
      </trkpt>
      <trkpt lat="68.038918739184737" lon="13.086402649059892">
        <ele>9.53515625</ele>
        <time>2014-05-21T15:53:55Z</time>
      </trkpt>
      <trkpt lat="68.038623947650194" lon="13.085643583908677">
        <ele>10.9765625</ele>
        <time>2014-05-21T15:54:00Z</time>
      </trkpt>
      <trkpt lat="68.037628931924701" lon="13.083993354812264">
        <ele>11.625</ele>
        <time>2014-05-21T15:54:14Z</time>
      </trkpt>
      <trkpt lat="68.037196760997176" lon="13.083307547494769">
        <ele>14.46484375</ele>
        <time>2014-05-21T15:54:20Z</time>
      </trkpt>
      <trkpt lat="68.036528471857309" lon="13.082196526229382">
        <ele>16.8671875</ele>
        <time>2014-05-21T15:54:34Z</time>
      </trkpt>
      <trkpt lat="68.036204678937793" lon="13.08113956823945">
        <ele>18.4765625</ele>
      </trkpt>
      <trkpt lat="68.036098815500736" lon="13.080748971551657">
        <ele>19.015625</ele>
      </trkpt>
      <trkpt lat="68.035981804132462" lon="13.080110521987081">
        <ele>19.6484375</ele>
      </trkpt>
      <trkpt lat="68.035806370899081" lon="13.079341314733028">
        <ele>17.7734375</ele>
      </trkpt>
    </trkseg>
  </trk>

</gpx>
