<?xml version="1.0"?>
<gpx xmlns="http://www.topografix.com/GPX/1/1" xmlns:xsi="http://www.w3.org/2001/XMLSchema-instance" xmlns:wptx1="http://www.garmin.com/xmlschemas/WaypointExtension/v1" xmlns:gpxtrx="http://www.garmin.com/xmlschemas/GpxExtensions/v3" xmlns:gpxtpx="http://www.garmin.com/xmlschemas/TrackPointExtension/v1" xmlns:gpxx="http://www.garmin.com/xmlschemas/GpxExtensions/v3" xmlns:trp="http://www.garmin.com/xmlschemas/TripExtensions/v1" xmlns:adv="http://www.garmin.com/xmlschemas/AdventuresExtensions/v1" xmlns:prs="http://www.garmin.com/xmlschemas/PressureExtension/v1" xmlns:tmd="http://www.garmin.com/xmlschemas/TripMetaDataExtensions/v1" xmlns:vptm="http://www.garmin.com/xmlschemas/ViaPointTransportationModeExtensions/v1" xmlns:ctx="http://www.garmin.com/xmlschemas/CreationTimeExtension/v1" creator="Garmin Desktop App" version="1.1" xsi:schemaLocation="http://www.topografix.com/GPX/1/1 http://www.topografix.com/GPX/1/1/gpx.xsd http://www.garmin.com/xmlschemas/WaypointExtension/v1 http://www8.garmin.com/xmlschemas/WaypointExtensionv1.xsd http://www.garmin.com/xmlschemas/TrackPointExtension/v1 http://www.garmin.com/xmlschemas/TrackPointExtensionv1.xsd http://www.garmin.com/xmlschemas/GpxExtensions/v3 http://www8.garmin.com/xmlschemas/GpxExtensionsv3.xsd http://www.garmin.com/xmlschemas/ActivityExtension/v1 http://www8.garmin.com/xmlschemas/ActivityExtensionv1.xsd http://www.garmin.com/xmlschemas/AdventuresExtensions/v1 http://www8.garmin.com/xmlschemas/AdventuresExtensionv1.xsd http://www.garmin.com/xmlschemas/PressureExtension/v1 http://www.garmin.com/xmlschemas/PressureExtensionv1.xsd http://www.garmin.com/xmlschemas/TripExtensions/v1 http://www.garmin.com/xmlschemas/TripExtensionsv1.xsd http://www.garmin.com/xmlschemas/TripMetaDataExtensions/v1 http://www.garmin.com/xmlschemas/TripMetaDataExtensionsv1.xsd http://www.garmin.com/xmlschemas/ViaPointTransportationModeExtensions/v1 http://www.garmin.com/xmlschemas/ViaPointTransportationModeExtensionsv1.xsd http://www.garmin.com/xmlschemas/CreationTimeExtensions/v1 http://www.garmin.com/xmlschemas/CreationTimeExtensionsv1.xsd">

  <metadata>
    <link href="http://www.garmin.com">
      <text>Garmin International</text>
    </link>
    <time>2015-01-21T11:39:28Z</time>
    <bounds maxlat="67.892888719215989" maxlon="12.977954149246216" minlat="67.877258062362671" minlon="12.863983064889908"/>
  </metadata>

  <wpt lat="67.877258062362671" lon="12.977954149246216">
    <ele>25</ele>
    <time>2015-01-19T10:51:29Z</time>
    <name>Bivouac n°11</name>
    <cmt>25 m

</cmt>
    <desc>25 m

</desc>
    <sym>Campground</sym>
    <type>user</type>
    <extensions>
      <gpxx:WaypointExtension>
        <gpxx:DisplayMode>SymbolAndName</gpxx:DisplayMode>
        <gpxx:Categories>
          <gpxx:Category>Moskenesoya</gpxx:Category>
        </gpxx:Categories>
      </gpxx:WaypointExtension>
      <wptx1:WaypointExtension>
        <wptx1:DisplayMode>SymbolAndName</wptx1:DisplayMode>
        <wptx1:Categories>
          <wptx1:Category>Moskenesoya</wptx1:Category>
        </wptx1:Categories>
      </wptx1:WaypointExtension>
      <ctx:CreationTimeExtension>
        <ctx:CreationTime>2015-01-19T10:51:29Z</ctx:CreationTime>
      </ctx:CreationTimeExtension>
    </extensions>
  </wpt>

  <trk>
    <name>GT_Moskenesoya_Etape11</name>
    <extensions>
      <gpxx:TrackExtension>
        <gpxx:DisplayColor>DarkGray</gpxx:DisplayColor>
      </gpxx:TrackExtension>
    </extensions>
    <trkseg>
      <trkpt lat="67.886851653456688" lon="12.964339340105653">
        <ele>22.15234375</ele>
        <time>2012-08-07T13:01:42Z</time>
      </trkpt>
      <trkpt lat="67.886858861893415" lon="12.964262058958411">
        <ele>21.9296875</ele>
        <time>2012-08-07T13:01:45Z</time>
      </trkpt>
      <trkpt lat="67.886873362585902" lon="12.964122835546732">
        <ele>21.53515625</ele>
        <time>2012-08-07T13:01:50Z</time>
      </trkpt>
      <trkpt lat="67.88689523935318" lon="12.964060977101326">
        <ele>21.55859375</ele>
        <time>2012-08-07T13:01:53Z</time>
      </trkpt>
      <trkpt lat="67.886925665661693" lon="12.963843299075961">
        <ele>20.890625</ele>
        <time>2012-08-07T13:02:01Z</time>
      </trkpt>
      <trkpt lat="67.887025577947497" lon="12.963415654376149">
        <ele>21.55859375</ele>
        <time>2012-08-07T13:02:17Z</time>
      </trkpt>
      <trkpt lat="67.887108474969864" lon="12.963265618309379">
        <ele>23.08203125</ele>
        <time>2012-08-07T13:02:26Z</time>
      </trkpt>
      <trkpt lat="67.887172093614936" lon="12.962984154000878">
        <ele>23.38671875</ele>
        <time>2012-08-07T13:02:37Z</time>
      </trkpt>
      <trkpt lat="67.887191874906421" lon="12.962896646931767">
        <ele>23.421875</ele>
        <time>2012-08-07T13:02:41Z</time>
      </trkpt>
      <trkpt lat="67.887169327586889" lon="12.96268668025732">
        <ele>22.06640625</ele>
        <time>2012-08-07T13:02:50Z</time>
      </trkpt>
      <trkpt lat="67.887170165777206" lon="12.962645692750812">
        <ele>21.85546875</ele>
        <time>2012-08-07T13:02:52Z</time>
      </trkpt>
      <trkpt lat="67.887183744460344" lon="12.962568830698729">
        <ele>21.44140625</ele>
        <time>2012-08-07T13:02:56Z</time>
      </trkpt>
      <trkpt lat="67.887163627892733" lon="12.962349392473698">
        <ele>19.19921875</ele>
        <time>2012-08-07T13:03:04Z</time>
      </trkpt>
      <trkpt lat="67.88714493624866" lon="12.962181335315108">
        <ele>17.5390625</ele>
        <time>2012-08-07T13:03:11Z</time>
      </trkpt>
      <trkpt lat="67.887176033109426" lon="12.962013781070709">
        <ele>16.74609375</ele>
        <time>2012-08-07T13:03:18Z</time>
      </trkpt>
      <trkpt lat="67.887193886563182" lon="12.961830468848348">
        <ele>15.9453125</ele>
        <time>2012-08-07T13:03:25Z</time>
      </trkpt>
      <trkpt lat="67.887221546843648" lon="12.961764670908451">
        <ele>15.890625</ele>
        <time>2012-08-07T13:03:28Z</time>
      </trkpt>
      <trkpt lat="67.887209560722113" lon="12.961545148864388">
        <ele>14.58203125</ele>
        <time>2012-08-07T13:03:42Z</time>
      </trkpt>
      <trkpt lat="67.887198161333799" lon="12.961556799709797">
        <ele>14.515625</ele>
        <time>2012-08-07T13:04:09Z</time>
      </trkpt>
      <trkpt lat="67.887197323143482" lon="12.961548836901784">
        <ele>14.4609375</ele>
        <time>2012-08-07T13:04:55Z</time>
      </trkpt>
      <trkpt lat="67.887217020615935" lon="12.961561158299446">
        <ele>14.7421875</ele>
        <time>2012-08-07T13:04:57Z</time>
      </trkpt>
      <trkpt lat="67.887416677549481" lon="12.961124544963241">
        <ele>15.44921875</ele>
        <time>2012-08-07T13:05:17Z</time>
      </trkpt>
      <trkpt lat="67.887436542659998" lon="12.961093951016665">
        <ele>15.53515625</ele>
        <time>2012-08-07T13:05:19Z</time>
      </trkpt>
      <trkpt lat="67.887450288981199" lon="12.961050197482109">
        <ele>15.51953125</ele>
        <time>2012-08-07T13:05:21Z</time>
      </trkpt>
      <trkpt lat="67.887472584843636" lon="12.96084308065474">
        <ele>14.796875</ele>
        <time>2012-08-07T13:05:28Z</time>
      </trkpt>
      <trkpt lat="67.887535952031612" lon="12.960535464808345">
        <ele>14.0859375</ele>
        <time>2012-08-07T13:05:40Z</time>
      </trkpt>
      <trkpt lat="67.887595882639289" lon="12.96026992611587">
        <ele>16.72265625</ele>
        <time>2012-08-07T13:05:53Z</time>
      </trkpt>
      <trkpt lat="67.88761985488236" lon="12.960048476234078">
        <ele>17.859375</ele>
        <time>2012-08-07T13:06:04Z</time>
      </trkpt>
      <trkpt lat="67.887641647830606" lon="12.959946719929576">
        <ele>18.90234375</ele>
        <time>2012-08-07T13:06:10Z</time>
      </trkpt>
      <trkpt lat="67.887726556509733" lon="12.959608677774668">
        <ele>22.6015625</ele>
        <time>2012-08-07T13:06:26Z</time>
      </trkpt>
      <trkpt lat="67.887759497389197" lon="12.95944707468152">
        <ele>23.80859375</ele>
        <time>2012-08-07T13:06:36Z</time>
      </trkpt>
      <trkpt lat="67.887787241488695" lon="12.959296284243464">
        <ele>24.8359375</ele>
        <time>2012-08-07T13:06:47Z</time>
      </trkpt>
      <trkpt lat="67.887819679453969" lon="12.95906494371593">
        <ele>26.7421875</ele>
        <time>2012-08-07T13:06:58Z</time>
      </trkpt>
      <trkpt lat="67.887800149619579" lon="12.958829244598746">
        <ele>26.25</ele>
        <time>2012-08-07T13:07:07Z</time>
      </trkpt>
      <trkpt lat="67.887791683897376" lon="12.95851718634367">
        <ele>26.37890625</ele>
        <time>2012-08-07T13:07:20Z</time>
      </trkpt>
      <trkpt lat="67.887807441875339" lon="12.958412077277899">
        <ele>27.36328125</ele>
        <time>2012-08-07T13:07:25Z</time>
      </trkpt>
      <trkpt lat="67.887851195409894" lon="12.958146622404456">
        <ele>30.08203125</ele>
        <time>2012-08-07T13:07:37Z</time>
      </trkpt>
      <trkpt lat="67.887829821556807" lon="12.957906480878592">
        <ele>29.19921875</ele>
        <time>2012-08-07T13:07:47Z</time>
      </trkpt>
      <trkpt lat="67.887772992253304" lon="12.957706237211823">
        <ele>26.33203125</ele>
        <time>2012-08-07T13:07:56Z</time>
      </trkpt>
      <trkpt lat="67.887764275074005" lon="12.957641277462244">
        <ele>25.8984375</ele>
        <time>2012-08-07T13:08:00Z</time>
      </trkpt>
      <trkpt lat="67.88777818903327" lon="12.957539772614837">
        <ele>26.65234375</ele>
        <time>2012-08-07T13:08:03Z</time>
      </trkpt>
      <trkpt lat="67.887764191254973" lon="12.957386551424861">
        <ele>25.89453125</ele>
        <time>2012-08-07T13:08:08Z</time>
      </trkpt>
      <trkpt lat="67.887766622006893" lon="12.957247663289309">
        <ele>26.02734375</ele>
        <time>2012-08-07T13:08:13Z</time>
      </trkpt>
      <trkpt lat="67.887789085507393" lon="12.957167699933052">
        <ele>27.23828125</ele>
        <time>2012-08-07T13:08:18Z</time>
      </trkpt>
      <trkpt lat="67.887801826000214" lon="12.957004336640239">
        <ele>28.2890625</ele>
        <time>2012-08-07T13:08:25Z</time>
      </trkpt>
      <trkpt lat="67.887821858748794" lon="12.956617176532745">
        <ele>30.88671875</ele>
        <time>2012-08-07T13:08:40Z</time>
      </trkpt>
      <trkpt lat="67.887823954224586" lon="12.956505278125405">
        <ele>31.65625</ele>
        <time>2012-08-07T13:08:44Z</time>
      </trkpt>
      <trkpt lat="67.887901235371828" lon="12.956255245953798">
        <ele>39.05078125</ele>
        <time>2012-08-07T13:08:59Z</time>
      </trkpt>
      <trkpt lat="67.887848680838943" lon="12.956081237643957">
        <ele>37.07421875</ele>
        <time>2012-08-07T13:09:11Z</time>
      </trkpt>
      <trkpt lat="67.88784122094512" lon="12.956070173531771">
        <ele>36.63671875</ele>
        <time>2012-08-07T13:09:12Z</time>
      </trkpt>
      <trkpt lat="67.887831833213568" lon="12.955859368667006">
        <ele>37.9140625</ele>
        <time>2012-08-07T13:09:21Z</time>
      </trkpt>
      <trkpt lat="67.887788666412234" lon="12.955713858827949">
        <ele>35.8828125</ele>
        <time>2012-08-07T13:09:29Z</time>
      </trkpt>
      <trkpt lat="67.887720437720418" lon="12.955495426431298">
        <ele>32.0859375</ele>
        <time>2012-08-07T13:09:42Z</time>
      </trkpt>
      <trkpt lat="67.887693028897047" lon="12.955300379544497">
        <ele>30.328125</ele>
        <time>2012-08-07T13:09:54Z</time>
      </trkpt>
      <trkpt lat="67.887659166008234" lon="12.955126287415624">
        <ele>27.58203125</ele>
        <time>2012-08-07T13:10:04Z</time>
      </trkpt>
      <trkpt lat="67.887618681415915" lon="12.954757651314139">
        <ele>26.1953125</ele>
        <time>2012-08-07T13:10:19Z</time>
      </trkpt>
      <trkpt lat="67.887582555413246" lon="12.954600490629673">
        <ele>25.7265625</ele>
        <time>2012-08-07T13:10:30Z</time>
      </trkpt>
      <trkpt lat="67.887581381946802" lon="12.954579284414649">
        <ele>25.98046875</ele>
        <time>2012-08-07T13:10:32Z</time>
      </trkpt>
      <trkpt lat="67.887538634240627" lon="12.954479539766908">
        <ele>24.30859375</ele>
        <time>2012-08-07T13:10:37Z</time>
      </trkpt>
      <trkpt lat="67.887527570128441" lon="12.954097157344222">
        <ele>27.39453125</ele>
        <time>2012-08-07T13:10:52Z</time>
      </trkpt>
      <trkpt lat="67.887512734159827" lon="12.953966232016683">
        <ele>27.5859375</ele>
        <time>2012-08-07T13:10:58Z</time>
      </trkpt>
      <trkpt lat="67.887480044737458" lon="12.953765066340566">
        <ele>27.71484375</ele>
        <time>2012-08-07T13:11:10Z</time>
      </trkpt>
      <trkpt lat="67.887414079159498" lon="12.953457199037075">
        <ele>29.125</ele>
        <time>2012-08-07T13:11:22Z</time>
      </trkpt>
      <trkpt lat="67.887413492426276" lon="12.953334739431739">
        <ele>30.46875</ele>
        <time>2012-08-07T13:11:27Z</time>
      </trkpt>
      <trkpt lat="67.887387843802571" lon="12.952966187149286">
        <ele>31.12890625</ele>
        <time>2012-08-07T13:11:42Z</time>
      </trkpt>
      <trkpt lat="67.887346856296062" lon="12.952755549922585">
        <ele>30.046875</ele>
        <time>2012-08-07T13:11:55Z</time>
      </trkpt>
      <trkpt lat="67.88727879524231" lon="12.952640047296882">
        <ele>28.109375</ele>
        <time>2012-08-07T13:12:05Z</time>
      </trkpt>
      <trkpt lat="67.887249793857336" lon="12.952612889930606">
        <ele>27.2890625</ele>
        <time>2012-08-07T13:12:08Z</time>
      </trkpt>
      <trkpt lat="67.887228336185217" lon="12.952497722581029">
        <ele>27.1015625</ele>
        <time>2012-08-07T13:12:14Z</time>
      </trkpt>
      <trkpt lat="67.88718843832612" lon="12.952393870800734">
        <ele>26.234375</ele>
        <time>2012-08-07T13:12:21Z</time>
      </trkpt>
      <trkpt lat="67.88719036616385" lon="12.952304854989052">
        <ele>26.68359375</ele>
        <time>2012-08-07T13:12:25Z</time>
      </trkpt>
      <trkpt lat="67.887124484404922" lon="12.952193291857839">
        <ele>24.92578125</ele>
        <time>2012-08-07T13:12:33Z</time>
      </trkpt>
      <trkpt lat="67.887120461091399" lon="12.952180132269859">
        <ele>24.84375</ele>
        <time>2012-08-07T13:12:34Z</time>
      </trkpt>
      <trkpt lat="67.887059021741152" lon="12.951798588037491">
        <ele>23.03515625</ele>
        <time>2012-08-07T13:12:49Z</time>
      </trkpt>
      <trkpt lat="67.887050556018949" lon="12.951780818402767">
        <ele>22.74609375</ele>
        <time>2012-08-07T13:12:50Z</time>
      </trkpt>
      <trkpt lat="67.887017028406262" lon="12.951601361855865">
        <ele>21.59765625</ele>
        <time>2012-08-07T13:12:56Z</time>
      </trkpt>
      <trkpt lat="67.88700956851244" lon="12.951540257781744">
        <ele>21.33984375</ele>
        <time>2012-08-07T13:12:58Z</time>
      </trkpt>
      <trkpt lat="67.886977549642324" lon="12.951207831501961">
        <ele>20.23828125</ele>
        <time>2012-08-07T13:13:11Z</time>
      </trkpt>
      <trkpt lat="67.887006299570203" lon="12.950901221483946">
        <ele>20.9921875</ele>
        <time>2012-08-07T13:13:25Z</time>
      </trkpt>
      <trkpt lat="67.887026835232973" lon="12.950725872069597">
        <ele>21.33984375</ele>
        <time>2012-08-07T13:13:35Z</time>
      </trkpt>
      <trkpt lat="67.887030858546495" lon="12.950427895411849">
        <ele>20.96875</ele>
        <time>2012-08-07T13:13:49Z</time>
      </trkpt>
      <trkpt lat="67.887080982327461" lon="12.950104856863618">
        <ele>22.828125</ele>
        <time>2012-08-07T13:14:04Z</time>
      </trkpt>
      <trkpt lat="67.887086430564523" lon="12.950082225725055">
        <ele>23.03515625</ele>
        <time>2012-08-07T13:14:05Z</time>
      </trkpt>
      <trkpt lat="67.887126496061683" lon="12.949980553239584">
        <ele>24.53125</ele>
        <time>2012-08-07T13:14:11Z</time>
      </trkpt>
      <trkpt lat="67.887204196304083" lon="12.949819369241595">
        <ele>27.52734375</ele>
        <time>2012-08-07T13:14:21Z</time>
      </trkpt>
      <trkpt lat="67.887279968708754" lon="12.949798665940762">
        <ele>30.33203125</ele>
        <time>2012-08-07T13:14:32Z</time>
      </trkpt>
      <trkpt lat="67.88733989931643" lon="12.949825990945101">
        <ele>32.4609375</ele>
        <time>2012-08-07T13:14:44Z</time>
      </trkpt>
      <trkpt lat="67.887341575697064" lon="12.949763964861631">
        <ele>32.671875</ele>
        <time>2012-08-07T13:14:48Z</time>
      </trkpt>
      <trkpt lat="67.887347359210253" lon="12.94966715388">
        <ele>33.12109375</ele>
        <time>2012-08-07T13:14:53Z</time>
      </trkpt>
      <trkpt lat="67.887386921793222" lon="12.94941795989871">
        <ele>35.2734375</ele>
        <time>2012-08-07T13:15:06Z</time>
      </trkpt>
      <trkpt lat="67.88744593039155" lon="12.949267840012908">
        <ele>38.45703125</ele>
        <time>2012-08-07T13:15:17Z</time>
      </trkpt>
      <trkpt lat="67.887481637299061" lon="12.949154349043965">
        <ele>41.0546875</ele>
        <time>2012-08-07T13:15:26Z</time>
      </trkpt>
      <trkpt lat="67.887500496581197" lon="12.948967181146145">
        <ele>43.8046875</ele>
        <time>2012-08-07T13:15:38Z</time>
      </trkpt>
      <trkpt lat="67.887481218203902" lon="12.948719747364521">
        <ele>45.4140625</ele>
        <time>2012-08-07T13:15:49Z</time>
      </trkpt>
      <trkpt lat="67.887487672269344" lon="12.948519252240658">
        <ele>47.75390625</ele>
        <time>2012-08-07T13:15:59Z</time>
      </trkpt>
      <trkpt lat="67.887522121891379" lon="12.948395954445004">
        <ele>50.92578125</ele>
        <time>2012-08-07T13:16:07Z</time>
      </trkpt>
      <trkpt lat="67.887495551258326" lon="12.948306519538164">
        <ele>50.3515625</ele>
        <time>2012-08-07T13:16:12Z</time>
      </trkpt>
      <trkpt lat="67.887480044737458" lon="12.947902679443359">
        <ele>49.33203125</ele>
        <time>2012-08-07T13:16:29Z</time>
      </trkpt>
      <trkpt lat="67.887441320344806" lon="12.947660442441702">
        <ele>46.73046875</ele>
        <time>2012-08-07T13:16:41Z</time>
      </trkpt>
      <trkpt lat="67.887424640357494" lon="12.94747369363904">
        <ele>49.6171875</ele>
        <time>2012-08-07T13:16:49Z</time>
      </trkpt>
      <trkpt lat="67.887413827702403" lon="12.94726456515491">
        <ele>52.96875</ele>
        <time>2012-08-07T13:16:59Z</time>
      </trkpt>
      <trkpt lat="67.887420952320099" lon="12.947052670642734">
        <ele>55.765625</ele>
        <time>2012-08-07T13:17:12Z</time>
      </trkpt>
      <trkpt lat="67.887410894036293" lon="12.947047390043736">
        <ele>54.8046875</ele>
        <time>2012-08-07T13:17:14Z</time>
      </trkpt>
      <trkpt lat="67.887401673942804" lon="12.947010174393654">
        <ele>53.48828125</ele>
        <time>2012-08-07T13:17:16Z</time>
      </trkpt>
      <trkpt lat="67.887380886822939" lon="12.946814876049757">
        <ele>49.140625</ele>
        <time>2012-08-07T13:17:26Z</time>
      </trkpt>
      <trkpt lat="67.887373846024275" lon="12.946801129728556">
        <ele>48.37890625</ele>
        <time>2012-08-07T13:17:27Z</time>
      </trkpt>
      <trkpt lat="67.887347862124443" lon="12.946664085611701">
        <ele>44.55078125</ele>
        <time>2012-08-07T13:17:34Z</time>
      </trkpt>
      <trkpt lat="67.887320872396231" lon="12.946422938257456">
        <ele>41.62890625</ele>
        <time>2012-08-07T13:17:46Z</time>
      </trkpt>
      <trkpt lat="67.887312825769186" lon="12.946383962407708">
        <ele>41.14453125</ele>
        <time>2012-08-07T13:17:48Z</time>
      </trkpt>
      <trkpt lat="67.887306958436966" lon="12.946283128112555">
        <ele>41.0546875</ele>
        <time>2012-08-07T13:17:52Z</time>
      </trkpt>
      <trkpt lat="67.887303689494729" lon="12.946116244420409">
        <ele>41.40234375</ele>
        <time>2012-08-07T13:18:01Z</time>
      </trkpt>
      <trkpt lat="67.887282064184546" lon="12.945854226127267">
        <ele>40.62109375</ele>
        <time>2012-08-07T13:18:15Z</time>
      </trkpt>
      <trkpt lat="67.887266725301743" lon="12.945590363815427">
        <ele>40.1875</ele>
        <time>2012-08-07T13:18:27Z</time>
      </trkpt>
      <trkpt lat="67.887269658967853" lon="12.945244275033474">
        <ele>38.7265625</ele>
        <time>2012-08-07T13:18:41Z</time>
      </trkpt>
      <trkpt lat="67.887281896546483" lon="12.945096921175718">
        <ele>38.0546875</ele>
        <time>2012-08-07T13:18:48Z</time>
      </trkpt>
      <trkpt lat="67.887274017557502" lon="12.945032967254519">
        <ele>36.78125</ele>
        <time>2012-08-07T13:18:51Z</time>
      </trkpt>
      <trkpt lat="67.88730276748538" lon="12.9446816816926">
        <ele>35.65234375</ele>
        <time>2012-08-07T13:19:05Z</time>
      </trkpt>
      <trkpt lat="67.887334199622273" lon="12.944425195455551">
        <ele>35.6640625</ele>
        <time>2012-08-07T13:19:18Z</time>
      </trkpt>
      <trkpt lat="67.887335121631622" lon="12.944163177162409">
        <ele>33.38671875</ele>
        <time>2012-08-07T13:19:30Z</time>
      </trkpt>
      <trkpt lat="67.887374935671687" lon="12.943942816928029">
        <ele>33.328125</ele>
        <time>2012-08-07T13:19:42Z</time>
      </trkpt>
      <trkpt lat="67.88741072639823" lon="12.943619359284639">
        <ele>32.66796875</ele>
        <time>2012-08-07T13:19:57Z</time>
      </trkpt>
      <trkpt lat="67.887434950098395" lon="12.943358765915036">
        <ele>32.56640625</ele>
        <time>2012-08-07T13:20:10Z</time>
      </trkpt>
      <trkpt lat="67.88745473138988" lon="12.94310487806797">
        <ele>32.43359375</ele>
        <time>2012-08-07T13:20:22Z</time>
      </trkpt>
      <trkpt lat="67.887422125786543" lon="12.942841099575162">
        <ele>30.21875</ele>
        <time>2012-08-07T13:20:34Z</time>
      </trkpt>
      <trkpt lat="67.887425143271685" lon="12.942572040483356">
        <ele>29.12109375</ele>
        <time>2012-08-07T13:20:48Z</time>
      </trkpt>
      <trkpt lat="67.887422628700733" lon="12.942434577271342">
        <ele>28.01171875</ele>
        <time>2012-08-07T13:20:55Z</time>
      </trkpt>
      <trkpt lat="67.887424137443304" lon="12.942200722172856">
        <ele>26.34765625</ele>
        <time>2012-08-07T13:21:08Z</time>
      </trkpt>
      <trkpt lat="67.887389687821269" lon="12.941940380260348">
        <ele>25.78125</ele>
        <time>2012-08-07T13:21:21Z</time>
      </trkpt>
      <trkpt lat="67.887385580688715" lon="12.941777519881725">
        <ele>26.73046875</ele>
        <time>2012-08-07T13:21:32Z</time>
      </trkpt>
      <trkpt lat="67.887369487434626" lon="12.941532768309116">
        <ele>27.5</ele>
        <time>2012-08-07T13:21:44Z</time>
      </trkpt>
      <trkpt lat="67.887397482991219" lon="12.941312240436673">
        <ele>28.3515625</ele>
        <time>2012-08-07T13:21:54Z</time>
      </trkpt>
      <trkpt lat="67.887384491041303" lon="12.941232779994607">
        <ele>27.71875</ele>
        <time>2012-08-07T13:21:57Z</time>
      </trkpt>
      <trkpt lat="67.887378456071019" lon="12.941090455278754">
        <ele>27.28515625</ele>
        <time>2012-08-07T13:22:05Z</time>
      </trkpt>
      <trkpt lat="67.88731743581593" lon="12.940893564373255">
        <ele>24.77734375</ele>
        <time>2012-08-07T13:22:17Z</time>
      </trkpt>
      <trkpt lat="67.887311484664679" lon="12.940872358158231">
        <ele>24.5546875</ele>
        <time>2012-08-07T13:22:18Z</time>
      </trkpt>
      <trkpt lat="67.887284159660339" lon="12.940799770876765">
        <ele>23.546875</ele>
        <time>2012-08-07T13:22:21Z</time>
      </trkpt>
      <trkpt lat="67.887251889333129" lon="12.940741097554564">
        <ele>22.3828125</ele>
        <time>2012-08-07T13:22:25Z</time>
      </trkpt>
      <trkpt lat="67.88723143748939" lon="12.94042912311852">
        <ele>21.921875</ele>
        <time>2012-08-07T13:22:37Z</time>
      </trkpt>
      <trkpt lat="67.887185420840979" lon="12.940151849761605">
        <ele>20.2734375</ele>
        <time>2012-08-07T13:22:50Z</time>
      </trkpt>
      <trkpt lat="67.887144684791565" lon="12.939807185903192">
        <ele>19.55859375</ele>
        <time>2012-08-07T13:23:04Z</time>
      </trkpt>
      <trkpt lat="67.887092046439648" lon="12.939549526199698">
        <ele>19.92578125</ele>
        <time>2012-08-07T13:23:14Z</time>
      </trkpt>
      <trkpt lat="67.88703253492713" lon="12.939429748803377">
        <ele>19.5</ele>
        <time>2012-08-07T13:23:22Z</time>
      </trkpt>
      <trkpt lat="67.887000096961856" lon="12.939282730221748">
        <ele>19.671875</ele>
        <time>2012-08-07T13:23:31Z</time>
      </trkpt>
      <trkpt lat="67.886971849948168" lon="12.939167227596045">
        <ele>19.3359375</ele>
        <time>2012-08-07T13:23:38Z</time>
      </trkpt>
      <trkpt lat="67.886985344812274" lon="12.939005624502897">
        <ele>19.84765625</ele>
        <time>2012-08-07T13:23:49Z</time>
      </trkpt>
      <trkpt lat="67.886972771957517" lon="12.938789539039135">
        <ele>20.0234375</ele>
        <time>2012-08-07T13:24:01Z</time>
      </trkpt>
      <trkpt lat="67.886969251558185" lon="12.938691889867187">
        <ele>20.01171875</ele>
        <time>2012-08-07T13:24:05Z</time>
      </trkpt>
      <trkpt lat="67.886959360912442" lon="12.938593989238143">
        <ele>20.11328125</ele>
        <time>2012-08-07T13:24:09Z</time>
      </trkpt>
      <trkpt lat="67.886981572955847" lon="12.938429871574044">
        <ele>20.1484375</ele>
        <time>2012-08-07T13:24:16Z</time>
      </trkpt>
      <trkpt lat="67.887079222127795" lon="12.938266173005104">
        <ele>21.38671875</ele>
        <time>2012-08-07T13:24:30Z</time>
      </trkpt>
      <trkpt lat="67.887145690619946" lon="12.937951181083918">
        <ele>22.2109375</ele>
        <time>2012-08-07T13:24:45Z</time>
      </trkpt>
      <trkpt lat="67.887155581265688" lon="12.937655551359057">
        <ele>22.3046875</ele>
        <time>2012-08-07T13:24:58Z</time>
      </trkpt>
      <trkpt lat="67.887113085016608" lon="12.937498390674591">
        <ele>21.55859375</ele>
        <time>2012-08-07T13:25:12Z</time>
      </trkpt>
      <trkpt lat="67.887097494676709" lon="12.937449188902974">
        <ele>21.328125</ele>
        <time>2012-08-07T13:25:16Z</time>
      </trkpt>
      <trkpt lat="67.887102272361517" lon="12.937243580818176">
        <ele>21.11328125</ele>
        <time>2012-08-07T13:25:26Z</time>
      </trkpt>
      <trkpt lat="67.887176955118775" lon="12.936905957758427">
        <ele>20.68359375</ele>
        <time>2012-08-07T13:25:41Z</time>
      </trkpt>
      <trkpt lat="67.887199250981212" lon="12.936846362426877">
        <ele>20.55859375</ele>
        <time>2012-08-07T13:26:05Z</time>
      </trkpt>
      <trkpt lat="67.887243255972862" lon="12.936729937791824">
        <ele>20.23828125</ele>
        <time>2012-08-07T13:26:34Z</time>
      </trkpt>
      <trkpt lat="67.887249626219273" lon="12.936680819839239">
        <ele>20.0390625</ele>
        <time>2012-08-07T13:26:36Z</time>
      </trkpt>
      <trkpt lat="67.88726563565433" lon="12.936426931992173">
        <ele>18.71875</ele>
        <time>2012-08-07T13:26:45Z</time>
      </trkpt>
      <trkpt lat="67.887289021164179" lon="12.93635006994009">
        <ele>18.37890625</ele>
        <time>2012-08-07T13:26:48Z</time>
      </trkpt>
      <trkpt lat="67.887281477451324" lon="12.935996353626251">
        <ele>16.26953125</ele>
        <time>2012-08-07T13:27:03Z</time>
      </trkpt>
      <trkpt lat="67.887290362268686" lon="12.935923598706722">
        <ele>15.72265625</ele>
        <time>2012-08-07T13:27:06Z</time>
      </trkpt>
      <trkpt lat="67.887298157438636" lon="12.935743471607566">
        <ele>14.19140625</ele>
        <time>2012-08-07T13:27:17Z</time>
      </trkpt>
      <trkpt lat="67.887355992570519" lon="12.93560097925365">
        <ele>13.1640625</ele>
        <time>2012-08-07T13:27:26Z</time>
      </trkpt>
      <trkpt lat="67.887455821037292" lon="12.935356060042977">
        <ele>11.875</ele>
        <time>2012-08-07T13:27:37Z</time>
      </trkpt>
      <trkpt lat="67.887506866827607" lon="12.935101585462689">
        <ele>11.96484375</ele>
        <time>2012-08-07T13:27:51Z</time>
      </trkpt>
      <trkpt lat="67.887519858777523" lon="12.935087839141488">
        <ele>11.98828125</ele>
        <time>2012-08-07T13:27:54Z</time>
      </trkpt>
      <trkpt lat="67.887571323662996" lon="12.934832023456693">
        <ele>13</ele>
        <time>2012-08-07T13:28:06Z</time>
      </trkpt>
      <trkpt lat="67.887638797983527" lon="12.934613255783916">
        <ele>13.9296875</ele>
        <time>2012-08-07T13:28:17Z</time>
      </trkpt>
      <trkpt lat="67.887684563174844" lon="12.934296084567904">
        <ele>13.67578125</ele>
        <time>2012-08-07T13:28:31Z</time>
      </trkpt>
      <trkpt lat="67.887795120477676" lon="12.934034317731857">
        <ele>13.70703125</ele>
        <time>2012-08-07T13:28:46Z</time>
      </trkpt>
      <trkpt lat="67.887858571484685" lon="12.933910852298141">
        <ele>13.27734375</ele>
        <time>2012-08-07T13:28:56Z</time>
      </trkpt>
      <trkpt lat="67.887946330010891" lon="12.933756038546562">
        <ele>12.640625</ele>
        <time>2012-08-07T13:29:10Z</time>
      </trkpt>
      <trkpt lat="67.888032328337431" lon="12.933601560071111">
        <ele>13.734375</ele>
        <time>2012-08-07T13:29:24Z</time>
      </trkpt>
      <trkpt lat="67.888049343600869" lon="12.933432497084141">
        <ele>14.69140625</ele>
        <time>2012-08-07T13:29:34Z</time>
      </trkpt>
      <trkpt lat="67.888045152649283" lon="12.933288076892495">
        <ele>15.390625</ele>
        <time>2012-08-07T13:29:44Z</time>
      </trkpt>
      <trkpt lat="67.888087565079331" lon="12.933241473510861">
        <ele>16.2890625</ele>
        <time>2012-08-07T13:29:49Z</time>
      </trkpt>
      <trkpt lat="67.888083457946777" lon="12.933100489899516">
        <ele>15.89453125</ele>
        <time>2012-08-07T13:29:55Z</time>
      </trkpt>
      <trkpt lat="67.888066526502371" lon="12.933030249550939">
        <ele>15.51953125</ele>
        <time>2012-08-07T13:29:58Z</time>
      </trkpt>
      <trkpt lat="67.888083960860968" lon="12.932768650352955">
        <ele>15.30078125</ele>
        <time>2012-08-07T13:30:11Z</time>
      </trkpt>
      <trkpt lat="67.888095946982503" lon="12.932568741962314">
        <ele>15.58203125</ele>
        <time>2012-08-07T13:30:23Z</time>
      </trkpt>
      <trkpt lat="67.888071471825242" lon="12.932500429451466">
        <ele>14.93359375</ele>
        <time>2012-08-07T13:30:28Z</time>
      </trkpt>
      <trkpt lat="67.888017827644944" lon="12.932335054501891">
        <ele>14.546875</ele>
        <time>2012-08-07T13:30:37Z</time>
      </trkpt>
      <trkpt lat="67.888019923120737" lon="12.932120729237795">
        <ele>14.5625</ele>
        <time>2012-08-07T13:30:46Z</time>
      </trkpt>
      <trkpt lat="67.888007266446948" lon="12.931962562724948">
        <ele>14.71875</ele>
        <time>2012-08-07T13:30:53Z</time>
      </trkpt>
      <trkpt lat="67.887979270890355" lon="12.931760475039482">
        <ele>14.796875</ele>
        <time>2012-08-07T13:31:01Z</time>
      </trkpt>
      <trkpt lat="67.887940546497703" lon="12.931443052366376">
        <ele>15.06640625</ele>
        <time>2012-08-07T13:31:16Z</time>
      </trkpt>
      <trkpt lat="67.887913724407554" lon="12.931202575564384">
        <ele>15.41015625</ele>
        <time>2012-08-07T13:31:25Z</time>
      </trkpt>
      <trkpt lat="67.887910539284348" lon="12.930769398808479">
        <ele>16.58984375</ele>
        <time>2012-08-07T13:31:42Z</time>
      </trkpt>
      <trkpt lat="67.887921938672662" lon="12.930554989725351">
        <ele>17.40234375</ele>
        <time>2012-08-07T13:31:51Z</time>
      </trkpt>
      <trkpt lat="67.88789352402091" lon="12.93015374802053">
        <ele>17.66015625</ele>
        <time>2012-08-07T13:32:07Z</time>
      </trkpt>
      <trkpt lat="67.887870389968157" lon="12.929839426651597">
        <ele>17.58984375</ele>
        <time>2012-08-07T13:32:22Z</time>
      </trkpt>
      <trkpt lat="67.887829653918743" lon="12.929547736421227">
        <ele>16.9296875</ele>
        <time>2012-08-07T13:32:36Z</time>
      </trkpt>
      <trkpt lat="67.887826887890697" lon="12.929526278749108">
        <ele>16.8828125</ele>
        <time>2012-08-07T13:32:37Z</time>
      </trkpt>
      <trkpt lat="67.887806687504053" lon="12.929226290434599">
        <ele>16.44921875</ele>
        <time>2012-08-07T13:32:52Z</time>
      </trkpt>
      <trkpt lat="67.887767879292369" lon="12.928936276584864">
        <ele>15.60546875</ele>
        <time>2012-08-07T13:33:06Z</time>
      </trkpt>
      <trkpt lat="67.887722784653306" lon="12.928783977404237">
        <ele>14.83984375</ele>
        <time>2012-08-07T13:33:16Z</time>
      </trkpt>
      <trkpt lat="67.887654891237617" lon="12.928492287173867">
        <ele>13.73828125</ele>
        <time>2012-08-07T13:33:33Z</time>
      </trkpt>
      <trkpt lat="67.887552967295051" lon="12.92816991917789">
        <ele>12.234375</ele>
        <time>2012-08-07T13:33:49Z</time>
      </trkpt>
      <trkpt lat="67.88754953071475" lon="12.928120130673051">
        <ele>12.10546875</ele>
        <time>2012-08-07T13:33:51Z</time>
      </trkpt>
      <trkpt lat="67.887541651725769" lon="12.927957186475396">
        <ele>11.71875</ele>
        <time>2012-08-07T13:33:57Z</time>
      </trkpt>
      <trkpt lat="67.887565791606903" lon="12.927571283653378">
        <ele>11.7734375</ele>
        <time>2012-08-07T13:34:14Z</time>
      </trkpt>
      <trkpt lat="67.887554140761495" lon="12.927157049998641">
        <ele>12.3515625</ele>
        <time>2012-08-07T13:34:30Z</time>
      </trkpt>
      <trkpt lat="67.887547267600894" lon="12.926829988136888">
        <ele>12.86328125</ele>
        <time>2012-08-07T13:34:44Z</time>
      </trkpt>
      <trkpt lat="67.887524887919426" lon="12.926693027839065">
        <ele>12.7734375</ele>
        <time>2012-08-07T13:34:51Z</time>
      </trkpt>
      <trkpt lat="67.887506866827607" lon="12.926599318161607">
        <ele>12.87890625</ele>
        <time>2012-08-07T13:34:55Z</time>
      </trkpt>
      <trkpt lat="67.887528743594885" lon="12.926177876070142">
        <ele>14.4609375</ele>
        <time>2012-08-07T13:35:09Z</time>
      </trkpt>
      <trkpt lat="67.887524552643299" lon="12.925813682377338">
        <ele>14.27734375</ele>
        <time>2012-08-07T13:35:25Z</time>
      </trkpt>
      <trkpt lat="67.887522792443633" lon="12.925796918570995">
        <ele>14.203125</ele>
        <time>2012-08-07T13:35:26Z</time>
      </trkpt>
      <trkpt lat="67.887489683926105" lon="12.925514196977019">
        <ele>13.05859375</ele>
        <time>2012-08-07T13:35:39Z</time>
      </trkpt>
      <trkpt lat="67.887468226253986" lon="12.925459966063499">
        <ele>12.80078125</ele>
        <time>2012-08-07T13:35:44Z</time>
      </trkpt>
      <trkpt lat="67.88738633506" lon="12.925334991887212">
        <ele>13.328125</ele>
        <time>2012-08-07T13:35:56Z</time>
      </trkpt>
      <trkpt lat="67.887355489656329" lon="12.92520347982645">
        <ele>13.9765625</ele>
        <time>2012-08-07T13:36:06Z</time>
      </trkpt>
      <trkpt lat="67.887327075004578" lon="12.924966439604759">
        <ele>15.12890625</ele>
        <time>2012-08-07T13:36:20Z</time>
      </trkpt>
      <trkpt lat="67.887269491329789" lon="12.924869460985065">
        <ele>14.90234375</ele>
        <time>2012-08-07T13:36:32Z</time>
      </trkpt>
      <trkpt lat="67.887265970930457" lon="12.924845656380057">
        <ele>14.9453125</ele>
        <time>2012-08-07T13:36:33Z</time>
      </trkpt>
      <trkpt lat="67.887250380590558" lon="12.924739038571715">
        <ele>15.125</ele>
        <time>2012-08-07T13:36:38Z</time>
      </trkpt>
      <trkpt lat="67.887183241546154" lon="12.92453502304852">
        <ele>14.69921875</ele>
        <time>2012-08-07T13:36:50Z</time>
      </trkpt>
      <trkpt lat="67.887102859094739" lon="12.924231262877584">
        <ele>14.03515625</ele>
        <time>2012-08-07T13:37:05Z</time>
      </trkpt>
      <trkpt lat="67.887083748355508" lon="12.924023475497961">
        <ele>14.30859375</ele>
        <time>2012-08-07T13:37:13Z</time>
      </trkpt>
      <trkpt lat="67.887066565454006" lon="12.923975950106978">
        <ele>14.0390625</ele>
        <time>2012-08-07T13:37:16Z</time>
      </trkpt>
      <trkpt lat="67.887000935152173" lon="12.923698090016842">
        <ele>13.6953125</ele>
        <time>2012-08-07T13:37:28Z</time>
      </trkpt>
      <trkpt lat="67.886969419196248" lon="12.923527183011174">
        <ele>14.3828125</ele>
        <time>2012-08-07T13:37:37Z</time>
      </trkpt>
      <trkpt lat="67.886906135827303" lon="12.923272456973791">
        <ele>16.0234375</ele>
        <time>2012-08-07T13:37:51Z</time>
      </trkpt>
      <trkpt lat="67.886841092258692" lon="12.923154272139072">
        <ele>16.2890625</ele>
        <time>2012-08-07T13:38:00Z</time>
      </trkpt>
      <trkpt lat="67.886734390631318" lon="12.922944724559784">
        <ele>16.265625</ele>
        <time>2012-08-07T13:38:13Z</time>
      </trkpt>
      <trkpt lat="67.886715363711119" lon="12.922895774245262">
        <ele>16.23828125</ele>
        <time>2012-08-07T13:38:16Z</time>
      </trkpt>
      <trkpt lat="67.886648559942842" lon="12.922759065404534">
        <ele>15.6953125</ele>
        <time>2012-08-07T13:38:24Z</time>
      </trkpt>
      <trkpt lat="67.886584186926484" lon="12.922646077349782">
        <ele>15.25</ele>
        <time>2012-08-07T13:38:34Z</time>
      </trkpt>
      <trkpt lat="67.886516377329826" lon="12.922444324940443">
        <ele>16.921875</ele>
        <time>2012-08-07T13:38:49Z</time>
      </trkpt>
      <trkpt lat="67.886489722877741" lon="12.922423034906387">
        <ele>16.59375</ele>
        <time>2012-08-07T13:38:52Z</time>
      </trkpt>
      <trkpt lat="67.886412693187594" lon="12.922283057123423">
        <ele>16.72265625</ele>
        <time>2012-08-07T13:39:04Z</time>
      </trkpt>
      <trkpt lat="67.88636458106339" lon="12.922252295538783">
        <ele>16.625</ele>
        <time>2012-08-07T13:39:10Z</time>
      </trkpt>
      <trkpt lat="67.886285874992609" lon="12.922100750729442">
        <ele>17.265625</ele>
        <time>2012-08-07T13:39:25Z</time>
      </trkpt>
      <trkpt lat="67.88626198656857" lon="12.922037383541465">
        <ele>17.23046875</ele>
        <time>2012-08-07T13:39:29Z</time>
      </trkpt>
      <trkpt lat="67.886221669614315" lon="12.921883994713426">
        <ele>17.37109375</ele>
        <time>2012-08-07T13:39:41Z</time>
      </trkpt>
      <trkpt lat="67.886209432035685" lon="12.921876953914762">
        <ele>17.21875</ele>
        <time>2012-08-07T13:39:42Z</time>
      </trkpt>
      <trkpt lat="67.886165594682097" lon="12.92186077684164">
        <ele>16.625</ele>
        <time>2012-08-07T13:39:46Z</time>
      </trkpt>
      <trkpt lat="67.88609242066741" lon="12.921796571463346">
        <ele>15.7890625</ele>
        <time>2012-08-07T13:39:52Z</time>
      </trkpt>
      <trkpt lat="67.885989993810654" lon="12.921614767983556">
        <ele>14.93359375</ele>
        <time>2012-08-07T13:40:07Z</time>
      </trkpt>
      <trkpt lat="67.885914891958237" lon="12.921594986692071">
        <ele>13.80078125</ele>
        <time>2012-08-07T13:40:19Z</time>
      </trkpt>
      <trkpt lat="67.885851440951228" lon="12.921522064134479">
        <ele>13.35546875</ele>
        <time>2012-08-07T13:40:30Z</time>
      </trkpt>
      <trkpt lat="67.885831827297807" lon="12.921496164053679">
        <ele>13.54296875</ele>
        <time>2012-08-07T13:40:33Z</time>
      </trkpt>
      <trkpt lat="67.885736022144556" lon="12.921306565403938">
        <ele>14.91015625</ele>
        <time>2012-08-07T13:40:47Z</time>
      </trkpt>
      <trkpt lat="67.885724036023021" lon="12.921278234571218">
        <ele>15.11328125</ele>
        <time>2012-08-07T13:40:49Z</time>
      </trkpt>
      <trkpt lat="67.885667961090803" lon="12.921230038627982">
        <ele>15.4609375</ele>
        <time>2012-08-07T13:40:55Z</time>
      </trkpt>
      <trkpt lat="67.885602163150907" lon="12.921237917616963">
        <ele>15.40234375</ele>
        <time>2012-08-07T13:41:09Z</time>
      </trkpt>
      <trkpt lat="67.885596128180623" lon="12.921236827969551">
        <ele>15.41015625</ele>
        <time>2012-08-07T13:41:10Z</time>
      </trkpt>
      <trkpt lat="67.885561343282461" lon="12.921194499358535">
        <ele>15.71484375</ele>
        <time>2012-08-07T13:41:15Z</time>
      </trkpt>
      <trkpt lat="67.885533683001995" lon="12.921219645068049">
        <ele>15.53515625</ele>
        <time>2012-08-07T13:41:18Z</time>
      </trkpt>
      <trkpt lat="67.885449361056089" lon="12.921235067769885">
        <ele>15.421875</ele>
        <time>2012-08-07T13:41:27Z</time>
      </trkpt>
      <trkpt lat="67.885388173162937" lon="12.92129147797823">
        <ele>15.015625</ele>
        <time>2012-08-07T13:41:37Z</time>
      </trkpt>
      <trkpt lat="67.885309970006347" lon="12.921439586207271">
        <ele>13.94921875</ele>
        <time>2012-08-07T13:41:51Z</time>
      </trkpt>
      <trkpt lat="67.885258840397" lon="12.92149817571044">
        <ele>13.90234375</ele>
        <time>2012-08-07T13:42:01Z</time>
      </trkpt>
      <trkpt lat="67.885212739929557" lon="12.921624323353171">
        <ele>13.44140625</ele>
        <time>2012-08-07T13:42:16Z</time>
      </trkpt>
      <trkpt lat="67.885166136547923" lon="12.921686265617609">
        <ele>13.48046875</ele>
        <time>2012-08-07T13:42:22Z</time>
      </trkpt>
      <trkpt lat="67.885113246738911" lon="12.921746866777539">
        <ele>13.53125</ele>
        <time>2012-08-07T13:42:29Z</time>
      </trkpt>
      <trkpt lat="67.885097991675138" lon="12.921774694696069">
        <ele>13.484375</ele>
        <time>2012-08-07T13:42:31Z</time>
      </trkpt>
      <trkpt lat="67.885039318352938" lon="12.921857759356499">
        <ele>13.38671875</ele>
        <time>2012-08-07T13:42:46Z</time>
      </trkpt>
      <trkpt lat="67.885055243968964" lon="12.921855999156833">
        <ele>13.3125</ele>
        <time>2012-08-07T13:44:40Z</time>
      </trkpt>
      <trkpt lat="67.885051555931568" lon="12.921825824305415">
        <ele>13.48828125</ele>
        <time>2012-08-07T13:45:06Z</time>
      </trkpt>
      <trkpt lat="67.884996067732573" lon="12.921852981671691">
        <ele>13.64453125</ele>
        <time>2012-08-07T13:45:19Z</time>
      </trkpt>
      <trkpt lat="67.884905291721225" lon="12.921870918944478">
        <ele>14.0234375</ele>
        <time>2012-08-07T13:45:30Z</time>
      </trkpt>
      <trkpt lat="67.884823484346271" lon="12.921824734658003">
        <ele>14.76171875</ele>
        <time>2012-08-07T13:45:39Z</time>
      </trkpt>
      <trkpt lat="67.884798590093851" lon="12.921878797933459">
        <ele>14.53125</ele>
        <time>2012-08-07T13:45:42Z</time>
      </trkpt>
      <trkpt lat="67.884770762175322" lon="12.921900590881705">
        <ele>14.51953125</ele>
        <time>2012-08-07T13:45:45Z</time>
      </trkpt>
      <trkpt lat="67.884727343916893" lon="12.922104438766837">
        <ele>13.15625</ele>
        <time>2012-08-07T13:45:54Z</time>
      </trkpt>
      <trkpt lat="67.884697923436761" lon="12.922166967764497">
        <ele>12.8671875</ele>
        <time>2012-08-07T13:45:58Z</time>
      </trkpt>
      <trkpt lat="67.884667245671153" lon="12.92234105989337">
        <ele>12.34375</ele>
        <time>2012-08-07T13:46:05Z</time>
      </trkpt>
      <trkpt lat="67.884572865441442" lon="12.922475337982178">
        <ele>12.14453125</ele>
        <time>2012-08-07T13:46:19Z</time>
      </trkpt>
      <trkpt lat="67.884561466053128" lon="12.922498723492026">
        <ele>12.11328125</ele>
        <time>2012-08-07T13:46:21Z</time>
      </trkpt>
      <trkpt lat="67.884448394179344" lon="12.922426387667656">
        <ele>12.50390625</ele>
        <time>2012-08-07T13:46:37Z</time>
      </trkpt>
      <trkpt lat="67.884391732513905" lon="12.922284733504057">
        <ele>12.796875</ele>
        <time>2012-08-07T13:46:49Z</time>
      </trkpt>
      <trkpt lat="67.884385529905558" lon="12.922279452905059">
        <ele>12.80859375</ele>
        <time>2012-08-07T13:46:50Z</time>
      </trkpt>
      <trkpt lat="67.884287545457482" lon="12.922193622216582">
        <ele>12.9609375</ele>
        <time>2012-08-07T13:47:03Z</time>
      </trkpt>
      <trkpt lat="67.884203055873513" lon="12.922009555622935">
        <ele>13.4296875</ele>
        <time>2012-08-07T13:47:19Z</time>
      </trkpt>
      <trkpt lat="67.884181179106236" lon="12.921938141807914">
        <ele>13.640625</ele>
        <time>2012-08-07T13:47:22Z</time>
      </trkpt>
      <trkpt lat="67.884106328710914" lon="12.921656928956509">
        <ele>14.265625</ele>
        <time>2012-08-07T13:47:34Z</time>
      </trkpt>
      <trkpt lat="67.884089732542634" lon="12.92152994312346">
        <ele>14.6328125</ele>
        <time>2012-08-07T13:47:39Z</time>
      </trkpt>
      <trkpt lat="67.884040698409081" lon="12.921087294816971">
        <ele>16.3046875</ele>
        <time>2012-08-07T13:47:56Z</time>
      </trkpt>
      <trkpt lat="67.884029047563672" lon="12.9209821857512">
        <ele>16.6796875</ele>
        <time>2012-08-07T13:48:00Z</time>
      </trkpt>
      <trkpt lat="67.884011529386044" lon="12.920667445287108">
        <ele>18.03125</ele>
        <time>2012-08-07T13:48:12Z</time>
      </trkpt>
      <trkpt lat="67.883982863277197" lon="12.920565018430352">
        <ele>18.2265625</ele>
        <time>2012-08-07T13:48:16Z</time>
      </trkpt>
      <trkpt lat="67.883964590728283" lon="12.92045303620398">
        <ele>18.5625</ele>
        <time>2012-08-07T13:48:20Z</time>
      </trkpt>
      <trkpt lat="67.883984539657831" lon="12.92021993547678">
        <ele>20.140625</ele>
        <time>2012-08-07T13:48:31Z</time>
      </trkpt>
      <trkpt lat="67.883976241573691" lon="12.920164950191975">
        <ele>20.359375</ele>
        <time>2012-08-07T13:48:33Z</time>
      </trkpt>
      <trkpt lat="67.883874988183379" lon="12.919833278283477">
        <ele>21.1953125</ele>
        <time>2012-08-07T13:48:49Z</time>
      </trkpt>
      <trkpt lat="67.883828468620777" lon="12.919710399582982">
        <ele>21.5234375</ele>
        <time>2012-08-07T13:48:56Z</time>
      </trkpt>
      <trkpt lat="67.883803658187389" lon="12.919556424021721">
        <ele>22.23828125</ele>
        <time>2012-08-07T13:49:02Z</time>
      </trkpt>
      <trkpt lat="67.883765017613769" lon="12.919279737398028">
        <ele>23.13671875</ele>
        <time>2012-08-07T13:49:15Z</time>
      </trkpt>
      <trkpt lat="67.883746828883886" lon="12.919234223663807">
        <ele>22.84375</ele>
        <time>2012-08-07T13:49:18Z</time>
      </trkpt>
      <trkpt lat="67.883706092834473" lon="12.919105896726251">
        <ele>22.3359375</ele>
        <time>2012-08-07T13:49:25Z</time>
      </trkpt>
      <trkpt lat="67.883669380098581" lon="12.918864078819752">
        <ele>22.7421875</ele>
        <time>2012-08-07T13:49:38Z</time>
      </trkpt>
      <trkpt lat="67.883636271581054" lon="12.91882392950356">
        <ele>21.78515625</ele>
        <time>2012-08-07T13:49:44Z</time>
      </trkpt>
      <trkpt lat="67.883599726483226" lon="12.918733991682529">
        <ele>22.29296875</ele>
        <time>2012-08-07T13:49:49Z</time>
      </trkpt>
      <trkpt lat="67.883561421185732" lon="12.918711276724935">
        <ele>22.3046875</ele>
        <time>2012-08-07T13:49:53Z</time>
      </trkpt>
      <trkpt lat="67.883545830845833" lon="12.9186802636832">
        <ele>22.45703125</ele>
        <time>2012-08-07T13:49:55Z</time>
      </trkpt>
      <trkpt lat="67.883449187502265" lon="12.918518241494894">
        <ele>23.140625</ele>
        <time>2012-08-07T13:50:09Z</time>
      </trkpt>
      <trkpt lat="67.883432423695922" lon="12.918365355581045">
        <ele>24.06640625</ele>
        <time>2012-08-07T13:50:17Z</time>
      </trkpt>
      <trkpt lat="67.883407277986407" lon="12.918353285640478">
        <ele>24.01953125</ele>
        <time>2012-08-07T13:50:20Z</time>
      </trkpt>
      <trkpt lat="67.883315244689584" lon="12.917941985651851">
        <ele>26.84765625</ele>
        <time>2012-08-07T13:50:40Z</time>
      </trkpt>
      <trkpt lat="67.883272496983409" lon="12.917836541309953">
        <ele>27.421875</ele>
        <time>2012-08-07T13:50:48Z</time>
      </trkpt>
      <trkpt lat="67.883265540003777" lon="12.917832769453526">
        <ele>27.3984375</ele>
        <time>2012-08-07T13:50:49Z</time>
      </trkpt>
      <trkpt lat="67.883224971592426" lon="12.917791027575731">
        <ele>27.41015625</ele>
        <time>2012-08-07T13:50:54Z</time>
      </trkpt>
      <trkpt lat="67.883179122582078" lon="12.91755055077374">
        <ele>29.3515625</ele>
        <time>2012-08-07T13:51:08Z</time>
      </trkpt>
      <trkpt lat="67.883122460916638" lon="12.917470168322325">
        <ele>29.6953125</ele>
        <time>2012-08-07T13:51:21Z</time>
      </trkpt>
      <trkpt lat="67.883091447874904" lon="12.917356761172414">
        <ele>30.625</ele>
        <time>2012-08-07T13:51:27Z</time>
      </trkpt>
      <trkpt lat="67.883082730695605" lon="12.917126258835196">
        <ele>33.015625</ele>
        <time>2012-08-07T13:51:38Z</time>
      </trkpt>
      <trkpt lat="67.883050041273236" lon="12.916903048753738">
        <ele>34.73046875</ele>
        <time>2012-08-07T13:51:51Z</time>
      </trkpt>
      <trkpt lat="67.883003856986761" lon="12.916701883077621">
        <ele>35.81640625</ele>
        <time>2012-08-07T13:52:06Z</time>
      </trkpt>
      <trkpt lat="67.882990278303623" lon="12.91667933575809">
        <ele>35.7421875</ele>
        <time>2012-08-07T13:52:09Z</time>
      </trkpt>
      <trkpt lat="67.882933532819152" lon="12.916492922231555">
        <ele>36.390625</ele>
        <time>2012-08-07T13:52:25Z</time>
      </trkpt>
      <trkpt lat="67.88293587975204" lon="12.916460484266281">
        <ele>36.80859375</ele>
        <time>2012-08-07T13:52:27Z</time>
      </trkpt>
      <trkpt lat="67.882993128150702" lon="12.916365098208189">
        <ele>39.33203125</ele>
        <time>2012-08-07T13:52:36Z</time>
      </trkpt>
      <trkpt lat="67.882993966341019" lon="12.916348837316036">
        <ele>39.54296875</ele>
        <time>2012-08-07T13:52:37Z</time>
      </trkpt>
      <trkpt lat="67.883051298558712" lon="12.916195951402187">
        <ele>42.890625</ele>
        <time>2012-08-07T13:52:52Z</time>
      </trkpt>
      <trkpt lat="67.883098740130663" lon="12.916004341095686">
        <ele>46.45703125</ele>
        <time>2012-08-07T13:53:15Z</time>
      </trkpt>
      <trkpt lat="67.883137296885252" lon="12.915882719680667">
        <ele>48.8828125</ele>
        <time>2012-08-07T13:53:26Z</time>
      </trkpt>
      <trkpt lat="67.883197646588087" lon="12.915715668350458">
        <ele>52.4453125</ele>
        <time>2012-08-07T13:53:41Z</time>
      </trkpt>
      <trkpt lat="67.883228994905949" lon="12.915568985044956">
        <ele>55.265625</ele>
        <time>2012-08-07T13:53:54Z</time>
      </trkpt>
      <trkpt lat="67.883262522518635" lon="12.915348624810576">
        <ele>59.3515625</ele>
        <time>2012-08-07T13:54:08Z</time>
      </trkpt>
      <trkpt lat="67.883281381800771" lon="12.9152178671211">
        <ele>61.71875</ele>
        <time>2012-08-07T13:54:19Z</time>
      </trkpt>
      <trkpt lat="67.883299989625812" lon="12.915152655914426">
        <ele>63.01953125</ele>
        <time>2012-08-07T13:54:27Z</time>
      </trkpt>
      <trkpt lat="67.883318262174726" lon="12.914928356185555">
        <ele>66.6640625</ele>
        <time>2012-08-07T13:54:42Z</time>
      </trkpt>
      <trkpt lat="67.883315496146679" lon="12.914708247408271">
        <ele>69.33203125</ele>
        <time>2012-08-07T13:54:56Z</time>
      </trkpt>
      <trkpt lat="67.883325219154358" lon="12.914606826379895">
        <ele>70.7109375</ele>
        <time>2012-08-07T13:55:08Z</time>
      </trkpt>
      <trkpt lat="67.883325638249516" lon="12.914589056745172">
        <ele>70.93359375</ele>
        <time>2012-08-07T13:55:09Z</time>
      </trkpt>
      <trkpt lat="67.883340641856194" lon="12.914483528584242">
        <ele>72.484375</ele>
        <time>2012-08-07T13:55:16Z</time>
      </trkpt>
      <trkpt lat="67.883368218317628" lon="12.914438517764211">
        <ele>73.55859375</ele>
        <time>2012-08-07T13:55:22Z</time>
      </trkpt>
      <trkpt lat="67.883438626304269" lon="12.914346652105451">
        <ele>76.13671875</ele>
        <time>2012-08-07T13:55:36Z</time>
      </trkpt>
      <trkpt lat="67.883470645174384" lon="12.914199633523822">
        <ele>79.1015625</ele>
        <time>2012-08-07T13:55:50Z</time>
      </trkpt>
      <trkpt lat="67.883489085361362" lon="12.914070216938853">
        <ele>81.58203125</ele>
        <time>2012-08-07T13:56:11Z</time>
      </trkpt>
      <trkpt lat="67.883505094796419" lon="12.913877265527844">
        <ele>85.09765625</ele>
        <time>2012-08-07T13:56:28Z</time>
      </trkpt>
      <trkpt lat="67.883515320718288" lon="12.913826555013657">
        <ele>86.1953125</ele>
        <time>2012-08-07T13:56:32Z</time>
      </trkpt>
      <trkpt lat="67.883581453934312" lon="12.913774168118834">
        <ele>88.82421875</ele>
        <time>2012-08-07T13:56:45Z</time>
      </trkpt>
      <trkpt lat="67.883583046495914" lon="12.913763523101807">
        <ele>89.03515625</ele>
        <time>2012-08-07T13:56:46Z</time>
      </trkpt>
      <trkpt lat="67.883624788373709" lon="12.913696132600307">
        <ele>91.2578125</ele>
        <time>2012-08-07T13:56:59Z</time>
      </trkpt>
      <trkpt lat="67.883623279631138" lon="12.913519022986293">
        <ele>94.05859375</ele>
        <time>2012-08-07T13:57:12Z</time>
      </trkpt>
      <trkpt lat="67.883635433390737" lon="12.913403185084462">
        <ele>96.296875</ele>
        <time>2012-08-07T13:57:22Z</time>
      </trkpt>
      <trkpt lat="67.883634176105261" lon="12.913391534239054">
        <ele>96.4453125</ele>
        <time>2012-08-07T13:57:23Z</time>
      </trkpt>
      <trkpt lat="67.88365563377738" lon="12.913279132917523">
        <ele>99.07421875</ele>
        <time>2012-08-07T13:57:35Z</time>
      </trkpt>
      <trkpt lat="67.883689245209098" lon="12.913238983601332">
        <ele>101.06640625</ele>
        <time>2012-08-07T13:57:45Z</time>
      </trkpt>
      <trkpt lat="67.883691843599081" lon="12.913232445716858">
        <ele>101.28515625</ele>
        <time>2012-08-07T13:57:46Z</time>
      </trkpt>
      <trkpt lat="67.88368983194232" lon="12.913216855376959">
        <ele>101.484375</ele>
        <time>2012-08-07T13:58:10Z</time>
      </trkpt>
      <trkpt lat="67.883724952116609" lon="12.913175951689482">
        <ele>103.59765625</ele>
        <time>2012-08-07T13:59:09Z</time>
      </trkpt>
      <trkpt lat="67.883746242150664" lon="12.91300093755126">
        <ele>107.52734375</ele>
        <time>2012-08-07T13:59:23Z</time>
      </trkpt>
      <trkpt lat="67.883775578811765" lon="12.912849560379982">
        <ele>111.32421875</ele>
        <time>2012-08-07T13:59:36Z</time>
      </trkpt>
      <trkpt lat="67.883823523297906" lon="12.912838328629732">
        <ele>113.359375</ele>
        <time>2012-08-07T13:59:45Z</time>
      </trkpt>
      <trkpt lat="67.883836766704917" lon="12.912830365821719">
        <ele>114.00390625</ele>
        <time>2012-08-07T13:59:48Z</time>
      </trkpt>
      <trkpt lat="67.883874149993062" lon="12.912751324474812">
        <ele>116.80078125</ele>
        <time>2012-08-07T13:59:58Z</time>
      </trkpt>
      <trkpt lat="67.883902229368687" lon="12.912714863196015">
        <ele>118.4921875</ele>
        <time>2012-08-07T14:00:13Z</time>
      </trkpt>
      <trkpt lat="67.88392192684114" lon="12.912619393318892">
        <ele>120.87109375</ele>
        <time>2012-08-07T14:00:42Z</time>
      </trkpt>
      <trkpt lat="67.883971547707915" lon="12.912502633407712">
        <ele>124.71484375</ele>
        <time>2012-08-07T14:00:57Z</time>
      </trkpt>
      <trkpt lat="67.884036591276526" lon="12.912447145208716">
        <ele>128.0625</ele>
        <time>2012-08-07T14:01:12Z</time>
      </trkpt>
      <trkpt lat="67.884069699794054" lon="12.912263497710228">
        <ele>132.33984375</ele>
        <time>2012-08-07T14:01:25Z</time>
      </trkpt>
      <trkpt lat="67.884109932929277" lon="12.912156796082854">
        <ele>135.56640625</ele>
        <time>2012-08-07T14:01:37Z</time>
      </trkpt>
      <trkpt lat="67.884102053940296" lon="12.912016063928604">
        <ele>137.74609375</ele>
        <time>2012-08-07T14:01:51Z</time>
      </trkpt>
      <trkpt lat="67.884140023961663" lon="12.911885725334287">
        <ele>141.453125</ele>
        <time>2012-08-07T14:02:05Z</time>
      </trkpt>
      <trkpt lat="67.884167516604066" lon="12.911717668175697">
        <ele>145.4765625</ele>
        <time>2012-08-07T14:02:19Z</time>
      </trkpt>
      <trkpt lat="67.884207246825099" lon="12.911554891616106">
        <ele>150.484375</ele>
        <time>2012-08-07T14:02:33Z</time>
      </trkpt>
      <trkpt lat="67.884211353957653" lon="12.911563441157341">
        <ele>150.390625</ele>
        <time>2012-08-07T14:02:53Z</time>
      </trkpt>
      <trkpt lat="67.884212527424097" lon="12.911516753956676">
        <ele>152.10546875</ele>
        <time>2012-08-07T14:03:23Z</time>
      </trkpt>
      <trkpt lat="67.884217975661159" lon="12.911515748128295">
        <ele>152.41015625</ele>
        <time>2012-08-07T14:03:52Z</time>
      </trkpt>
      <trkpt lat="67.884241193532944" lon="12.911613481119275">
        <ele>150.80078125</ele>
        <time>2012-08-07T14:04:42Z</time>
      </trkpt>
      <trkpt lat="67.88422635756433" lon="12.91155606508255">
        <ele>151.42578125</ele>
        <time>2012-08-07T14:04:57Z</time>
      </trkpt>
      <trkpt lat="67.884225519374013" lon="12.911482974886894">
        <ele>153.93359375</ele>
        <time>2012-08-07T14:05:02Z</time>
      </trkpt>
      <trkpt lat="67.884256532415748" lon="12.911386163905263">
        <ele>158.72265625</ele>
        <time>2012-08-07T14:05:11Z</time>
      </trkpt>
      <trkpt lat="67.884263657033443" lon="12.911271834746003">
        <ele>162.87890625</ele>
        <time>2012-08-07T14:05:20Z</time>
      </trkpt>
      <trkpt lat="67.884262651205063" lon="12.911257585510612">
        <ele>163.31640625</ele>
        <time>2012-08-07T14:05:21Z</time>
      </trkpt>
      <trkpt lat="67.884304728358984" lon="12.911132778972387">
        <ele>169.0390625</ele>
        <time>2012-08-07T14:05:34Z</time>
      </trkpt>
      <trkpt lat="67.884318474680185" lon="12.911017024889588">
        <ele>173.03515625</ele>
        <time>2012-08-07T14:05:44Z</time>
      </trkpt>
      <trkpt lat="67.884363317862153" lon="12.910884590819478">
        <ele>174.9140625</ele>
        <time>2012-08-07T14:06:00Z</time>
      </trkpt>
      <trkpt lat="67.884409921243787" lon="12.910856930539012">
        <ele>176.734375</ele>
        <time>2012-08-07T14:06:12Z</time>
      </trkpt>
      <trkpt lat="67.884437749162316" lon="12.910759197548032">
        <ele>178.2890625</ele>
        <time>2012-08-07T14:06:24Z</time>
      </trkpt>
      <trkpt lat="67.884482592344284" lon="12.910671858116984">
        <ele>180.66796875</ele>
        <time>2012-08-07T14:06:37Z</time>
      </trkpt>
      <trkpt lat="67.884513353928924" lon="12.910630535334349">
        <ele>182.2890625</ele>
        <time>2012-08-07T14:06:47Z</time>
      </trkpt>
      <trkpt lat="67.884536739438772" lon="12.910548727959394">
        <ele>183.984375</ele>
        <time>2012-08-07T14:06:58Z</time>
      </trkpt>
      <trkpt lat="67.884540427476168" lon="12.910544872283936">
        <ele>184.1875</ele>
        <time>2012-08-07T14:06:59Z</time>
      </trkpt>
      <trkpt lat="67.884578732773662" lon="12.910482930019498">
        <ele>186.546875</ele>
        <time>2012-08-07T14:07:12Z</time>
      </trkpt>
      <trkpt lat="67.884600358083844" lon="12.910416461527348">
        <ele>189.0625</ele>
        <time>2012-08-07T14:07:22Z</time>
      </trkpt>
      <trkpt lat="67.884636232629418" lon="12.91030079126358">
        <ele>193.91796875</ele>
        <time>2012-08-07T14:07:35Z</time>
      </trkpt>
      <trkpt lat="67.884656433016062" lon="12.910285871475935">
        <ele>195.37109375</ele>
        <time>2012-08-07T14:07:49Z</time>
      </trkpt>
      <trkpt lat="67.884679734706879" lon="12.910220744088292">
        <ele>198.375</ele>
        <time>2012-08-07T14:08:22Z</time>
      </trkpt>
      <trkpt lat="67.88471695035696" lon="12.910173973068595">
        <ele>201.6796875</ele>
        <time>2012-08-07T14:08:35Z</time>
      </trkpt>
      <trkpt lat="67.884737486019731" lon="12.910180678591132">
        <ele>202.60546875</ele>
        <time>2012-08-07T14:08:39Z</time>
      </trkpt>
      <trkpt lat="67.884754752740264" lon="12.91009702719748">
        <ele>205.97265625</ele>
        <time>2012-08-07T14:08:50Z</time>
      </trkpt>
      <trkpt lat="67.884793393313885" lon="12.910046065226197">
        <ele>209.6640625</ele>
        <time>2012-08-07T14:09:03Z</time>
      </trkpt>
      <trkpt lat="67.884812671691179" lon="12.90996702387929">
        <ele>212.984375</ele>
        <time>2012-08-07T14:09:12Z</time>
      </trkpt>
      <trkpt lat="67.884817281737924" lon="12.909930562600493">
        <ele>214.265625</ele>
        <time>2012-08-07T14:09:17Z</time>
      </trkpt>
      <trkpt lat="67.884835219010711" lon="12.909849258139729">
        <ele>216.38671875</ele>
        <time>2012-08-07T14:09:28Z</time>
      </trkpt>
      <trkpt lat="67.884872518479824" lon="12.909757727757096">
        <ele>219.3828125</ele>
        <time>2012-08-07T14:09:41Z</time>
      </trkpt>
      <trkpt lat="67.884904285892844" lon="12.909651948139071">
        <ele>222.24609375</ele>
        <time>2012-08-07T14:09:56Z</time>
      </trkpt>
      <trkpt lat="67.884940998628736" lon="12.909633424133062">
        <ele>224.546875</ele>
        <time>2012-08-07T14:10:10Z</time>
      </trkpt>
      <trkpt lat="67.884939992800355" lon="12.909631161019206">
        <ele>224.51171875</ele>
        <time>2012-08-07T14:10:53Z</time>
      </trkpt>
      <trkpt lat="67.884988524019718" lon="12.909577265381813">
        <ele>227.87890625</ele>
        <time>2012-08-07T14:11:06Z</time>
      </trkpt>
      <trkpt lat="67.884980225935578" lon="12.909497134387493">
        <ele>228.23828125</ele>
        <time>2012-08-07T14:11:13Z</time>
      </trkpt>
      <trkpt lat="67.8848806489259" lon="12.909121541306376">
        <ele>228.453125</ele>
        <time>2012-08-07T14:11:31Z</time>
      </trkpt>
      <trkpt lat="67.884806888177991" lon="12.908802777528763">
        <ele>230.38671875</ele>
        <time>2012-08-07T14:11:47Z</time>
      </trkpt>
      <trkpt lat="67.884812839329243" lon="12.908661291003227">
        <ele>235.953125</ele>
        <time>2012-08-07T14:11:58Z</time>
      </trkpt>
      <trkpt lat="67.884826250374317" lon="12.908562636002898">
        <ele>240.359375</ele>
        <time>2012-08-07T14:12:09Z</time>
      </trkpt>
      <trkpt lat="67.884827591478825" lon="12.908495664596558">
        <ele>242.8984375</ele>
        <time>2012-08-07T14:12:14Z</time>
      </trkpt>
      <trkpt lat="67.884817030280828" lon="12.908301958814263">
        <ele>249.46875</ele>
        <time>2012-08-07T14:12:27Z</time>
      </trkpt>
      <trkpt lat="67.884803283959627" lon="12.908131722360849">
        <ele>252.953125</ele>
        <time>2012-08-07T14:12:41Z</time>
      </trkpt>
      <trkpt lat="67.884771516546607" lon="12.907968191429973">
        <ele>254.23828125</ele>
        <time>2012-08-07T14:12:54Z</time>
      </trkpt>
      <trkpt lat="67.884760871529579" lon="12.907935418188572">
        <ele>254.23828125</ele>
        <time>2012-08-07T14:12:57Z</time>
      </trkpt>
      <trkpt lat="67.884761961176991" lon="12.907827123999596">
        <ele>256.26953125</ele>
        <time>2012-08-07T14:13:09Z</time>
      </trkpt>
      <trkpt lat="67.884784089401364" lon="12.90771053172648">
        <ele>259.69921875</ele>
        <time>2012-08-07T14:13:22Z</time>
      </trkpt>
      <trkpt lat="67.884789453819394" lon="12.907633669674397">
        <ele>262.05859375</ele>
        <time>2012-08-07T14:13:34Z</time>
      </trkpt>
      <trkpt lat="67.884795824065804" lon="12.90761916898191">
        <ele>262.8671875</ele>
        <time>2012-08-07T14:13:36Z</time>
      </trkpt>
      <trkpt lat="67.884841840714216" lon="12.90759913623333">
        <ele>266.24609375</ele>
        <time>2012-08-07T14:13:47Z</time>
      </trkpt>
      <trkpt lat="67.884880481287837" lon="12.90765043348074">
        <ele>267.0234375</ele>
        <time>2012-08-07T14:13:54Z</time>
      </trkpt>
      <trkpt lat="67.884939992800355" lon="12.907743556424975">
        <ele>268.24609375</ele>
        <time>2012-08-07T14:14:07Z</time>
      </trkpt>
      <trkpt lat="67.885011741891503" lon="12.907836344093084">
        <ele>270.4765625</ele>
        <time>2012-08-07T14:14:20Z</time>
      </trkpt>
      <trkpt lat="67.885043425485492" lon="12.907854281365871">
        <ele>271.91015625</ele>
        <time>2012-08-07T14:14:28Z</time>
      </trkpt>
      <trkpt lat="67.885105786845088" lon="12.907902393490076">
        <ele>274.39453125</ele>
        <time>2012-08-07T14:14:41Z</time>
      </trkpt>
      <trkpt lat="67.885167058557272" lon="12.907957881689072">
        <ele>276.56640625</ele>
        <time>2012-08-07T14:14:56Z</time>
      </trkpt>
      <trkpt lat="67.885183235630393" lon="12.907906081527472">
        <ele>278.6953125</ele>
        <time>2012-08-07T14:15:02Z</time>
      </trkpt>
      <trkpt lat="67.885254146531224" lon="12.907892838120461">
        <ele>283.0390625</ele>
        <time>2012-08-07T14:15:17Z</time>
      </trkpt>
      <trkpt lat="67.885262025520205" lon="12.907892083749175">
        <ele>283.50390625</ele>
        <time>2012-08-07T14:15:19Z</time>
      </trkpt>
      <trkpt lat="67.885274682193995" lon="12.907870542258024">
        <ele>284.7578125</ele>
        <time>2012-08-07T14:15:23Z</time>
      </trkpt>
      <trkpt lat="67.88533846847713" lon="12.907831566408277">
        <ele>289.6171875</ele>
        <time>2012-08-07T14:15:38Z</time>
      </trkpt>
      <trkpt lat="67.885354058817029" lon="12.907837936654687">
        <ele>290.453125</ele>
        <time>2012-08-07T14:15:41Z</time>
      </trkpt>
      <trkpt lat="67.885423460975289" lon="12.907917061820626">
        <ele>292.9609375</ele>
        <time>2012-08-07T14:15:54Z</time>
      </trkpt>
      <trkpt lat="67.885494539514184" lon="12.907948326319456">
        <ele>296.796875</ele>
        <time>2012-08-07T14:16:09Z</time>
      </trkpt>
      <trkpt lat="67.885503759607673" lon="12.907957965508103">
        <ele>297.1640625</ele>
        <time>2012-08-07T14:16:11Z</time>
      </trkpt>
      <trkpt lat="67.885568216443062" lon="12.907987469807267">
        <ele>300.64453125</ele>
        <time>2012-08-07T14:16:24Z</time>
      </trkpt>
      <trkpt lat="67.885571485385299" lon="12.907995264977217">
        <ele>300.671875</ele>
        <time>2012-08-07T14:16:25Z</time>
      </trkpt>
      <trkpt lat="67.885639630258083" lon="12.908198442310095">
        <ele>300.421875</ele>
        <time>2012-08-07T14:16:42Z</time>
      </trkpt>
      <trkpt lat="67.885655639693141" lon="12.908209171146154">
        <ele>301.23828125</ele>
        <time>2012-08-07T14:16:47Z</time>
      </trkpt>
      <trkpt lat="67.88567709736526" lon="12.908266754820943">
        <ele>301.3125</ele>
        <time>2012-08-07T14:16:55Z</time>
      </trkpt>
      <trkpt lat="67.885712049901485" lon="12.908350573852658">
        <ele>301.640625</ele>
        <time>2012-08-07T14:17:05Z</time>
      </trkpt>
      <trkpt lat="67.885745326057076" lon="12.90837069042027">
        <ele>303.44140625</ele>
        <time>2012-08-07T14:17:14Z</time>
      </trkpt>
      <trkpt lat="67.885753037407994" lon="12.908392651006579">
        <ele>303.4609375</ele>
        <time>2012-08-07T14:17:31Z</time>
      </trkpt>
      <trkpt lat="67.885791091248393" lon="12.908263234421611">
        <ele>309.02734375</ele>
        <time>2012-08-07T14:18:34Z</time>
      </trkpt>
      <trkpt lat="67.885830737650394" lon="12.90813272818923">
        <ele>314.53125</ele>
        <time>2012-08-07T14:18:50Z</time>
      </trkpt>
      <trkpt lat="67.885853368788958" lon="12.908009849488735">
        <ele>318.68359375</ele>
        <time>2012-08-07T14:19:03Z</time>
      </trkpt>
      <trkpt lat="67.885874072089791" lon="12.907939357683063">
        <ele>321.6171875</ele>
        <time>2012-08-07T14:19:13Z</time>
      </trkpt>
      <trkpt lat="67.885900055989623" lon="12.907876996323466">
        <ele>324.77734375</ele>
        <time>2012-08-07T14:19:24Z</time>
      </trkpt>
      <trkpt lat="67.885940624400973" lon="12.907821256667376">
        <ele>328.8203125</ele>
        <time>2012-08-07T14:19:39Z</time>
      </trkpt>
      <trkpt lat="67.885958980768919" lon="12.907780185341835">
        <ele>331.00390625</ele>
        <time>2012-08-07T14:19:47Z</time>
      </trkpt>
      <trkpt lat="67.885990496724844" lon="12.907697623595595">
        <ele>335.02734375</ele>
        <time>2012-08-07T14:20:00Z</time>
      </trkpt>
      <trkpt lat="67.88600399158895" lon="12.907655462622643">
        <ele>337.74609375</ele>
        <time>2012-08-07T14:20:06Z</time>
      </trkpt>
      <trkpt lat="67.886014888063073" lon="12.907547922804952">
        <ele>343.3515625</ele>
        <time>2012-08-07T14:20:16Z</time>
      </trkpt>
      <trkpt lat="67.886035842821002" lon="12.907451782375574">
        <ele>348.94140625</ele>
        <time>2012-08-07T14:20:30Z</time>
      </trkpt>
      <trkpt lat="67.886040955781937" lon="12.907439796254039">
        <ele>349.7734375</ele>
        <time>2012-08-07T14:20:32Z</time>
      </trkpt>
      <trkpt lat="67.886074734851718" lon="12.907381039112806">
        <ele>354.2578125</ele>
        <time>2012-08-07T14:20:45Z</time>
      </trkpt>
      <trkpt lat="67.886095438152552" lon="12.907356647774577">
        <ele>356.43359375</ele>
        <time>2012-08-07T14:20:51Z</time>
      </trkpt>
      <trkpt lat="67.886106837540865" lon="12.907340051606297">
        <ele>357.7421875</ele>
        <time>2012-08-07T14:20:55Z</time>
      </trkpt>
      <trkpt lat="67.886114716529846" lon="12.907266542315483">
        <ele>361.15625</ele>
        <time>2012-08-07T14:21:07Z</time>
      </trkpt>
      <trkpt lat="67.88612469099462" lon="12.907165456563234">
        <ele>365.73046875</ele>
        <time>2012-08-07T14:21:45Z</time>
      </trkpt>
      <trkpt lat="67.886127373203635" lon="12.907131342217326">
        <ele>367.1328125</ele>
        <time>2012-08-07T14:21:47Z</time>
      </trkpt>
      <trkpt lat="67.886091079562902" lon="12.906860187649727">
        <ele>370.828125</ele>
        <time>2012-08-07T14:22:03Z</time>
      </trkpt>
      <trkpt lat="67.886088732630014" lon="12.906779469922185">
        <ele>372.2890625</ele>
        <time>2012-08-07T14:22:09Z</time>
      </trkpt>
      <trkpt lat="67.886077919974923" lon="12.906696069985628">
        <ele>373.328125</ele>
        <time>2012-08-07T14:22:20Z</time>
      </trkpt>
      <trkpt lat="67.886071717366576" lon="12.906605880707502">
        <ele>374.72265625</ele>
        <time>2012-08-07T14:22:33Z</time>
      </trkpt>
      <trkpt lat="67.886097868904471" lon="12.906547961756587">
        <ele>377.6796875</ele>
        <time>2012-08-07T14:22:53Z</time>
      </trkpt>
      <trkpt lat="67.886106166988611" lon="12.906513847410679">
        <ele>379.14453125</ele>
        <time>2012-08-07T14:22:58Z</time>
      </trkpt>
      <trkpt lat="67.886139191687107" lon="12.906424244865775">
        <ele>383.44921875</ele>
        <time>2012-08-07T14:23:12Z</time>
      </trkpt>
      <trkpt lat="67.886148495599627" lon="12.906383844092488">
        <ele>385.03515625</ele>
        <time>2012-08-07T14:23:20Z</time>
      </trkpt>
      <trkpt lat="67.886179927736521" lon="12.906370852142572">
        <ele>386.92578125</ele>
        <time>2012-08-07T14:23:32Z</time>
      </trkpt>
      <trkpt lat="67.886193171143532" lon="12.90621679276228">
        <ele>391.5078125</ele>
        <time>2012-08-07T14:23:43Z</time>
      </trkpt>
      <trkpt lat="67.88619258441031" lon="12.906055189669132">
        <ele>395.62109375</ele>
        <time>2012-08-07T14:23:57Z</time>
      </trkpt>
      <trkpt lat="67.886197194457054" lon="12.906016046181321">
        <ele>396.84765625</ele>
        <time>2012-08-07T14:24:01Z</time>
      </trkpt>
      <trkpt lat="67.886205324903131" lon="12.905955361202359">
        <ele>399.0546875</ele>
        <time>2012-08-07T14:24:08Z</time>
      </trkpt>
      <trkpt lat="67.88620138540864" lon="12.905804319307208">
        <ele>403.82421875</ele>
        <time>2012-08-07T14:24:23Z</time>
      </trkpt>
      <trkpt lat="67.886190572753549" lon="12.905696192756295">
        <ele>407.3046875</ele>
        <time>2012-08-07T14:24:36Z</time>
      </trkpt>
      <trkpt lat="67.886194260790944" lon="12.905583875253797">
        <ele>411.01953125</ele>
        <time>2012-08-07T14:24:48Z</time>
      </trkpt>
      <trkpt lat="67.88620188832283" lon="12.905525788664818">
        <ele>412.8125</ele>
        <time>2012-08-07T14:24:54Z</time>
      </trkpt>
      <trkpt lat="67.886202977970243" lon="12.905515562742949">
        <ele>413.125</ele>
        <time>2012-08-07T14:24:55Z</time>
      </trkpt>
      <trkpt lat="67.886194931343198" lon="12.905352786183357">
        <ele>416.26953125</ele>
        <time>2012-08-07T14:25:10Z</time>
      </trkpt>
      <trkpt lat="67.886199541389942" lon="12.905232924968004">
        <ele>417.64453125</ele>
        <time>2012-08-07T14:25:22Z</time>
      </trkpt>
      <trkpt lat="67.886224770918489" lon="12.905204677954316">
        <ele>417.06640625</ele>
        <time>2012-08-07T14:25:30Z</time>
      </trkpt>
      <trkpt lat="67.886220328509808" lon="12.905095377936959">
        <ele>418.47265625</ele>
        <time>2012-08-07T14:25:41Z</time>
      </trkpt>
      <trkpt lat="67.886212784796953" lon="12.904973421245813">
        <ele>420.2421875</ele>
        <time>2012-08-07T14:25:52Z</time>
      </trkpt>
      <trkpt lat="67.886218149214983" lon="12.904892116785049">
        <ele>420.859375</ele>
        <time>2012-08-07T14:26:07Z</time>
      </trkpt>
      <trkpt lat="67.886230889707804" lon="12.9049136582762">
        <ele>419.96484375</ele>
        <time>2012-08-07T14:26:28Z</time>
      </trkpt>
      <trkpt lat="67.886231392621994" lon="12.904909886419773">
        <ele>419.96875</ele>
        <time>2012-08-07T14:26:54Z</time>
      </trkpt>
      <trkpt lat="67.886192081496119" lon="12.904871916398406">
        <ele>422.56640625</ele>
        <time>2012-08-07T14:27:41Z</time>
      </trkpt>
      <trkpt lat="67.886206582188606" lon="12.904703440144658">
        <ele>423.51171875</ele>
        <time>2012-08-07T14:27:51Z</time>
      </trkpt>
      <trkpt lat="67.886205827817321" lon="12.904591457918286">
        <ele>424.765625</ele>
        <time>2012-08-07T14:27:56Z</time>
      </trkpt>
      <trkpt lat="67.886211024597287" lon="12.904550051316619">
        <ele>424.74609375</ele>
        <time>2012-08-07T14:27:58Z</time>
      </trkpt>
      <trkpt lat="67.886218065395951" lon="12.904396075755358">
        <ele>425.59375</ele>
        <time>2012-08-07T14:28:08Z</time>
      </trkpt>
      <trkpt lat="67.886217059567571" lon="12.904317872598767">
        <ele>426.24609375</ele>
        <time>2012-08-07T14:28:18Z</time>
      </trkpt>
      <trkpt lat="67.886197529733181" lon="12.904173955321312">
        <ele>429.3203125</ele>
        <time>2012-08-07T14:28:30Z</time>
      </trkpt>
      <trkpt lat="67.8861930873245" lon="12.904066331684589">
        <ele>430.6015625</ele>
        <time>2012-08-07T14:28:41Z</time>
      </trkpt>
      <trkpt lat="67.886222591623664" lon="12.903986452147365">
        <ele>427.046875</ele>
        <time>2012-08-07T14:28:52Z</time>
      </trkpt>
      <trkpt lat="67.886211946606636" lon="12.903873547911644">
        <ele>429.11328125</ele>
        <time>2012-08-07T14:29:05Z</time>
      </trkpt>
      <trkpt lat="67.88624195381999" lon="12.903814790770411">
        <ele>424.796875</ele>
        <time>2012-08-07T14:29:15Z</time>
      </trkpt>
      <trkpt lat="67.886254442855716" lon="12.903766175732017">
        <ele>421.2578125</ele>
        <time>2012-08-07T14:29:24Z</time>
      </trkpt>
      <trkpt lat="67.886228542774916" lon="12.903651343658566">
        <ele>420.17578125</ele>
        <time>2012-08-07T14:29:35Z</time>
      </trkpt>
      <trkpt lat="67.886227117851377" lon="12.903552185744047">
        <ele>416.0234375</ele>
        <time>2012-08-07T14:29:44Z</time>
      </trkpt>
      <trkpt lat="67.886210018768907" lon="12.903383458033204">
        <ele>410.87890625</ele>
        <time>2012-08-07T14:29:55Z</time>
      </trkpt>
      <trkpt lat="67.88620431907475" lon="12.903321264311671">
        <ele>408.828125</ele>
        <time>2012-08-07T14:29:59Z</time>
      </trkpt>
      <trkpt lat="67.886215299367905" lon="12.903221771121025">
        <ele>403.828125</ele>
        <time>2012-08-07T14:30:07Z</time>
      </trkpt>
      <trkpt lat="67.886137431487441" lon="12.903003674000502">
        <ele>410.69140625</ele>
        <time>2012-08-07T14:30:23Z</time>
      </trkpt>
      <trkpt lat="67.88608169183135" lon="12.902879873290658">
        <ele>415.98046875</ele>
        <time>2012-08-07T14:30:31Z</time>
      </trkpt>
      <trkpt lat="67.886078171432018" lon="12.902719527482986">
        <ele>414.22265625</ele>
        <time>2012-08-07T14:30:42Z</time>
      </trkpt>
      <trkpt lat="67.886134246364236" lon="12.902637384831905">
        <ele>405.171875</ele>
        <time>2012-08-07T14:30:52Z</time>
      </trkpt>
      <trkpt lat="67.886150926351547" lon="12.902619866654277">
        <ele>402.54296875</ele>
        <time>2012-08-07T14:30:54Z</time>
      </trkpt>
      <trkpt lat="67.886166768148541" lon="12.902566138654947">
        <ele>398.875</ele>
        <time>2012-08-07T14:31:00Z</time>
      </trkpt>
      <trkpt lat="67.886219825595617" lon="12.902489360421896">
        <ele>389.67578125</ele>
        <time>2012-08-07T14:31:13Z</time>
      </trkpt>
      <trkpt lat="67.886251760646701" lon="12.902450887486339">
        <ele>384.31640625</ele>
        <time>2012-08-07T14:31:21Z</time>
      </trkpt>
      <trkpt lat="67.886282438412309" lon="12.902440074831247">
        <ele>379.99609375</ele>
        <time>2012-08-07T14:31:46Z</time>
      </trkpt>
      <trkpt lat="67.886297777295113" lon="12.902406128123403">
        <ele>376.87109375</ele>
        <time>2012-08-07T14:31:50Z</time>
      </trkpt>
      <trkpt lat="67.886314122006297" lon="12.902388023212552">
        <ele>374.12890625</ele>
        <time>2012-08-07T14:31:53Z</time>
      </trkpt>
      <trkpt lat="67.886325940489769" lon="12.90227897465229">
        <ele>368.8515625</ele>
        <time>2012-08-07T14:32:06Z</time>
      </trkpt>
      <trkpt lat="67.886336166411638" lon="12.902262797579169">
        <ele>366.94140625</ele>
        <time>2012-08-07T14:32:08Z</time>
      </trkpt>
      <trkpt lat="67.88636994548142" lon="12.902129860594869">
        <ele>357.54296875</ele>
        <time>2012-08-07T14:32:24Z</time>
      </trkpt>
      <trkpt lat="67.886374974623322" lon="12.902045790106058">
        <ele>351.5859375</ele>
        <time>2012-08-07T14:32:30Z</time>
      </trkpt>
      <trkpt lat="67.886371035128832" lon="12.902027685195208">
        <ele>351.00390625</ele>
        <time>2012-08-07T14:32:32Z</time>
      </trkpt>
      <trkpt lat="67.886435994878411" lon="12.901956858113408">
        <ele>338.90234375</ele>
        <time>2012-08-07T14:32:42Z</time>
      </trkpt>
      <trkpt lat="67.886489890515804" lon="12.901875637471676">
        <ele>330.859375</ele>
        <time>2012-08-07T14:32:53Z</time>
      </trkpt>
      <trkpt lat="67.886510090902448" lon="12.901765247806907">
        <ele>323.58984375</ele>
        <time>2012-08-07T14:33:08Z</time>
      </trkpt>
      <trkpt lat="67.886529536917806" lon="12.901632729917765">
        <ele>315.56640625</ele>
        <time>2012-08-07T14:33:21Z</time>
      </trkpt>
      <trkpt lat="67.886536493897438" lon="12.901579923927784">
        <ele>312.73046875</ele>
        <time>2012-08-07T14:33:28Z</time>
      </trkpt>
      <trkpt lat="67.886572871357203" lon="12.901553688570857">
        <ele>311.75390625</ele>
        <time>2012-08-07T14:33:36Z</time>
      </trkpt>
      <trkpt lat="67.886606985703111" lon="12.901512365788221">
        <ele>310.69921875</ele>
        <time>2012-08-07T14:34:15Z</time>
      </trkpt>
      <trkpt lat="67.886620899662375" lon="12.901393761858344">
        <ele>309.95703125</ele>
        <time>2012-08-07T14:34:35Z</time>
      </trkpt>
      <trkpt lat="67.886628359556198" lon="12.901384625583887">
        <ele>309.63671875</ele>
        <time>2012-08-07T14:34:37Z</time>
      </trkpt>
      <trkpt lat="67.88663238286972" lon="12.901340955868363">
        <ele>309.33203125</ele>
        <time>2012-08-07T14:34:48Z</time>
      </trkpt>
      <trkpt lat="67.886632131412625" lon="12.901334250345826">
        <ele>309.3203125</ele>
        <time>2012-08-07T14:34:49Z</time>
      </trkpt>
      <trkpt lat="67.886655265465379" lon="12.901299297809601">
        <ele>308.15625</ele>
        <time>2012-08-07T14:34:59Z</time>
      </trkpt>
      <trkpt lat="67.886659540235996" lon="12.901220424100757">
        <ele>307.5625</ele>
        <time>2012-08-07T14:35:07Z</time>
      </trkpt>
      <trkpt lat="67.886671693995595" lon="12.90114339441061">
        <ele>306.49609375</ele>
        <time>2012-08-07T14:35:15Z</time>
      </trkpt>
      <trkpt lat="67.886671693995595" lon="12.901130151003599">
        <ele>306.421875</ele>
        <time>2012-08-07T14:35:16Z</time>
      </trkpt>
      <trkpt lat="67.886718884110451" lon="12.901087822392583">
        <ele>303.37890625</ele>
        <time>2012-08-07T14:35:25Z</time>
      </trkpt>
      <trkpt lat="67.886722823604941" lon="12.901043817400932">
        <ele>302.74609375</ele>
        <time>2012-08-07T14:35:29Z</time>
      </trkpt>
      <trkpt lat="67.886739335954189" lon="12.900966452434659">
        <ele>300.234375</ele>
        <time>2012-08-07T14:35:38Z</time>
      </trkpt>
      <trkpt lat="67.886744029819965" lon="12.900935439392924">
        <ele>299.28125</ele>
        <time>2012-08-07T14:35:40Z</time>
      </trkpt>
      <trkpt lat="67.886753249913454" lon="12.900831839069724">
        <ele>296.53125</ele>
        <time>2012-08-07T14:35:50Z</time>
      </trkpt>
      <trkpt lat="67.886737156659365" lon="12.900685574859381">
        <ele>294.328125</ele>
        <time>2012-08-07T14:36:03Z</time>
      </trkpt>
      <trkpt lat="67.886735228821635" lon="12.900658585131168">
        <ele>293.8515625</ele>
        <time>2012-08-07T14:36:05Z</time>
      </trkpt>
      <trkpt lat="67.886733636260033" lon="12.900535371154547">
        <ele>291.27734375</ele>
        <time>2012-08-07T14:36:14Z</time>
      </trkpt>
      <trkpt lat="67.886765990406275" lon="12.900446355342865">
        <ele>288.0859375</ele>
        <time>2012-08-07T14:36:31Z</time>
      </trkpt>
      <trkpt lat="67.886801864951849" lon="12.900347784161568">
        <ele>285.4140625</ele>
        <time>2012-08-07T14:36:45Z</time>
      </trkpt>
      <trkpt lat="67.886816868558526" lon="12.900250051170588">
        <ele>283.7734375</ele>
        <time>2012-08-07T14:36:52Z</time>
      </trkpt>
      <trkpt lat="67.886825082823634" lon="12.900248961523175">
        <ele>283.32421875</ele>
        <time>2012-08-07T14:36:54Z</time>
      </trkpt>
      <trkpt lat="67.886871518567204" lon="12.900187186896801">
        <ele>280.2578125</ele>
        <time>2012-08-07T14:37:08Z</time>
      </trkpt>
      <trkpt lat="67.886902196332812" lon="12.90009087882936">
        <ele>277.64453125</ele>
        <time>2012-08-07T14:37:20Z</time>
      </trkpt>
      <trkpt lat="67.886913763359189" lon="12.900015776976943">
        <ele>276.24609375</ele>
        <time>2012-08-07T14:37:27Z</time>
      </trkpt>
      <trkpt lat="67.886931281536818" lon="12.899910164996982">
        <ele>274.140625</ele>
        <time>2012-08-07T14:37:36Z</time>
      </trkpt>
      <trkpt lat="67.887001940980554" lon="12.899879822507501">
        <ele>270.25390625</ele>
        <time>2012-08-07T14:37:56Z</time>
      </trkpt>
      <trkpt lat="67.887024069204926" lon="12.899794662371278">
        <ele>268.19140625</ele>
        <time>2012-08-07T14:38:06Z</time>
      </trkpt>
      <trkpt lat="67.887061117216945" lon="12.899663737043738">
        <ele>264.90234375</ele>
        <time>2012-08-07T14:38:21Z</time>
      </trkpt>
      <trkpt lat="67.88708089850843" lon="12.899561645463109">
        <ele>262.68359375</ele>
        <time>2012-08-07T14:38:30Z</time>
      </trkpt>
      <trkpt lat="67.887083077803254" lon="12.89954848587513">
        <ele>262.41015625</ele>
        <time>2012-08-07T14:38:31Z</time>
      </trkpt>
      <trkpt lat="67.887108055874705" lon="12.899478245526552">
        <ele>260.45703125</ele>
        <time>2012-08-07T14:38:42Z</time>
      </trkpt>
      <trkpt lat="67.887130351737142" lon="12.899388391524553">
        <ele>258.31640625</ele>
        <time>2012-08-07T14:38:53Z</time>
      </trkpt>
      <trkpt lat="67.887140996754169" lon="12.899240450933576">
        <ele>255.42578125</ele>
        <time>2012-08-07T14:39:04Z</time>
      </trkpt>
      <trkpt lat="67.887176452204585" lon="12.899159230291843">
        <ele>252.6328125</ele>
        <time>2012-08-07T14:39:14Z</time>
      </trkpt>
      <trkpt lat="67.887224145233631" lon="12.899105167016387">
        <ele>249.80078125</ele>
        <time>2012-08-07T14:39:26Z</time>
      </trkpt>
      <trkpt lat="67.887253733351827" lon="12.898997543379664">
        <ele>246.69140625</ele>
        <time>2012-08-07T14:39:36Z</time>
      </trkpt>
      <trkpt lat="67.88725046440959" lon="12.898895032703876">
        <ele>244.97265625</ele>
        <time>2012-08-07T14:39:42Z</time>
      </trkpt>
      <trkpt lat="67.887276532128453" lon="12.898742565885186">
        <ele>241.08203125</ele>
        <time>2012-08-07T14:39:56Z</time>
      </trkpt>
      <trkpt lat="67.887276280671358" lon="12.898636786267161">
        <ele>239.08203125</ele>
        <time>2012-08-07T14:40:06Z</time>
      </trkpt>
      <trkpt lat="67.887305784970522" lon="12.898520361632109">
        <ele>235.62109375</ele>
        <time>2012-08-07T14:40:20Z</time>
      </trkpt>
      <trkpt lat="67.887338055297732" lon="12.898484067991376">
        <ele>233.5546875</ele>
        <time>2012-08-07T14:40:33Z</time>
      </trkpt>
      <trkpt lat="67.887337887659669" lon="12.898506866768003">
        <ele>234</ele>
        <time>2012-08-07T14:41:10Z</time>
      </trkpt>
      <trkpt lat="67.887360937893391" lon="12.898504184558988">
        <ele>232.97265625</ele>
        <time>2012-08-07T14:42:51Z</time>
      </trkpt>
      <trkpt lat="67.887445259839296" lon="12.898530419915915">
        <ele>229.91015625</ele>
        <time>2012-08-07T14:43:30Z</time>
      </trkpt>
      <trkpt lat="67.887462358921766" lon="12.89846227504313">
        <ele>227.84765625</ele>
        <time>2012-08-07T14:43:48Z</time>
      </trkpt>
      <trkpt lat="67.887486750259995" lon="12.898438470438123">
        <ele>226.34375</ele>
        <time>2012-08-07T14:43:58Z</time>
      </trkpt>
      <trkpt lat="67.887503178790212" lon="12.898401925340295">
        <ele>224.921875</ele>
        <time>2012-08-07T14:44:03Z</time>
      </trkpt>
      <trkpt lat="67.887514494359493" lon="12.898317016661167">
        <ele>222.7578125</ele>
        <time>2012-08-07T14:44:10Z</time>
      </trkpt>
      <trkpt lat="67.887532850727439" lon="12.898207549005747">
        <ele>219.6796875</ele>
        <time>2012-08-07T14:44:19Z</time>
      </trkpt>
      <trkpt lat="67.887581633403897" lon="12.898030355572701">
        <ele>214.19921875</ele>
        <time>2012-08-07T14:44:31Z</time>
      </trkpt>
      <trkpt lat="67.88759982213378" lon="12.897877553477883">
        <ele>209.48046875</ele>
        <time>2012-08-07T14:44:40Z</time>
      </trkpt>
      <trkpt lat="67.887602420523763" lon="12.897855928167701">
        <ele>208.8046875</ele>
        <time>2012-08-07T14:44:41Z</time>
      </trkpt>
      <trkpt lat="67.887617256492376" lon="12.897747717797756">
        <ele>205.37890625</ele>
        <time>2012-08-07T14:44:51Z</time>
      </trkpt>
      <trkpt lat="67.887628823518753" lon="12.897597765550017">
        <ele>202.9609375</ele>
        <time>2012-08-07T14:45:07Z</time>
      </trkpt>
      <trkpt lat="67.887679282575846" lon="12.897411854937673">
        <ele>200.66796875</ele>
        <time>2012-08-07T14:45:20Z</time>
      </trkpt>
      <trkpt lat="67.887711469084024" lon="12.897236337885261">
        <ele>198.5</ele>
        <time>2012-08-07T14:45:31Z</time>
      </trkpt>
      <trkpt lat="67.887750780209899" lon="12.897110944613814">
        <ele>196.19140625</ele>
        <time>2012-08-07T14:45:43Z</time>
      </trkpt>
      <trkpt lat="67.887783721089363" lon="12.897101473063231">
        <ele>195.23828125</ele>
        <time>2012-08-07T14:45:50Z</time>
      </trkpt>
      <trkpt lat="67.887823786586523" lon="12.896988233551383">
        <ele>192.20703125</ele>
        <time>2012-08-07T14:46:00Z</time>
      </trkpt>
      <trkpt lat="67.88786368444562" lon="12.896974738687277">
        <ele>190.94140625</ele>
        <time>2012-08-07T14:46:04Z</time>
      </trkpt>
      <trkpt lat="67.887891596183181" lon="12.896915143355727">
        <ele>189.0859375</ele>
        <time>2012-08-07T14:46:07Z</time>
      </trkpt>
      <trkpt lat="67.88788178935647" lon="12.896765861660242">
        <ele>186.50390625</ele>
        <time>2012-08-07T14:46:13Z</time>
      </trkpt>
      <trkpt lat="67.887897631153464" lon="12.896731663495302">
        <ele>185.3984375</ele>
        <time>2012-08-07T14:46:15Z</time>
      </trkpt>
      <trkpt lat="67.887956136837602" lon="12.896641977131367">
        <ele>181.921875</ele>
        <time>2012-08-07T14:46:22Z</time>
      </trkpt>
      <trkpt lat="67.887964686378837" lon="12.896629991009831">
        <ele>181.42578125</ele>
        <time>2012-08-07T14:46:23Z</time>
      </trkpt>
      <trkpt lat="67.8879682905972" lon="12.896607695147395">
        <ele>180.8671875</ele>
        <time>2012-08-07T14:46:24Z</time>
      </trkpt>
      <trkpt lat="67.887964434921741" lon="12.896438548341393">
        <ele>178.5390625</ele>
        <time>2012-08-07T14:46:30Z</time>
      </trkpt>
      <trkpt lat="67.887978432700038" lon="12.896319944411516">
        <ele>176.46875</ele>
        <time>2012-08-07T14:46:35Z</time>
      </trkpt>
      <trkpt lat="67.887976840138435" lon="12.896144259721041">
        <ele>174.10546875</ele>
        <time>2012-08-07T14:46:41Z</time>
      </trkpt>
      <trkpt lat="67.887988993898034" lon="12.896087598055601">
        <ele>172.91796875</ele>
        <time>2012-08-07T14:46:44Z</time>
      </trkpt>
      <trkpt lat="67.888012798503041" lon="12.896109223365784">
        <ele>172.4140625</ele>
        <time>2012-08-07T14:46:46Z</time>
      </trkpt>
      <trkpt lat="67.888029562309384" lon="12.896058345213532">
        <ele>171.1328125</ele>
        <time>2012-08-07T14:46:50Z</time>
      </trkpt>
      <trkpt lat="67.888032495975494" lon="12.895919876173139">
        <ele>169.28125</ele>
        <time>2012-08-07T14:46:54Z</time>
      </trkpt>
      <trkpt lat="67.88808018900454" lon="12.895712172612548">
        <ele>164.99609375</ele>
        <time>2012-08-07T14:47:04Z</time>
      </trkpt>
      <trkpt lat="67.888086223974824" lon="12.895659282803535">
        <ele>164.24609375</ele>
        <time>2012-08-07T14:47:06Z</time>
      </trkpt>
      <trkpt lat="67.888101479038596" lon="12.895627934485674">
        <ele>163.6796875</ele>
        <time>2012-08-07T14:47:08Z</time>
      </trkpt>
      <trkpt lat="67.888109525665641" lon="12.895580660551786">
        <ele>162.99609375</ele>
        <time>2012-08-07T14:47:10Z</time>
      </trkpt>
      <trkpt lat="67.888100640848279" lon="12.895484855398536">
        <ele>161.89453125</ele>
        <time>2012-08-07T14:47:14Z</time>
      </trkpt>
      <trkpt lat="67.88811732083559" lon="12.895408999174833">
        <ele>161.10546875</ele>
        <time>2012-08-07T14:47:17Z</time>
      </trkpt>
      <trkpt lat="67.888112375512719" lon="12.895253766328096">
        <ele>160.01171875</ele>
        <time>2012-08-07T14:47:21Z</time>
      </trkpt>
      <trkpt lat="67.888106843456626" lon="12.895179335027933">
        <ele>159.52734375</ele>
        <time>2012-08-07T14:47:23Z</time>
      </trkpt>
      <trkpt lat="67.888122852891684" lon="12.895110184326768">
        <ele>158.80859375</ele>
        <time>2012-08-07T14:47:26Z</time>
      </trkpt>
      <trkpt lat="67.888126960024238" lon="12.894875993952155">
        <ele>157.24609375</ele>
        <time>2012-08-07T14:47:34Z</time>
      </trkpt>
      <trkpt lat="67.888146741315722" lon="12.894802819937468">
        <ele>156.8125</ele>
        <time>2012-08-07T14:47:37Z</time>
      </trkpt>
      <trkpt lat="67.8881617449224" lon="12.894526468589902">
        <ele>156.01953125</ele>
        <time>2012-08-07T14:47:48Z</time>
      </trkpt>
      <trkpt lat="67.888182867318392" lon="12.89409245364368">
        <ele>154.94140625</ele>
        <time>2012-08-07T14:48:02Z</time>
      </trkpt>
      <trkpt lat="67.888198625296354" lon="12.894050879403949">
        <ele>154.64453125</ele>
        <time>2012-08-07T14:48:14Z</time>
      </trkpt>
      <trkpt lat="67.888203989714384" lon="12.89397619664669">
        <ele>154.45703125</ele>
        <time>2012-08-07T14:48:17Z</time>
      </trkpt>
      <trkpt lat="67.888327622786164" lon="12.893698923289776">
        <ele>152.3984375</ele>
        <time>2012-08-07T14:48:30Z</time>
      </trkpt>
      <trkpt lat="67.888536499813199" lon="12.893787855282426">
        <ele>149.34765625</ele>
        <time>2012-08-07T14:48:46Z</time>
      </trkpt>
      <trkpt lat="67.888546977192163" lon="12.893787268549204">
        <ele>149.19140625</ele>
        <time>2012-08-07T14:48:47Z</time>
      </trkpt>
      <trkpt lat="67.888627694919705" lon="12.893751477822661">
        <ele>147.80859375</ele>
        <time>2012-08-07T14:48:54Z</time>
      </trkpt>
      <trkpt lat="67.888709669932723" lon="12.893570093438029">
        <ele>145.19921875</ele>
        <time>2012-08-07T14:49:02Z</time>
      </trkpt>
      <trkpt lat="67.888720985502005" lon="12.893552323803306">
        <ele>144.859375</ele>
        <time>2012-08-07T14:49:03Z</time>
      </trkpt>
      <trkpt lat="67.888786364346743" lon="12.893456351011992">
        <ele>142.859375</ele>
        <time>2012-08-07T14:49:09Z</time>
      </trkpt>
      <trkpt lat="67.888795165345073" lon="12.893438329920173">
        <ele>142.546875</ele>
        <time>2012-08-07T14:49:10Z</time>
      </trkpt>
      <trkpt lat="67.888832548633218" lon="12.893345793709159">
        <ele>141.05859375</ele>
        <time>2012-08-07T14:49:16Z</time>
      </trkpt>
      <trkpt lat="67.888834225013852" lon="12.893323833122849">
        <ele>140.859375</ele>
        <time>2012-08-07T14:49:17Z</time>
      </trkpt>
      <trkpt lat="67.888847887516022" lon="12.893028371036053">
        <ele>139.95703125</ele>
        <time>2012-08-07T14:49:25Z</time>
      </trkpt>
      <trkpt lat="67.888923659920692" lon="12.892802143469453">
        <ele>136.87890625</ele>
        <time>2012-08-07T14:49:36Z</time>
      </trkpt>
      <trkpt lat="67.888966826722026" lon="12.892859475687146">
        <ele>135.43359375</ele>
        <time>2012-08-07T14:49:40Z</time>
      </trkpt>
      <trkpt lat="67.889022566378117" lon="12.892879340797663">
        <ele>133.46875</ele>
        <time>2012-08-07T14:49:44Z</time>
      </trkpt>
      <trkpt lat="67.88905399851501" lon="12.892847321927547">
        <ele>132.06640625</ele>
        <time>2012-08-07T14:49:47Z</time>
      </trkpt>
      <trkpt lat="67.88910923525691" lon="12.892697369679809">
        <ele>128.55078125</ele>
        <time>2012-08-07T14:49:57Z</time>
      </trkpt>
      <trkpt lat="67.889115689322352" lon="12.892594775184989">
        <ele>128.53125</ele>
        <time>2012-08-07T14:50:00Z</time>
      </trkpt>
      <trkpt lat="67.889171680435538" lon="12.892545657232404">
        <ele>126.15234375</ele>
        <time>2012-08-07T14:50:08Z</time>
      </trkpt>
      <trkpt lat="67.889188276603818" lon="12.892503244802356">
        <ele>125.48828125</ele>
        <time>2012-08-07T14:50:10Z</time>
      </trkpt>
      <trkpt lat="67.889200262725353" lon="12.8924301546067">
        <ele>125.2109375</ele>
        <time>2012-08-07T14:50:14Z</time>
      </trkpt>
      <trkpt lat="67.889184923842549" lon="12.892300151288509">
        <ele>126.015625</ele>
        <time>2012-08-07T14:50:21Z</time>
      </trkpt>
      <trkpt lat="67.889226917177439" lon="12.892126981168985">
        <ele>124.69921875</ele>
        <time>2012-08-07T14:50:29Z</time>
      </trkpt>
      <trkpt lat="67.889264551922679" lon="12.891994547098875">
        <ele>123.10546875</ele>
        <time>2012-08-07T14:50:35Z</time>
      </trkpt>
      <trkpt lat="67.889296738430858" lon="12.891852138563991">
        <ele>121.49609375</ele>
        <time>2012-08-07T14:50:41Z</time>
      </trkpt>
      <trkpt lat="67.889324482530355" lon="12.891820538789034">
        <ele>120.21875</ele>
        <time>2012-08-07T14:50:43Z</time>
      </trkpt>
      <trkpt lat="67.889344766736031" lon="12.891778042539954">
        <ele>119.1875</ele>
        <time>2012-08-07T14:50:45Z</time>
      </trkpt>
      <trkpt lat="67.88937795907259" lon="12.891646279022098">
        <ele>117.15625</ele>
        <time>2012-08-07T14:50:50Z</time>
      </trkpt>
      <trkpt lat="67.88938625715673" lon="12.89153303951025">
        <ele>116.44921875</ele>
        <time>2012-08-07T14:50:54Z</time>
      </trkpt>
      <trkpt lat="67.889434536918998" lon="12.891421392560005">
        <ele>113.99609375</ele>
        <time>2012-08-07T14:51:00Z</time>
      </trkpt>
      <trkpt lat="67.889487342908978" lon="12.891232380643487">
        <ele>111.296875</ele>
        <time>2012-08-07T14:51:07Z</time>
      </trkpt>
      <trkpt lat="67.88949865847826" lon="12.891171779483557">
        <ele>110.7109375</ele>
        <time>2012-08-07T14:51:10Z</time>
      </trkpt>
      <trkpt lat="67.889552973210812" lon="12.89117437787354">
        <ele>108.1484375</ele>
        <time>2012-08-07T14:51:15Z</time>
      </trkpt>
      <trkpt lat="67.889577029272914" lon="12.89113188162446">
        <ele>106.984375</ele>
        <time>2012-08-07T14:51:21Z</time>
      </trkpt>
      <trkpt lat="67.889583399519324" lon="12.891036663204432">
        <ele>106.63671875</ele>
        <time>2012-08-07T14:51:25Z</time>
      </trkpt>
      <trkpt lat="67.889587339013815" lon="12.891013696789742">
        <ele>106.203125</ele>
        <time>2012-08-07T14:51:27Z</time>
      </trkpt>
      <trkpt lat="67.88967995904386" lon="12.890763077884912">
        <ele>97.92578125</ele>
        <time>2012-08-07T14:51:39Z</time>
      </trkpt>
      <trkpt lat="67.889690436422825" lon="12.890670541673899">
        <ele>95.859375</ele>
        <time>2012-08-07T14:51:42Z</time>
      </trkpt>
      <trkpt lat="67.889731675386429" lon="12.890700045973063">
        <ele>93.859375</ele>
        <time>2012-08-07T14:51:47Z</time>
      </trkpt>
      <trkpt lat="67.88977324962616" lon="12.890666266903281">
        <ele>91.11328125</ele>
        <time>2012-08-07T14:51:52Z</time>
      </trkpt>
      <trkpt lat="67.889788588508964" lon="12.890618490055203">
        <ele>89.53125</ele>
        <time>2012-08-07T14:51:55Z</time>
      </trkpt>
      <trkpt lat="67.889804849401116" lon="12.890456048771739">
        <ele>86.21875</ele>
        <time>2012-08-07T14:52:03Z</time>
      </trkpt>
      <trkpt lat="67.88980602286756" lon="12.890434255823493">
        <ele>86.12109375</ele>
        <time>2012-08-07T14:52:04Z</time>
      </trkpt>
      <trkpt lat="67.889829659834504" lon="12.890303749591112">
        <ele>84.73828125</ele>
        <time>2012-08-07T14:52:12Z</time>
      </trkpt>
      <trkpt lat="67.889869892969728" lon="12.890185648575425">
        <ele>82.5703125</ele>
        <time>2012-08-07T14:52:19Z</time>
      </trkpt>
      <trkpt lat="67.889899397268891" lon="12.890155473724008">
        <ele>81.09375</ele>
        <time>2012-08-07T14:52:22Z</time>
      </trkpt>
      <trkpt lat="67.889921441674232" lon="12.890101158991456">
        <ele>79.91015625</ele>
        <time>2012-08-07T14:52:25Z</time>
      </trkpt>
      <trkpt lat="67.889955136924982" lon="12.890078360214829">
        <ele>78.234375</ele>
        <time>2012-08-07T14:52:29Z</time>
      </trkpt>
      <trkpt lat="67.889960836619139" lon="12.889977945014834">
        <ele>77.70703125</ele>
        <time>2012-08-07T14:52:33Z</time>
      </trkpt>
      <trkpt lat="67.890024874359369" lon="12.889801589772105">
        <ele>73.796875</ele>
        <time>2012-08-07T14:52:42Z</time>
      </trkpt>
      <trkpt lat="67.890038369223475" lon="12.889765799045563">
        <ele>72.94921875</ele>
        <time>2012-08-07T14:52:44Z</time>
      </trkpt>
      <trkpt lat="67.890102155506611" lon="12.889699749648571">
        <ele>69.48828125</ele>
        <time>2012-08-07T14:52:49Z</time>
      </trkpt>
      <trkpt lat="67.890160661190748" lon="12.88968013599515">
        <ele>66.5390625</ele>
        <time>2012-08-07T14:52:52Z</time>
      </trkpt>
      <trkpt lat="67.890256885439157" lon="12.889759177342057">
        <ele>62.28515625</ele>
        <time>2012-08-07T14:53:01Z</time>
      </trkpt>
      <trkpt lat="67.890299716964364" lon="12.889848863705993">
        <ele>60.6875</ele>
        <time>2012-08-07T14:53:07Z</time>
      </trkpt>
      <trkpt lat="67.890315474942327" lon="12.889928575605154">
        <ele>60.81640625</ele>
        <time>2012-08-07T14:53:20Z</time>
      </trkpt>
      <trkpt lat="67.890309356153011" lon="12.889949698001146">
        <ele>60.984375</ele>
        <time>2012-08-07T15:01:35Z</time>
      </trkpt>
      <trkpt lat="67.890308937057853" lon="12.889951039105654">
        <ele>60.99609375</ele>
        <time>2012-08-07T15:01:36Z</time>
      </trkpt>
      <trkpt lat="67.89032637141645" lon="12.889966880902648">
        <ele>60.8125</ele>
        <time>2012-08-07T15:03:20Z</time>
      </trkpt>
      <trkpt lat="67.890325197950006" lon="12.889959588646889">
        <ele>60.80078125</ele>
        <time>2012-08-07T15:03:40Z</time>
      </trkpt>
      <trkpt lat="67.89028144441545" lon="12.889761691913009">
        <ele>61.10546875</ele>
        <time>2012-08-07T15:04:12Z</time>
      </trkpt>
      <trkpt lat="67.890259483829141" lon="12.889372939243913">
        <ele>60.0703125</ele>
        <time>2012-08-07T15:04:25Z</time>
      </trkpt>
      <trkpt lat="67.89029804058373" lon="12.889023832976818">
        <ele>56.93359375</ele>
        <time>2012-08-07T15:04:40Z</time>
      </trkpt>
      <trkpt lat="67.890320084989071" lon="12.88905568420887">
        <ele>56.5859375</ele>
        <time>2012-08-07T15:04:51Z</time>
      </trkpt>
      <trkpt lat="67.890321845188737" lon="12.88924528285861">
        <ele>57.25390625</ele>
        <time>2012-08-07T15:05:04Z</time>
      </trkpt>
      <trkpt lat="67.890319162979722" lon="12.889169845730066">
        <ele>57.01953125</ele>
        <time>2012-08-07T15:05:19Z</time>
      </trkpt>
      <trkpt lat="67.890304829925299" lon="12.889058366417885">
        <ele>56.83203125</ele>
        <time>2012-08-07T15:05:23Z</time>
      </trkpt>
      <trkpt lat="67.890328885987401" lon="12.88891302421689">
        <ele>55.92578125</ele>
        <time>2012-08-07T15:05:28Z</time>
      </trkpt>
      <trkpt lat="67.890328885987401" lon="12.888700291514397">
        <ele>55.34375</ele>
        <time>2012-08-07T15:05:35Z</time>
      </trkpt>
      <trkpt lat="67.890364928171039" lon="12.888567354530096">
        <ele>54.48046875</ele>
        <time>2012-08-07T15:05:40Z</time>
      </trkpt>
      <trkpt lat="67.890470288693905" lon="12.888256637379527">
        <ele>51.953125</ele>
        <time>2012-08-07T15:05:53Z</time>
      </trkpt>
      <trkpt lat="67.890540361404419" lon="12.888018423691392">
        <ele>49.71484375</ele>
        <time>2012-08-07T15:06:07Z</time>
      </trkpt>
      <trkpt lat="67.890546396374702" lon="12.887972826138139">
        <ele>49.44140625</ele>
        <time>2012-08-07T15:06:34Z</time>
      </trkpt>
      <trkpt lat="67.890547150745988" lon="12.88796067237854">
        <ele>49.3828125</ele>
        <time>2012-08-07T15:06:49Z</time>
      </trkpt>
      <trkpt lat="67.890442293137312" lon="12.887586755678058">
        <ele>49.48046875</ele>
        <time>2012-08-07T15:07:03Z</time>
      </trkpt>
      <trkpt lat="67.890422092750669" lon="12.887472258880734">
        <ele>49.69921875</ele>
        <time>2012-08-07T15:07:07Z</time>
      </trkpt>
      <trkpt lat="67.890397785231471" lon="12.887353487312794">
        <ele>49.9609375</ele>
        <time>2012-08-07T15:07:18Z</time>
      </trkpt>
      <trkpt lat="67.890394767746329" lon="12.887350469827652">
        <ele>49.9921875</ele>
        <time>2012-08-07T15:07:23Z</time>
      </trkpt>
      <trkpt lat="67.890379345044494" lon="12.887010583654046">
        <ele>50.375</ele>
        <time>2012-08-07T15:07:34Z</time>
      </trkpt>
      <trkpt lat="67.890372388064861" lon="12.886902876198292">
        <ele>50.62109375</ele>
        <time>2012-08-07T15:07:38Z</time>
      </trkpt>
      <trkpt lat="67.890402479097247" lon="12.886628452688456">
        <ele>50.67578125</ele>
        <time>2012-08-07T15:07:47Z</time>
      </trkpt>
      <trkpt lat="67.890410525724292" lon="12.886485038325191">
        <ele>52.34375</ele>
        <time>2012-08-07T15:07:51Z</time>
      </trkpt>
      <trkpt lat="67.890474144369364" lon="12.886379091069102">
        <ele>52.7421875</ele>
        <time>2012-08-07T15:07:57Z</time>
      </trkpt>
      <trkpt lat="67.890532985329628" lon="12.886333074420691">
        <ele>52.0859375</ele>
        <time>2012-08-07T15:08:05Z</time>
      </trkpt>
      <trkpt lat="67.890630634501576" lon="12.88603107444942">
        <ele>52.3671875</ele>
        <time>2012-08-07T15:08:18Z</time>
      </trkpt>
      <trkpt lat="67.890658797696233" lon="12.885843738913536">
        <ele>52.29296875</ele>
        <time>2012-08-07T15:08:25Z</time>
      </trkpt>
      <trkpt lat="67.89068553596735" lon="12.885686242952943">
        <ele>51.921875</ele>
        <time>2012-08-07T15:08:30Z</time>
      </trkpt>
      <trkpt lat="67.890683859586716" lon="12.885633185505867">
        <ele>52.1953125</ele>
        <time>2012-08-07T15:08:32Z</time>
      </trkpt>
      <trkpt lat="67.890694588422775" lon="12.885233955457807">
        <ele>52.30859375</ele>
        <time>2012-08-07T15:08:45Z</time>
      </trkpt>
      <trkpt lat="67.890695845708251" lon="12.885065143927932">
        <ele>52.25</ele>
        <time>2012-08-07T15:08:50Z</time>
      </trkpt>
      <trkpt lat="67.89072023704648" lon="12.884987024590373">
        <ele>51.15234375</ele>
        <time>2012-08-07T15:08:54Z</time>
      </trkpt>
      <trkpt lat="67.89070263504982" lon="12.884865738451481">
        <ele>52.25</ele>
        <time>2012-08-07T15:08:58Z</time>
      </trkpt>
      <trkpt lat="67.89069919846952" lon="12.884766245260835">
        <ele>52.921875</ele>
        <time>2012-08-07T15:09:01Z</time>
      </trkpt>
      <trkpt lat="67.89068017154932" lon="12.884628027677536">
        <ele>54.66796875</ele>
        <time>2012-08-07T15:09:06Z</time>
      </trkpt>
      <trkpt lat="67.890659887343645" lon="12.884584190323949">
        <ele>56.05859375</ele>
        <time>2012-08-07T15:09:09Z</time>
      </trkpt>
      <trkpt lat="67.890650583431125" lon="12.884414372965693">
        <ele>57.71875</ele>
        <time>2012-08-07T15:09:17Z</time>
      </trkpt>
      <trkpt lat="67.890629880130291" lon="12.884325189515948">
        <ele>58.96484375</ele>
        <time>2012-08-07T15:09:21Z</time>
      </trkpt>
      <trkpt lat="67.890636753290892" lon="12.884192336350679">
        <ele>57.59375</ele>
        <time>2012-08-07T15:09:26Z</time>
      </trkpt>
      <trkpt lat="67.890596520155668" lon="12.883966360241175">
        <ele>57.98828125</ele>
        <time>2012-08-07T15:09:35Z</time>
      </trkpt>
      <trkpt lat="67.890605237334967" lon="12.883796542882919">
        <ele>56.57421875</ele>
        <time>2012-08-07T15:09:43Z</time>
      </trkpt>
      <trkpt lat="67.890623174607754" lon="12.883734432980418">
        <ele>56.45703125</ele>
        <time>2012-08-07T15:09:46Z</time>
      </trkpt>
      <trkpt lat="67.890650583431125" lon="12.883631587028503">
        <ele>56.14453125</ele>
        <time>2012-08-07T15:09:51Z</time>
      </trkpt>
      <trkpt lat="67.890671454370022" lon="12.883499739691615">
        <ele>56.20703125</ele>
        <time>2012-08-07T15:09:56Z</time>
      </trkpt>
      <trkpt lat="67.890678746625781" lon="12.883326485753059">
        <ele>57.26953125</ele>
        <time>2012-08-07T15:10:03Z</time>
      </trkpt>
      <trkpt lat="67.890696516260505" lon="12.883246773853898">
        <ele>56.78125</ele>
        <time>2012-08-07T15:10:07Z</time>
      </trkpt>
      <trkpt lat="67.890699533745646" lon="12.883196566253901">
        <ele>57.328125</ele>
        <time>2012-08-07T15:10:09Z</time>
      </trkpt>
      <trkpt lat="67.890724847093225" lon="12.883083075284958">
        <ele>56.91015625</ele>
        <time>2012-08-07T15:10:14Z</time>
      </trkpt>
      <trkpt lat="67.890767846256495" lon="12.882942091673613">
        <ele>54.68359375</ele>
        <time>2012-08-07T15:10:21Z</time>
      </trkpt>
      <trkpt lat="67.890798943117261" lon="12.882758360356092">
        <ele>53.16015625</ele>
        <time>2012-08-07T15:10:30Z</time>
      </trkpt>
      <trkpt lat="67.89080087095499" lon="12.882487876340747">
        <ele>63.25</ele>
        <time>2012-08-07T15:10:45Z</time>
      </trkpt>
      <trkpt lat="67.890779580920935" lon="12.882373463362455">
        <ele>69.98046875</ele>
        <time>2012-08-07T15:10:56Z</time>
      </trkpt>
      <trkpt lat="67.890786454081535" lon="12.882321495562792">
        <ele>71.74609375</ele>
        <time>2012-08-07T15:11:08Z</time>
      </trkpt>
      <trkpt lat="67.890821825712919" lon="12.882314454764128">
        <ele>69.74609375</ele>
        <time>2012-08-07T15:11:24Z</time>
      </trkpt>
      <trkpt lat="67.890836242586374" lon="12.882309257984161">
        <ele>69.06640625</ele>
        <time>2012-08-07T15:11:27Z</time>
      </trkpt>
      <trkpt lat="67.890896340832114" lon="12.882186295464635">
        <ele>72.08203125</ele>
        <time>2012-08-07T15:11:41Z</time>
      </trkpt>
      <trkpt lat="67.890938920900226" lon="12.882082276046276">
        <ele>70.99609375</ele>
        <time>2012-08-07T15:11:52Z</time>
      </trkpt>
      <trkpt lat="67.89095182903111" lon="12.882054364308715">
        <ele>70.12109375</ele>
        <time>2012-08-07T15:11:54Z</time>
      </trkpt>
      <trkpt lat="67.890977477654815" lon="12.881945986300707">
        <ele>68.109375</ele>
        <time>2012-08-07T15:12:00Z</time>
      </trkpt>
      <trkpt lat="67.891003377735615" lon="12.88182838819921">
        <ele>66.109375</ele>
        <time>2012-08-07T15:12:06Z</time>
      </trkpt>
      <trkpt lat="67.89110622368753" lon="12.881571566686034">
        <ele>59.98828125</ele>
        <time>2012-08-07T15:12:21Z</time>
      </trkpt>
      <trkpt lat="67.891151821240783" lon="12.881327234208584">
        <ele>58.8203125</ele>
        <time>2012-08-07T15:12:31Z</time>
      </trkpt>
      <trkpt lat="67.891171518713236" lon="12.881224555894732">
        <ele>58.234375</ele>
        <time>2012-08-07T15:12:35Z</time>
      </trkpt>
      <trkpt lat="67.891266569495201" lon="12.880866983905435">
        <ele>55.8046875</ele>
        <time>2012-08-07T15:12:50Z</time>
      </trkpt>
      <trkpt lat="67.891314094886184" lon="12.880758438259363">
        <ele>54.58203125</ele>
        <time>2012-08-07T15:12:55Z</time>
      </trkpt>
      <trkpt lat="67.891400763764977" lon="12.880479488521814">
        <ele>53.5625</ele>
        <time>2012-08-07T15:13:08Z</time>
      </trkpt>
      <trkpt lat="67.891449294984341" lon="12.880307659506798">
        <ele>52.76171875</ele>
        <time>2012-08-07T15:13:15Z</time>
      </trkpt>
      <trkpt lat="67.891476284712553" lon="12.880266839638352">
        <ele>52.421875</ele>
        <time>2012-08-07T15:13:18Z</time>
      </trkpt>
      <trkpt lat="67.891509225592017" lon="12.880151588469744">
        <ele>52.09765625</ele>
        <time>2012-08-07T15:13:23Z</time>
      </trkpt>
      <trkpt lat="67.891514925286174" lon="12.880093334242702">
        <ele>52.09375</ele>
        <time>2012-08-07T15:13:25Z</time>
      </trkpt>
      <trkpt lat="67.891538562253118" lon="12.879961486905813">
        <ele>51.90625</ele>
        <time>2012-08-07T15:13:31Z</time>
      </trkpt>
      <trkpt lat="67.891529677435756" lon="12.879661498591304">
        <ele>52.4765625</ele>
        <time>2012-08-07T15:13:43Z</time>
      </trkpt>
      <trkpt lat="67.891538897529244" lon="12.879565274342895">
        <ele>52.453125</ele>
        <time>2012-08-07T15:13:47Z</time>
      </trkpt>
      <trkpt lat="67.891528587788343" lon="12.879450442269444">
        <ele>52.79296875</ele>
        <time>2012-08-07T15:13:51Z</time>
      </trkpt>
      <trkpt lat="67.891518780961633" lon="12.879115752875805">
        <ele>53.45703125</ele>
        <time>2012-08-07T15:14:03Z</time>
      </trkpt>
      <trkpt lat="67.891523139551282" lon="12.878942498937249">
        <ele>53.62109375</ele>
        <time>2012-08-07T15:14:12Z</time>
      </trkpt>
      <trkpt lat="67.891536382958293" lon="12.878829929977655">
        <ele>53.5234375</ele>
        <time>2012-08-07T15:14:19Z</time>
      </trkpt>
      <trkpt lat="67.891519451513886" lon="12.878771927207708">
        <ele>53.94140625</ele>
        <time>2012-08-07T15:14:22Z</time>
      </trkpt>
      <trkpt lat="67.891539232805371" lon="12.87857998162508">
        <ele>53.8125</ele>
        <time>2012-08-07T15:14:29Z</time>
      </trkpt>
      <trkpt lat="67.891555577516556" lon="12.878479147329926">
        <ele>53.61328125</ele>
        <time>2012-08-07T15:14:33Z</time>
      </trkpt>
      <trkpt lat="67.8915860876441" lon="12.87832148373127">
        <ele>53.16796875</ele>
        <time>2012-08-07T15:14:40Z</time>
      </trkpt>
      <trkpt lat="67.891618777066469" lon="12.878031972795725">
        <ele>54.68359375</ele>
        <time>2012-08-07T15:14:51Z</time>
      </trkpt>
      <trkpt lat="67.891674935817719" lon="12.877749837934971">
        <ele>55.61328125</ele>
        <time>2012-08-07T15:15:03Z</time>
      </trkpt>
      <trkpt lat="67.891733022406697" lon="12.877512462437153">
        <ele>56.76953125</ele>
        <time>2012-08-07T15:15:14Z</time>
      </trkpt>
      <trkpt lat="67.891762442886829" lon="12.877437444403768">
        <ele>56.47265625</ele>
        <time>2012-08-07T15:15:18Z</time>
      </trkpt>
      <trkpt lat="67.891799574717879" lon="12.877294449135661">
        <ele>56.26953125</ele>
        <time>2012-08-07T15:15:24Z</time>
      </trkpt>
      <trkpt lat="67.891818853095174" lon="12.877117255702615">
        <ele>56.546875</ele>
        <time>2012-08-07T15:15:33Z</time>
      </trkpt>
      <trkpt lat="67.891899570822716" lon="12.876874431967735">
        <ele>52.41796875</ele>
        <time>2012-08-07T15:15:45Z</time>
      </trkpt>
      <trkpt lat="67.891956316307187" lon="12.876748284325004">
        <ele>49.98046875</ele>
        <time>2012-08-07T15:15:55Z</time>
      </trkpt>
      <trkpt lat="67.891982970759273" lon="12.876737220212817">
        <ele>49.375</ele>
        <time>2012-08-07T15:15:58Z</time>
      </trkpt>
      <trkpt lat="67.892064694315195" lon="12.876518871635199">
        <ele>49.48046875</ele>
        <time>2012-08-07T15:16:12Z</time>
      </trkpt>
      <trkpt lat="67.892121523618698" lon="12.876236066222191">
        <ele>50.02734375</ele>
        <time>2012-08-07T15:16:25Z</time>
      </trkpt>
      <trkpt lat="67.892145831137896" lon="12.876034649088979">
        <ele>50.5390625</ele>
        <time>2012-08-07T15:16:33Z</time>
      </trkpt>
      <trkpt lat="67.892175754532218" lon="12.875707754865289">
        <ele>53.7734375</ele>
        <time>2012-08-07T15:16:48Z</time>
      </trkpt>
      <trkpt lat="67.892181118950248" lon="12.875642040744424">
        <ele>54.3671875</ele>
        <time>2012-08-07T15:16:51Z</time>
      </trkpt>
      <trkpt lat="67.892173575237393" lon="12.875426961109042">
        <ele>56.58984375</ele>
        <time>2012-08-07T15:16:59Z</time>
      </trkpt>
      <trkpt lat="67.892169719561934" lon="12.875372478738427">
        <ele>56.96875</ele>
        <time>2012-08-07T15:17:01Z</time>
      </trkpt>
      <trkpt lat="67.8921870701015" lon="12.875275919213891">
        <ele>56.80078125</ele>
        <time>2012-08-07T15:17:05Z</time>
      </trkpt>
      <trkpt lat="67.892184471711516" lon="12.87521917372942">
        <ele>57.140625</ele>
        <time>2012-08-07T15:17:07Z</time>
      </trkpt>
      <trkpt lat="67.892188746482134" lon="12.875044327229261">
        <ele>57.7421875</ele>
        <time>2012-08-07T15:17:14Z</time>
      </trkpt>
      <trkpt lat="67.892203917726874" lon="12.874973667785525">
        <ele>57.45703125</ele>
        <time>2012-08-07T15:17:17Z</time>
      </trkpt>
      <trkpt lat="67.89220567792654" lon="12.874911641702056">
        <ele>57.64453125</ele>
        <time>2012-08-07T15:17:19Z</time>
      </trkpt>
      <trkpt lat="67.892220094799995" lon="12.874786583706737">
        <ele>57.55859375</ele>
        <time>2012-08-07T15:17:25Z</time>
      </trkpt>
      <trkpt lat="67.892263177782297" lon="12.874604947865009">
        <ele>56.37890625</ele>
        <time>2012-08-07T15:17:32Z</time>
      </trkpt>
      <trkpt lat="67.892336435616016" lon="12.874278891831636">
        <ele>54.3125</ele>
        <time>2012-08-07T15:17:47Z</time>
      </trkpt>
      <trkpt lat="67.892363928258419" lon="12.874171352013946">
        <ele>53.48828125</ele>
        <time>2012-08-07T15:17:56Z</time>
      </trkpt>
      <trkpt lat="67.892365856096148" lon="12.874147966504097">
        <ele>53.50390625</ele>
        <time>2012-08-07T15:17:58Z</time>
      </trkpt>
      <trkpt lat="67.892358982935548" lon="12.874044366180897">
        <ele>54.42578125</ele>
        <time>2012-08-07T15:18:04Z</time>
      </trkpt>
      <trkpt lat="67.892376920208335" lon="12.873773882165551">
        <ele>54.5078125</ele>
        <time>2012-08-07T15:18:18Z</time>
      </trkpt>
      <trkpt lat="67.892393935471773" lon="12.873640358448029">
        <ele>53.56640625</ele>
        <time>2012-08-07T15:18:33Z</time>
      </trkpt>
      <trkpt lat="67.892391420900822" lon="12.87364044226706">
        <ele>53.73046875</ele>
        <time>2012-08-07T15:18:54Z</time>
      </trkpt>
      <trkpt lat="67.89238496683538" lon="12.873644549399614">
        <ele>54.15625</ele>
        <time>2012-08-07T15:19:04Z</time>
      </trkpt>
      <trkpt lat="67.892380524426699" lon="12.873577577993274">
        <ele>54.54296875</ele>
        <time>2012-08-07T15:19:17Z</time>
      </trkpt>
      <trkpt lat="67.892374070361257" lon="12.873527454212308">
        <ele>55.05078125</ele>
        <time>2012-08-07T15:19:35Z</time>
      </trkpt>
      <trkpt lat="67.892374154180288" lon="12.873373897746205">
        <ele>55.265625</ele>
        <time>2012-08-07T15:19:49Z</time>
      </trkpt>
      <trkpt lat="67.892371388152242" lon="12.873277757316828">
        <ele>55.6015625</ele>
        <time>2012-08-07T15:19:56Z</time>
      </trkpt>
      <trkpt lat="67.892369627952576" lon="12.873057061806321">
        <ele>56.9921875</ele>
        <time>2012-08-07T15:20:10Z</time>
      </trkpt>
      <trkpt lat="67.892367532476783" lon="12.873031832277775">
        <ele>57.30859375</ele>
        <time>2012-08-07T15:20:11Z</time>
      </trkpt>
      <trkpt lat="67.892345488071442" lon="12.872918844223022">
        <ele>59.8359375</ele>
        <time>2012-08-07T15:20:16Z</time>
      </trkpt>
      <trkpt lat="67.892347164452076" lon="12.872760761529207">
        <ele>60.77734375</ele>
        <time>2012-08-07T15:20:22Z</time>
      </trkpt>
      <trkpt lat="67.892367951571941" lon="12.872677277773619">
        <ele>59.07421875</ele>
        <time>2012-08-07T15:20:26Z</time>
      </trkpt>
      <trkpt lat="67.8923683706671" lon="12.872544843703508">
        <ele>58.57421875</ele>
        <time>2012-08-07T15:20:31Z</time>
      </trkpt>
      <trkpt lat="67.892398545518517" lon="12.872341834008694">
        <ele>55.34375</ele>
        <time>2012-08-07T15:20:38Z</time>
      </trkpt>
      <trkpt lat="67.892400054261088" lon="12.872097250074148">
        <ele>55.05078125</ele>
        <time>2012-08-07T15:20:49Z</time>
      </trkpt>
      <trkpt lat="67.892398545518517" lon="12.87203187122941">
        <ele>55.55078125</ele>
        <time>2012-08-07T15:20:52Z</time>
      </trkpt>
      <trkpt lat="67.892397539690137" lon="12.871811427175999">
        <ele>56.91015625</ele>
        <time>2012-08-07T15:21:04Z</time>
      </trkpt>
      <trkpt lat="67.892395360395312" lon="12.871744623407722">
        <ele>57.4765625</ele>
        <time>2012-08-07T15:21:07Z</time>
      </trkpt>
      <trkpt lat="67.892414471134543" lon="12.871422758325934">
        <ele>56.73828125</ele>
        <time>2012-08-07T15:21:20Z</time>
      </trkpt>
      <trkpt lat="67.892416398972273" lon="12.871320247650146">
        <ele>56.5546875</ele>
        <time>2012-08-07T15:21:24Z</time>
      </trkpt>
      <trkpt lat="67.892419332638383" lon="12.870983630418777">
        <ele>56.44921875</ele>
        <time>2012-08-07T15:21:37Z</time>
      </trkpt>
      <trkpt lat="67.892453782260418" lon="12.870722534134984">
        <ele>53.9765625</ele>
        <time>2012-08-07T15:21:45Z</time>
      </trkpt>
      <trkpt lat="67.892444562166929" lon="12.870589680969715">
        <ele>55.3671875</ele>
        <time>2012-08-07T15:21:50Z</time>
      </trkpt>
      <trkpt lat="67.892423858866096" lon="12.870416259393096">
        <ele>57.4765625</ele>
        <time>2012-08-07T15:21:57Z</time>
      </trkpt>
      <trkpt lat="67.89240357466042" lon="12.870138399302959">
        <ele>58.375</ele>
        <time>2012-08-07T15:22:07Z</time>
      </trkpt>
      <trkpt lat="67.892395025119185" lon="12.869798177853227">
        <ele>57.98046875</ele>
        <time>2012-08-07T15:22:19Z</time>
      </trkpt>
      <trkpt lat="67.892370969057083" lon="12.869629869237542">
        <ele>59.734375</ele>
        <time>2012-08-07T15:22:28Z</time>
      </trkpt>
      <trkpt lat="67.892379183322191" lon="12.86948268301785">
        <ele>58.4921875</ele>
        <time>2012-08-07T15:22:32Z</time>
      </trkpt>
      <trkpt lat="67.892377339303493" lon="12.869233656674623">
        <ele>57.98828125</ele>
        <time>2012-08-07T15:22:42Z</time>
      </trkpt>
      <trkpt lat="67.892380021512508" lon="12.869002148509026">
        <ele>57.21484375</ele>
        <time>2012-08-07T15:22:55Z</time>
      </trkpt>
      <trkpt lat="67.8924201708287" lon="12.868672991171479">
        <ele>53.33984375</ele>
        <time>2012-08-07T15:23:02Z</time>
      </trkpt>
      <trkpt lat="67.892437521368265" lon="12.868566624820232">
        <ele>52.0859375</ele>
        <time>2012-08-07T15:23:05Z</time>
      </trkpt>
      <trkpt lat="67.892501559108496" lon="12.868376774713397">
        <ele>48.58203125</ele>
        <time>2012-08-07T15:23:12Z</time>
      </trkpt>
      <trkpt lat="67.892670370638371" lon="12.868011742830276">
        <ele>47.76171875</ele>
        <time>2012-08-07T15:23:25Z</time>
      </trkpt>
      <trkpt lat="67.892678333446383" lon="12.867979472503066">
        <ele>47.765625</ele>
        <time>2012-08-07T15:23:26Z</time>
      </trkpt>
      <trkpt lat="67.892793249338865" lon="12.867857683449984">
        <ele>46.9375</ele>
        <time>2012-08-07T15:23:33Z</time>
      </trkpt>
      <trkpt lat="67.892883522436023" lon="12.867431379854679">
        <ele>46.09765625</ele>
        <time>2012-08-07T15:23:49Z</time>
      </trkpt>
      <trkpt lat="67.892888719215989" lon="12.867392655462027">
        <ele>46.04296875</ele>
        <time>2012-08-07T15:24:07Z</time>
      </trkpt>
      <trkpt lat="67.892836583778262" lon="12.866948330774903">
        <ele>46.109375</ele>
        <time>2012-08-07T15:24:23Z</time>
      </trkpt>
      <trkpt lat="67.892800122499466" lon="12.866784296929836">
        <ele>45.984375</ele>
        <time>2012-08-07T15:24:38Z</time>
      </trkpt>
      <trkpt lat="67.892825352028012" lon="12.866797037422657">
        <ele>45.8359375</ele>
        <time>2012-08-07T15:24:45Z</time>
      </trkpt>
      <trkpt lat="67.892791572958231" lon="12.866565696895123">
        <ele>45.4296875</ele>
        <time>2012-08-07T15:24:54Z</time>
      </trkpt>
      <trkpt lat="67.892764918506145" lon="12.866502748802304">
        <ele>45.30859375</ele>
        <time>2012-08-07T15:24:57Z</time>
      </trkpt>
      <trkpt lat="67.892754189670086" lon="12.866414235904813">
        <ele>44.9765625</ele>
        <time>2012-08-07T15:25:00Z</time>
      </trkpt>
      <trkpt lat="67.892730720341206" lon="12.866339553147554">
        <ele>44.62109375</ele>
        <time>2012-08-07T15:25:03Z</time>
      </trkpt>
      <trkpt lat="67.892687637358904" lon="12.866082480177283">
        <ele>42.98046875</ele>
        <time>2012-08-07T15:25:12Z</time>
      </trkpt>
      <trkpt lat="67.892650337889791" lon="12.866003438830376">
        <ele>42.00390625</ele>
        <time>2012-08-07T15:25:15Z</time>
      </trkpt>
      <trkpt lat="67.892623264342546" lon="12.865911992266774">
        <ele>40.9375</ele>
        <time>2012-08-07T15:25:18Z</time>
      </trkpt>
      <trkpt lat="67.892581019550562" lon="12.865768494084477">
        <ele>39.20703125</ele>
        <time>2012-08-07T15:25:24Z</time>
      </trkpt>
      <trkpt lat="67.892560819163918" lon="12.865576632320881">
        <ele>37.26953125</ele>
        <time>2012-08-07T15:25:35Z</time>
      </trkpt>
      <trkpt lat="67.892482280731201" lon="12.865501027554274">
        <ele>35.41796875</ele>
        <time>2012-08-07T15:25:50Z</time>
      </trkpt>
      <trkpt lat="67.892465684562922" lon="12.865468589589">
        <ele>34.6640625</ele>
        <time>2012-08-07T15:25:52Z</time>
      </trkpt>
      <trkpt lat="67.892404664307833" lon="12.865395834669471">
        <ele>32.328125</ele>
        <time>2012-08-07T15:25:57Z</time>
      </trkpt>
      <trkpt lat="67.892388654872775" lon="12.865341268479824">
        <ele>31.0234375</ele>
        <time>2012-08-07T15:25:59Z</time>
      </trkpt>
      <trkpt lat="67.892330819740891" lon="12.865242781117558">
        <ele>27.85546875</ele>
        <time>2012-08-07T15:26:04Z</time>
      </trkpt>
      <trkpt lat="67.892311457544565" lon="12.86520279943943">
        <ele>26.578125</ele>
        <time>2012-08-07T15:26:06Z</time>
      </trkpt>
      <trkpt lat="67.8922906704247" lon="12.86518226377666">
        <ele>25.62890625</ele>
        <time>2012-08-07T15:26:08Z</time>
      </trkpt>
      <trkpt lat="67.892222525551915" lon="12.865094169974327">
        <ele>21.86328125</ele>
        <time>2012-08-07T15:26:13Z</time>
      </trkpt>
      <trkpt lat="67.892197044566274" lon="12.864759899675846">
        <ele>14.9765625</ele>
        <time>2012-08-07T15:26:22Z</time>
      </trkpt>
      <trkpt lat="67.892202073708177" lon="12.864639116451144">
        <ele>13.453125</ele>
        <time>2012-08-07T15:26:37Z</time>
      </trkpt>
      <trkpt lat="67.892197463661432" lon="12.864676164463162">
        <ele>13.83203125</ele>
        <time>2012-08-07T15:27:06Z</time>
      </trkpt>
      <trkpt lat="67.892168797552586" lon="12.864719834178686">
        <ele>13.5859375</ele>
        <time>2012-08-07T15:27:09Z</time>
      </trkpt>
      <trkpt lat="67.892106687650084" lon="12.864742465317249">
        <ele>12.03515625</ele>
        <time>2012-08-07T15:27:14Z</time>
      </trkpt>
      <trkpt lat="67.892019096761942" lon="12.864708686247468">
        <ele>9.03125</ele>
        <time>2012-08-07T15:27:26Z</time>
      </trkpt>
      <trkpt lat="67.891995292156935" lon="12.864841036498547">
        <ele>9.80859375</ele>
        <time>2012-08-07T15:27:44Z</time>
      </trkpt>
      <trkpt lat="67.891990765929222" lon="12.864877497777343">
        <ele>10.07421875</ele>
        <time>2012-08-07T15:28:03Z</time>
      </trkpt>
      <trkpt lat="67.891974588856101" lon="12.864946648478508">
        <ele>10.4609375</ele>
        <time>2012-08-07T15:28:21Z</time>
      </trkpt>
      <trkpt lat="67.892029574140906" lon="12.86476107314229">
        <ele>9.94921875</ele>
        <time>2012-08-07T15:28:56Z</time>
      </trkpt>
      <trkpt lat="67.892068885266781" lon="12.864767527207732">
        <ele>11.2109375</ele>
        <time>2012-08-07T15:29:00Z</time>
      </trkpt>
      <trkpt lat="67.892186399549246" lon="12.864647833630443">
        <ele>13.125</ele>
        <time>2012-08-07T15:29:13Z</time>
      </trkpt>
      <trkpt lat="67.892193859443069" lon="12.864644397050142">
        <ele>13.29296875</ele>
        <time>2012-08-07T15:29:14Z</time>
      </trkpt>
      <trkpt lat="67.892267536371946" lon="12.864664178341627">
        <ele>15.6875</ele>
        <time>2012-08-07T15:29:20Z</time>
      </trkpt>
      <trkpt lat="67.892316989600658" lon="12.864542556926608">
        <ele>15.25</ele>
        <time>2012-08-07T15:29:33Z</time>
      </trkpt>
      <trkpt lat="67.892328724265099" lon="12.864529648795724">
        <ele>15.37109375</ele>
        <time>2012-08-07T15:29:35Z</time>
      </trkpt>
      <trkpt lat="67.892353786155581" lon="12.864465191960335">
        <ele>15.02734375</ele>
        <time>2012-08-07T15:29:47Z</time>
      </trkpt>
      <trkpt lat="67.892336854711175" lon="12.864415654912591">
        <ele>13.8125</ele>
        <time>2012-08-07T15:29:51Z</time>
      </trkpt>
      <trkpt lat="67.89233174175024" lon="12.864309372380376">
        <ele>11.9453125</ele>
        <time>2012-08-07T15:29:55Z</time>
      </trkpt>
      <trkpt lat="67.892341464757919" lon="12.864215495064855">
        <ele>10.58203125</ele>
        <time>2012-08-07T15:30:09Z</time>
      </trkpt>
      <trkpt lat="67.892343141138554" lon="12.864234689623117">
        <ele>10.9453125</ele>
        <time>2012-08-07T15:30:11Z</time>
      </trkpt>
      <trkpt lat="67.892354624345899" lon="12.864232258871198">
        <ele>11.1484375</ele>
        <time>2012-08-07T15:30:37Z</time>
      </trkpt>
      <trkpt lat="67.892351942136884" lon="12.864231588318944">
        <ele>11.078125</ele>
        <time>2012-08-07T15:30:38Z</time>
      </trkpt>
      <trkpt lat="67.892347667366266" lon="12.864235024899244">
        <ele>11.046875</ele>
        <time>2012-08-07T15:30:40Z</time>
      </trkpt>
      <trkpt lat="67.892340375110507" lon="12.864238545298576">
        <ele>10.94921875</ele>
        <time>2012-08-07T15:30:43Z</time>
      </trkpt>
      <trkpt lat="67.892340291291475" lon="12.864237874746323">
        <ele>10.9375</ele>
        <time>2012-08-07T15:30:44Z</time>
      </trkpt>
      <trkpt lat="67.892328640446067" lon="12.864260841161013">
        <ele>11.06640625</ele>
        <time>2012-08-07T15:31:35Z</time>
      </trkpt>
      <trkpt lat="67.892342219129205" lon="12.864244831725955">
        <ele>11.09765625</ele>
        <time>2012-08-07T15:31:57Z</time>
      </trkpt>
      <trkpt lat="67.892351187765598" lon="12.864219266921282">
        <ele>10.8515625</ele>
        <time>2012-08-07T15:32:00Z</time>
      </trkpt>
      <trkpt lat="67.892350517213345" lon="12.864216081798077">
        <ele>10.78125</ele>
        <time>2012-08-07T15:32:01Z</time>
      </trkpt>
      <trkpt lat="67.892340878024697" lon="12.864181967452168">
        <ele>10.00390625</ele>
        <time>2012-08-07T15:32:07Z</time>
      </trkpt>
      <trkpt lat="67.892330484464765" lon="12.864117762073874">
        <ele>8.73046875</ele>
        <time>2012-08-07T15:32:11Z</time>
      </trkpt>
      <trkpt lat="67.892286479473114" lon="12.863983064889908">
        <ele>5.83984375</ele>
        <time>2012-08-07T15:32:24Z</time>
      </trkpt>
      <trkpt lat="67.892269380390644" lon="12.863985998556018">
        <ele>5.62890625</ele>
        <time>2012-08-07T15:32:36Z</time>
      </trkpt>
      <trkpt lat="67.892254795879126" lon="12.864013994112611">
        <ele>5.82421875</ele>
        <time>2012-08-07T15:32:40Z</time>
      </trkpt>
      <trkpt lat="67.892161421477795" lon="12.86405012011528">
        <ele>4.80859375</ele>
        <time>2012-08-07T15:32:53Z</time>
      </trkpt>
      <trkpt lat="67.89214507676661" lon="12.864062357693911">
        <ele>4.6796875</ele>
        <time>2012-08-07T15:32:55Z</time>
      </trkpt>
      <trkpt lat="67.892071232199669" lon="12.86411507986486">
        <ele>3.95703125</ele>
        <time>2012-08-07T15:33:08Z</time>
      </trkpt>
      <trkpt lat="67.892055893316865" lon="12.864166963845491">
        <ele>4.171875</ele>
        <time>2012-08-07T15:33:14Z</time>
      </trkpt>
      <trkpt lat="67.892036279663444" lon="12.864190433174372">
        <ele>3.99609375</ele>
        <time>2012-08-07T15:33:16Z</time>
      </trkpt>
      <trkpt lat="67.892015241086483" lon="12.864279029890895">
        <ele>4.3203125</ele>
        <time>2012-08-07T15:33:22Z</time>
      </trkpt>
      <trkpt lat="67.89198137819767" lon="12.864342899993062">
        <ele>4.04296875</ele>
        <time>2012-08-07T15:33:27Z</time>
      </trkpt>
      <trkpt lat="67.891967631876469" lon="12.864381540566683">
        <ele>3.9921875</ele>
        <time>2012-08-07T15:33:29Z</time>
      </trkpt>
      <trkpt lat="67.891924381256104" lon="12.864340972155333">
        <ele>4.1875</ele>
        <time>2012-08-07T15:33:34Z</time>
      </trkpt>
      <trkpt lat="67.891860930249095" lon="12.864420264959335">
        <ele>5.68359375</ele>
        <time>2012-08-07T15:33:42Z</time>
      </trkpt>
      <trkpt lat="67.891775853931904" lon="12.86456854082644">
        <ele>7.94921875</ele>
        <time>2012-08-07T15:33:58Z</time>
      </trkpt>
      <trkpt lat="67.891745343804359" lon="12.864590920507908">
        <ele>8.4375</ele>
        <time>2012-08-07T15:34:18Z</time>
      </trkpt>
      <trkpt lat="67.891721790656447" lon="12.864541970193386">
        <ele>8.296875</ele>
        <time>2012-08-07T15:34:31Z</time>
      </trkpt>
      <trkpt lat="67.89174098521471" lon="12.864549597725272">
        <ele>8.15625</ele>
        <time>2012-08-07T15:34:44Z</time>
      </trkpt>
      <trkpt lat="67.891752552241087" lon="12.864557728171349">
        <ele>8.1015625</ele>
        <time>2012-08-07T15:35:01Z</time>
      </trkpt>
      <trkpt lat="67.891774596646428" lon="12.864574324339628">
        <ele>8.01171875</ele>
        <time>2012-08-07T15:35:28Z</time>
      </trkpt>
      <trkpt lat="67.891756491735578" lon="12.864587483927608">
        <ele>8.30078125</ele>
        <time>2012-08-07T15:47:41Z</time>
      </trkpt>
      <trkpt lat="67.891748696565628" lon="12.86457784473896">
        <ele>8.30078125</ele>
        <time>2012-08-07T15:47:43Z</time>
      </trkpt>
      <trkpt lat="67.891755234450102" lon="12.864554459229112">
        <ele>8.046875</ele>
        <time>2012-08-07T15:48:54Z</time>
      </trkpt>
      <trkpt lat="67.891736123710871" lon="12.864520344883204">
        <ele>7.9765625</ele>
        <time>2012-08-07T15:50:29Z</time>
      </trkpt>
      <trkpt lat="67.891736375167966" lon="12.864521099254489">
        <ele>7.98046875</ele>
        <time>2012-08-07T15:50:30Z</time>
      </trkpt>
      <trkpt lat="67.891749199479818" lon="12.864609444513917">
        <ele>8.546875</ele>
        <time>2012-08-07T15:55:18Z</time>
      </trkpt>
      <trkpt lat="67.891749031841755" lon="12.864612294360995">
        <ele>8.5703125</ele>
        <time>2012-08-07T15:56:45Z</time>
      </trkpt>
      <trkpt lat="67.89174634963274" lon="12.864604247733951">
        <ele>8.53515625</ele>
        <time>2012-08-07T15:57:22Z</time>
      </trkpt>
      <trkpt lat="67.891748193651438" lon="12.864595195278525">
        <ele>8.4453125</ele>
        <time>2012-08-07T15:57:28Z</time>
      </trkpt>
      <trkpt lat="67.891749199479818" lon="12.864588741213083">
        <ele>8.3828125</ele>
        <time>2012-08-07T15:57:43Z</time>
      </trkpt>
      <trkpt lat="67.891763783991337" lon="12.864597961306572">
        <ele>8.3125</ele>
        <time>2012-08-07T15:57:52Z</time>
      </trkpt>
      <trkpt lat="67.891816841438413" lon="12.864502826705575">
        <ele>6.94921875</ele>
        <time>2012-08-07T15:58:05Z</time>
      </trkpt>
      <trkpt lat="67.891901331022382" lon="12.864370057359338">
        <ele>4.7109375</ele>
        <time>2012-08-07T15:58:16Z</time>
      </trkpt>
      <trkpt lat="67.891974924132228" lon="12.864248435944319">
        <ele>3.1875</ele>
        <time>2012-08-07T15:58:30Z</time>
      </trkpt>
      <trkpt lat="67.89201314561069" lon="12.864168724045157">
        <ele>3.34765625</ele>
        <time>2012-08-07T15:58:37Z</time>
      </trkpt>
      <trkpt lat="67.892063772305846" lon="12.864111894741654">
        <ele>3.7890625</ele>
        <time>2012-08-07T15:58:47Z</time>
      </trkpt>
      <trkpt lat="67.892127642408013" lon="12.86407208070159">
        <ele>4.49609375</ele>
        <time>2012-08-07T15:58:56Z</time>
      </trkpt>
      <trkpt lat="67.892221519723535" lon="12.864110134541988">
        <ele>6.62890625</ele>
        <time>2012-08-07T15:59:10Z</time>
      </trkpt>
      <trkpt lat="67.892313469201326" lon="12.864178363233805">
        <ele>9.3984375</ele>
        <time>2012-08-07T15:59:24Z</time>
      </trkpt>
      <trkpt lat="67.892341045662761" lon="12.864226894453168">
        <ele>10.76953125</ele>
        <time>2012-08-07T15:59:33Z</time>
      </trkpt>
      <trkpt lat="67.892314055934548" lon="12.864294620230794">
        <ele>11.29296875</ele>
        <time>2012-08-07T15:59:49Z</time>
      </trkpt>
      <trkpt lat="67.892305674031377" lon="12.86429638043046">
        <ele>11.12890625</ele>
        <time>2012-08-07T15:59:50Z</time>
      </trkpt>
      <trkpt lat="67.892270050942898" lon="12.86432764492929">
        <ele>10.78515625</ele>
        <time>2012-08-07T15:59:55Z</time>
      </trkpt>
      <trkpt lat="67.892217496410012" lon="12.864408865571022">
        <ele>10.65625</ele>
        <time>2012-08-07T16:00:06Z</time>
      </trkpt>
      <trkpt lat="67.892258316278458" lon="12.86458807066083">
        <ele>14.3125</ele>
        <time>2012-08-07T16:00:18Z</time>
      </trkpt>
      <trkpt lat="67.8922647703439" lon="12.864672057330608">
        <ele>15.7265625</ele>
        <time>2012-08-07T16:00:24Z</time>
      </trkpt>
      <trkpt lat="67.892280779778957" lon="12.864900631830096">
        <ele>19.58984375</ele>
        <time>2012-08-07T16:00:40Z</time>
      </trkpt>
      <trkpt lat="67.892257394269109" lon="12.865052344277501">
        <ele>21.91015625</ele>
        <time>2012-08-07T16:00:51Z</time>
      </trkpt>
      <trkpt lat="67.892238534986973" lon="12.86517396569252">
        <ele>24.12109375</ele>
        <time>2012-08-07T16:01:06Z</time>
      </trkpt>
      <trkpt lat="67.892319839447737" lon="12.865276224911213">
        <ele>28.27734375</ele>
        <time>2012-08-07T16:01:21Z</time>
      </trkpt>
      <trkpt lat="67.892399718984962" lon="12.865437995642424">
        <ele>32.9921875</ele>
        <time>2012-08-07T16:01:36Z</time>
      </trkpt>
      <trkpt lat="67.892442718148232" lon="12.865490885451436">
        <ele>34.64453125</ele>
        <time>2012-08-07T16:01:43Z</time>
      </trkpt>
      <trkpt lat="67.892531985417008" lon="12.865639748051763">
        <ele>37.4375</ele>
        <time>2012-08-07T16:02:00Z</time>
      </trkpt>
      <trkpt lat="67.892545564100146" lon="12.865753825753927">
        <ele>38.62890625</ele>
        <time>2012-08-07T16:02:07Z</time>
      </trkpt>
      <trkpt lat="67.892578169703484" lon="12.865846529603004">
        <ele>39.84375</ele>
        <time>2012-08-07T16:02:12Z</time>
      </trkpt>
      <trkpt lat="67.892654193565249" lon="12.86614878103137">
        <ele>43.11328125</ele>
        <time>2012-08-07T16:02:28Z</time>
      </trkpt>
      <trkpt lat="67.892690571025014" lon="12.866389257833362">
        <ele>44.8203125</ele>
        <time>2012-08-07T16:02:42Z</time>
      </trkpt>
      <trkpt lat="67.892718398943543" lon="12.86653334274888">
        <ele>45.578125</ele>
        <time>2012-08-07T16:02:52Z</time>
      </trkpt>
      <trkpt lat="67.892764499410987" lon="12.866628980264068">
        <ele>45.765625</ele>
        <time>2012-08-07T16:03:03Z</time>
      </trkpt>
      <trkpt lat="67.892802469432354" lon="12.866841377690434">
        <ele>46.12109375</ele>
        <time>2012-08-07T16:03:18Z</time>
      </trkpt>
      <trkpt lat="67.892797356471419" lon="12.866873061284423">
        <ele>46.24609375</ele>
        <time>2012-08-07T16:03:20Z</time>
      </trkpt>
      <trkpt lat="67.892790986225009" lon="12.866909354925156">
        <ele>46.3984375</ele>
        <time>2012-08-07T16:03:22Z</time>
      </trkpt>
      <trkpt lat="67.892779670655727" lon="12.867011027410626">
        <ele>46.7890625</ele>
        <time>2012-08-07T16:03:27Z</time>
      </trkpt>
      <trkpt lat="67.89279593154788" lon="12.867118734866381">
        <ele>46.93359375</ele>
        <time>2012-08-07T16:03:31Z</time>
      </trkpt>
      <trkpt lat="67.892828034237027" lon="12.867233399301767">
        <ele>46.69921875</ele>
        <time>2012-08-07T16:03:36Z</time>
      </trkpt>
      <trkpt lat="67.892836919054389" lon="12.867474965751171">
        <ele>46.6015625</ele>
        <time>2012-08-07T16:03:53Z</time>
      </trkpt>
      <trkpt lat="67.892797440290451" lon="12.867781743407249">
        <ele>46.96875</ele>
        <time>2012-08-07T16:04:10Z</time>
      </trkpt>
      <trkpt lat="67.892772294580936" lon="12.867884254083037">
        <ele>47.1015625</ele>
        <time>2012-08-07T16:04:14Z</time>
      </trkpt>
      <trkpt lat="67.89269526489079" lon="12.867971761152148">
        <ele>47.640625</ele>
        <time>2012-08-07T16:04:21Z</time>
      </trkpt>
      <trkpt lat="67.892682775855064" lon="12.868042755872011">
        <ele>47.59765625</ele>
        <time>2012-08-07T16:04:24Z</time>
      </trkpt>
      <trkpt lat="67.89252913556993" lon="12.86829337477684">
        <ele>47.84375</ele>
        <time>2012-08-07T16:04:40Z</time>
      </trkpt>
      <trkpt lat="67.892397791147232" lon="12.868598978966475">
        <ele>54.81640625</ele>
        <time>2012-08-07T16:04:54Z</time>
      </trkpt>
      <trkpt lat="67.892364766448736" lon="12.868875497952104">
        <ele>58.1953125</ele>
        <time>2012-08-07T16:05:04Z</time>
      </trkpt>
      <trkpt lat="67.892359234392643" lon="12.86910206079483">
        <ele>59.2578125</ele>
        <time>2012-08-07T16:05:12Z</time>
      </trkpt>
      <trkpt lat="67.89236644282937" lon="12.869164925068617">
        <ele>58.7890625</ele>
        <time>2012-08-07T16:05:14Z</time>
      </trkpt>
      <trkpt lat="67.892357474192977" lon="12.86933952011168">
        <ele>60.046875</ele>
        <time>2012-08-07T16:05:21Z</time>
      </trkpt>
      <trkpt lat="67.89235906675458" lon="12.869429374113679">
        <ele>60.17578125</ele>
        <time>2012-08-07T16:05:24Z</time>
      </trkpt>
      <trkpt lat="67.892349846661091" lon="12.869672197848558">
        <ele>61.875</ele>
        <time>2012-08-07T16:05:34Z</time>
      </trkpt>
      <trkpt lat="67.892354791983962" lon="12.86987847648561">
        <ele>62.11328125</ele>
        <time>2012-08-07T16:05:47Z</time>
      </trkpt>
      <trkpt lat="67.892392594367266" lon="12.869957517832518">
        <ele>58.72265625</ele>
        <time>2012-08-07T16:05:55Z</time>
      </trkpt>
      <trkpt lat="67.892392091453075" lon="12.870033457875252">
        <ele>59.07421875</ele>
        <time>2012-08-07T16:05:58Z</time>
      </trkpt>
      <trkpt lat="67.892394438385963" lon="12.870364291593432">
        <ele>60.17578125</ele>
        <time>2012-08-07T16:06:12Z</time>
      </trkpt>
      <trkpt lat="67.892428888007998" lon="12.870646845549345">
        <ele>56.71484375</ele>
        <time>2012-08-07T16:06:25Z</time>
      </trkpt>
      <trkpt lat="67.892440622672439" lon="12.870890256017447">
        <ele>54.67578125</ele>
        <time>2012-08-07T16:06:35Z</time>
      </trkpt>
      <trkpt lat="67.892414135858417" lon="12.871148167178035">
        <ele>56.74609375</ele>
        <time>2012-08-07T16:06:48Z</time>
      </trkpt>
      <trkpt lat="67.892403239384294" lon="12.87136098369956">
        <ele>57.73046875</ele>
        <time>2012-08-07T16:07:00Z</time>
      </trkpt>
      <trkpt lat="67.892405586317182" lon="12.871599616482854">
        <ele>57.4765625</ele>
        <time>2012-08-07T16:07:13Z</time>
      </trkpt>
      <trkpt lat="67.892394186928868" lon="12.87183984182775">
        <ele>57.015625</ele>
        <time>2012-08-07T16:07:25Z</time>
      </trkpt>
      <trkpt lat="67.89240064099431" lon="12.87196883931756">
        <ele>55.75</ele>
        <time>2012-08-07T16:07:36Z</time>
      </trkpt>
      <trkpt lat="67.892406759783626" lon="12.872158689424396">
        <ele>54.17578125</ele>
        <time>2012-08-07T16:07:49Z</time>
      </trkpt>
      <trkpt lat="67.892394186928868" lon="12.872282490134239">
        <ele>55.53515625</ele>
        <time>2012-08-07T16:07:58Z</time>
      </trkpt>
      <trkpt lat="67.892385721206665" lon="12.872558925300837">
        <ele>57.08984375</ele>
        <time>2012-08-07T16:08:12Z</time>
      </trkpt>
      <trkpt lat="67.892366694286466" lon="12.872768556699157">
        <ele>58.97265625</ele>
        <time>2012-08-07T16:08:24Z</time>
      </trkpt>
      <trkpt lat="67.892353199422359" lon="12.872970057651401">
        <ele>58.85546875</ele>
        <time>2012-08-07T16:08:37Z</time>
      </trkpt>
      <trkpt lat="67.892362168058753" lon="12.873004339635372">
        <ele>57.90625</ele>
        <time>2012-08-07T16:08:40Z</time>
      </trkpt>
      <trkpt lat="67.892386559396982" lon="12.873148592188954">
        <ele>55.1796875</ele>
        <time>2012-08-07T16:08:54Z</time>
      </trkpt>
      <trkpt lat="67.892386978492141" lon="12.87322947755456">
        <ele>54.72265625</ele>
        <time>2012-08-07T16:09:05Z</time>
      </trkpt>
      <trkpt lat="67.892367783933878" lon="12.873305585235357">
        <ele>55.8125</ele>
        <time>2012-08-07T16:09:19Z</time>
      </trkpt>
      <trkpt lat="67.892370969057083" lon="12.873387644067407">
        <ele>55.46875</ele>
        <time>2012-08-07T16:09:32Z</time>
      </trkpt>
      <trkpt lat="67.892380524426699" lon="12.873563496395946">
        <ele>54.5625</ele>
        <time>2012-08-07T16:09:44Z</time>
      </trkpt>
      <trkpt lat="67.892380272969604" lon="12.873705485835671">
        <ele>54.38671875</ele>
        <time>2012-08-07T16:09:51Z</time>
      </trkpt>
      <trkpt lat="67.892360491678119" lon="12.873926181346178">
        <ele>54.9609375</ele>
        <time>2012-08-07T16:10:04Z</time>
      </trkpt>
      <trkpt lat="67.892359737306833" lon="12.874188534915447">
        <ele>53.62109375</ele>
        <time>2012-08-07T16:10:17Z</time>
      </trkpt>
      <trkpt lat="67.892322354018688" lon="12.874312670901418">
        <ele>54.796875</ele>
        <time>2012-08-07T16:10:25Z</time>
      </trkpt>
      <trkpt lat="67.892264937981963" lon="12.874601176008582">
        <ele>56.31640625</ele>
        <time>2012-08-07T16:10:39Z</time>
      </trkpt>
      <trkpt lat="67.892257226631045" lon="12.874616598710418">
        <ele>56.6015625</ele>
        <time>2012-08-07T16:10:40Z</time>
      </trkpt>
      <trkpt lat="67.892208443954587" lon="12.874775938689709">
        <ele>58.0859375</ele>
        <time>2012-08-07T16:10:48Z</time>
      </trkpt>
      <trkpt lat="67.89218757301569" lon="12.875013817101717">
        <ele>57.921875</ele>
        <time>2012-08-07T16:10:59Z</time>
      </trkpt>
      <trkpt lat="67.892178352922201" lon="12.875168630853295">
        <ele>57.5859375</ele>
        <time>2012-08-07T16:11:07Z</time>
      </trkpt>
      <trkpt lat="67.89216703735292" lon="12.875478677451611">
        <ele>56.5703125</ele>
        <time>2012-08-07T16:11:21Z</time>
      </trkpt>
      <trkpt lat="67.892173994332552" lon="12.875727536156774">
        <ele>53.59375</ele>
        <time>2012-08-07T16:11:32Z</time>
      </trkpt>
      <trkpt lat="67.892172317951918" lon="12.875745976343751">
        <ele>53.42578125</ele>
        <time>2012-08-07T16:11:33Z</time>
      </trkpt>
      <trkpt lat="67.892147423699498" lon="12.87594873458147">
        <ele>51.55859375</ele>
        <time>2012-08-07T16:11:45Z</time>
      </trkpt>
      <trkpt lat="67.892127139493823" lon="12.876118971034884">
        <ele>50.40625</ele>
        <time>2012-08-07T16:11:53Z</time>
      </trkpt>
      <trkpt lat="67.892078021541238" lon="12.876430358737707">
        <ele>49.73046875</ele>
        <time>2012-08-07T16:12:06Z</time>
      </trkpt>
      <trkpt lat="67.892018593847752" lon="12.876562038436532">
        <ele>49.71875</ele>
        <time>2012-08-07T16:12:17Z</time>
      </trkpt>
      <trkpt lat="67.891980540007353" lon="12.876691790297627">
        <ele>49.5546875</ele>
        <time>2012-08-07T16:12:26Z</time>
      </trkpt>
      <trkpt lat="67.891896385699511" lon="12.876800671219826">
        <ele>52.7109375</ele>
        <time>2012-08-07T16:12:39Z</time>
      </trkpt>
      <trkpt lat="67.891846848651767" lon="12.876989599317312">
        <ele>55.01953125</ele>
        <time>2012-08-07T16:12:51Z</time>
      </trkpt>
      <trkpt lat="67.89178691804409" lon="12.877214318141341">
        <ele>57.7578125</ele>
        <time>2012-08-07T16:13:05Z</time>
      </trkpt>
      <trkpt lat="67.891716929152608" lon="12.877537021413445">
        <ele>57.07421875</ele>
        <time>2012-08-07T16:13:18Z</time>
      </trkpt>
      <trkpt lat="67.891686251387" lon="12.877620588988066">
        <ele>56.9765625</ele>
        <time>2012-08-07T16:13:22Z</time>
      </trkpt>
      <trkpt lat="67.891658255830407" lon="12.877756292000413">
        <ele>56.05859375</ele>
        <time>2012-08-07T16:13:32Z</time>
      </trkpt>
      <trkpt lat="67.891661273315549" lon="12.87782795727253">
        <ele>55.3515625</ele>
        <time>2012-08-07T16:13:35Z</time>
      </trkpt>
      <trkpt lat="67.891623890027404" lon="12.878028536215425">
        <ele>54.5859375</ele>
        <time>2012-08-07T16:13:45Z</time>
      </trkpt>
      <trkpt lat="67.891562283039093" lon="12.878425167873502">
        <ele>53.54296875</ele>
        <time>2012-08-07T16:14:01Z</time>
      </trkpt>
      <trkpt lat="67.891522720456123" lon="12.878594566136599">
        <ele>54.1328125</ele>
        <time>2012-08-07T16:14:09Z</time>
      </trkpt>
      <trkpt lat="67.89152255281806" lon="12.878648545593023">
        <ele>54.05859375</ele>
        <time>2012-08-07T16:14:11Z</time>
      </trkpt>
      <trkpt lat="67.89152548648417" lon="12.878824817016721">
        <ele>53.74609375</ele>
        <time>2012-08-07T16:14:20Z</time>
      </trkpt>
      <trkpt lat="67.891544764861465" lon="12.878888435661793">
        <ele>53.27734375</ele>
        <time>2012-08-07T16:14:23Z</time>
      </trkpt>
      <trkpt lat="67.891518780961633" lon="12.879009721800685">
        <ele>53.609375</ele>
        <time>2012-08-07T16:14:29Z</time>
      </trkpt>
      <trkpt lat="67.89152062498033" lon="12.879064874723554">
        <ele>53.4921875</ele>
        <time>2012-08-07T16:14:32Z</time>
      </trkpt>
      <trkpt lat="67.891526240855455" lon="12.87914827466011">
        <ele>53.26953125</ele>
        <time>2012-08-07T16:14:36Z</time>
      </trkpt>
      <trkpt lat="67.891520792618394" lon="12.879163948819041">
        <ele>53.34765625</ele>
        <time>2012-08-07T16:14:37Z</time>
      </trkpt>
      <trkpt lat="67.891500927507877" lon="12.879251036792994">
        <ele>53.5859375</ele>
        <time>2012-08-07T16:14:42Z</time>
      </trkpt>
      <trkpt lat="67.891500424593687" lon="12.879276517778635">
        <ele>53.55859375</ele>
        <time>2012-08-07T16:14:43Z</time>
      </trkpt>
      <trkpt lat="67.891516517847776" lon="12.879532836377621">
        <ele>52.88671875</ele>
        <time>2012-08-07T16:14:52Z</time>
      </trkpt>
      <trkpt lat="67.891515595838428" lon="12.879719668999314">
        <ele>52.62890625</ele>
        <time>2012-08-07T16:14:59Z</time>
      </trkpt>
      <trkpt lat="67.891528168693185" lon="12.879918739199638">
        <ele>52.1328125</ele>
        <time>2012-08-07T16:15:07Z</time>
      </trkpt>
      <trkpt lat="67.891532275825739" lon="12.880066763609648">
        <ele>51.859375</ele>
        <time>2012-08-07T16:15:14Z</time>
      </trkpt>
      <trkpt lat="67.891515931114554" lon="12.880115881562233">
        <ele>52.04296875</ele>
        <time>2012-08-07T16:15:16Z</time>
      </trkpt>
      <trkpt lat="67.891493132337928" lon="12.880250494927168">
        <ele>52.19140625</ele>
        <time>2012-08-07T16:15:23Z</time>
      </trkpt>
      <trkpt lat="67.891461448743939" lon="12.880365662276745">
        <ele>52.484375</ele>
        <time>2012-08-07T16:15:31Z</time>
      </trkpt>
      <trkpt lat="67.891329349949956" lon="12.880747877061367">
        <ele>53.92578125</ele>
        <time>2012-08-07T16:15:47Z</time>
      </trkpt>
      <trkpt lat="67.891325242817402" lon="12.880763048306108">
        <ele>53.95703125</ele>
        <time>2012-08-07T16:15:49Z</time>
      </trkpt>
      <trkpt lat="67.891244357451797" lon="12.880927920341492">
        <ele>56.30078125</ele>
        <time>2012-08-07T16:15:59Z</time>
      </trkpt>
      <trkpt lat="67.891236394643784" lon="12.880944265052676">
        <ele>56.54296875</ele>
        <time>2012-08-07T16:16:00Z</time>
      </trkpt>
      <trkpt lat="67.891231365501881" lon="12.881030682474375">
        <ele>55.87109375</ele>
        <time>2012-08-07T16:16:04Z</time>
      </trkpt>
      <trkpt lat="67.891208566725254" lon="12.881149873137474">
        <ele>56.58203125</ele>
        <time>2012-08-07T16:16:10Z</time>
      </trkpt>
      <trkpt lat="67.891145618632436" lon="12.881420943886042">
        <ele>58.7265625</ele>
        <time>2012-08-07T16:16:23Z</time>
      </trkpt>
      <trkpt lat="67.891132291406393" lon="12.881497219204903">
        <ele>59.05078125</ele>
        <time>2012-08-07T16:16:26Z</time>
      </trkpt>
      <trkpt lat="67.891056686639786" lon="12.881778767332435">
        <ele>63.125</ele>
        <time>2012-08-07T16:16:41Z</time>
      </trkpt>
      <trkpt lat="67.890955181792378" lon="12.881926959380507">
        <ele>69.18359375</ele>
        <time>2012-08-07T16:16:53Z</time>
      </trkpt>
      <trkpt lat="67.89092006161809" lon="12.882130136713386">
        <ele>72.33984375</ele>
        <time>2012-08-07T16:17:06Z</time>
      </trkpt>
      <trkpt lat="67.89090983569622" lon="12.882161820307374">
        <ele>72.53125</ele>
        <time>2012-08-07T16:17:09Z</time>
      </trkpt>
      <trkpt lat="67.89089173078537" lon="12.882247818633914">
        <ele>69.3125</ele>
        <time>2012-08-07T16:17:21Z</time>
      </trkpt>
      <trkpt lat="67.890862729400396" lon="12.882330548018217">
        <ele>66.39453125</ele>
        <time>2012-08-07T16:17:40Z</time>
      </trkpt>
      <trkpt lat="67.890807576477528" lon="12.882400453090668">
        <ele>66.70703125</ele>
        <time>2012-08-07T16:18:07Z</time>
      </trkpt>
      <trkpt lat="67.890822244808078" lon="12.882503885775805">
        <ele>60.6328125</ele>
        <time>2012-08-07T16:18:12Z</time>
      </trkpt>
      <trkpt lat="67.890818724408746" lon="12.882520146667957">
        <ele>60.171875</ele>
        <time>2012-08-07T16:18:13Z</time>
      </trkpt>
      <trkpt lat="67.890815539285541" lon="12.882565576583147">
        <ele>58.3203125</ele>
        <time>2012-08-07T16:18:16Z</time>
      </trkpt>
      <trkpt lat="67.890772875398397" lon="12.88292289711535">
        <ele>54.390625</ele>
        <time>2012-08-07T16:18:30Z</time>
      </trkpt>
      <trkpt lat="67.89074907079339" lon="12.882987856864929">
        <ele>55.953125</ele>
        <time>2012-08-07T16:18:34Z</time>
      </trkpt>
      <trkpt lat="67.890685368329287" lon="12.883261945098639">
        <ele>57.3515625</ele>
        <time>2012-08-07T16:18:48Z</time>
      </trkpt>
      <trkpt lat="67.890684278681874" lon="12.883276864886284">
        <ele>57.3046875</ele>
        <time>2012-08-07T16:18:49Z</time>
      </trkpt>
      <trkpt lat="67.890664245933294" lon="12.883437462151051">
        <ele>57.2265625</ele>
        <time>2012-08-07T16:18:56Z</time>
      </trkpt>
      <trkpt lat="67.890596855431795" lon="12.883782796561718">
        <ele>57.13671875</ele>
        <time>2012-08-07T16:19:11Z</time>
      </trkpt>
      <trkpt lat="67.890561232343316" lon="12.883927468210459">
        <ele>59.375</ele>
        <time>2012-08-07T16:19:19Z</time>
      </trkpt>
      <trkpt lat="67.890606746077538" lon="12.884269366040826">
        <ele>59.93359375</ele>
        <time>2012-08-07T16:19:34Z</time>
      </trkpt>
      <trkpt lat="67.890608171001077" lon="12.884412361308932">
        <ele>60.3515625</ele>
        <time>2012-08-07T16:19:40Z</time>
      </trkpt>
      <trkpt lat="67.890625270083547" lon="12.884615371003747">
        <ele>57.76953125</ele>
        <time>2012-08-07T16:19:48Z</time>
      </trkpt>
      <trkpt lat="67.890658965334296" lon="12.884719222784042">
        <ele>55.24609375</ele>
        <time>2012-08-07T16:19:54Z</time>
      </trkpt>
      <trkpt lat="67.890675980597734" lon="12.884915443137288">
        <ele>53.2109375</ele>
        <time>2012-08-07T16:20:01Z</time>
      </trkpt>
      <trkpt lat="67.890696851536632" lon="12.885057181119919">
        <ele>52.203125</ele>
        <time>2012-08-07T16:20:06Z</time>
      </trkpt>
      <trkpt lat="67.890673382207751" lon="12.885386925190687">
        <ele>53.26171875</ele>
        <time>2012-08-07T16:20:20Z</time>
      </trkpt>
      <trkpt lat="67.890677489340305" lon="12.885664366185665">
        <ele>52.3359375</ele>
        <time>2012-08-07T16:20:30Z</time>
      </trkpt>
      <trkpt lat="67.890665251761675" lon="12.885730499401689">
        <ele>52.546875</ele>
        <time>2012-08-07T16:20:33Z</time>
      </trkpt>
      <trkpt lat="67.890632729977369" lon="12.886047838255763">
        <ele>52.18359375</ele>
        <time>2012-08-07T16:20:46Z</time>
      </trkpt>
      <trkpt lat="67.890526866540313" lon="12.886385461315513">
        <ele>51.6015625</ele>
        <time>2012-08-07T16:21:00Z</time>
      </trkpt>
      <trkpt lat="67.890485543757677" lon="12.886445894837379">
        <ele>51.62890625</ele>
        <time>2012-08-07T16:21:08Z</time>
      </trkpt>
      <trkpt lat="67.890457548201084" lon="12.88646986708045">
        <ele>51.78515625</ele>
        <time>2012-08-07T16:21:13Z</time>
      </trkpt>
      <trkpt lat="67.890393678098917" lon="12.886551255360246">
        <ele>51.52734375</ele>
        <time>2012-08-07T16:21:20Z</time>
      </trkpt>
      <trkpt lat="67.890363922342658" lon="12.886962722986937">
        <ele>50.625</ele>
        <time>2012-08-07T16:21:35Z</time>
      </trkpt>
      <trkpt lat="67.890364341437817" lon="12.887007063254714">
        <ele>50.546875</ele>
        <time>2012-08-07T16:21:37Z</time>
      </trkpt>
      <trkpt lat="67.890363251790404" lon="12.887186435982585">
        <ele>50.3359375</ele>
        <time>2012-08-07T16:21:44Z</time>
      </trkpt>
      <trkpt lat="67.890383284538984" lon="12.887444095686078">
        <ele>50.1171875</ele>
        <time>2012-08-07T16:21:59Z</time>
      </trkpt>
      <trkpt lat="67.890514126047492" lon="12.88785707205534">
        <ele>49.38671875</ele>
        <time>2012-08-07T16:22:19Z</time>
      </trkpt>
      <trkpt lat="67.890531728044152" lon="12.888079360127449">
        <ele>50.1015625</ele>
        <time>2012-08-07T16:22:28Z</time>
      </trkpt>
      <trkpt lat="67.890411950647831" lon="12.888526450842619">
        <ele>53.59375</ele>
        <time>2012-08-07T16:22:47Z</time>
      </trkpt>
      <trkpt lat="67.890331819653511" lon="12.888664752244949">
        <ele>55.2265625</ele>
        <time>2012-08-07T16:22:58Z</time>
      </trkpt>
      <trkpt lat="67.890305584296584" lon="12.888857368379831">
        <ele>56.09375</ele>
        <time>2012-08-07T16:23:07Z</time>
      </trkpt>
      <trkpt lat="67.890273481607437" lon="12.88910748437047">
        <ele>58.4296875</ele>
        <time>2012-08-07T16:23:21Z</time>
      </trkpt>
      <trkpt lat="67.890227632597089" lon="12.889407640323043">
        <ele>61.80859375</ele>
        <time>2012-08-07T16:23:35Z</time>
      </trkpt>
      <trkpt lat="67.890218831598759" lon="12.889665048569441">
        <ele>63.62890625</ele>
        <time>2012-08-07T16:23:49Z</time>
      </trkpt>
      <trkpt lat="67.890193182975054" lon="12.889606291428208">
        <ele>64.55859375</ele>
        <time>2012-08-07T16:24:24Z</time>
      </trkpt>
      <trkpt lat="67.890187818557024" lon="12.889569997787476">
        <ele>64.62109375</ele>
        <time>2012-08-07T16:24:56Z</time>
      </trkpt>
      <trkpt lat="67.89017784409225" lon="12.889523645862937">
        <ele>64.85546875</ele>
        <time>2012-08-07T16:26:31Z</time>
      </trkpt>
      <trkpt lat="67.890174072235823" lon="12.889440916478634">
        <ele>64.59375</ele>
        <time>2012-08-07T16:26:54Z</time>
      </trkpt>
      <trkpt lat="67.890163091942668" lon="12.889510486274958">
        <ele>65.50390625</ele>
        <time>2012-08-07T16:27:14Z</time>
      </trkpt>
      <trkpt lat="67.890105340629816" lon="12.889630179852247">
        <ele>68.95703125</ele>
        <time>2012-08-07T16:27:22Z</time>
      </trkpt>
      <trkpt lat="67.890018336474895" lon="12.889823885634542">
        <ele>74.234375</ele>
        <time>2012-08-07T16:27:38Z</time>
      </trkpt>
      <trkpt lat="67.889952454715967" lon="12.89006126113236">
        <ele>78.3203125</ele>
        <time>2012-08-07T16:27:54Z</time>
      </trkpt>
      <trkpt lat="67.889911467209458" lon="12.890182547271252">
        <ele>80.578125</ele>
        <time>2012-08-07T16:28:06Z</time>
      </trkpt>
      <trkpt lat="67.889847680926323" lon="12.890308359637856">
        <ele>83.89453125</ele>
        <time>2012-08-07T16:28:20Z</time>
      </trkpt>
      <trkpt lat="67.889816081151366" lon="12.890408774837852">
        <ele>85.59375</ele>
        <time>2012-08-07T16:28:42Z</time>
      </trkpt>
      <trkpt lat="67.889800239354372" lon="12.890627961605787">
        <ele>89.15625</ele>
        <time>2012-08-07T16:28:56Z</time>
      </trkpt>
      <trkpt lat="67.889795545488596" lon="12.890665344893932">
        <ele>90.05078125</ele>
        <time>2012-08-07T16:28:59Z</time>
      </trkpt>
      <trkpt lat="67.889746427536011" lon="12.890785792842507">
        <ele>94.51953125</ele>
        <time>2012-08-07T16:29:11Z</time>
      </trkpt>
      <trkpt lat="67.889735028147697" lon="12.890789145603776">
        <ele>95.22265625</ele>
        <time>2012-08-07T16:29:13Z</time>
      </trkpt>
      <trkpt lat="67.889680042862892" lon="12.890819991007447">
        <ele>98.80078125</ele>
        <time>2012-08-07T16:29:26Z</time>
      </trkpt>
      <trkpt lat="67.889617094770074" lon="12.891000369563699">
        <ele>104.61328125</ele>
        <time>2012-08-07T16:29:42Z</time>
      </trkpt>
      <trkpt lat="67.889573760330677" lon="12.891184687614441">
        <ele>107.16796875</ele>
        <time>2012-08-07T16:29:57Z</time>
      </trkpt>
      <trkpt lat="67.889571329578757" lon="12.891212934628129">
        <ele>107.30078125</ele>
        <time>2012-08-07T16:29:59Z</time>
      </trkpt>
      <trkpt lat="67.889531934633851" lon="12.891297088935971">
        <ele>109.2265625</ele>
        <time>2012-08-07T16:30:08Z</time>
      </trkpt>
      <trkpt lat="67.889480469748378" lon="12.891400521621108">
        <ele>111.76953125</ele>
        <time>2012-08-07T16:30:21Z</time>
      </trkpt>
      <trkpt lat="67.889473931863904" lon="12.8914216440171">
        <ele>112.1015625</ele>
        <time>2012-08-07T16:30:23Z</time>
      </trkpt>
      <trkpt lat="67.889458341524005" lon="12.89147294126451">
        <ele>112.8984375</ele>
        <time>2012-08-07T16:30:27Z</time>
      </trkpt>
      <trkpt lat="67.889391873031855" lon="12.891634125262499">
        <ele>116.4453125</ele>
        <time>2012-08-07T16:30:42Z</time>
      </trkpt>
      <trkpt lat="67.88936085999012" lon="12.891871919855475">
        <ele>118.8359375</ele>
        <time>2012-08-07T16:30:56Z</time>
      </trkpt>
      <trkpt lat="67.889297995716333" lon="12.89197962731123">
        <ele>121.75390625</ele>
        <time>2012-08-07T16:31:09Z</time>
      </trkpt>
      <trkpt lat="67.889290284365416" lon="12.891992954537272">
        <ele>122.08984375</ele>
        <time>2012-08-07T16:31:11Z</time>
      </trkpt>
      <trkpt lat="67.889276957139373" lon="12.89213553071022">
        <ele>122.89453125</ele>
        <time>2012-08-07T16:31:23Z</time>
      </trkpt>
      <trkpt lat="67.889226078987122" lon="12.892270898446441">
        <ele>124.6015625</ele>
        <time>2012-08-07T16:31:35Z</time>
      </trkpt>
      <trkpt lat="67.889204872772098" lon="12.892309119924903">
        <ele>125.25390625</ele>
        <time>2012-08-07T16:31:53Z</time>
      </trkpt>
      <trkpt lat="67.889192383736372" lon="12.892476422712207">
        <ele>125.3671875</ele>
        <time>2012-08-07T16:32:05Z</time>
      </trkpt>
      <trkpt lat="67.889163549989462" lon="12.892630817368627">
        <ele>126.33984375</ele>
        <time>2012-08-07T16:32:17Z</time>
      </trkpt>
      <trkpt lat="67.889111246913671" lon="12.892764592543244">
        <ele>129.0859375</ele>
        <time>2012-08-07T16:32:30Z</time>
      </trkpt>
      <trkpt lat="67.889029774814844" lon="12.892964836210012">
        <ele>133.7890625</ele>
        <time>2012-08-07T16:32:47Z</time>
      </trkpt>
      <trkpt lat="67.888938495889306" lon="12.892937762662768">
        <ele>136.77734375</ele>
        <time>2012-08-07T16:32:58Z</time>
      </trkpt>
      <trkpt lat="67.888862136751413" lon="12.892947234213352">
        <ele>139.4375</ele>
        <time>2012-08-07T16:33:08Z</time>
      </trkpt>
      <trkpt lat="67.888838835060596" lon="12.893003728240728">
        <ele>140.2421875</ele>
        <time>2012-08-07T16:33:11Z</time>
      </trkpt>
      <trkpt lat="67.888818634673953" lon="12.893413687124848">
        <ele>141.859375</ele>
        <time>2012-08-07T16:33:30Z</time>
      </trkpt>
      <trkpt lat="67.888805558905005" lon="12.893449980765581">
        <ele>142.40234375</ele>
        <time>2012-08-07T16:33:36Z</time>
      </trkpt>
      <trkpt lat="67.888796925544739" lon="12.893501445651054">
        <ele>142.9453125</ele>
        <time>2012-08-07T16:33:42Z</time>
      </trkpt>
      <trkpt lat="67.888713190332055" lon="12.893659276887774">
        <ele>145.6796875</ele>
        <time>2012-08-07T16:33:56Z</time>
      </trkpt>
      <trkpt lat="67.888618474826217" lon="12.893873350694776">
        <ele>148.2578125</ele>
        <time>2012-08-07T16:34:12Z</time>
      </trkpt>
      <trkpt lat="67.888581091538072" lon="12.893881648778915">
        <ele>148.8046875</ele>
        <time>2012-08-07T16:34:17Z</time>
      </trkpt>
      <trkpt lat="67.888405825942755" lon="12.893815347924829">
        <ele>151.3203125</ele>
        <time>2012-08-07T16:34:35Z</time>
      </trkpt>
      <trkpt lat="67.888272972777486" lon="12.893825490027666">
        <ele>153.25</ele>
        <time>2012-08-07T16:34:52Z</time>
      </trkpt>
      <trkpt lat="67.888253442943096" lon="12.893850971013308">
        <ele>153.5625</ele>
        <time>2012-08-07T16:34:58Z</time>
      </trkpt>
      <trkpt lat="67.888166438788176" lon="12.894086753949523">
        <ele>155.1875</ele>
        <time>2012-08-07T16:35:10Z</time>
      </trkpt>
      <trkpt lat="67.888157134875655" lon="12.894172081723809">
        <ele>155.4609375</ele>
        <time>2012-08-07T16:35:13Z</time>
      </trkpt>
      <trkpt lat="67.888145316392183" lon="12.894206279888749">
        <ele>155.69921875</ele>
        <time>2012-08-07T16:35:15Z</time>
      </trkpt>
      <trkpt lat="67.888111537322402" lon="12.894331673160195">
        <ele>156.44140625</ele>
        <time>2012-08-07T16:35:20Z</time>
      </trkpt>
      <trkpt lat="67.888121930882335" lon="12.894682874903083">
        <ele>156.9453125</ele>
        <time>2012-08-07T16:35:32Z</time>
      </trkpt>
      <trkpt lat="67.888131989166141" lon="12.894754372537136">
        <ele>156.93359375</ele>
        <time>2012-08-07T16:35:36Z</time>
      </trkpt>
      <trkpt lat="67.888124696910381" lon="12.894823355600238">
        <ele>157.17578125</ele>
        <time>2012-08-07T16:35:39Z</time>
      </trkpt>
      <trkpt lat="67.888128217309713" lon="12.894896194338799">
        <ele>157.26953125</ele>
        <time>2012-08-07T16:35:42Z</time>
      </trkpt>
      <trkpt lat="67.888115644454956" lon="12.89495293982327">
        <ele>157.734375</ele>
        <time>2012-08-07T16:35:45Z</time>
      </trkpt>
      <trkpt lat="67.888094941154122" lon="12.895039692521095">
        <ele>158.66015625</ele>
        <time>2012-08-07T16:35:49Z</time>
      </trkpt>
      <trkpt lat="67.888083625584841" lon="12.895198026672006">
        <ele>159.9609375</ele>
        <time>2012-08-07T16:35:55Z</time>
      </trkpt>
      <trkpt lat="67.888072645291686" lon="12.895271284505725">
        <ele>160.8359375</ele>
        <time>2012-08-07T16:35:58Z</time>
      </trkpt>
      <trkpt lat="67.888079937547445" lon="12.895606057718396">
        <ele>163.66796875</ele>
        <time>2012-08-07T16:36:13Z</time>
      </trkpt>
      <trkpt lat="67.88806552067399" lon="12.895760955289006">
        <ele>166.13671875</ele>
        <time>2012-08-07T16:36:28Z</time>
      </trkpt>
      <trkpt lat="67.888063257560134" lon="12.895827423781157">
        <ele>167.05078125</ele>
        <time>2012-08-07T16:37:40Z</time>
      </trkpt>
      <trkpt lat="67.888048086315393" lon="12.895981064066291">
        <ele>169.4921875</ele>
        <time>2012-08-07T16:37:50Z</time>
      </trkpt>
      <trkpt lat="67.888044398277998" lon="12.895991876721382">
        <ele>169.75390625</ele>
        <time>2012-08-07T16:37:51Z</time>
      </trkpt>
      <trkpt lat="67.888033417984843" lon="12.896061362698674">
        <ele>171.04296875</ele>
        <time>2012-08-07T16:37:56Z</time>
      </trkpt>
      <trkpt lat="67.88802495226264" lon="12.896127747371793">
        <ele>172.26171875</ele>
        <time>2012-08-07T16:38:01Z</time>
      </trkpt>
      <trkpt lat="67.887983378022909" lon="12.896179044619203">
        <ele>174.3671875</ele>
        <time>2012-08-07T16:38:12Z</time>
      </trkpt>
      <trkpt lat="67.887992849573493" lon="12.896358584985137">
        <ele>176.53515625</ele>
        <time>2012-08-07T16:38:25Z</time>
      </trkpt>
      <trkpt lat="67.887958399951458" lon="12.896376186981797">
        <ele>177.8828125</ele>
        <time>2012-08-07T16:38:34Z</time>
      </trkpt>
      <trkpt lat="67.887936187908053" lon="12.89655027911067">
        <ele>180.9375</ele>
        <time>2012-08-07T16:38:45Z</time>
      </trkpt>
      <trkpt lat="67.887943396344781" lon="12.896735267713666">
        <ele>184.15234375</ele>
        <time>2012-08-07T16:38:57Z</time>
      </trkpt>
      <trkpt lat="67.887910371646285" lon="12.896830989047885">
        <ele>186.95703125</ele>
        <time>2012-08-07T16:39:20Z</time>
      </trkpt>
      <trkpt lat="67.887922525405884" lon="12.896994687616825">
        <ele>189.828125</ele>
        <time>2012-08-07T16:39:31Z</time>
      </trkpt>
      <trkpt lat="67.887882040813565" lon="12.897044392302632">
        <ele>191.796875</ele>
        <time>2012-08-07T16:39:39Z</time>
      </trkpt>
      <trkpt lat="67.887828983366489" lon="12.897099293768406">
        <ele>194.11328125</ele>
        <time>2012-08-07T16:39:50Z</time>
      </trkpt>
      <trkpt lat="67.887783050537109" lon="12.897187722846866">
        <ele>196.44921875</ele>
        <time>2012-08-07T16:40:03Z</time>
      </trkpt>
      <trkpt lat="67.887778775766492" lon="12.897185543552041">
        <ele>196.5234375</ele>
        <time>2012-08-07T16:40:04Z</time>
      </trkpt>
      <trkpt lat="67.887744996696711" lon="12.897302471101284">
        <ele>198.4140625</ele>
        <time>2012-08-07T16:40:16Z</time>
      </trkpt>
      <trkpt lat="67.887709541246295" lon="12.897468097507954">
        <ele>200.62109375</ele>
        <time>2012-08-07T16:40:29Z</time>
      </trkpt>
      <trkpt lat="67.887644162401557" lon="12.897661384195089">
        <ele>203.23046875</ele>
        <time>2012-08-07T16:40:42Z</time>
      </trkpt>
      <trkpt lat="67.88762622512877" lon="12.89781485684216">
        <ele>207.31640625</ele>
        <time>2012-08-07T16:40:53Z</time>
      </trkpt>
      <trkpt lat="67.887587249279022" lon="12.897858778014779">
        <ele>209.04296875</ele>
        <time>2012-08-07T16:41:00Z</time>
      </trkpt>
      <trkpt lat="67.887542154639959" lon="12.898047789931297">
        <ele>214.9921875</ele>
        <time>2012-08-07T16:41:14Z</time>
      </trkpt>
      <trkpt lat="67.887535952031612" lon="12.898219535127282">
        <ele>220.01171875</ele>
        <time>2012-08-07T16:41:27Z</time>
      </trkpt>
      <trkpt lat="67.887502256780863" lon="12.898306455463171">
        <ele>223.07421875</ele>
        <time>2012-08-07T16:41:35Z</time>
      </trkpt>
      <trkpt lat="67.887487588450313" lon="12.898327074944973">
        <ele>224.11328125</ele>
        <time>2012-08-07T16:41:39Z</time>
      </trkpt>
      <trkpt lat="67.887464286759496" lon="12.898427322506905">
        <ele>227.08203125</ele>
        <time>2012-08-07T16:41:49Z</time>
      </trkpt>
      <trkpt lat="67.887432770803571" lon="12.898474931716919">
        <ele>229.35546875</ele>
        <time>2012-08-07T16:41:58Z</time>
      </trkpt>
      <trkpt lat="67.887427574023604" lon="12.898477781563997">
        <ele>229.62890625</ele>
        <time>2012-08-07T16:41:59Z</time>
      </trkpt>
      <trkpt lat="67.88737409748137" lon="12.898503933101892">
        <ele>232.40625</ele>
        <time>2012-08-07T16:42:13Z</time>
      </trkpt>
      <trkpt lat="67.887329338118434" lon="12.89857417345047">
        <ele>235.65234375</ele>
        <time>2012-08-07T16:42:26Z</time>
      </trkpt>
      <trkpt lat="67.887285752221942" lon="12.898661764338613">
        <ele>239.16015625</ele>
        <time>2012-08-07T16:42:38Z</time>
      </trkpt>
      <trkpt lat="67.887323554605246" lon="12.898671738803387">
        <ele>237.765625</ele>
        <time>2012-08-07T16:43:08Z</time>
      </trkpt>
      <trkpt lat="67.88729103282094" lon="12.898692358285189">
        <ele>239.51953125</ele>
        <time>2012-08-07T16:45:35Z</time>
      </trkpt>
      <trkpt lat="67.887250045314431" lon="12.898761089891195">
        <ele>242.53515625</ele>
        <time>2012-08-07T16:45:45Z</time>
      </trkpt>
      <trkpt lat="67.887215176597238" lon="12.899058647453785">
        <ele>249.328125</ele>
        <time>2012-08-07T16:45:57Z</time>
      </trkpt>
      <trkpt lat="67.88721039891243" lon="12.899176580831409">
        <ele>251.61328125</ele>
        <time>2012-08-07T16:46:08Z</time>
      </trkpt>
      <trkpt lat="67.887137979269028" lon="12.89925042539835">
        <ele>255.71484375</ele>
        <time>2012-08-07T16:46:23Z</time>
      </trkpt>
      <trkpt lat="67.887106966227293" lon="12.899357378482819">
        <ele>258.7421875</ele>
        <time>2012-08-07T16:46:35Z</time>
      </trkpt>
      <trkpt lat="67.887092549353838" lon="12.899456871673465">
        <ele>260.734375</ele>
        <time>2012-08-07T16:46:47Z</time>
      </trkpt>
      <trkpt lat="67.887086346745491" lon="12.899480927735567">
        <ele>261.31640625</ele>
        <time>2012-08-07T16:46:50Z</time>
      </trkpt>
      <trkpt lat="67.887069080024958" lon="12.899531638249755">
        <ele>262.69921875</ele>
        <time>2012-08-07T16:46:54Z</time>
      </trkpt>
      <trkpt lat="67.887046616524458" lon="12.899550748988986">
        <ele>263.82421875</ele>
        <time>2012-08-07T16:46:58Z</time>
      </trkpt>
      <trkpt lat="67.887009652331471" lon="12.899740766733885">
        <ele>267.9609375</ele>
        <time>2012-08-07T16:47:11Z</time>
      </trkpt>
      <trkpt lat="67.886965479701757" lon="12.899808995425701">
        <ele>270.71484375</ele>
        <time>2012-08-07T16:47:22Z</time>
      </trkpt>
      <trkpt lat="67.886947458609939" lon="12.899985518306494">
        <ele>274.02734375</ele>
        <time>2012-08-07T16:47:37Z</time>
      </trkpt>
      <trkpt lat="67.886937232688069" lon="12.899971688166261">
        <ele>274.46484375</ele>
        <time>2012-08-07T16:47:39Z</time>
      </trkpt>
      <trkpt lat="67.886911332607269" lon="12.899973196908832">
        <ele>275.95703125</ele>
        <time>2012-08-07T16:47:44Z</time>
      </trkpt>
      <trkpt lat="67.886841678991914" lon="12.900094483047724">
        <ele>281.02734375</ele>
        <time>2012-08-07T16:47:58Z</time>
      </trkpt>
      <trkpt lat="67.886837823316455" lon="12.900194060057402">
        <ele>282.14453125</ele>
        <time>2012-08-07T16:48:11Z</time>
      </trkpt>
      <trkpt lat="67.886809576302767" lon="12.900262037292123">
        <ele>284.265625</ele>
        <time>2012-08-07T16:50:05Z</time>
      </trkpt>
      <trkpt lat="67.886753585189581" lon="12.900341665372252">
        <ele>287.87890625</ele>
        <time>2012-08-07T16:50:17Z</time>
      </trkpt>
      <trkpt lat="67.886734139174223" lon="12.900447361171246">
        <ele>289.7109375</ele>
        <time>2012-08-07T16:50:28Z</time>
      </trkpt>
      <trkpt lat="67.886730199679732" lon="12.900458592921495">
        <ele>290</ele>
        <time>2012-08-07T16:50:30Z</time>
      </trkpt>
      <trkpt lat="67.886708239093423" lon="12.900538723915815">
        <ele>292.671875</ele>
        <time>2012-08-07T16:50:43Z</time>
      </trkpt>
      <trkpt lat="67.886705892160535" lon="12.900677360594273">
        <ele>295.87109375</ele>
        <time>2012-08-07T16:50:53Z</time>
      </trkpt>
      <trkpt lat="67.886702623218298" lon="12.90075346827507">
        <ele>297.75</ele>
        <time>2012-08-07T16:50:59Z</time>
      </trkpt>
      <trkpt lat="67.886700527742505" lon="12.900794791057706">
        <ele>298.7890625</ele>
        <time>2012-08-07T16:51:02Z</time>
      </trkpt>
      <trkpt lat="67.886703042313457" lon="12.900946754962206">
        <ele>302.03125</ele>
        <time>2012-08-07T16:51:15Z</time>
      </trkpt>
      <trkpt lat="67.88668024353683" lon="12.900995621457696">
        <ele>304.5390625</ele>
        <time>2012-08-07T16:51:20Z</time>
      </trkpt>
      <trkpt lat="67.886680075898767" lon="12.901112716645002">
        <ele>305.8359375</ele>
        <time>2012-08-07T16:51:32Z</time>
      </trkpt>
      <trkpt lat="67.886672699823976" lon="12.90112093091011">
        <ele>306.30859375</ele>
        <time>2012-08-07T16:51:34Z</time>
      </trkpt>
      <trkpt lat="67.886652499437332" lon="12.901188991963863">
        <ele>307.7734375</ele>
        <time>2012-08-07T16:51:42Z</time>
      </trkpt>
      <trkpt lat="67.88661427795887" lon="12.901219334453344">
        <ele>309.84765625</ele>
        <time>2012-08-07T16:51:53Z</time>
      </trkpt>
      <trkpt lat="67.886604219675064" lon="12.901311870664358">
        <ele>310.4921875</ele>
        <time>2012-08-07T16:52:05Z</time>
      </trkpt>
      <trkpt lat="67.886596759781241" lon="12.9013442248106">
        <ele>310.859375</ele>
        <time>2012-08-07T16:52:12Z</time>
      </trkpt>
      <trkpt lat="67.886577816680074" lon="12.901445394381881">
        <ele>311.640625</ele>
        <time>2012-08-07T16:52:24Z</time>
      </trkpt>
      <trkpt lat="67.886572452262044" lon="12.901442544534802">
        <ele>311.83203125</ele>
        <time>2012-08-07T16:52:27Z</time>
      </trkpt>
      <trkpt lat="67.886542193591595" lon="12.90152108296752">
        <ele>312.7265625</ele>
        <time>2012-08-07T16:52:39Z</time>
      </trkpt>
      <trkpt lat="67.886538924649358" lon="12.901530722156167">
        <ele>312.80078125</ele>
        <time>2012-08-07T16:52:40Z</time>
      </trkpt>
      <trkpt lat="67.88654638454318" lon="12.901547318324447">
        <ele>312.53515625</ele>
        <time>2012-08-07T16:53:01Z</time>
      </trkpt>
      <trkpt lat="67.886485196650028" lon="12.90177664719522">
        <ele>325.3515625</ele>
        <time>2012-08-07T16:53:35Z</time>
      </trkpt>
      <trkpt lat="67.886445466428995" lon="12.901823753491044">
        <ele>330.06640625</ele>
        <time>2012-08-07T16:53:49Z</time>
      </trkpt>
      <trkpt lat="67.886442365124822" lon="12.901843283325434">
        <ele>331.43359375</ele>
        <time>2012-08-07T16:53:53Z</time>
      </trkpt>
      <trkpt lat="67.886459464207292" lon="12.901938334107399">
        <ele>336.3203125</ele>
        <time>2012-08-07T16:54:06Z</time>
      </trkpt>
      <trkpt lat="67.886450747027993" lon="12.901956858113408">
        <ele>337.98828125</ele>
        <time>2012-08-07T16:54:09Z</time>
      </trkpt>
      <trkpt lat="67.886412022635341" lon="12.902057692408562">
        <ele>347.171875</ele>
        <time>2012-08-07T16:54:22Z</time>
      </trkpt>
      <trkpt lat="67.886383272707462" lon="12.902125753462315">
        <ele>355.4765625</ele>
        <time>2012-08-07T16:54:35Z</time>
      </trkpt>
      <trkpt lat="67.886370532214642" lon="12.902131453156471">
        <ele>357.5625</ele>
        <time>2012-08-07T16:54:39Z</time>
      </trkpt>
      <trkpt lat="67.886362988501787" lon="12.902159867808223">
        <ele>359.77734375</ele>
        <time>2012-08-07T16:55:00Z</time>
      </trkpt>
      <trkpt lat="67.886324347928166" lon="12.90228676982224">
        <ele>369.328125</ele>
        <time>2012-08-07T16:56:03Z</time>
      </trkpt>
      <trkpt lat="67.886322420090437" lon="12.902335552498698">
        <ele>371.25390625</ele>
        <time>2012-08-07T16:56:10Z</time>
      </trkpt>
      <trkpt lat="67.886318396776915" lon="12.902392968535423">
        <ele>373.7421875</ele>
        <time>2012-08-07T16:56:18Z</time>
      </trkpt>
      <trkpt lat="67.886303057894111" lon="12.902452060952783">
        <ele>377.73828125</ele>
        <time>2012-08-07T16:56:31Z</time>
      </trkpt>
      <trkpt lat="67.88629082031548" lon="12.902476033195853">
        <ele>380.12109375</ele>
        <time>2012-08-07T16:56:36Z</time>
      </trkpt>
      <trkpt lat="67.886287299916148" lon="12.902482487261295">
        <ele>380.7890625</ele>
        <time>2012-08-07T16:56:37Z</time>
      </trkpt>
      <trkpt lat="67.886275146156549" lon="12.902506543323398">
        <ele>383.15234375</ele>
        <time>2012-08-07T16:56:40Z</time>
      </trkpt>
      <trkpt lat="67.886252598837018" lon="12.902519535273314">
        <ele>386.4609375</ele>
        <time>2012-08-07T16:56:45Z</time>
      </trkpt>
      <trkpt lat="67.886236673220992" lon="12.902597738429904">
        <ele>391.04296875</ele>
        <time>2012-08-07T16:56:54Z</time>
      </trkpt>
      <trkpt lat="67.886220747604966" lon="12.902627745643258">
        <ele>394.01953125</ele>
        <time>2012-08-07T16:57:07Z</time>
      </trkpt>
      <trkpt lat="67.886190824210644" lon="12.902695052325726">
        <ele>399.88671875</ele>
        <time>2012-08-07T16:57:21Z</time>
      </trkpt>
      <trkpt lat="67.886186968535185" lon="12.902703434228897">
        <ele>400.48046875</ele>
        <time>2012-08-07T16:57:22Z</time>
      </trkpt>
      <trkpt lat="67.886159056797624" lon="12.902775937691331">
        <ele>404.921875</ele>
        <time>2012-08-07T16:57:35Z</time>
      </trkpt>
      <trkpt lat="67.88616131991148" lon="12.902853637933731">
        <ele>405.68359375</ele>
        <time>2012-08-07T16:57:44Z</time>
      </trkpt>
      <trkpt lat="67.886196440085769" lon="12.903013899922371">
        <ele>403.4375</ele>
        <time>2012-08-07T16:58:03Z</time>
      </trkpt>
      <trkpt lat="67.8862189874053" lon="12.903211545199156">
        <ele>403.2265625</ele>
        <time>2012-08-07T16:58:16Z</time>
      </trkpt>
      <trkpt lat="67.886234493926167" lon="12.903348673135042">
        <ele>406.10546875</ele>
        <time>2012-08-07T16:58:29Z</time>
      </trkpt>
      <trkpt lat="67.886234242469072" lon="12.903432156890631">
        <ele>409.78125</ele>
        <time>2012-08-07T16:58:36Z</time>
      </trkpt>
      <trkpt lat="67.886248994618654" lon="12.903621839359403">
        <ele>415.90625</ele>
        <time>2012-08-07T16:58:50Z</time>
      </trkpt>
      <trkpt lat="67.886245893314481" lon="12.903702557086945">
        <ele>419.828125</ele>
        <time>2012-08-07T16:58:58Z</time>
      </trkpt>
      <trkpt lat="67.886263076215982" lon="12.903794338926673">
        <ele>421.125</ele>
        <time>2012-08-07T16:59:08Z</time>
      </trkpt>
      <trkpt lat="67.886254778131843" lon="12.903884947299957">
        <ele>422.71875</ele>
        <time>2012-08-07T16:59:20Z</time>
      </trkpt>
      <trkpt lat="67.886234074831009" lon="12.903957786038518">
        <ele>425.54296875</ele>
        <time>2012-08-07T16:59:33Z</time>
      </trkpt>
      <trkpt lat="67.886247066780925" lon="12.904047220945358">
        <ele>423.515625</ele>
        <time>2012-08-07T16:59:44Z</time>
      </trkpt>
      <trkpt lat="67.886215634644032" lon="12.904128273949027">
        <ele>427.32421875</ele>
        <time>2012-08-07T16:59:58Z</time>
      </trkpt>
      <trkpt lat="67.886197781190276" lon="12.904255175963044">
        <ele>428.765625</ele>
        <time>2012-08-07T17:00:09Z</time>
      </trkpt>
      <trkpt lat="67.88619794882834" lon="12.904289793223143">
        <ele>428.52734375</ele>
        <time>2012-08-07T17:00:13Z</time>
      </trkpt>
      <trkpt lat="67.88623902015388" lon="12.904481235891581">
        <ele>422.79296875</ele>
        <time>2012-08-07T17:00:27Z</time>
      </trkpt>
      <trkpt lat="67.886234074831009" lon="12.904695477336645">
        <ele>421.54296875</ele>
        <time>2012-08-07T17:00:40Z</time>
      </trkpt>
      <trkpt lat="67.886235080659389" lon="12.904702099040151">
        <ele>421.4140625</ele>
        <time>2012-08-07T17:00:42Z</time>
      </trkpt>
      <trkpt lat="67.886223345994949" lon="12.904860349372029">
        <ele>420.85546875</ele>
        <time>2012-08-07T17:00:56Z</time>
      </trkpt>
      <trkpt lat="67.886243630200624" lon="12.905017761513591">
        <ele>418.234375</ele>
        <time>2012-08-07T17:01:09Z</time>
      </trkpt>
      <trkpt lat="67.886239271610975" lon="12.905083056539297">
        <ele>417.7734375</ele>
        <time>2012-08-07T17:01:14Z</time>
      </trkpt>
      <trkpt lat="67.886242875829339" lon="12.905096551403403">
        <ele>417.48046875</ele>
        <time>2012-08-07T17:01:15Z</time>
      </trkpt>
      <trkpt lat="67.886238852515817" lon="12.905253292992711">
        <ele>416.04296875</ele>
        <time>2012-08-07T17:01:25Z</time>
      </trkpt>
      <trkpt lat="67.886249246075749" lon="12.905263183638453">
        <ele>415.58984375</ele>
        <time>2012-08-07T17:01:29Z</time>
      </trkpt>
      <trkpt lat="67.886271625757217" lon="12.905302662402391">
        <ele>414.50390625</ele>
        <time>2012-08-07T17:01:34Z</time>
      </trkpt>
      <trkpt lat="67.886305991560221" lon="12.905334262177348">
        <ele>413.22265625</ele>
        <time>2012-08-07T17:01:39Z</time>
      </trkpt>
      <trkpt lat="67.886249665170908" lon="12.905515478923917">
        <ele>412.33203125</ele>
        <time>2012-08-07T17:01:49Z</time>
      </trkpt>
      <trkpt lat="67.886262321844697" lon="12.905551856383681">
        <ele>411.1640625</ele>
        <time>2012-08-07T17:01:54Z</time>
      </trkpt>
      <trkpt lat="67.886227536946535" lon="12.905658893287182">
        <ele>408.453125</ele>
        <time>2012-08-07T17:02:02Z</time>
      </trkpt>
      <trkpt lat="67.886210354045033" lon="12.9056734777987">
        <ele>408.0390625</ele>
        <time>2012-08-07T17:02:06Z</time>
      </trkpt>
      <trkpt lat="67.886215718463063" lon="12.905810941010714">
        <ele>403.79296875</ele>
        <time>2012-08-07T17:02:13Z</time>
      </trkpt>
      <trkpt lat="67.886212281882763" lon="12.905837846919894">
        <ele>402.91015625</ele>
        <time>2012-08-07T17:02:14Z</time>
      </trkpt>
      <trkpt lat="67.886203480884433" lon="12.905970783904195">
        <ele>398.5078125</ele>
        <time>2012-08-07T17:02:21Z</time>
      </trkpt>
      <trkpt lat="67.886200547218323" lon="12.905995259061456">
        <ele>397.6328125</ele>
        <time>2012-08-07T17:02:22Z</time>
      </trkpt>
      <trkpt lat="67.886193171143532" lon="12.906039850786328">
        <ele>396.03515625</ele>
        <time>2012-08-07T17:02:24Z</time>
      </trkpt>
      <trkpt lat="67.886191662400961" lon="12.906212182715535">
        <ele>391.5625</ele>
        <time>2012-08-07T17:02:32Z</time>
      </trkpt>
      <trkpt lat="67.886188644915819" lon="12.906339755281806">
        <ele>388.15234375</ele>
        <time>2012-08-07T17:02:38Z</time>
      </trkpt>
      <trkpt lat="67.886177748441696" lon="12.906407564878464">
        <ele>385.85546875</ele>
        <time>2012-08-07T17:02:45Z</time>
      </trkpt>
      <trkpt lat="67.886159894987941" lon="12.90641913190484">
        <ele>384.64453125</ele>
        <time>2012-08-07T17:02:58Z</time>
      </trkpt>
      <trkpt lat="67.886119745671749" lon="12.906534969806671">
        <ele>379.28515625</ele>
        <time>2012-08-07T17:03:11Z</time>
      </trkpt>
      <trkpt lat="67.886093091219664" lon="12.906604539602995">
        <ele>375.96875</ele>
        <time>2012-08-07T17:03:18Z</time>
      </trkpt>
      <trkpt lat="67.886086469516158" lon="12.906652735546231">
        <ele>374.6484375</ele>
        <time>2012-08-07T17:03:22Z</time>
      </trkpt>
      <trkpt lat="67.886079093441367" lon="12.906721383333206">
        <ele>372.90234375</ele>
        <time>2012-08-07T17:03:29Z</time>
      </trkpt>
      <trkpt lat="67.886100132018328" lon="12.906796736642718">
        <ele>372.55078125</ele>
        <time>2012-08-07T17:03:37Z</time>
      </trkpt>
      <trkpt lat="67.886103149503469" lon="12.906845351681113">
        <ele>371.7421875</ele>
        <time>2012-08-07T17:03:40Z</time>
      </trkpt>
      <trkpt lat="67.886105077341199" lon="12.906881896778941">
        <ele>371.11328125</ele>
        <time>2012-08-07T17:03:42Z</time>
      </trkpt>
      <trkpt lat="67.886114548891783" lon="12.906974935904145">
        <ele>369.71484375</ele>
        <time>2012-08-07T17:03:47Z</time>
      </trkpt>
      <trkpt lat="67.886132653802633" lon="12.907088259235024">
        <ele>368.26171875</ele>
        <time>2012-08-07T17:03:52Z</time>
      </trkpt>
      <trkpt lat="67.886126535013318" lon="12.907292693853378">
        <ele>360.7109375</ele>
        <time>2012-08-07T17:04:03Z</time>
      </trkpt>
      <trkpt lat="67.886126535013318" lon="12.907346086576581">
        <ele>358.56640625</ele>
        <time>2012-08-07T17:04:08Z</time>
      </trkpt>
      <trkpt lat="67.88610122166574" lon="12.907405430451035">
        <ele>354.73828125</ele>
        <time>2012-08-07T17:04:16Z</time>
      </trkpt>
      <trkpt lat="67.886090660467744" lon="12.907412722706795">
        <ele>353.828125</ele>
        <time>2012-08-07T17:04:18Z</time>
      </trkpt>
      <trkpt lat="67.886070040985942" lon="12.907474581152201">
        <ele>350</ele>
        <time>2012-08-07T17:04:23Z</time>
      </trkpt>
      <trkpt lat="67.886053947731853" lon="12.907489668577909">
        <ele>348.37109375</ele>
        <time>2012-08-07T17:04:26Z</time>
      </trkpt>
      <trkpt lat="67.886041793972254" lon="12.907515065744519">
        <ele>346.51171875</ele>
        <time>2012-08-07T17:04:29Z</time>
      </trkpt>
      <trkpt lat="67.886021845042706" lon="12.907664766535163">
        <ele>338.55078125</ele>
        <time>2012-08-07T17:04:38Z</time>
      </trkpt>
      <trkpt lat="67.886014133691788" lon="12.907715560868382">
        <ele>336.2890625</ele>
        <time>2012-08-07T17:04:42Z</time>
      </trkpt>
      <trkpt lat="67.885982450097799" lon="12.907793680205941">
        <ele>332.34765625</ele>
        <time>2012-08-07T17:04:50Z</time>
      </trkpt>
      <trkpt lat="67.885948922485113" lon="12.907852437347174">
        <ele>328.71875</ele>
        <time>2012-08-07T17:04:59Z</time>
      </trkpt>
      <trkpt lat="67.885949593037367" lon="12.907867860049009">
        <ele>328.42578125</ele>
        <time>2012-08-07T17:05:00Z</time>
      </trkpt>
      <trkpt lat="67.885917322710156" lon="12.907921923324466">
        <ele>325</ele>
        <time>2012-08-07T17:05:08Z</time>
      </trkpt>
      <trkpt lat="67.885912293568254" lon="12.907934160903096">
        <ele>324.3828125</ele>
        <time>2012-08-07T17:05:09Z</time>
      </trkpt>
      <trkpt lat="67.88586862385273" lon="12.908002389594913">
        <ele>319.875</ele>
        <time>2012-08-07T17:05:20Z</time>
      </trkpt>
      <trkpt lat="67.885865522548556" lon="12.908004736527801">
        <ele>319.609375</ele>
        <time>2012-08-07T17:05:21Z</time>
      </trkpt>
      <trkpt lat="67.885850770398974" lon="12.908078832551837">
        <ele>317.01953125</ele>
        <time>2012-08-07T17:05:27Z</time>
      </trkpt>
      <trkpt lat="67.885842220857739" lon="12.908150078728795">
        <ele>314.91015625</ele>
        <time>2012-08-07T17:05:33Z</time>
      </trkpt>
      <trkpt lat="67.88581439293921" lon="12.908289218321443">
        <ele>310.0078125</ele>
        <time>2012-08-07T17:05:45Z</time>
      </trkpt>
      <trkpt lat="67.885810118168592" lon="12.908305982127786">
        <ele>309.34375</ele>
        <time>2012-08-07T17:05:46Z</time>
      </trkpt>
      <trkpt lat="67.885777931660414" lon="12.908418551087379">
        <ele>304.58203125</ele>
        <time>2012-08-07T17:05:54Z</time>
      </trkpt>
      <trkpt lat="67.885765945538878" lon="12.908436488360167">
        <ele>303.3359375</ele>
        <time>2012-08-07T17:05:56Z</time>
      </trkpt>
      <trkpt lat="67.885719425976276" lon="12.908380245789886">
        <ele>301.4375</ele>
        <time>2012-08-07T17:06:04Z</time>
      </trkpt>
      <trkpt lat="67.885678773745894" lon="12.90828712284565">
        <ele>300.92578125</ele>
        <time>2012-08-07T17:06:10Z</time>
      </trkpt>
      <trkpt lat="67.885677851736546" lon="12.908270778134465">
        <ele>301.265625</ele>
        <time>2012-08-07T17:06:11Z</time>
      </trkpt>
      <trkpt lat="67.885651029646397" lon="12.908241022378206">
        <ele>300.19921875</ele>
        <time>2012-08-07T17:06:23Z</time>
      </trkpt>
      <trkpt lat="67.885631835088134" lon="12.908188384026289">
        <ele>300.13671875</ele>
        <time>2012-08-07T17:06:27Z</time>
      </trkpt>
      <trkpt lat="67.885618675500154" lon="12.908169692382216">
        <ele>299.69921875</ele>
        <time>2012-08-07T17:06:29Z</time>
      </trkpt>
      <trkpt lat="67.885557571426034" lon="12.90799543261528">
        <ele>299.765625</ele>
        <time>2012-08-07T17:06:38Z</time>
      </trkpt>
      <trkpt lat="67.885516164824367" lon="12.908009262755513">
        <ele>296.7421875</ele>
        <time>2012-08-07T17:06:43Z</time>
      </trkpt>
      <trkpt lat="67.885455144569278" lon="12.907977746799588">
        <ele>293.53515625</ele>
        <time>2012-08-07T17:06:51Z</time>
      </trkpt>
      <trkpt lat="67.885416839271784" lon="12.907959641888738">
        <ele>291.4921875</ele>
        <time>2012-08-07T17:06:55Z</time>
      </trkpt>
      <trkpt lat="67.885371828451753" lon="12.907901220023632">
        <ele>290.0234375</ele>
        <time>2012-08-07T17:07:00Z</time>
      </trkpt>
      <trkpt lat="67.885284489020705" lon="12.907866686582565">
        <ele>285.4140625</ele>
        <time>2012-08-07T17:07:12Z</time>
      </trkpt>
      <trkpt lat="67.885260684415698" lon="12.907927623018622">
        <ele>282.5546875</ele>
        <time>2012-08-07T17:07:18Z</time>
      </trkpt>
      <trkpt lat="67.885203352198005" lon="12.907960060983896">
        <ele>278.546875</ele>
        <time>2012-08-07T17:07:25Z</time>
      </trkpt>
      <trkpt lat="67.88518164306879" lon="12.907963916659355">
        <ele>277.2421875</ele>
        <time>2012-08-07T17:07:28Z</time>
      </trkpt>
      <trkpt lat="67.885157251730561" lon="12.90799886919558">
        <ele>275.0625</ele>
        <time>2012-08-07T17:07:35Z</time>
      </trkpt>
      <trkpt lat="67.885108469054103" lon="12.907933155074716">
        <ele>273.84765625</ele>
        <time>2012-08-07T17:07:43Z</time>
      </trkpt>
      <trkpt lat="67.885055495426059" lon="12.907849587500095">
        <ele>272.703125</ele>
        <time>2012-08-07T17:07:53Z</time>
      </trkpt>
      <trkpt lat="67.885002857074142" lon="12.907860986888409">
        <ele>269.44140625</ele>
        <time>2012-08-07T17:08:04Z</time>
      </trkpt>
      <trkpt lat="67.88496907800436" lon="12.907812790945172">
        <ele>268.51171875</ele>
        <time>2012-08-07T17:08:09Z</time>
      </trkpt>
      <trkpt lat="67.884939322248101" lon="12.907806755974889">
        <ele>266.9140625</ele>
        <time>2012-08-07T17:08:12Z</time>
      </trkpt>
      <trkpt lat="67.884913422167301" lon="12.907753866165876">
        <ele>266.48046875</ele>
        <time>2012-08-07T17:08:18Z</time>
      </trkpt>
      <trkpt lat="67.884806049987674" lon="12.907682284712791">
        <ele>261.62109375</ele>
        <time>2012-08-07T17:08:33Z</time>
      </trkpt>
      <trkpt lat="67.884792052209377" lon="12.907770462334156">
        <ele>259.0546875</ele>
        <time>2012-08-07T17:08:41Z</time>
      </trkpt>
      <trkpt lat="67.884770343080163" lon="12.907883282750845">
        <ele>255.7265625</ele>
        <time>2012-08-07T17:08:50Z</time>
      </trkpt>
      <trkpt lat="67.884763386100531" lon="12.907953187823296">
        <ele>254.05859375</ele>
        <time>2012-08-07T17:08:57Z</time>
      </trkpt>
      <trkpt lat="67.884789872914553" lon="12.908130967989564">
        <ele>252.24609375</ele>
        <time>2012-08-07T17:09:07Z</time>
      </trkpt>
      <trkpt lat="67.884812084957957" lon="12.908193999901414">
        <ele>252.25390625</ele>
        <time>2012-08-07T17:09:10Z</time>
      </trkpt>
      <trkpt lat="67.884821221232414" lon="12.908311598002911">
        <ele>249.3359375</ele>
        <time>2012-08-07T17:09:15Z</time>
      </trkpt>
      <trkpt lat="67.884830944240093" lon="12.908429531380534">
        <ele>245.515625</ele>
        <time>2012-08-07T17:09:20Z</time>
      </trkpt>
      <trkpt lat="67.884839326143265" lon="12.908538663759828">
        <ele>241.97265625</ele>
        <time>2012-08-07T17:09:25Z</time>
      </trkpt>
      <trkpt lat="67.884832285344601" lon="12.908606557175517">
        <ele>239.08203125</ele>
        <time>2012-08-07T17:09:29Z</time>
      </trkpt>
      <trkpt lat="67.884820969775319" lon="12.908727340400219">
        <ele>233.984375</ele>
        <time>2012-08-07T17:09:36Z</time>
      </trkpt>
      <trkpt lat="67.884818790480494" lon="12.908858098089695">
        <ele>229.99609375</ele>
        <time>2012-08-07T17:09:41Z</time>
      </trkpt>
      <trkpt lat="67.884851563721895" lon="12.909046020358801">
        <ele>228.22265625</ele>
        <time>2012-08-07T17:09:47Z</time>
      </trkpt>
      <trkpt lat="67.884931694716215" lon="12.909398395568132">
        <ele>226.40625</ele>
        <time>2012-08-07T17:10:01Z</time>
      </trkpt>
      <trkpt lat="67.884991625323892" lon="12.909668628126383">
        <ele>227.09375</ele>
        <time>2012-08-07T17:10:15Z</time>
      </trkpt>
      <trkpt lat="67.884977292269468" lon="12.909683296456933">
        <ele>226.1171875</ele>
        <time>2012-08-07T17:10:17Z</time>
      </trkpt>
      <trkpt lat="67.884945524856448" lon="12.909693187102675">
        <ele>224.1953125</ele>
        <time>2012-08-07T17:10:22Z</time>
      </trkpt>
      <trkpt lat="67.884893054142594" lon="12.909754039719701">
        <ele>220.5859375</ele>
        <time>2012-08-07T17:10:32Z</time>
      </trkpt>
      <trkpt lat="67.884890036657453" lon="12.909866692498326">
        <ele>219.296875</ele>
        <time>2012-08-07T17:10:38Z</time>
      </trkpt>
      <trkpt lat="67.884880397468805" lon="12.909874822944403">
        <ele>218.67578125</ele>
        <time>2012-08-07T17:10:40Z</time>
      </trkpt>
      <trkpt lat="67.884838068857789" lon="12.909951265901327">
        <ele>214.85546875</ele>
        <time>2012-08-07T17:10:50Z</time>
      </trkpt>
      <trkpt lat="67.884823065251112" lon="12.909976579248905">
        <ele>213.3046875</ele>
        <time>2012-08-07T17:10:53Z</time>
      </trkpt>
      <trkpt lat="67.884796997532248" lon="12.910132817924023">
        <ele>207.421875</ele>
        <time>2012-08-07T17:11:03Z</time>
      </trkpt>
      <trkpt lat="67.884780569002032" lon="12.910153856500983">
        <ele>205.859375</ele>
        <time>2012-08-07T17:11:08Z</time>
      </trkpt>
      <trkpt lat="67.884762464091182" lon="12.910174056887627">
        <ele>204.21484375</ele>
        <time>2012-08-07T17:11:11Z</time>
      </trkpt>
      <trkpt lat="67.884730361402035" lon="12.910249829292297">
        <ele>200.25</ele>
        <time>2012-08-07T17:11:19Z</time>
      </trkpt>
      <trkpt lat="67.884722650051117" lon="12.910241447389126">
        <ele>200.08203125</ele>
        <time>2012-08-07T17:11:20Z</time>
      </trkpt>
      <trkpt lat="67.884680572897196" lon="12.910296432673931">
        <ele>196.33984375</ele>
        <time>2012-08-07T17:11:28Z</time>
      </trkpt>
      <trkpt lat="67.884675962850451" lon="12.910310430452228">
        <ele>195.71484375</ele>
        <time>2012-08-07T17:11:29Z</time>
      </trkpt>
      <trkpt lat="67.884642267599702" lon="12.910367762669921">
        <ele>192.44140625</ele>
        <time>2012-08-07T17:11:36Z</time>
      </trkpt>
      <trkpt lat="67.884613517671824" lon="12.910476978868246">
        <ele>188.28515625</ele>
        <time>2012-08-07T17:11:44Z</time>
      </trkpt>
      <trkpt lat="67.884564567357302" lon="12.91057295165956">
        <ele>185.0546875</ele>
        <time>2012-08-07T17:11:55Z</time>
      </trkpt>
      <trkpt lat="67.884547216817737" lon="12.910609496757388">
        <ele>183.953125</ele>
        <time>2012-08-07T17:11:59Z</time>
      </trkpt>
      <trkpt lat="67.88453372195363" lon="12.910647299140692">
        <ele>183.046875</ele>
        <time>2012-08-07T17:12:02Z</time>
      </trkpt>
      <trkpt lat="67.884527016431093" lon="12.910691136494279">
        <ele>182.41015625</ele>
        <time>2012-08-07T17:12:04Z</time>
      </trkpt>
      <trkpt lat="67.88448728621006" lon="12.910744529217482">
        <ele>180.375</ele>
        <time>2012-08-07T17:12:13Z</time>
      </trkpt>
      <trkpt lat="67.884482759982347" lon="12.91075324639678">
        <ele>180.13671875</ele>
        <time>2012-08-07T17:12:14Z</time>
      </trkpt>
      <trkpt lat="67.884480496868491" lon="12.910785935819149">
        <ele>179.828125</ele>
        <time>2012-08-07T17:12:16Z</time>
      </trkpt>
      <trkpt lat="67.884440599009395" lon="12.910876963287592">
        <ele>177.76953125</ele>
        <time>2012-08-07T17:12:25Z</time>
      </trkpt>
      <trkpt lat="67.884422075003386" lon="12.910922057926655">
        <ele>176.87109375</ele>
        <time>2012-08-07T17:12:28Z</time>
      </trkpt>
      <trkpt lat="67.884374633431435" lon="12.910931780934334">
        <ele>175.16015625</ele>
        <time>2012-08-07T17:12:35Z</time>
      </trkpt>
      <trkpt lat="67.884360635653138" lon="12.910953657701612">
        <ele>174.60546875</ele>
        <time>2012-08-07T17:12:37Z</time>
      </trkpt>
      <trkpt lat="67.884353091940284" lon="12.910967068746686">
        <ele>174.3046875</ele>
        <time>2012-08-07T17:12:38Z</time>
      </trkpt>
      <trkpt lat="67.884340938180685" lon="12.911073686555028">
        <ele>172.17578125</ele>
        <time>2012-08-07T17:12:43Z</time>
      </trkpt>
      <trkpt lat="67.88428352214396" lon="12.911218525841832">
        <ele>165.44921875</ele>
        <time>2012-08-07T17:12:57Z</time>
      </trkpt>
      <trkpt lat="67.88427572697401" lon="12.911227159202099">
        <ele>164.859375</ele>
        <time>2012-08-07T17:12:58Z</time>
      </trkpt>
      <trkpt lat="67.884264998137951" lon="12.911299495026469">
        <ele>162.0078125</ele>
        <time>2012-08-07T17:13:01Z</time>
      </trkpt>
      <trkpt lat="67.884265165776014" lon="12.91137233376503">
        <ele>159.578125</ele>
        <time>2012-08-07T17:13:05Z</time>
      </trkpt>
      <trkpt lat="67.884223088622093" lon="12.911515077576041">
        <ele>152.69140625</ele>
        <time>2012-08-07T17:13:14Z</time>
      </trkpt>
      <trkpt lat="67.88418872281909" lon="12.911674752831459">
        <ele>147.04296875</ele>
        <time>2012-08-07T17:13:24Z</time>
      </trkpt>
      <trkpt lat="67.884173048660159" lon="12.911779778078198">
        <ele>144.5703125</ele>
        <time>2012-08-07T17:13:29Z</time>
      </trkpt>
      <trkpt lat="67.884167768061161" lon="12.911810372024775">
        <ele>143.82421875</ele>
        <time>2012-08-07T17:13:31Z</time>
      </trkpt>
      <trkpt lat="67.884159050881863" lon="12.911878181621432">
        <ele>142.2890625</ele>
        <time>2012-08-07T17:13:34Z</time>
      </trkpt>
      <trkpt lat="67.884146897122264" lon="12.911948589608073">
        <ele>140.58203125</ele>
        <time>2012-08-07T17:13:38Z</time>
      </trkpt>
      <trkpt lat="67.884103646501899" lon="12.912062834948301">
        <ele>136.9765625</ele>
        <time>2012-08-07T17:13:47Z</time>
      </trkpt>
      <trkpt lat="67.88411152549088" lon="12.912218989804387">
        <ele>134.59765625</ele>
        <time>2012-08-07T17:13:56Z</time>
      </trkpt>
      <trkpt lat="67.88407389074564" lon="12.912294259294868">
        <ele>131.984375</ele>
        <time>2012-08-07T17:14:02Z</time>
      </trkpt>
      <trkpt lat="67.884068777784705" lon="12.912304569035769">
        <ele>131.625</ele>
        <time>2012-08-07T17:14:03Z</time>
      </trkpt>
      <trkpt lat="67.884044218808413" lon="12.912464076653123">
        <ele>128.0625</ele>
        <time>2012-08-07T17:14:11Z</time>
      </trkpt>
      <trkpt lat="67.88397322408855" lon="12.912525599822402">
        <ele>124.38671875</ele>
        <time>2012-08-07T17:14:21Z</time>
      </trkpt>
      <trkpt lat="67.883969955146313" lon="12.912559797987342">
        <ele>123.6875</ele>
        <time>2012-08-07T17:14:23Z</time>
      </trkpt>
      <trkpt lat="67.883926117792726" lon="12.912641940638423">
        <ele>120.64453125</ele>
        <time>2012-08-07T17:14:31Z</time>
      </trkpt>
      <trkpt lat="67.883915221318603" lon="12.912706816568971">
        <ele>119.125</ele>
        <time>2012-08-07T17:14:35Z</time>
      </trkpt>
      <trkpt lat="67.883886052295566" lon="12.91278543882072">
        <ele>116.6640625</ele>
        <time>2012-08-07T17:14:43Z</time>
      </trkpt>
      <trkpt lat="67.883880520239472" lon="12.912807231768966">
        <ele>116.078125</ele>
        <time>2012-08-07T17:14:45Z</time>
      </trkpt>
      <trkpt lat="67.883829725906253" lon="12.912887781858444">
        <ele>112.73828125</ele>
        <time>2012-08-07T17:14:55Z</time>
      </trkpt>
      <trkpt lat="67.883770549669862" lon="12.912942264229059">
        <ele>109.50390625</ele>
        <time>2012-08-07T17:15:08Z</time>
      </trkpt>
      <trkpt lat="67.883756887167692" lon="12.913084924221039">
        <ele>106.4609375</ele>
        <time>2012-08-07T17:15:15Z</time>
      </trkpt>
      <trkpt lat="67.883755881339312" lon="12.913192044943571">
        <ele>104.53125</ele>
        <time>2012-08-07T17:15:23Z</time>
      </trkpt>
      <trkpt lat="67.883706763386726" lon="12.913298746570945">
        <ele>100.76953125</ele>
        <time>2012-08-07T17:15:33Z</time>
      </trkpt>
      <trkpt lat="67.883665021508932" lon="12.913337890058756">
        <ele>98.48828125</ele>
        <time>2012-08-07T17:15:41Z</time>
      </trkpt>
      <trkpt lat="67.883655298501253" lon="12.913438891991973">
        <ele>96.4609375</ele>
        <time>2012-08-07T17:15:48Z</time>
      </trkpt>
      <trkpt lat="67.883644066751003" lon="12.913558166474104">
        <ele>94.08984375</ele>
        <time>2012-08-07T17:15:56Z</time>
      </trkpt>
      <trkpt lat="67.883624620735645" lon="12.913719182834029">
        <ele>90.8828125</ele>
        <time>2012-08-07T17:16:05Z</time>
      </trkpt>
      <trkpt lat="67.883592350408435" lon="12.913794117048383">
        <ele>88.8046875</ele>
        <time>2012-08-07T17:16:15Z</time>
      </trkpt>
      <trkpt lat="67.883573658764362" lon="12.913854382932186">
        <ele>87.2734375</ele>
        <time>2012-08-07T17:16:19Z</time>
      </trkpt>
      <trkpt lat="67.883518254384398" lon="12.913900818675756">
        <ele>85.0546875</ele>
        <time>2012-08-07T17:16:27Z</time>
      </trkpt>
      <trkpt lat="67.883511632680893" lon="12.914150934666395">
        <ele>80.79296875</ele>
        <time>2012-08-07T17:16:38Z</time>
      </trkpt>
      <trkpt lat="67.883508447557688" lon="12.914178175851703">
        <ele>80.2734375</ele>
        <time>2012-08-07T17:16:39Z</time>
      </trkpt>
      <trkpt lat="67.883498221635818" lon="12.914264593273401">
        <ele>78.65234375</ele>
        <time>2012-08-07T17:16:43Z</time>
      </trkpt>
      <trkpt lat="67.883456060662866" lon="12.914432566612959">
        <ele>75.28125</ele>
        <time>2012-08-07T17:16:54Z</time>
      </trkpt>
      <trkpt lat="67.883422868326306" lon="12.914506327360868">
        <ele>73.671875</ele>
        <time>2012-08-07T17:17:00Z</time>
      </trkpt>
      <trkpt lat="67.883367296308279" lon="12.914521330967546">
        <ele>72.48828125</ele>
        <time>2012-08-07T17:17:07Z</time>
      </trkpt>
      <trkpt lat="67.883352879434824" lon="12.914589643478394">
        <ele>71.3828125</ele>
        <time>2012-08-07T17:17:10Z</time>
      </trkpt>
      <trkpt lat="67.883338965475559" lon="12.914771446958184">
        <ele>68.91015625</ele>
        <time>2012-08-07T17:17:20Z</time>
      </trkpt>
      <trkpt lat="67.88334047421813" lon="12.915053581818938">
        <ele>65.109375</ele>
        <time>2012-08-07T17:17:33Z</time>
      </trkpt>
      <trkpt lat="67.883325386792421" lon="12.915178472176194">
        <ele>63.03515625</ele>
        <time>2012-08-07T17:17:38Z</time>
      </trkpt>
      <trkpt lat="67.88332873955369" lon="12.91521929204464">
        <ele>62.484375</ele>
        <time>2012-08-07T17:17:41Z</time>
      </trkpt>
      <trkpt lat="67.883300576359034" lon="12.915271678939462">
        <ele>61.21875</ele>
        <time>2012-08-07T17:17:46Z</time>
      </trkpt>
      <trkpt lat="67.883248440921307" lon="12.915468150749803">
        <ele>57.19921875</ele>
        <time>2012-08-07T17:17:58Z</time>
      </trkpt>
      <trkpt lat="67.883237292990088" lon="12.915597483515739">
        <ele>54.984375</ele>
        <time>2012-08-07T17:18:03Z</time>
      </trkpt>
      <trkpt lat="67.883197059854865" lon="12.915782891213894">
        <ele>51.4140625</ele>
        <time>2012-08-07T17:18:14Z</time>
      </trkpt>
      <trkpt lat="67.883143667131662" lon="12.915902165696025">
        <ele>48.703125</ele>
        <time>2012-08-07T17:18:21Z</time>
      </trkpt>
      <trkpt lat="67.883128663524985" lon="12.915967041626573">
        <ele>47.49609375</ele>
        <time>2012-08-07T17:18:24Z</time>
      </trkpt>
      <trkpt lat="67.883091531693935" lon="12.916079526767135">
        <ele>45.36328125</ele>
        <time>2012-08-07T17:18:31Z</time>
      </trkpt>
      <trkpt lat="67.883061021566391" lon="12.916203243657947">
        <ele>43.0625</ele>
        <time>2012-08-07T17:18:36Z</time>
      </trkpt>
      <trkpt lat="67.883026069030166" lon="12.916327128186822">
        <ele>40.62890625</ele>
        <time>2012-08-07T17:18:41Z</time>
      </trkpt>
      <trkpt lat="67.88300477899611" lon="12.916358141228557">
        <ele>39.7109375</ele>
        <time>2012-08-07T17:18:43Z</time>
      </trkpt>
      <trkpt lat="67.882966222241521" lon="12.916467692703009">
        <ele>37.47265625</ele>
        <time>2012-08-07T17:18:48Z</time>
      </trkpt>
      <trkpt lat="67.882950128987432" lon="12.916511530056596">
        <ele>36.58203125</ele>
        <time>2012-08-07T17:18:50Z</time>
      </trkpt>
      <trkpt lat="67.882953733205795" lon="12.916714958846569">
        <ele>34.5546875</ele>
        <time>2012-08-07T17:19:01Z</time>
      </trkpt>
      <trkpt lat="67.882994972169399" lon="12.916768686845899">
        <ele>34.93359375</ele>
        <time>2012-08-07T17:19:08Z</time>
      </trkpt>
      <trkpt lat="67.882999749854207" lon="12.916785785928369">
        <ele>34.86328125</ele>
        <time>2012-08-07T17:19:09Z</time>
      </trkpt>
      <trkpt lat="67.883026069030166" lon="12.916838340461254">
        <ele>34.89453125</ele>
        <time>2012-08-07T17:19:13Z</time>
      </trkpt>
      <trkpt lat="67.883039899170399" lon="12.916951831430197">
        <ele>34</ele>
        <time>2012-08-07T17:19:16Z</time>
      </trkpt>
      <trkpt lat="67.883078288286924" lon="12.917203875258565">
        <ele>32.09375</ele>
        <time>2012-08-07T17:19:28Z</time>
      </trkpt>
      <trkpt lat="67.883084239438176" lon="12.917271265760064">
        <ele>31.47265625</ele>
        <time>2012-08-07T17:19:30Z</time>
      </trkpt>
      <trkpt lat="67.883089771494269" lon="12.917434126138687">
        <ele>29.76953125</ele>
        <time>2012-08-07T17:19:35Z</time>
      </trkpt>
      <trkpt lat="67.883186582475901" lon="12.917658090591431">
        <ele>28.22265625</ele>
        <time>2012-08-07T17:19:50Z</time>
      </trkpt>
      <trkpt lat="67.883210889995098" lon="12.91778264567256">
        <ele>27.359375</ele>
        <time>2012-08-07T17:19:54Z</time>
      </trkpt>
      <trkpt lat="67.883227150887251" lon="12.91783737950027">
        <ele>27.05078125</ele>
        <time>2012-08-07T17:19:56Z</time>
      </trkpt>
      <trkpt lat="67.883308958262205" lon="12.917953636497259">
        <ele>26.69921875</ele>
        <time>2012-08-07T17:20:05Z</time>
      </trkpt>
      <trkpt lat="67.883343659341335" lon="12.918152874335647">
        <ele>25.1796875</ele>
        <time>2012-08-07T17:20:12Z</time>
      </trkpt>
      <trkpt lat="67.88335807621479" lon="12.918215068057179">
        <ele>24.70703125</ele>
        <time>2012-08-07T17:20:14Z</time>
      </trkpt>
      <trkpt lat="67.883454384282231" lon="12.918531149625778">
        <ele>23.078125</ele>
        <time>2012-08-07T17:20:25Z</time>
      </trkpt>
      <trkpt lat="67.883460419252515" lon="12.918553361669183">
        <ele>22.9609375</ele>
        <time>2012-08-07T17:20:26Z</time>
      </trkpt>
      <trkpt lat="67.883486654609442" lon="12.918581524863839">
        <ele>22.88671875</ele>
        <time>2012-08-07T17:20:29Z</time>
      </trkpt>
      <trkpt lat="67.883559241890907" lon="12.918710270896554">
        <ele>22.3046875</ele>
        <time>2012-08-07T17:20:38Z</time>
      </trkpt>
      <trkpt lat="67.883662171661854" lon="12.918875897303224">
        <ele>22.359375</ele>
        <time>2012-08-07T17:20:49Z</time>
      </trkpt>
      <trkpt lat="67.883691340684891" lon="12.918875059112906">
        <ele>23.55078125</ele>
        <time>2012-08-07T17:20:52Z</time>
      </trkpt>
      <trkpt lat="67.883704081177711" lon="12.918950160965323">
        <ele>23.48046875</ele>
        <time>2012-08-07T17:20:55Z</time>
      </trkpt>
      <trkpt lat="67.883713385090232" lon="12.919100448489189">
        <ele>22.66015625</ele>
        <time>2012-08-07T17:21:00Z</time>
      </trkpt>
      <trkpt lat="67.883743224665523" lon="12.919220058247447">
        <ele>22.82421875</ele>
        <time>2012-08-07T17:21:05Z</time>
      </trkpt>
      <trkpt lat="67.88379292935133" lon="12.919356431812048">
        <ele>23.49609375</ele>
        <time>2012-08-07T17:21:12Z</time>
      </trkpt>
      <trkpt lat="67.883800892159343" lon="12.919496074318886">
        <ele>22.65234375</ele>
        <time>2012-08-07T17:21:16Z</time>
      </trkpt>
      <trkpt lat="67.883858224377036" lon="12.919812323525548">
        <ele>21.125</ele>
        <time>2012-08-07T17:21:28Z</time>
      </trkpt>
      <trkpt lat="67.883946569636464" lon="12.92014324106276">
        <ele>20.1015625</ele>
        <time>2012-08-07T17:21:42Z</time>
      </trkpt>
      <trkpt lat="67.883954783901572" lon="12.920162016525865">
        <ele>20.1015625</ele>
        <time>2012-08-07T17:21:43Z</time>
      </trkpt>
      <trkpt lat="67.883714223280549" lon="12.920533921569586">
        <ele>20.0078125</ele>
        <time>2012-08-07T17:21:56Z</time>
      </trkpt>
      <trkpt lat="67.883727885782719" lon="12.920598043128848">
        <ele>15.42578125</ele>
        <time>2015-01-19T10:48:13Z</time>
      </trkpt>
      <trkpt lat="67.883654041215777" lon="12.920634755864739">
        <ele>14.52734375</ele>
      </trkpt>
      <trkpt lat="67.883560163900256" lon="12.920634755864739">
        <ele>14.23046875</ele>
      </trkpt>
      <trkpt lat="67.883472824469209" lon="12.920634755864739">
        <ele>14.07421875</ele>
      </trkpt>
      <trkpt lat="67.883395459502935" lon="12.920561330392957">
        <ele>14.19921875</ele>
      </trkpt>
      <trkpt lat="67.883335025981069" lon="12.920506931841373">
        <ele>14.28515625</ele>
      </trkpt>
      <trkpt lat="67.883261181414127" lon="12.920470219105482">
        <ele>14.28515625</ele>
      </trkpt>
      <trkpt lat="67.883170824497938" lon="12.920470219105482">
        <ele>14.125</ele>
      </trkpt>
      <trkpt lat="67.883103853091598" lon="12.920524701476097">
        <ele>13.8046875</ele>
      </trkpt>
      <trkpt lat="67.883009556680918" lon="12.920524701476097">
        <ele>13.65234375</ele>
      </trkpt>
      <trkpt lat="67.882919618859887" lon="12.920579016208649">
        <ele>13.34375</ele>
      </trkpt>
      <trkpt lat="67.88283227942884" lon="12.920579016208649">
        <ele>13.21875</ele>
      </trkpt>
      <trkpt lat="67.882755417376757" lon="12.920524701476097">
        <ele>13.24609375</ele>
      </trkpt>
      <trkpt lat="67.882665479555726" lon="12.92049746029079">
        <ele>13.1640625</ele>
      </trkpt>
      <trkpt lat="67.882595071569085" lon="12.920460747554898">
        <ele>13.12109375</ele>
      </trkpt>
      <trkpt lat="67.88253472186625" lon="12.920524701476097">
        <ele>12.89453125</ele>
      </trkpt>
      <trkpt lat="67.882474791258574" lon="12.920598043128848">
        <ele>12.65625</ele>
      </trkpt>
      <trkpt lat="67.882394827902317" lon="12.9206523578614">
        <ele>12.4140625</ele>
      </trkpt>
      <trkpt lat="67.882324922829866" lon="12.920706756412983">
        <ele>12.19140625</ele>
      </trkpt>
      <trkpt lat="67.882254514843225" lon="12.920807423070073">
        <ele>11.8828125</ele>
      </trkpt>
      <trkpt lat="67.882204558700323" lon="12.920916136354208">
        <ele>11.59765625</ele>
      </trkpt>
      <trkpt lat="67.88215116597712" lon="12.921024933457375">
        <ele>11.31640625</ele>
      </trkpt>
      <trkpt lat="67.882074220106006" lon="12.921088803559542">
        <ele>11.15625</ele>
      </trkpt>
      <trkpt lat="67.882020827382803" lon="12.921170359477401">
        <ele>11.0625</ele>
      </trkpt>
      <trkpt lat="67.8819674346596" lon="12.92125191539526">
        <ele>11</ele>
      </trkpt>
      <trkpt lat="67.881903983652592" lon="12.921343026682734">
        <ele>11</ele>
      </trkpt>
      <trkpt lat="67.881830558180809" lon="12.921434137970209">
        <ele>11</ele>
      </trkpt>
      <trkpt lat="67.88178713992238" lon="12.921579647809267">
        <ele>11</ele>
      </trkpt>
      <trkpt lat="67.881757132709026" lon="12.921725073829293">
        <ele>11</ele>
      </trkpt>
      <trkpt lat="67.881703739985824" lon="12.921825656667352">
        <ele>11</ele>
      </trkpt>
      <trkpt lat="67.881650263443589" lon="12.921934453770518">
        <ele>11</ele>
      </trkpt>
      <trkpt lat="67.881593350321054" lon="12.92202539741993">
        <ele>11</ele>
      </trkpt>
      <trkpt lat="67.881519505754113" lon="12.922116592526436">
        <ele>11</ele>
      </trkpt>
      <trkpt lat="67.881469046697021" lon="12.92224433273077">
        <ele>11</ele>
      </trkpt>
      <trkpt lat="67.88139570504427" lon="12.922298647463322">
        <ele>11.0546875</ele>
      </trkpt>
      <trkpt lat="67.881352202966809" lon="12.922434685751796">
        <ele>11.18359375</ele>
      </trkpt>
      <trkpt lat="67.881291853263974" lon="12.92252579703927">
        <ele>11.390625</ele>
      </trkpt>
      <trkpt lat="67.881228402256966" lon="12.922661835327744">
        <ele>11.671875</ele>
      </trkpt>
      <trkpt lat="67.881178446114063" lon="12.922770548611879">
        <ele>11.79296875</ele>
      </trkpt>
      <trkpt lat="67.881114995107055" lon="12.92284389026463">
        <ele>11.93359375</ele>
      </trkpt>
      <trkpt lat="67.881068056449294" lon="12.922989400103688">
        <ele>11.91015625</ele>
      </trkpt>
      <trkpt lat="67.881018184125423" lon="12.923144297674298">
        <ele>11.83984375</ele>
      </trkpt>
      <trkpt lat="67.880978202447295" lon="12.9233618080616">
        <ele>11.96875</ele>
      </trkpt>
      <trkpt lat="67.880924725905061" lon="12.923507401719689">
        <ele>12.3203125</ele>
      </trkpt>
      <trkpt lat="67.880884828045964" lon="12.923752153292298">
        <ele>12.8515625</ele>
      </trkpt>
      <trkpt lat="67.880874769762158" lon="12.923988606780767">
        <ele>13.3125</ele>
      </trkpt>
      <trkpt lat="67.880821377038956" lon="12.924161273986101">
        <ele>14.1875</ele>
      </trkpt>
      <trkpt lat="67.880787933245301" lon="12.924352968111634">
        <ele>14.94921875</ele>
      </trkpt>
      <trkpt lat="67.880754489451647" lon="12.92454332113266">
        <ele>15.50390625</ele>
      </trkpt>
      <trkpt lat="67.880714507773519" lon="12.92470651678741">
        <ele>16.21875</ele>
      </trkpt>
      <trkpt lat="67.880681063979864" lon="12.924907514825463">
        <ele>16.9609375</ele>
      </trkpt>
      <trkpt lat="67.88065105676651" lon="12.925080182030797">
        <ele>18</ele>
      </trkpt>
      <trkpt lat="67.880641082301736" lon="12.925289561972022">
        <ele>18.8515625</ele>
      </trkpt>
      <trkpt lat="67.880631107836962" lon="12.925526183098555">
        <ele>19.890625</ele>
      </trkpt>
      <trkpt lat="67.880621133372188" lon="12.925743693485856">
        <ele>21.04296875</ele>
      </trkpt>
      <trkpt lat="67.880601184442639" lon="12.925961371511221">
        <ele>22.42578125</ele>
      </trkpt>
      <trkpt lat="67.880601184442639" lon="12.926188353449106">
        <ele>23.10546875</ele>
      </trkpt>
      <trkpt lat="67.880601184442639" lon="12.926405863836408">
        <ele>23.65625</ele>
      </trkpt>
      <trkpt lat="67.880601184442639" lon="12.926623541861773">
        <ele>24.2109375</ele>
      </trkpt>
      <trkpt lat="67.880601184442639" lon="12.926868293434381">
        <ele>24.8359375</ele>
      </trkpt>
      <trkpt lat="67.880601184442639" lon="12.927085803821683">
        <ele>25.390625</ele>
      </trkpt>
      <trkpt lat="67.880631107836962" lon="12.927276073023677">
        <ele>24.7890625</ele>
      </trkpt>
      <trkpt lat="67.88065105676651" lon="12.927493751049042">
        <ele>24.53515625</ele>
      </trkpt>
      <trkpt lat="67.88067108951509" lon="12.927711261436343">
        <ele>24.3203125</ele>
      </trkpt>
      <trkpt lat="67.880701012909412" lon="12.927874540910125">
        <ele>23.765625</ele>
      </trkpt>
      <trkpt lat="67.880720961838961" lon="12.928037568926811">
        <ele>23.4296875</ele>
      </trkpt>
      <trkpt lat="67.880731020122766" lon="12.928255246952176">
        <ele>23.4765625</ele>
      </trkpt>
      <trkpt lat="67.880731020122766" lon="12.928499998524785">
        <ele>23.6015625</ele>
      </trkpt>
      <trkpt lat="67.880740994587541" lon="12.928717508912086">
        <ele>23.34765625</ele>
      </trkpt>
      <trkpt lat="67.880750969052315" lon="12.928917417302728">
        <ele>23.359375</ele>
      </trkpt>
      <trkpt lat="67.880764463916421" lon="12.929144399240613">
        <ele>23.4140625</ele>
      </trkpt>
      <trkpt lat="67.880784412845969" lon="12.929389150813222">
        <ele>23.3515625</ele>
      </trkpt>
      <trkpt lat="67.880814420059323" lon="12.929589059203863">
        <ele>23.24609375</ele>
      </trkpt>
      <trkpt lat="67.880837889388204" lon="12.929798439145088">
        <ele>23.4453125</ele>
      </trkpt>
      <trkpt lat="67.880857838317752" lon="12.93001594953239">
        <ele>23.8359375</ele>
      </trkpt>
      <trkpt lat="67.880877871066332" lon="12.930188616737723">
        <ele>24.29296875</ele>
      </trkpt>
      <trkpt lat="67.880887761712074" lon="12.930406127125025">
        <ele>25.25390625</ele>
      </trkpt>
      <trkpt lat="67.880887761712074" lon="12.930633276700974">
        <ele>26.4453125</ele>
      </trkpt>
      <trkpt lat="67.880887761712074" lon="12.930878028273582">
        <ele>27.7265625</ele>
      </trkpt>
      <trkpt lat="67.88089781999588" lon="12.931095538660884">
        <ele>29.06640625</ele>
      </trkpt>
      <trkpt lat="67.880907794460654" lon="12.931304918602109">
        <ele>30.96484375</ele>
      </trkpt>
      <trkpt lat="67.880934784188867" lon="12.93151555582881">
        <ele>32.30859375</ele>
      </trkpt>
      <trkpt lat="67.880971664562821" lon="12.931689480319619">
        <ele>32.703125</ele>
      </trkpt>
      <trkpt lat="67.88099161349237" lon="12.931871619075537">
        <ele>33.5625</ele>
      </trkpt>
      <trkpt lat="67.881025141105056" lon="12.931999275460839">
        <ele>33.484375</ele>
      </trkpt>
      <trkpt lat="67.881062105298042" lon="12.932117627933621">
        <ele>33.16015625</ele>
      </trkpt>
      <trkpt lat="67.881089011207223" lon="12.932154340669513">
        <ele>32.50390625</ele>
      </trkpt>
      <trkpt lat="67.881063194945455" lon="12.932134224101901">
        <ele>30.420000000000002</ele>
        <time>2014-08-22T18:28:01Z</time>
      </trkpt>
      <trkpt lat="67.881085826084018" lon="12.93213858269155">
        <ele>29.940000000000001</ele>
        <time>2014-08-22T18:28:02Z</time>
      </trkpt>
      <trkpt lat="67.881103008985519" lon="12.932147048413754">
        <ele>29.460000000000001</ele>
        <time>2014-08-22T18:28:03Z</time>
      </trkpt>
      <trkpt lat="67.881117509678006" lon="12.932188706472516">
        <ele>29.460000000000001</ele>
        <time>2014-08-22T18:28:05Z</time>
      </trkpt>
      <trkpt lat="67.881126394495368" lon="12.932211421430111">
        <ele>29.460000000000001</ele>
        <time>2014-08-22T18:28:06Z</time>
      </trkpt>
      <trkpt lat="67.881204094737768" lon="12.932361122220755">
        <ele>28.02</ele>
        <time>2014-08-22T18:28:12Z</time>
      </trkpt>
      <trkpt lat="67.881232341751456" lon="12.932330360636115">
        <ele>27.050000000000001</ele>
        <time>2014-08-22T18:28:16Z</time>
      </trkpt>
      <trkpt lat="67.88123644888401" lon="12.932293396443129">
        <ele>26.09</ele>
        <time>2014-08-22T18:28:17Z</time>
      </trkpt>
      <trkpt lat="67.881261594593525" lon="12.932198429480195">
        <ele>25.129999999999999</ele>
        <time>2014-08-22T18:28:20Z</time>
      </trkpt>
      <trkpt lat="67.881324458867311" lon="12.932320721447468">
        <ele>23.210000000000001</ele>
        <time>2014-08-22T18:28:25Z</time>
      </trkpt>
      <trkpt lat="67.881363350898027" lon="12.932372773066163">
        <ele>21.289999999999999</ele>
        <time>2014-08-22T18:28:31Z</time>
      </trkpt>
      <trkpt lat="67.881399393081665" lon="12.932400768622756">
        <ele>19.84</ele>
        <time>2014-08-22T18:28:35Z</time>
      </trkpt>
      <trkpt lat="67.881416827440262" lon="12.932428680360317">
        <ele>18.879999999999999</ele>
        <time>2014-08-22T18:28:37Z</time>
      </trkpt>
      <trkpt lat="67.881414648145437" lon="12.932657925412059">
        <ele>14.08</ele>
        <time>2014-08-22T18:28:45Z</time>
      </trkpt>
      <trkpt lat="67.881420683115721" lon="12.932653063908219">
        <ele>14.08</ele>
        <time>2014-08-22T18:28:46Z</time>
      </trkpt>
      <trkpt lat="67.881462424993515" lon="12.932679131627083">
        <ele>10.710000000000001</ele>
        <time>2014-08-22T18:28:53Z</time>
      </trkpt>
      <trkpt lat="67.881503831595182" lon="12.932774685323238">
        <ele>7.83</ele>
        <time>2014-08-22T18:29:03Z</time>
      </trkpt>
      <trkpt lat="67.881504502147436" lon="12.933068135753274">
        <ele>9.27</ele>
        <time>2014-08-22T18:29:17Z</time>
      </trkpt>
      <trkpt lat="67.88147633895278" lon="12.933279443532228">
        <ele>11.19</ele>
        <time>2014-08-22T18:29:30Z</time>
      </trkpt>
      <trkpt lat="67.881472734734416" lon="12.933232421055436">
        <ele>10.710000000000001</ele>
        <time>2014-08-22T18:29:52Z</time>
      </trkpt>
      <trkpt lat="67.881457563489676" lon="12.933332500979304">
        <ele>10.710000000000001</ele>
        <time>2014-08-22T18:30:18Z</time>
      </trkpt>
      <trkpt lat="67.88146753795445" lon="12.933304253965616">
        <ele>10.710000000000001</ele>
        <time>2014-08-22T18:30:45Z</time>
      </trkpt>
      <trkpt lat="67.881481787189841" lon="12.933330154046416">
        <ele>11.19</ele>
        <time>2014-08-22T18:31:15Z</time>
      </trkpt>
      <trkpt lat="67.881462760269642" lon="12.933366447687149">
        <ele>11.19</ele>
        <time>2014-08-22T18:31:54Z</time>
      </trkpt>
      <trkpt lat="67.881481619551778" lon="12.933351024985313">
        <ele>11.67</ele>
        <time>2014-08-22T18:32:07Z</time>
      </trkpt>
      <trkpt lat="67.881481368094683" lon="12.933512292802334">
        <ele>11.67</ele>
        <time>2014-08-22T18:32:14Z</time>
      </trkpt>
      <trkpt lat="67.881510034203529" lon="12.933925939723849">
        <ele>14.08</ele>
        <time>2014-08-22T18:32:28Z</time>
      </trkpt>
      <trkpt lat="67.881533587351441" lon="12.93420497328043">
        <ele>14.08</ele>
        <time>2014-08-22T18:32:37Z</time>
      </trkpt>
      <trkpt lat="67.881587231531739" lon="12.934427345171571">
        <ele>15.039999999999999</ele>
        <time>2014-08-22T18:32:44Z</time>
      </trkpt>
      <trkpt lat="67.881616316735744" lon="12.934779636561871">
        <ele>16</ele>
        <time>2014-08-22T18:32:54Z</time>
      </trkpt>
      <trkpt lat="67.881633415818214" lon="12.935033608227968">
        <ele>15.52</ele>
        <time>2014-08-22T18:33:03Z</time>
      </trkpt>
      <trkpt lat="67.881678259000182" lon="12.935259751975536">
        <ele>15.039999999999999</ele>
        <time>2014-08-22T18:33:12Z</time>
      </trkpt>
      <trkpt lat="67.881733747199178" lon="12.935551358386874">
        <ele>17.440000000000001</ele>
        <time>2014-08-22T18:33:23Z</time>
      </trkpt>
      <trkpt lat="67.881760988384485" lon="12.935669962316751">
        <ele>17.440000000000001</ele>
        <time>2014-08-22T18:33:27Z</time>
      </trkpt>
      <trkpt lat="67.881761072203517" lon="12.935801977291703">
        <ele>17.920000000000002</ele>
        <time>2014-08-22T18:33:31Z</time>
      </trkpt>
      <trkpt lat="67.881778003647923" lon="12.9359161388129">
        <ele>18.879999999999999</ele>
        <time>2014-08-22T18:33:36Z</time>
      </trkpt>
      <trkpt lat="67.881837850436568" lon="12.936133481562138">
        <ele>18.879999999999999</ele>
        <time>2014-08-22T18:33:44Z</time>
      </trkpt>
      <trkpt lat="67.88184966892004" lon="12.93661586008966">
        <ele>18.879999999999999</ele>
        <time>2014-08-22T18:33:57Z</time>
      </trkpt>
      <trkpt lat="67.881864756345749" lon="12.936672940850258">
        <ele>18.399999999999999</ele>
        <time>2014-08-22T18:33:59Z</time>
      </trkpt>
      <trkpt lat="67.881887806579471" lon="12.937011150643229">
        <ele>17.440000000000001</ele>
        <time>2014-08-22T18:34:12Z</time>
      </trkpt>
      <trkpt lat="67.881896020844579" lon="12.937129670754075">
        <ele>17.440000000000001</ele>
        <time>2014-08-22T18:34:16Z</time>
      </trkpt>
      <trkpt lat="67.881923513486981" lon="12.937200246378779">
        <ele>17.440000000000001</ele>
        <time>2014-08-22T18:34:19Z</time>
      </trkpt>
      <trkpt lat="67.88192736916244" lon="12.937445417046547">
        <ele>17.920000000000002</ele>
        <time>2014-08-22T18:34:28Z</time>
      </trkpt>
      <trkpt lat="67.881975481286645" lon="12.93788923881948">
        <ele>17.920000000000002</ele>
        <time>2014-08-22T18:34:43Z</time>
      </trkpt>
      <trkpt lat="67.881968021392822" lon="12.93808177113533">
        <ele>18.879999999999999</ele>
        <time>2014-08-22T18:34:50Z</time>
      </trkpt>
      <trkpt lat="67.881979504600167" lon="12.938179587945342">
        <ele>19.359999999999999</ele>
        <time>2014-08-22T18:34:54Z</time>
      </trkpt>
      <trkpt lat="67.881990903988481" lon="12.938524084165692">
        <ele>21.289999999999999</ele>
        <time>2014-08-22T18:35:05Z</time>
      </trkpt>
      <trkpt lat="67.882010852918029" lon="12.93869499117136">
        <ele>22.25</ele>
        <time>2014-08-22T18:35:12Z</time>
      </trkpt>
      <trkpt lat="67.882037004455924" lon="12.938831951469183">
        <ele>22.25</ele>
        <time>2014-08-22T18:35:17Z</time>
      </trkpt>
      <trkpt lat="67.882021330296993" lon="12.939220871776342">
        <ele>23.210000000000001</ele>
        <time>2014-08-22T18:35:30Z</time>
      </trkpt>
      <trkpt lat="67.882001884281635" lon="12.93946553952992">
        <ele>23.210000000000001</ele>
        <time>2014-08-22T18:35:41Z</time>
      </trkpt>
      <trkpt lat="67.882032729685307" lon="12.93960333801806">
        <ele>23.210000000000001</ele>
        <time>2014-08-22T18:35:46Z</time>
      </trkpt>
      <trkpt lat="67.882052343338728" lon="12.939951857551932">
        <ele>24.170000000000002</ele>
        <time>2014-08-22T18:35:57Z</time>
      </trkpt>
      <trkpt lat="67.882121745496988" lon="12.940331306308508">
        <ele>24.649999999999999</ele>
        <time>2014-08-22T18:36:11Z</time>
      </trkpt>
      <trkpt lat="67.882160972803831" lon="12.940759370103478">
        <ele>25.609999999999999</ele>
        <time>2014-08-22T18:36:25Z</time>
      </trkpt>
      <trkpt lat="67.882158290594816" lon="12.94089188799262">
        <ele>26.09</ele>
        <time>2014-08-22T18:36:29Z</time>
      </trkpt>
      <trkpt lat="67.882199948653579" lon="12.941070590168238">
        <ele>26.09</ele>
        <time>2014-08-22T18:36:36Z</time>
      </trkpt>
      <trkpt lat="67.882283851504326" lon="12.941254070028663">
        <ele>25.609999999999999</ele>
        <time>2014-08-22T18:36:44Z</time>
      </trkpt>
      <trkpt lat="67.882319139316678" lon="12.941308971494436">
        <ele>25.609999999999999</ele>
        <time>2014-08-22T18:36:48Z</time>
      </trkpt>
      <trkpt lat="67.882362809032202" lon="12.941467640921474">
        <ele>25.609999999999999</ele>
        <time>2014-08-22T18:36:54Z</time>
      </trkpt>
      <trkpt lat="67.882357109338045" lon="12.941557662561536">
        <ele>25.129999999999999</ele>
        <time>2014-08-22T18:36:57Z</time>
      </trkpt>
      <trkpt lat="67.882362809032202" lon="12.941716751083732">
        <ele>24.649999999999999</ele>
        <time>2014-08-22T18:37:01Z</time>
      </trkpt>
      <trkpt lat="67.882483340799809" lon="12.942060828208923">
        <ele>25.609999999999999</ele>
        <time>2014-08-22T18:37:17Z</time>
      </trkpt>
      <trkpt lat="67.882506893947721" lon="12.942133080214262">
        <ele>25.609999999999999</ele>
        <time>2014-08-22T18:37:20Z</time>
      </trkpt>
      <trkpt lat="67.882569506764412" lon="12.942197788506746">
        <ele>24.649999999999999</ele>
        <time>2014-08-22T18:37:25Z</time>
      </trkpt>
      <trkpt lat="67.882600016891956" lon="12.942198291420937">
        <ele>24.170000000000002</ele>
        <time>2014-08-22T18:37:27Z</time>
      </trkpt>
      <trkpt lat="67.882647039368749" lon="12.942426195368171">
        <ele>22.73</ele>
        <time>2014-08-22T18:37:34Z</time>
      </trkpt>
      <trkpt lat="67.882732953876257" lon="12.942727943882346">
        <ele>22.25</ele>
        <time>2014-08-22T18:37:48Z</time>
      </trkpt>
      <trkpt lat="67.88282934576273" lon="12.9430618789047">
        <ele>22.73</ele>
        <time>2014-08-22T18:38:03Z</time>
      </trkpt>
      <trkpt lat="67.882833620533347" lon="12.943124240264297">
        <ele>22.73</ele>
        <time>2014-08-22T18:38:05Z</time>
      </trkpt>
      <trkpt lat="67.882831776514649" lon="12.9433071333915">
        <ele>21.289999999999999</ele>
        <time>2014-08-22T18:38:10Z</time>
      </trkpt>
      <trkpt lat="67.882853653281927" lon="12.943328004330397">
        <ele>20.809999999999999</ele>
        <time>2014-08-22T18:38:12Z</time>
      </trkpt>
      <trkpt lat="67.882966473698616" lon="12.94379286468029">
        <ele>20.809999999999999</ele>
        <time>2014-08-22T18:38:28Z</time>
      </trkpt>
      <trkpt lat="67.88300234824419" lon="12.943875845521688">
        <ele>19.359999999999999</ele>
        <time>2014-08-22T18:38:32Z</time>
      </trkpt>
      <trkpt lat="67.883040066808462" lon="12.944218665361404">
        <ele>18.399999999999999</ele>
        <time>2014-08-22T18:38:42Z</time>
      </trkpt>
      <trkpt lat="67.883093375712633" lon="12.944703977555037">
        <ele>17.920000000000002</ele>
        <time>2014-08-22T18:38:54Z</time>
      </trkpt>
      <trkpt lat="67.883101589977741" lon="12.944731051102281">
        <ele>17.920000000000002</ele>
        <time>2014-08-22T18:38:55Z</time>
      </trkpt>
      <trkpt lat="67.883104356005788" lon="12.944889049977064">
        <ele>18.879999999999999</ele>
        <time>2014-08-22T18:38:59Z</time>
      </trkpt>
      <trkpt lat="67.883044593036175" lon="12.945383917540312">
        <ele>18.879999999999999</ele>
        <time>2014-08-22T18:39:13Z</time>
      </trkpt>
      <trkpt lat="67.883027577772737" lon="12.945789936929941">
        <ele>16.960000000000001</ele>
        <time>2014-08-22T18:39:25Z</time>
      </trkpt>
      <trkpt lat="67.883078036829829" lon="12.945874845609069">
        <ele>16.960000000000001</ele>
        <time>2014-08-22T18:39:30Z</time>
      </trkpt>
      <trkpt lat="67.883107960224152" lon="12.945904517546296">
        <ele>17.440000000000001</ele>
        <time>2014-08-22T18:39:32Z</time>
      </trkpt>
      <trkpt lat="67.883106954395771" lon="12.946429559960961">
        <ele>17.440000000000001</ele>
        <time>2014-08-22T18:39:47Z</time>
      </trkpt>
      <trkpt lat="67.883111983537674" lon="12.946459399536252">
        <ele>16.960000000000001</ele>
        <time>2014-08-22T18:39:48Z</time>
      </trkpt>
      <trkpt lat="67.88311718031764" lon="12.946565430611372">
        <ele>16.960000000000001</ele>
        <time>2014-08-22T18:39:51Z</time>
      </trkpt>
      <trkpt lat="67.883070493116975" lon="12.946699960157275">
        <ele>15.52</ele>
        <time>2014-08-22T18:39:57Z</time>
      </trkpt>
      <trkpt lat="67.883051550015807" lon="12.946738684549928">
        <ele>15.52</ele>
        <time>2014-08-22T18:39:59Z</time>
      </trkpt>
      <trkpt lat="67.88304291665554" lon="12.946791741997004">
        <ele>14.56</ele>
        <time>2014-08-22T18:40:01Z</time>
      </trkpt>
      <trkpt lat="67.883046856150031" lon="12.946844128891826">
        <ele>13.6</ele>
        <time>2014-08-22T18:40:03Z</time>
      </trkpt>
      <trkpt lat="67.883122125640512" lon="12.947110673412681">
        <ele>14.08</ele>
        <time>2014-08-22T18:40:14Z</time>
      </trkpt>
      <trkpt lat="67.883150707930326" lon="12.947374703362584">
        <ele>14.56</ele>
        <time>2014-08-22T18:40:22Z</time>
      </trkpt>
      <trkpt lat="67.883134530857205" lon="12.947485093027353">
        <ele>14.08</ele>
        <time>2014-08-22T18:40:25Z</time>
      </trkpt>
      <trkpt lat="67.883175518363714" lon="12.947800001129508">
        <ele>15.039999999999999</ele>
        <time>2014-08-22T18:40:35Z</time>
      </trkpt>
      <trkpt lat="67.883142828941345" lon="12.947985073551536">
        <ele>15.039999999999999</ele>
        <time>2014-08-22T18:40:41Z</time>
      </trkpt>
      <trkpt lat="67.883163448423147" lon="12.948276428505778">
        <ele>16</ele>
        <time>2014-08-22T18:40:53Z</time>
      </trkpt>
      <trkpt lat="67.883130759000778" lon="12.948764422908425">
        <ele>16.960000000000001</ele>
        <time>2014-08-22T18:41:08Z</time>
      </trkpt>
      <trkpt lat="67.883119527250528" lon="12.949182763695717">
        <ele>16.960000000000001</ele>
        <time>2014-08-22T18:41:21Z</time>
      </trkpt>
      <trkpt lat="67.883022548630834" lon="12.94954402372241">
        <ele>16.48</ele>
        <time>2014-08-22T18:41:37Z</time>
      </trkpt>
      <trkpt lat="67.882996061816812" lon="12.94955181889236">
        <ele>16.48</ele>
        <time>2014-08-22T18:41:39Z</time>
      </trkpt>
      <trkpt lat="67.882902352139354" lon="12.949423994868994">
        <ele>18.399999999999999</ele>
        <time>2014-08-22T18:41:49Z</time>
      </trkpt>
      <trkpt lat="67.882795566692948" lon="12.949221907183528">
        <ele>19.84</ele>
        <time>2014-08-22T18:42:03Z</time>
      </trkpt>
      <trkpt lat="67.882738402113318" lon="12.949254512786865">
        <ele>19.359999999999999</ele>
        <time>2014-08-22T18:42:17Z</time>
      </trkpt>
      <trkpt lat="67.882765894755721" lon="12.949281502515078">
        <ele>16.48</ele>
        <time>2014-08-22T18:42:29Z</time>
      </trkpt>
      <trkpt lat="67.882692804560065" lon="12.949427682906389">
        <ele>13.6</ele>
        <time>2014-08-22T18:42:41Z</time>
      </trkpt>
      <trkpt lat="67.882656594738364" lon="12.949417121708393">
        <ele>12.15</ele>
        <time>2014-08-22T18:42:46Z</time>
      </trkpt>
      <trkpt lat="67.882603034377098" lon="12.949502365663648">
        <ele>11.67</ele>
        <time>2014-08-22T18:42:56Z</time>
      </trkpt>
      <trkpt lat="67.882607895880938" lon="12.94946925714612">
        <ele>12.15</ele>
        <time>2014-08-22T18:43:10Z</time>
      </trkpt>
      <trkpt lat="67.88260705769062" lon="12.949626334011555">
        <ele>15.52</ele>
        <time>2014-08-22T18:43:23Z</time>
      </trkpt>
      <trkpt lat="67.882605716586113" lon="12.949626250192523">
        <ele>15.039999999999999</ele>
        <time>2014-08-22T18:43:24Z</time>
      </trkpt>
      <trkpt lat="67.882643267512321" lon="12.950007878243923">
        <ele>15.52</ele>
        <time>2014-08-22T18:43:38Z</time>
      </trkpt>
      <trkpt lat="67.88264075294137" lon="12.95006345026195">
        <ele>16</ele>
        <time>2014-08-22T18:43:40Z</time>
      </trkpt>
      <trkpt lat="67.882686518132687" lon="12.950377101078629">
        <ele>15.52</ele>
        <time>2014-08-22T18:43:54Z</time>
      </trkpt>
      <trkpt lat="67.88267838768661" lon="12.950454214587808">
        <ele>15.52</ele>
        <time>2014-08-22T18:44:06Z</time>
      </trkpt>
      <trkpt lat="67.882659863680601" lon="12.950537111610174">
        <ele>15.52</ele>
        <time>2014-08-22T18:44:09Z</time>
      </trkpt>
      <trkpt lat="67.882683835923672" lon="12.950946819037199">
        <ele>14.08</ele>
        <time>2014-08-22T18:44:24Z</time>
      </trkpt>
      <trkpt lat="67.882668161764741" lon="12.951246807351708">
        <ele>11.67</ele>
        <time>2014-08-22T18:44:35Z</time>
      </trkpt>
      <trkpt lat="67.882657097652555" lon="12.951446045190096">
        <ele>9.27</ele>
        <time>2014-08-22T18:44:48Z</time>
      </trkpt>
      <trkpt lat="67.88260898552835" lon="12.951707728207111">
        <ele>9.75</ele>
        <time>2014-08-22T18:45:02Z</time>
      </trkpt>
      <trkpt lat="67.882616529241204" lon="12.951901350170374">
        <ele>9.27</ele>
        <time>2014-08-22T18:45:17Z</time>
      </trkpt>
      <trkpt lat="67.882624743506312" lon="12.952075442299247">
        <ele>9.27</ele>
        <time>2014-08-22T18:45:24Z</time>
      </trkpt>
      <trkpt lat="67.882630359381437" lon="12.9523023404181">
        <ele>8.31</ele>
        <time>2014-08-22T18:45:35Z</time>
      </trkpt>
      <trkpt lat="67.882648464292288" lon="12.952340897172689">
        <ele>8.31</ele>
        <time>2014-08-22T18:45:37Z</time>
      </trkpt>
      <trkpt lat="67.882725493982434" lon="12.952650021761656">
        <ele>8.31</ele>
        <time>2014-08-22T18:45:51Z</time>
      </trkpt>
      <trkpt lat="67.882728008553386" lon="12.952673323452473">
        <ele>8.31</ele>
        <time>2014-08-22T18:45:52Z</time>
      </trkpt>
      <trkpt lat="67.882743682712317" lon="12.952978424727917">
        <ele>8.789999999999999</ele>
        <time>2014-08-22T18:46:04Z</time>
      </trkpt>
      <trkpt lat="67.882738234475255" lon="12.953012371435761">
        <ele>9.27</ele>
        <time>2014-08-22T18:46:06Z</time>
      </trkpt>
      <trkpt lat="67.882721051573753" lon="12.953258128836751">
        <ele>12.630000000000001</ele>
        <time>2014-08-22T18:46:18Z</time>
      </trkpt>
      <trkpt lat="67.882719710469246" lon="12.953577060252428">
        <ele>13.6</ele>
        <time>2014-08-22T18:46:31Z</time>
      </trkpt>
      <trkpt lat="67.882696408778429" lon="12.953884424641728">
        <ele>15.52</ele>
        <time>2014-08-22T18:46:45Z</time>
      </trkpt>
      <trkpt lat="67.882737563923001" lon="12.954239649698138">
        <ele>15.52</ele>
        <time>2014-08-22T18:46:59Z</time>
      </trkpt>
      <trkpt lat="67.882734797894955" lon="12.954352302476764">
        <ele>16</ele>
        <time>2014-08-22T18:47:04Z</time>
      </trkpt>
      <trkpt lat="67.882585013285279" lon="12.954484904184937">
        <ele>16.48</ele>
        <time>2014-08-22T18:47:19Z</time>
      </trkpt>
      <trkpt lat="67.882552491500974" lon="12.954503176733851">
        <ele>13.119999999999999</ele>
        <time>2014-08-22T18:47:33Z</time>
      </trkpt>
      <trkpt lat="67.882515024393797" lon="12.954562352970243">
        <ele>9.75</ele>
        <time>2014-08-22T18:47:47Z</time>
      </trkpt>
      <trkpt lat="67.882478479295969" lon="12.954702330753207">
        <ele>7.83</ele>
        <time>2014-08-22T18:47:58Z</time>
      </trkpt>
      <trkpt lat="67.882464649155736" lon="12.95476209372282">
        <ele>7.83</ele>
        <time>2014-08-22T18:48:03Z</time>
      </trkpt>
      <trkpt lat="67.882463308051229" lon="12.954962337389588">
        <ele>8.31</ele>
        <time>2014-08-22T18:48:14Z</time>
      </trkpt>
      <trkpt lat="67.882486693561077" lon="12.955299373716116">
        <ele>8.789999999999999</ele>
        <time>2014-08-22T18:48:28Z</time>
      </trkpt>
      <trkpt lat="67.882517371326685" lon="12.955564996227622">
        <ele>9.75</ele>
        <time>2014-08-22T18:48:41Z</time>
      </trkpt>
      <trkpt lat="67.882495829835534" lon="12.955794744193554">
        <ele>13.6</ele>
        <time>2014-08-22T18:48:56Z</time>
      </trkpt>
      <trkpt lat="67.882489040493965" lon="12.955875629559159">
        <ele>14.08</ele>
        <time>2014-08-22T18:48:59Z</time>
      </trkpt>
      <trkpt lat="67.882492141798139" lon="12.956229764968157">
        <ele>14.08</ele>
        <time>2014-08-22T18:49:11Z</time>
      </trkpt>
      <trkpt lat="67.882504379376769" lon="12.956327497959137">
        <ele>14.08</ele>
        <time>2014-08-22T18:49:15Z</time>
      </trkpt>
      <trkpt lat="67.882522903382778" lon="12.956606699153781">
        <ele>12.630000000000001</ele>
        <time>2014-08-22T18:49:26Z</time>
      </trkpt>
      <trkpt lat="67.882541930302978" lon="12.9569355212152">
        <ele>11.19</ele>
        <time>2014-08-22T18:49:39Z</time>
      </trkpt>
      <trkpt lat="67.882553245872259" lon="12.957195779308677">
        <ele>10.710000000000001</ele>
        <time>2014-08-22T18:49:49Z</time>
      </trkpt>
      <trkpt lat="67.882577888667583" lon="12.957342797890306">
        <ele>9.75</ele>
        <time>2014-08-22T18:49:54Z</time>
      </trkpt>
      <trkpt lat="67.882606638595462" lon="12.95757363550365">
        <ele>9.27</ele>
        <time>2014-08-22T18:50:03Z</time>
      </trkpt>
      <trkpt lat="67.882622061297297" lon="12.957867169752717">
        <ele>9.27</ele>
        <time>2014-08-22T18:50:14Z</time>
      </trkpt>
      <trkpt lat="67.88261485286057" lon="12.957992311567068">
        <ele>9.27</ele>
        <time>2014-08-22T18:50:18Z</time>
      </trkpt>
      <trkpt lat="67.882593898102641" lon="12.958241757005453">
        <ele>10.710000000000001</ele>
        <time>2014-08-22T18:50:28Z</time>
      </trkpt>
      <trkpt lat="67.88260605186224" lon="12.958336221054196">
        <ele>11.19</ele>
        <time>2014-08-22T18:50:32Z</time>
      </trkpt>
      <trkpt lat="67.882636813446879" lon="12.958572506904602">
        <ele>11.19</ele>
        <time>2014-08-22T18:50:41Z</time>
      </trkpt>
      <trkpt lat="67.882649470120668" lon="12.958742156624794">
        <ele>11.67</ele>
        <time>2014-08-22T18:50:47Z</time>
      </trkpt>
      <trkpt lat="67.882612757384777" lon="12.959124203771353">
        <ele>12.630000000000001</ele>
        <time>2014-08-22T18:51:00Z</time>
      </trkpt>
      <trkpt lat="67.882602196186781" lon="12.959190169349313">
        <ele>12.630000000000001</ele>
        <time>2014-08-22T18:51:03Z</time>
      </trkpt>
      <trkpt lat="67.882618121802807" lon="12.959412792697549">
        <ele>12.15</ele>
        <time>2014-08-22T18:51:10Z</time>
      </trkpt>
      <trkpt lat="67.882623737677932" lon="12.959730718284845">
        <ele>11.67</ele>
        <time>2014-08-22T18:51:22Z</time>
      </trkpt>
      <trkpt lat="67.882578894495964" lon="12.96009206213057">
        <ele>11.19</ele>
        <time>2014-08-22T18:51:35Z</time>
      </trkpt>
      <trkpt lat="67.882564812898636" lon="12.960232542827725">
        <ele>11.19</ele>
        <time>2014-08-22T18:51:41Z</time>
      </trkpt>
      <trkpt lat="67.882535308599472" lon="12.960610901936889">
        <ele>10.710000000000001</ele>
        <time>2014-08-22T18:51:55Z</time>
      </trkpt>
      <trkpt lat="67.882477892562747" lon="12.960887756198645">
        <ele>10.710000000000001</ele>
        <time>2014-08-22T18:52:08Z</time>
      </trkpt>
      <trkpt lat="67.8824682533741" lon="12.961182044818997">
        <ele>11.19</ele>
        <time>2014-08-22T18:52:18Z</time>
      </trkpt>
      <trkpt lat="67.882435396313667" lon="12.961635841056705">
        <ele>12.15</ele>
        <time>2014-08-22T18:52:33Z</time>
      </trkpt>
      <trkpt lat="67.882407568395138" lon="12.961944378912449">
        <ele>13.6</ele>
        <time>2014-08-22T18:52:46Z</time>
      </trkpt>
      <trkpt lat="67.882316960021853" lon="12.962158704176545">
        <ele>15.52</ele>
        <time>2014-08-22T18:53:00Z</time>
      </trkpt>
      <trkpt lat="67.882276643067598" lon="12.962323827669024">
        <ele>16.48</ele>
        <time>2014-08-22T18:53:07Z</time>
      </trkpt>
      <trkpt lat="67.882239259779453" lon="12.962461542338133">
        <ele>17.440000000000001</ele>
        <time>2014-08-22T18:53:13Z</time>
      </trkpt>
      <trkpt lat="67.882170611992478" lon="12.962638484314084">
        <ele>18.879999999999999</ele>
        <time>2014-08-22T18:53:21Z</time>
      </trkpt>
      <trkpt lat="67.882171031087637" lon="12.962957583367825">
        <ele>22.25</ele>
        <time>2014-08-22T18:53:36Z</time>
      </trkpt>
      <trkpt lat="67.882167175412178" lon="12.96299647539854">
        <ele>22.73</ele>
        <time>2014-08-22T18:53:38Z</time>
      </trkpt>
      <trkpt lat="67.882046140730381" lon="12.962981639429927">
        <ele>26.09</ele>
        <time>2014-08-22T18:53:49Z</time>
      </trkpt>
      <trkpt lat="67.881962321698666" lon="12.962987590581179">
        <ele>28.5</ele>
        <time>2014-08-22T18:53:58Z</time>
      </trkpt>
      <trkpt lat="67.881911862641573" lon="12.963075768202543">
        <ele>30.420000000000002</ele>
        <time>2014-08-22T18:54:07Z</time>
      </trkpt>
      <trkpt lat="67.881847405806184" lon="12.963415151461959">
        <ele>32.340000000000003</ele>
        <time>2014-08-22T18:54:22Z</time>
      </trkpt>
      <trkpt lat="67.881720252335072" lon="12.963823266327381">
        <ele>31.859999999999999</ele>
        <time>2014-08-22T18:54:37Z</time>
      </trkpt>
      <trkpt lat="67.881611539050937" lon="12.964224340394139">
        <ele>33.299999999999997</ele>
        <time>2014-08-22T18:54:52Z</time>
      </trkpt>
      <trkpt lat="67.881542891263962" lon="12.96461577527225">
        <ele>34.740000000000002</ele>
        <time>2014-08-22T18:55:07Z</time>
      </trkpt>
      <trkpt lat="67.881503580138087" lon="12.965085916221142">
        <ele>31.859999999999999</ele>
        <time>2014-08-22T18:55:24Z</time>
      </trkpt>
      <trkpt lat="67.881487989798188" lon="12.965193372219801">
        <ele>31.859999999999999</ele>
        <time>2014-08-22T18:55:28Z</time>
      </trkpt>
      <trkpt lat="67.881533168256283" lon="12.96539319679141">
        <ele>31.379999999999999</ele>
        <time>2014-08-22T18:55:35Z</time>
      </trkpt>
      <trkpt lat="67.881559571251273" lon="12.965838275849819">
        <ele>30.420000000000002</ele>
        <time>2014-08-22T18:55:49Z</time>
      </trkpt>
      <trkpt lat="67.881573233753443" lon="12.965923184528947">
        <ele>30.899999999999999</ele>
        <time>2014-08-22T18:55:52Z</time>
      </trkpt>
      <trkpt lat="67.881618663668633" lon="12.966052684932947">
        <ele>31.379999999999999</ele>
        <time>2014-08-22T18:55:58Z</time>
      </trkpt>
      <trkpt lat="67.881619753316045" lon="12.966110939159989">
        <ele>30.420000000000002</ele>
        <time>2014-08-22T18:56:00Z</time>
      </trkpt>
      <trkpt lat="67.881698962301016" lon="12.966520227491856">
        <ele>30.420000000000002</ele>
        <time>2014-08-22T18:56:15Z</time>
      </trkpt>
      <trkpt lat="67.881693430244923" lon="12.966949883848429">
        <ele>30.899999999999999</ele>
        <time>2014-08-22T18:56:26Z</time>
      </trkpt>
      <trkpt lat="67.881718911230564" lon="12.967151217162609">
        <ele>30.899999999999999</ele>
        <time>2014-08-22T18:56:32Z</time>
      </trkpt>
      <trkpt lat="67.881735675036907" lon="12.967603588476777">
        <ele>28.5</ele>
        <time>2014-08-22T18:56:47Z</time>
      </trkpt>
      <trkpt lat="67.881738692522049" lon="12.967536365613341">
        <ele>28.5</ele>
        <time>2014-08-22T18:56:54Z</time>
      </trkpt>
      <trkpt lat="67.881743973121047" lon="12.967303516343236">
        <ele>29.460000000000001</ele>
        <time>2014-08-22T18:57:02Z</time>
      </trkpt>
      <trkpt lat="67.881676414981484" lon="12.967264791950583">
        <ele>32.340000000000003</ele>
        <time>2014-08-22T18:57:13Z</time>
      </trkpt>
      <trkpt lat="67.881611455231905" lon="12.967409295961261">
        <ele>34.259999999999998</ele>
        <time>2014-08-22T18:57:21Z</time>
      </trkpt>
      <trkpt lat="67.881520679220557" lon="12.967666368931532">
        <ele>35.710000000000001</ele>
        <time>2014-08-22T18:57:36Z</time>
      </trkpt>
      <trkpt lat="67.881440129131079" lon="12.968045901507139">
        <ele>34.740000000000002</ele>
        <time>2014-08-22T18:57:50Z</time>
      </trkpt>
      <trkpt lat="67.881338289007545" lon="12.968341447412968">
        <ele>31.379999999999999</ele>
        <time>2014-08-22T18:57:59Z</time>
      </trkpt>
      <trkpt lat="67.88126771338284" lon="12.968579493463039">
        <ele>28.02</ele>
        <time>2014-08-22T18:58:04Z</time>
      </trkpt>
      <trkpt lat="67.881142655387521" lon="12.969057345762849">
        <ele>25.609999999999999</ele>
        <time>2014-08-22T18:58:16Z</time>
      </trkpt>
      <trkpt lat="67.881144415587187" lon="12.969096824526787">
        <ele>25.609999999999999</ele>
        <time>2014-08-22T18:58:17Z</time>
      </trkpt>
      <trkpt lat="67.881146427243948" lon="12.96915465965867">
        <ele>25.609999999999999</ele>
        <time>2014-08-22T18:58:18Z</time>
      </trkpt>
      <trkpt lat="67.881142571568489" lon="12.969214925542474">
        <ele>25.609999999999999</ele>
        <time>2014-08-22T18:58:19Z</time>
      </trkpt>
      <trkpt lat="67.881138296797872" lon="12.969276616349816">
        <ele>26.09</ele>
        <time>2014-08-22T18:58:20Z</time>
      </trkpt>
      <trkpt lat="67.881133435294032" lon="12.969337804242969">
        <ele>26.09</ele>
        <time>2014-08-22T18:58:21Z</time>
      </trkpt>
      <trkpt lat="67.881125556305051" lon="12.96939404681325">
        <ele>25.609999999999999</ele>
        <time>2014-08-22T18:58:22Z</time>
      </trkpt>
      <trkpt lat="67.881111139431596" lon="12.969451127573848">
        <ele>25.609999999999999</ele>
        <time>2014-08-22T18:58:23Z</time>
      </trkpt>
      <trkpt lat="67.88109228014946" lon="12.969514075666666">
        <ele>25.609999999999999</ele>
        <time>2014-08-22T18:58:24Z</time>
      </trkpt>
      <trkpt lat="67.880999576300383" lon="12.969809537753463">
        <ele>25.609999999999999</ele>
        <time>2014-08-22T18:58:29Z</time>
      </trkpt>
      <trkpt lat="67.880924055352807" lon="12.970100808888674">
        <ele>24.170000000000002</ele>
        <time>2014-08-22T18:58:36Z</time>
      </trkpt>
      <trkpt lat="67.880933778360486" lon="12.970128636807203">
        <ele>23.210000000000001</ele>
        <time>2014-08-22T18:58:37Z</time>
      </trkpt>
      <trkpt lat="67.880946351215243" lon="12.970158224925399">
        <ele>23.210000000000001</ele>
        <time>2014-08-22T18:58:38Z</time>
      </trkpt>
      <trkpt lat="67.880958085879683" lon="12.97019686549902">
        <ele>22.25</ele>
        <time>2014-08-22T18:58:39Z</time>
      </trkpt>
      <trkpt lat="67.880967808887362" lon="12.970245061442256">
        <ele>21.77</ele>
        <time>2014-08-22T18:58:40Z</time>
      </trkpt>
      <trkpt lat="67.880973340943456" lon="12.970293676480651">
        <ele>22.25</ele>
        <time>2014-08-22T18:58:41Z</time>
      </trkpt>
      <trkpt lat="67.880979962646961" lon="12.970341872423887">
        <ele>22.25</ele>
        <time>2014-08-22T18:58:42Z</time>
      </trkpt>
      <trkpt lat="67.880992786958814" lon="12.970393002033234">
        <ele>22.25</ele>
        <time>2014-08-22T18:58:43Z</time>
      </trkpt>
      <trkpt lat="67.881005946546793" lon="12.97044949606061">
        <ele>21.77</ele>
        <time>2014-08-22T18:58:44Z</time>
      </trkpt>
      <trkpt lat="67.881014915183187" lon="12.970490902662277">
        <ele>21.77</ele>
        <time>2014-08-22T18:58:45Z</time>
      </trkpt>
      <trkpt lat="67.881024889647961" lon="12.970542032271624">
        <ele>20.32</ele>
        <time>2014-08-22T18:58:46Z</time>
      </trkpt>
      <trkpt lat="67.881039641797543" lon="12.970596430823207">
        <ele>20.32</ele>
        <time>2014-08-22T18:58:47Z</time>
      </trkpt>
      <trkpt lat="67.881054310128093" lon="12.970655355602503">
        <ele>20.32</ele>
        <time>2014-08-22T18:58:48Z</time>
      </trkpt>
      <trkpt lat="67.881068978458643" lon="12.970726853236556">
        <ele>19.84</ele>
        <time>2014-08-22T18:58:49Z</time>
      </trkpt>
      <trkpt lat="67.881079204380512" lon="12.970806062221527">
        <ele>20.32</ele>
        <time>2014-08-22T18:58:50Z</time>
      </trkpt>
      <trkpt lat="67.881088005378842" lon="12.970867417752743">
        <ele>20.32</ele>
        <time>2014-08-22T18:58:51Z</time>
      </trkpt>
      <trkpt lat="67.881100829690695" lon="12.970921313390136">
        <ele>19.84</ele>
        <time>2014-08-22T18:58:52Z</time>
      </trkpt>
      <trkpt lat="67.881113737821579" lon="12.970985351130366">
        <ele>18.879999999999999</ele>
        <time>2014-08-22T18:58:53Z</time>
      </trkpt>
      <trkpt lat="67.881121700629592" lon="12.971047963947058">
        <ele>19.359999999999999</ele>
        <time>2014-08-22T18:58:54Z</time>
      </trkpt>
      <trkpt lat="67.881129495799541" lon="12.971112420782447">
        <ele>19.359999999999999</ele>
        <time>2014-08-22T18:58:55Z</time>
      </trkpt>
      <trkpt lat="67.881140476092696" lon="12.971177967265248">
        <ele>19.359999999999999</ele>
        <time>2014-08-22T18:58:56Z</time>
      </trkpt>
      <trkpt lat="67.881129747256637" lon="12.971985815092921">
        <ele>22.25</ele>
        <time>2014-08-22T18:59:07Z</time>
      </trkpt>
      <trkpt lat="67.881118347868323" lon="12.972045326605439">
        <ele>22.73</ele>
        <time>2014-08-22T18:59:08Z</time>
      </trkpt>
      <trkpt lat="67.880972335115075" lon="12.972741359844804">
        <ele>25.129999999999999</ele>
        <time>2014-08-22T18:59:20Z</time>
      </trkpt>
      <trkpt lat="67.880931179970503" lon="12.972823670133948">
        <ele>26.09</ele>
        <time>2014-08-22T18:59:22Z</time>
      </trkpt>
      <trkpt lat="67.880888599902391" lon="12.973616179078817">
        <ele>24.170000000000002</ele>
        <time>2014-08-22T18:59:33Z</time>
      </trkpt>
      <trkpt lat="67.880913326516747" lon="12.974296454340219">
        <ele>24.170000000000002</ele>
        <time>2014-08-22T18:59:43Z</time>
      </trkpt>
      <trkpt lat="67.880929671227932" lon="12.97440592199564">
        <ele>25.609999999999999</ele>
        <time>2014-08-22T18:59:45Z</time>
      </trkpt>
      <trkpt lat="67.880950123071671" lon="12.974847899749875">
        <ele>25.609999999999999</ele>
        <time>2014-08-22T18:59:56Z</time>
      </trkpt>
      <trkpt lat="67.881036791950464" lon="12.97536707483232">
        <ele>23.210000000000001</ele>
        <time>2014-08-22T19:00:10Z</time>
      </trkpt>
      <trkpt lat="67.88102044723928" lon="12.975511495023966">
        <ele>23.210000000000001</ele>
        <time>2014-08-22T19:00:14Z</time>
      </trkpt>
      <trkpt lat="67.880884828045964" lon="12.975845765322447">
        <ele>24.649999999999999</ele>
        <time>2014-08-22T19:00:29Z</time>
      </trkpt>
      <trkpt lat="67.880716184154153" lon="12.976339124143124">
        <ele>25.609999999999999</ele>
        <time>2014-08-22T19:00:48Z</time>
      </trkpt>
      <trkpt lat="67.880651894956827" lon="12.976422775536776">
        <ele>25.129999999999999</ele>
        <time>2014-08-22T19:01:01Z</time>
      </trkpt>
      <trkpt lat="67.880621552467346" lon="12.976507851853967">
        <ele>25.129999999999999</ele>
        <time>2014-08-22T19:01:04Z</time>
      </trkpt>
      <trkpt lat="67.880551647394896" lon="12.97659108415246">
        <ele>24.649999999999999</ele>
        <time>2014-08-22T19:01:10Z</time>
      </trkpt>
      <trkpt lat="67.88042969070375" lon="12.976944297552109">
        <ele>24.170000000000002</ele>
        <time>2014-08-22T19:01:24Z</time>
      </trkpt>
      <trkpt lat="67.880257945507765" lon="12.977465819567442">
        <ele>23.210000000000001</ele>
        <time>2014-08-22T19:01:41Z</time>
      </trkpt>
      <trkpt lat="67.880230871960521" lon="12.977549470961094">
        <ele>22.73</ele>
        <time>2014-08-22T19:01:44Z</time>
      </trkpt>
      <trkpt lat="67.880159793421626" lon="12.977566150948405">
        <ele>22.73</ele>
        <time>2014-08-22T19:01:48Z</time>
      </trkpt>
      <trkpt lat="67.88000950589776" lon="12.977516362443566">
        <ele>23.210000000000001</ele>
        <time>2014-08-22T19:01:58Z</time>
      </trkpt>
      <trkpt lat="67.879779087379575" lon="12.977585010230541">
        <ele>22.73</ele>
        <time>2014-08-22T19:02:15Z</time>
      </trkpt>
      <trkpt lat="67.87977104075253" lon="12.977386526763439">
        <ele>22.25</ele>
        <time>2014-08-22T19:02:27Z</time>
      </trkpt>
      <trkpt lat="67.879791827872396" lon="12.977426340803504">
        <ele>22.73</ele>
        <time>2014-08-22T19:02:54Z</time>
      </trkpt>
      <trkpt lat="67.879753606393933" lon="12.977542681619525">
        <ele>22.73</ele>
        <time>2014-08-22T19:03:25Z</time>
      </trkpt>
      <trkpt lat="67.879700129851699" lon="12.977366410195827">
        <ele>22.890625</ele>
      </trkpt>
      <trkpt lat="67.879651179537177" lon="12.977341935038567">
        <ele>22.92578125</ele>
      </trkpt>
      <trkpt lat="67.879597954452038" lon="12.977323913946748">
        <ele>22.8984375</ele>
      </trkpt>
      <trkpt lat="67.879557637497783" lon="12.977269431576133">
        <ele>23.140625</ele>
      </trkpt>
      <trkpt lat="67.879504412412643" lon="12.977251326665282">
        <ele>23.09375</ele>
      </trkpt>
      <trkpt lat="67.87943777628243" lon="12.977251326665282">
        <ele>22.88671875</ele>
      </trkpt>
      <trkpt lat="67.879384467378259" lon="12.977233221754432">
        <ele>22.83203125</ele>
      </trkpt>
      <trkpt lat="67.879342222586274" lon="12.977196928113699">
        <ele>22.9140625</ele>
      </trkpt>
      <trkpt lat="67.879304252564907" lon="12.977142613381147">
        <ele>23.1015625</ele>
      </trkpt>
      <trkpt lat="67.879259409382939" lon="12.977118138223886">
        <ele>23.08203125</ele>
      </trkpt>
      <trkpt lat="67.87922378629446" lon="12.977063655853271">
        <ele>23.3125</ele>
      </trkpt>
      <trkpt lat="67.879172153770924" lon="12.977039264515042">
        <ele>23.34375</ele>
      </trkpt>
      <trkpt lat="67.879109289497137" lon="12.977039264515042">
        <ele>23.23046875</ele>
      </trkpt>
      <trkpt lat="67.879060003906488" lon="12.977021159604192">
        <ele>23.26953125</ele>
      </trkpt>
      <trkpt lat="67.87900879047811" lon="12.976996684446931">
        <ele>23.35546875</ele>
      </trkpt>
      <trkpt lat="67.878955146297812" lon="12.97697857953608">
        <ele>23.390625</ele>
      </trkpt>
      <trkpt lat="67.878899239003658" lon="12.97697857953608">
        <ele>23.2890625</ele>
      </trkpt>
      <trkpt lat="67.878846013918519" lon="12.976942285895348">
        <ele>23.453125</ele>
      </trkpt>
      <trkpt lat="67.878792705014348" lon="12.976924097165465">
        <ele>23.48828125</ele>
      </trkpt>
      <trkpt lat="67.878741407766938" lon="12.976906076073647">
        <ele>23.52734375</ele>
      </trkpt>
      <trkpt lat="67.878681477159262" lon="12.976887887343764">
        <ele>23.55078125</ele>
      </trkpt>
      <trkpt lat="67.87861492484808" lon="12.976851593703032">
        <ele>23.55859375</ele>
      </trkpt>
      <trkpt lat="67.878554994240403" lon="12.976851593703032">
        <ele>23.15234375</ele>
      </trkpt>
      <trkpt lat="67.878495063632727" lon="12.976851593703032">
        <ele>22.75</ele>
      </trkpt>
      <trkpt lat="67.878428427502513" lon="12.976851593703032">
        <ele>22.30078125</ele>
      </trkpt>
      <trkpt lat="67.878361875191331" lon="12.976851593703032">
        <ele>21.8515625</ele>
      </trkpt>
      <trkpt lat="67.878301860764623" lon="12.976869782432914">
        <ele>21.3984375</ele>
      </trkpt>
      <trkpt lat="67.878241930156946" lon="12.976906076073647">
        <ele>20.93359375</ele>
      </trkpt>
      <trkpt lat="67.87818199954927" lon="12.976960390806198">
        <ele>20.5078125</ele>
      </trkpt>
      <trkpt lat="67.87812877446413" lon="12.97697857953608">
        <ele>20.21484375</ele>
      </trkpt>
      <trkpt lat="67.878082171082497" lon="12.977014789357781">
        <ele>20.00390625</ele>
      </trkpt>
      <trkpt lat="67.87802224047482" lon="12.977087292820215">
        <ele>20.11328125</ele>
      </trkpt>
      <trkpt lat="67.877975553274155" lon="12.977123586460948">
        <ele>20.16796875</ele>
      </trkpt>
      <trkpt lat="67.877922328189015" lon="12.9771779011935">
        <ele>20.234375</ele>
      </trkpt>
      <trkpt lat="67.877862397581339" lon="12.977214278653264">
        <ele>20.36328125</ele>
      </trkpt>
      <trkpt lat="67.877802466973662" lon="12.977268593385816">
        <ele>20.51953125</ele>
      </trkpt>
      <trkpt lat="67.877742536365986" lon="12.977286782115698">
        <ele>20.703125</ele>
      </trkpt>
      <trkpt lat="67.877702554687858" lon="12.977341096848249">
        <ele>20.86328125</ele>
      </trkpt>
      <trkpt lat="67.877655951306224" lon="12.977395579218864">
        <ele>21.078125</ele>
      </trkpt>
      <trkpt lat="67.87760934792459" lon="12.977449893951416">
        <ele>21.32421875</ele>
      </trkpt>
      <trkpt lat="67.877556039020419" lon="12.977486187592149">
        <ele>21.6015625</ele>
      </trkpt>
      <trkpt lat="67.877509435638785" lon="12.977558691054583">
        <ele>21.71875</ele>
      </trkpt>
      <trkpt lat="67.877456126734614" lon="12.977594900876284">
        <ele>21.49609375</ele>
      </trkpt>
      <trkpt lat="67.877415893599391" lon="12.977655669674277">
        <ele>21.3828125</ele>
      </trkpt>
      <trkpt lat="67.87736258469522" lon="12.977818865329027">
        <ele>21.20703125</ele>
      </trkpt>
      <trkpt lat="67.877355962991714" lon="12.977891368791461">
        <ele>21.2109375</ele>
      </trkpt>
    </trkseg>
  </trk>

</gpx>
