<?xml version="1.0"?>
<gpx xmlns="http://www.topografix.com/GPX/1/1" xmlns:xsi="http://www.w3.org/2001/XMLSchema-instance" xmlns:wptx1="http://www.garmin.com/xmlschemas/WaypointExtension/v1" xmlns:gpxtrx="http://www.garmin.com/xmlschemas/GpxExtensions/v3" xmlns:gpxtpx="http://www.garmin.com/xmlschemas/TrackPointExtension/v1" xmlns:gpxx="http://www.garmin.com/xmlschemas/GpxExtensions/v3" xmlns:trp="http://www.garmin.com/xmlschemas/TripExtensions/v1" xmlns:adv="http://www.garmin.com/xmlschemas/AdventuresExtensions/v1" xmlns:prs="http://www.garmin.com/xmlschemas/PressureExtension/v1" xmlns:tmd="http://www.garmin.com/xmlschemas/TripMetaDataExtensions/v1" xmlns:vptm="http://www.garmin.com/xmlschemas/ViaPointTransportationModeExtensions/v1" xmlns:ctx="http://www.garmin.com/xmlschemas/CreationTimeExtension/v1" creator="Garmin Desktop App" version="1.1" xsi:schemaLocation="http://www.topografix.com/GPX/1/1 http://www.topografix.com/GPX/1/1/gpx.xsd http://www.garmin.com/xmlschemas/WaypointExtension/v1 http://www8.garmin.com/xmlschemas/WaypointExtensionv1.xsd http://www.garmin.com/xmlschemas/TrackPointExtension/v1 http://www.garmin.com/xmlschemas/TrackPointExtensionv1.xsd http://www.garmin.com/xmlschemas/GpxExtensions/v3 http://www8.garmin.com/xmlschemas/GpxExtensionsv3.xsd http://www.garmin.com/xmlschemas/ActivityExtension/v1 http://www8.garmin.com/xmlschemas/ActivityExtensionv1.xsd http://www.garmin.com/xmlschemas/AdventuresExtensions/v1 http://www8.garmin.com/xmlschemas/AdventuresExtensionv1.xsd http://www.garmin.com/xmlschemas/PressureExtension/v1 http://www.garmin.com/xmlschemas/PressureExtensionv1.xsd http://www.garmin.com/xmlschemas/TripExtensions/v1 http://www.garmin.com/xmlschemas/TripExtensionsv1.xsd http://www.garmin.com/xmlschemas/TripMetaDataExtensions/v1 http://www.garmin.com/xmlschemas/TripMetaDataExtensionsv1.xsd http://www.garmin.com/xmlschemas/ViaPointTransportationModeExtensions/v1 http://www.garmin.com/xmlschemas/ViaPointTransportationModeExtensionsv1.xsd http://www.garmin.com/xmlschemas/CreationTimeExtensions/v1 http://www.garmin.com/xmlschemas/CreationTimeExtensionsv1.xsd">

  <metadata>
    <link href="http://www.garmin.com">
      <text>Garmin International</text>
    </link>
    <time>2015-01-21T11:33:26Z</time>
    <bounds maxlat="68.23000593110919" maxlon="14.076832635328174" minlat="68.186946166679263" minlon="13.756870580837131"/>
  </metadata>

  <wpt lat="68.186985729262233" lon="13.757096137851477">
    <ele>266</ele>
    <time>2015-01-16T15:21:40Z</time>
    <name>Bivouac 4</name>
    <cmt>Cabane en tourbe de gammen

</cmt>
    <desc>Cabane en tourbe de gammen

</desc>
    <sym>Campground</sym>
    <type>user</type>
    <extensions>
      <gpxx:WaypointExtension>
        <gpxx:DisplayMode>SymbolAndName</gpxx:DisplayMode>
        <gpxx:Categories>
          <gpxx:Category>Vestvagoya</gpxx:Category>
        </gpxx:Categories>
      </gpxx:WaypointExtension>
      <wptx1:WaypointExtension>
        <wptx1:DisplayMode>SymbolAndName</wptx1:DisplayMode>
        <wptx1:Categories>
          <wptx1:Category>Vestvagoya</wptx1:Category>
        </wptx1:Categories>
      </wptx1:WaypointExtension>
      <ctx:CreationTimeExtension>
        <ctx:CreationTime>2015-01-16T15:21:40Z</ctx:CreationTime>
      </ctx:CreationTimeExtension>
    </extensions>
  </wpt>

  <trk>
    <name>GT_Vestvagoya_Etape4</name>
    <extensions>
      <gpxx:TrackExtension>
        <gpxx:DisplayColor>DarkGray</gpxx:DisplayColor>
      </gpxx:TrackExtension>
    </extensions>
    <trkseg>
      <trkpt lat="68.227175446227193" lon="14.076709588989615">
        <ele>8.96875</ele>
        <time>2014-06-23T14:01:12Z</time>
      </trkpt>
      <trkpt lat="68.227177206426859" lon="14.076710930094123">
        <ele>8.97265625</ele>
        <time>2014-06-23T14:01:13Z</time>
      </trkpt>
      <trkpt lat="68.227181229740381" lon="14.076706571504474">
        <ele>8.99609375</ele>
        <time>2014-06-23T14:01:14Z</time>
      </trkpt>
      <trkpt lat="68.227191455662251" lon="14.076742278411984">
        <ele>8.96875</ele>
        <time>2014-06-23T14:01:16Z</time>
      </trkpt>
      <trkpt lat="68.227246524766088" lon="14.076832635328174">
        <ele>9.00390625</ele>
        <time>2014-06-23T14:01:20Z</time>
      </trkpt>
      <trkpt lat="68.227277118712664" lon="14.07682123593986">
        <ele>9.1328125</ele>
        <time>2014-06-23T14:01:22Z</time>
      </trkpt>
      <trkpt lat="68.227331265807152" lon="14.076761556789279">
        <ele>9.4375</ele>
        <time>2014-06-23T14:01:25Z</time>
      </trkpt>
      <trkpt lat="68.227369571104646" lon="14.076706906780601">
        <ele>9.671875</ele>
        <time>2014-06-23T14:01:27Z</time>
      </trkpt>
      <trkpt lat="68.227447103708982" lon="14.076389903202653">
        <ele>10.5703125</ele>
        <time>2014-06-23T14:01:37Z</time>
      </trkpt>
      <trkpt lat="68.227463029325008" lon="14.076291499659419">
        <ele>10.93359375</ele>
        <time>2014-06-23T14:01:46Z</time>
      </trkpt>
      <trkpt lat="68.227473925799131" lon="14.07616401091218">
        <ele>11.36328125</ele>
        <time>2014-06-23T14:01:50Z</time>
      </trkpt>
      <trkpt lat="68.227451965212822" lon="14.076096788048744">
        <ele>11.515625</ele>
        <time>2014-06-23T14:01:57Z</time>
      </trkpt>
      <trkpt lat="68.227448612451553" lon="14.076091758906841">
        <ele>11.5234375</ele>
        <time>2014-06-23T14:02:00Z</time>
      </trkpt>
      <trkpt lat="68.227453893050551" lon="14.076084718108177">
        <ele>11.55859375</ele>
        <time>2014-06-23T14:02:03Z</time>
      </trkpt>
      <trkpt lat="68.227454228326678" lon="14.076017495244741">
        <ele>11.7734375</ele>
        <time>2014-06-23T14:02:05Z</time>
      </trkpt>
      <trkpt lat="68.227461604401469" lon="14.075872655957937">
        <ele>12.2421875</ele>
        <time>2014-06-23T14:02:11Z</time>
      </trkpt>
      <trkpt lat="68.227453976869583" lon="14.075611056759953">
        <ele>12.70703125</ele>
        <time>2014-06-23T14:02:21Z</time>
      </trkpt>
      <trkpt lat="68.22746361605823" lon="14.075430342927575">
        <ele>13.05078125</ele>
        <time>2014-06-23T14:02:28Z</time>
      </trkpt>
      <trkpt lat="68.227464370429516" lon="14.075333112850785">
        <ele>13.2265625</ele>
        <time>2014-06-23T14:02:32Z</time>
      </trkpt>
      <trkpt lat="68.227454144507647" lon="14.075211910530925">
        <ele>13.515625</ele>
        <time>2014-06-23T14:02:36Z</time>
      </trkpt>
      <trkpt lat="68.227452971041203" lon="14.074778063222766">
        <ele>14.671875</ele>
        <time>2014-06-23T14:02:50Z</time>
      </trkpt>
      <trkpt lat="68.227454395964742" lon="14.074655855074525">
        <ele>15.01171875</ele>
        <time>2014-06-23T14:02:54Z</time>
      </trkpt>
      <trkpt lat="68.227462442591786" lon="14.074603468179703">
        <ele>15.1875</ele>
        <time>2014-06-23T14:02:56Z</time>
      </trkpt>
      <trkpt lat="68.227459089830518" lon="14.074369864538312">
        <ele>15.8046875</ele>
        <time>2014-06-23T14:03:03Z</time>
      </trkpt>
      <trkpt lat="68.227458670735359" lon="14.07434144988656">
        <ele>15.87890625</ele>
        <time>2014-06-23T14:03:04Z</time>
      </trkpt>
      <trkpt lat="68.227462861686945" lon="14.07423734664917">
        <ele>16.16796875</ele>
        <time>2014-06-23T14:03:08Z</time>
      </trkpt>
      <trkpt lat="68.227457916364074" lon="14.074102817103267">
        <ele>16.56640625</ele>
        <time>2014-06-23T14:03:14Z</time>
      </trkpt>
      <trkpt lat="68.227462945505977" lon="14.074094519019127">
        <ele>16.59765625</ele>
        <time>2014-06-23T14:03:16Z</time>
      </trkpt>
      <trkpt lat="68.227468393743038" lon="14.074105750769377">
        <ele>16.5703125</ele>
        <time>2014-06-23T14:03:23Z</time>
      </trkpt>
      <trkpt lat="68.227476691827178" lon="14.074069373309612">
        <ele>16.6953125</ele>
        <time>2014-06-23T14:03:30Z</time>
      </trkpt>
      <trkpt lat="68.22747677564621" lon="14.073959151282907">
        <ele>17.03515625</ele>
        <time>2014-06-23T14:03:35Z</time>
      </trkpt>
      <trkpt lat="68.227465879172087" lon="14.073712807148695">
        <ele>17.796875</ele>
        <time>2014-06-23T14:03:43Z</time>
      </trkpt>
      <trkpt lat="68.227483481168747" lon="14.073400581255555">
        <ele>18.88671875</ele>
        <time>2014-06-23T14:03:55Z</time>
      </trkpt>
      <trkpt lat="68.22748314589262" lon="14.073365544900298">
        <ele>19.015625</ele>
        <time>2014-06-23T14:03:58Z</time>
      </trkpt>
      <trkpt lat="68.227530671283603" lon="14.073296394199133">
        <ele>19.265625</ele>
        <time>2014-06-23T14:04:07Z</time>
      </trkpt>
      <trkpt lat="68.22753787972033" lon="14.073164546862245">
        <ele>19.73828125</ele>
        <time>2014-06-23T14:04:13Z</time>
      </trkpt>
      <trkpt lat="68.227537712082267" lon="14.07311693765223">
        <ele>19.91015625</ele>
        <time>2014-06-23T14:04:15Z</time>
      </trkpt>
      <trkpt lat="68.227533688768744" lon="14.072760874405503">
        <ele>21.19140625</ele>
        <time>2014-06-23T14:04:28Z</time>
      </trkpt>
      <trkpt lat="68.227545507252216" lon="14.072653502225876">
        <ele>21.578125</ele>
        <time>2014-06-23T14:04:33Z</time>
      </trkpt>
      <trkpt lat="68.227561684325337" lon="14.07228872179985">
        <ele>22.75390625</ele>
        <time>2014-06-23T14:04:47Z</time>
      </trkpt>
      <trkpt lat="68.227558499202132" lon="14.072263073176146">
        <ele>22.83984375</ele>
        <time>2014-06-23T14:04:48Z</time>
      </trkpt>
      <trkpt lat="68.227548524737358" lon="14.072180930525064">
        <ele>23.125</ele>
        <time>2014-06-23T14:04:51Z</time>
      </trkpt>
      <trkpt lat="68.227547770366073" lon="14.072053022682667">
        <ele>23.53515625</ele>
        <time>2014-06-23T14:04:55Z</time>
      </trkpt>
      <trkpt lat="68.227559002116323" lon="14.071769546717405">
        <ele>25.28125</ele>
        <time>2014-06-23T14:05:05Z</time>
      </trkpt>
      <trkpt lat="68.227573754265904" lon="14.071636190637946">
        <ele>26.16015625</ele>
        <time>2014-06-23T14:05:10Z</time>
      </trkpt>
      <trkpt lat="68.227608203887939" lon="14.071370903402567">
        <ele>27.88671875</ele>
        <time>2014-06-23T14:05:20Z</time>
      </trkpt>
      <trkpt lat="68.227614657953382" lon="14.071262357756495">
        <ele>28.7890625</ele>
        <time>2014-06-23T14:05:24Z</time>
      </trkpt>
      <trkpt lat="68.227641144767404" lon="14.071080721914768">
        <ele>30.10546875</ele>
        <time>2014-06-23T14:05:33Z</time>
      </trkpt>
      <trkpt lat="68.227653885260224" lon="14.070633044466376">
        <ele>32.37109375</ele>
        <time>2014-06-23T14:05:49Z</time>
      </trkpt>
      <trkpt lat="68.227653047069907" lon="14.070537239313126">
        <ele>32.62109375</ele>
        <time>2014-06-23T14:05:52Z</time>
      </trkpt>
      <trkpt lat="68.227651203051209" lon="14.070424670353532">
        <ele>32.93359375</ele>
        <time>2014-06-23T14:05:57Z</time>
      </trkpt>
      <trkpt lat="68.227652963250875" lon="14.070307658985257">
        <ele>33.2109375</ele>
        <time>2014-06-23T14:06:01Z</time>
      </trkpt>
      <trkpt lat="68.22765564545989" lon="14.070237586274743">
        <ele>33.42578125</ele>
        <time>2014-06-23T14:06:03Z</time>
      </trkpt>
      <trkpt lat="68.227651622146368" lon="14.070138344541192">
        <ele>33.83984375</ele>
        <time>2014-06-23T14:06:06Z</time>
      </trkpt>
      <trkpt lat="68.22763854637742" lon="14.070088472217321">
        <ele>34.20703125</ele>
        <time>2014-06-23T14:06:10Z</time>
      </trkpt>
      <trkpt lat="68.227651789784431" lon="14.070057878270745">
        <ele>34.12890625</ele>
        <time>2014-06-23T14:06:32Z</time>
      </trkpt>
      <trkpt lat="68.227664865553379" lon="14.070046311244369">
        <ele>33.98046875</ele>
        <time>2014-06-23T14:07:04Z</time>
      </trkpt>
      <trkpt lat="68.227650029584765" lon="14.070053352043033">
        <ele>34.16796875</ele>
        <time>2014-06-23T14:07:36Z</time>
      </trkpt>
      <trkpt lat="68.227642988786101" lon="14.070080174133182">
        <ele>34.17578125</ele>
        <time>2014-06-23T14:08:00Z</time>
      </trkpt>
      <trkpt lat="68.22763561271131" lon="14.07008402980864">
        <ele>34.265625</ele>
        <time>2014-06-23T14:08:07Z</time>
      </trkpt>
      <trkpt lat="68.227628488093615" lon="14.070038516074419">
        <ele>34.53515625</ele>
        <time>2014-06-23T14:08:25Z</time>
      </trkpt>
      <trkpt lat="68.227629829198122" lon="14.070048406720161">
        <ele>34.4765625</ele>
        <time>2014-06-23T14:08:35Z</time>
      </trkpt>
      <trkpt lat="68.227627398446202" lon="14.070075144991279">
        <ele>34.41796875</ele>
        <time>2014-06-23T14:08:42Z</time>
      </trkpt>
      <trkpt lat="68.227618178352714" lon="14.069784879684448">
        <ele>35.59375</ele>
        <time>2014-06-23T14:08:51Z</time>
      </trkpt>
      <trkpt lat="68.22762337513268" lon="14.069587988778949">
        <ele>35.609375</ele>
        <time>2014-06-23T14:08:57Z</time>
      </trkpt>
      <trkpt lat="68.22761457413435" lon="14.069380955770612">
        <ele>35.734375</ele>
        <time>2014-06-23T14:09:04Z</time>
      </trkpt>
      <trkpt lat="68.22757987305522" lon="14.069008463993669">
        <ele>36.21484375</ele>
        <time>2014-06-23T14:09:17Z</time>
      </trkpt>
      <trkpt lat="68.227547267451882" lon="14.068795144557953">
        <ele>36.57421875</ele>
        <time>2014-06-23T14:09:25Z</time>
      </trkpt>
      <trkpt lat="68.227502927184105" lon="14.06848325394094">
        <ele>37.0078125</ele>
        <time>2014-06-23T14:09:36Z</time>
      </trkpt>
      <trkpt lat="68.227495634928346" lon="14.068331960588694">
        <ele>37.0625</ele>
        <time>2014-06-23T14:09:42Z</time>
      </trkpt>
      <trkpt lat="68.227502088993788" lon="14.068283177912235">
        <ele>37.01171875</ele>
        <time>2014-06-23T14:09:44Z</time>
      </trkpt>
      <trkpt lat="68.227454982697964" lon="14.067823849618435">
        <ele>35.66015625</ele>
        <time>2014-06-23T14:09:58Z</time>
      </trkpt>
      <trkpt lat="68.227452049031854" lon="14.067644895985723">
        <ele>34.58984375</ele>
        <time>2014-06-23T14:10:05Z</time>
      </trkpt>
      <trkpt lat="68.227472752332687" lon="14.067468456923962">
        <ele>33.94140625</ele>
        <time>2014-06-23T14:10:12Z</time>
      </trkpt>
      <trkpt lat="68.227464873343706" lon="14.067418919876218">
        <ele>33.74609375</ele>
        <time>2014-06-23T14:10:25Z</time>
      </trkpt>
      <trkpt lat="68.227473506703973" lon="14.067362258210778">
        <ele>33.69140625</ele>
        <time>2014-06-23T14:10:35Z</time>
      </trkpt>
      <trkpt lat="68.227470321580768" lon="14.067372316494584">
        <ele>33.68359375</ele>
        <time>2014-06-23T14:10:47Z</time>
      </trkpt>
      <trkpt lat="68.227478954941034" lon="14.067307775840163">
        <ele>33.625</ele>
        <time>2014-06-23T14:10:54Z</time>
      </trkpt>
      <trkpt lat="68.227476356551051" lon="14.067264441400766">
        <ele>33.49609375</ele>
        <time>2014-06-23T14:11:04Z</time>
      </trkpt>
      <trkpt lat="68.227495215833187" lon="14.067090097814798">
        <ele>33.390625</ele>
        <time>2014-06-23T14:11:18Z</time>
      </trkpt>
      <trkpt lat="68.227500412613153" lon="14.06706134788692">
        <ele>33.41796875</ele>
        <time>2014-06-23T14:11:19Z</time>
      </trkpt>
      <trkpt lat="68.227521451190114" lon="14.066876694560051">
        <ele>33.53125</ele>
        <time>2014-06-23T14:11:24Z</time>
      </trkpt>
      <trkpt lat="68.227548189461231" lon="14.066731687635183">
        <ele>33.87109375</ele>
        <time>2014-06-23T14:11:28Z</time>
      </trkpt>
      <trkpt lat="68.227575430646539" lon="14.066593050956726">
        <ele>34.25</ele>
        <time>2014-06-23T14:11:32Z</time>
      </trkpt>
      <trkpt lat="68.227586075663567" lon="14.066554578021169">
        <ele>34.41796875</ele>
        <time>2014-06-23T14:11:33Z</time>
      </trkpt>
      <trkpt lat="68.22759747505188" lon="14.066532533615828">
        <ele>34.6171875</ele>
        <time>2014-06-23T14:11:34Z</time>
      </trkpt>
      <trkpt lat="68.227608622983098" lon="14.066516691818833">
        <ele>34.82421875</ele>
        <time>2014-06-23T14:11:35Z</time>
      </trkpt>
      <trkpt lat="68.227617423981428" lon="14.066501939669251">
        <ele>34.98046875</ele>
        <time>2014-06-23T14:11:36Z</time>
      </trkpt>
      <trkpt lat="68.227623039856553" lon="14.06647059135139">
        <ele>35.06640625</ele>
        <time>2014-06-23T14:11:37Z</time>
      </trkpt>
      <trkpt lat="68.227629410102963" lon="14.066429184749722">
        <ele>35.15625</ele>
        <time>2014-06-23T14:11:38Z</time>
      </trkpt>
      <trkpt lat="68.22766000404954" lon="14.066294990479946">
        <ele>34.9453125</ele>
        <time>2014-06-23T14:11:42Z</time>
      </trkpt>
      <trkpt lat="68.227705098688602" lon="14.066066751256585">
        <ele>34.5</ele>
        <time>2014-06-23T14:11:49Z</time>
      </trkpt>
      <trkpt lat="68.227752121165395" lon="14.065925935283303">
        <ele>34.671875</ele>
        <time>2014-06-23T14:11:54Z</time>
      </trkpt>
      <trkpt lat="68.227754216641188" lon="14.065888300538063">
        <ele>34.5</ele>
        <time>2014-06-23T14:11:55Z</time>
      </trkpt>
      <trkpt lat="68.227858655154705" lon="14.06548697501421">
        <ele>34.6015625</ele>
        <time>2014-06-23T14:12:08Z</time>
      </trkpt>
      <trkpt lat="68.227866953238845" lon="14.065453615039587">
        <ele>34.58984375</ele>
        <time>2014-06-23T14:12:09Z</time>
      </trkpt>
      <trkpt lat="68.22789310477674" lon="14.065283294767141">
        <ele>33.94921875</ele>
        <time>2014-06-23T14:12:25Z</time>
      </trkpt>
      <trkpt lat="68.227905845269561" lon="14.065271224826574">
        <ele>33.984375</ele>
        <time>2014-06-23T14:12:44Z</time>
      </trkpt>
      <trkpt lat="68.227915819734335" lon="14.065225459635258">
        <ele>33.82421875</ele>
        <time>2014-06-23T14:12:55Z</time>
      </trkpt>
      <trkpt lat="68.227955047041178" lon="14.065071903169155">
        <ele>33.3828125</ele>
        <time>2014-06-23T14:13:02Z</time>
      </trkpt>
      <trkpt lat="68.228073986247182" lon="14.064647862687707">
        <ele>32.61328125</ele>
        <time>2014-06-23T14:13:16Z</time>
      </trkpt>
      <trkpt lat="68.228101143613458" lon="14.064576281234622">
        <ele>32.58203125</ele>
        <time>2014-06-23T14:13:19Z</time>
      </trkpt>
      <trkpt lat="68.228108687326312" lon="14.064553650096059">
        <ele>32.5625</ele>
        <time>2014-06-23T14:13:20Z</time>
      </trkpt>
      <trkpt lat="68.228113716468215" lon="14.06452146358788">
        <ele>32.47265625</ele>
        <time>2014-06-23T14:13:21Z</time>
      </trkpt>
      <trkpt lat="68.228121427819133" lon="14.06449019908905">
        <ele>32.41796875</ele>
        <time>2014-06-23T14:13:22Z</time>
      </trkpt>
      <trkpt lat="68.228128887712955" lon="14.064457844942808">
        <ele>32.35546875</ele>
        <time>2014-06-23T14:13:23Z</time>
      </trkpt>
      <trkpt lat="68.228132156655192" lon="14.064430687576532">
        <ele>32.2734375</ele>
        <time>2014-06-23T14:13:24Z</time>
      </trkpt>
      <trkpt lat="68.228133162483573" lon="14.064401350915432">
        <ele>32.1484375</ele>
        <time>2014-06-23T14:13:25Z</time>
      </trkpt>
      <trkpt lat="68.228133749216795" lon="14.064369248226285">
        <ele>32.01171875</ele>
        <time>2014-06-23T14:13:26Z</time>
      </trkpt>
      <trkpt lat="68.228134671226144" lon="14.064232287928462">
        <ele>31.3984375</ele>
        <time>2014-06-23T14:13:30Z</time>
      </trkpt>
      <trkpt lat="68.228176413103938" lon="14.063812689855695">
        <ele>30.390625</ele>
        <time>2014-06-23T14:13:42Z</time>
      </trkpt>
      <trkpt lat="68.228237936273217" lon="14.063623091205955">
        <ele>30.51953125</ele>
        <time>2014-06-23T14:13:49Z</time>
      </trkpt>
      <trkpt lat="68.228235840797424" lon="14.063593419268727">
        <ele>30.41796875</ele>
        <time>2014-06-23T14:13:50Z</time>
      </trkpt>
      <trkpt lat="68.2282370980829" lon="14.063470456749201">
        <ele>30.13671875</ele>
        <time>2014-06-23T14:13:53Z</time>
      </trkpt>
      <trkpt lat="68.228242881596088" lon="14.06343667767942">
        <ele>30.1328125</ele>
        <time>2014-06-23T14:13:54Z</time>
      </trkpt>
      <trkpt lat="68.228323515504599" lon="14.062972404062748">
        <ele>30.25390625</ele>
        <time>2014-06-23T14:14:08Z</time>
      </trkpt>
      <trkpt lat="68.228325024247169" lon="14.062894117087126">
        <ele>30.13671875</ele>
        <time>2014-06-23T14:14:11Z</time>
      </trkpt>
      <trkpt lat="68.228323347866535" lon="14.062855811789632">
        <ele>30.04296875</ele>
        <time>2014-06-23T14:14:12Z</time>
      </trkpt>
      <trkpt lat="68.228325694799423" lon="14.062823792919517">
        <ele>30.01953125</ele>
        <time>2014-06-23T14:14:13Z</time>
      </trkpt>
      <trkpt lat="68.228329801931977" lon="14.062789091840386">
        <ele>30.015625</ele>
        <time>2014-06-23T14:14:14Z</time>
      </trkpt>
      <trkpt lat="68.228336255997419" lon="14.06276042573154">
        <ele>30.0546875</ele>
        <time>2014-06-23T14:14:15Z</time>
      </trkpt>
      <trkpt lat="68.228341871872544" lon="14.062738884240389">
        <ele>30.09765625</ele>
        <time>2014-06-23T14:14:16Z</time>
      </trkpt>
      <trkpt lat="68.228345643728971" lon="14.062709882855415">
        <ele>30.1015625</ele>
        <time>2014-06-23T14:14:17Z</time>
      </trkpt>
      <trkpt lat="68.228346146643162" lon="14.062674846500158">
        <ele>30.04296875</ele>
        <time>2014-06-23T14:14:18Z</time>
      </trkpt>
      <trkpt lat="68.22835142724216" lon="14.06260946765542">
        <ele>30.00390625</ele>
        <time>2014-06-23T14:14:21Z</time>
      </trkpt>
      <trkpt lat="68.228353355079889" lon="14.062537215650082">
        <ele>29.90234375</ele>
        <time>2014-06-23T14:14:24Z</time>
      </trkpt>
      <trkpt lat="68.228347320109606" lon="14.062508884817362">
        <ele>29.76953125</ele>
        <time>2014-06-23T14:14:25Z</time>
      </trkpt>
      <trkpt lat="68.228345392271876" lon="14.062474938109517">
        <ele>29.69140625</ele>
        <time>2014-06-23T14:14:26Z</time>
      </trkpt>
      <trkpt lat="68.228348912671208" lon="14.062436632812023">
        <ele>29.68359375</ele>
        <time>2014-06-23T14:14:27Z</time>
      </trkpt>
      <trkpt lat="68.22835193015635" lon="14.062400003895164">
        <ele>29.66796875</ele>
        <time>2014-06-23T14:14:28Z</time>
      </trkpt>
      <trkpt lat="68.228350840508938" lon="14.062369242310524">
        <ele>29.60546875</ele>
        <time>2014-06-23T14:14:29Z</time>
      </trkpt>
      <trkpt lat="68.228345811367035" lon="14.062339821830392">
        <ele>29.4921875</ele>
        <time>2014-06-23T14:14:30Z</time>
      </trkpt>
      <trkpt lat="68.228338016197085" lon="14.061926091089845">
        <ele>28.8515625</ele>
        <time>2014-06-23T14:14:43Z</time>
      </trkpt>
      <trkpt lat="68.228349583223462" lon="14.061823999509215">
        <ele>29</ele>
        <time>2014-06-23T14:14:47Z</time>
      </trkpt>
      <trkpt lat="68.228345811367035" lon="14.061794076114893">
        <ele>28.953125</ele>
        <time>2014-06-23T14:14:49Z</time>
      </trkpt>
      <trkpt lat="68.228353522717953" lon="14.061744119971991">
        <ele>29.05078125</ele>
        <time>2014-06-23T14:15:02Z</time>
      </trkpt>
      <trkpt lat="68.228345224633813" lon="14.061808241531253">
        <ele>28.9453125</ele>
        <time>2014-06-23T14:15:31Z</time>
      </trkpt>
      <trkpt lat="68.228352097794414" lon="14.061780078336596">
        <ele>29.03125</ele>
        <time>2014-06-23T14:15:37Z</time>
      </trkpt>
      <trkpt lat="68.228368442505598" lon="14.061422003433108">
        <ele>29.23828125</ele>
        <time>2014-06-23T14:15:49Z</time>
      </trkpt>
      <trkpt lat="68.228372717276216" lon="14.061383027583361">
        <ele>29.2890625</ele>
        <time>2014-06-23T14:15:50Z</time>
      </trkpt>
      <trkpt lat="68.22837439365685" lon="14.061341620981693">
        <ele>29.3125</ele>
        <time>2014-06-23T14:15:51Z</time>
      </trkpt>
      <trkpt lat="68.228376489132643" lon="14.061308177188039">
        <ele>29.33984375</ele>
        <time>2014-06-23T14:15:52Z</time>
      </trkpt>
      <trkpt lat="68.22838026098907" lon="14.061273308470845">
        <ele>29.38671875</ele>
        <time>2014-06-23T14:15:53Z</time>
      </trkpt>
      <trkpt lat="68.228387469425797" lon="14.061241121962667">
        <ele>29.4765625</ele>
        <time>2014-06-23T14:15:54Z</time>
      </trkpt>
      <trkpt lat="68.228393504396081" lon="14.061203151941299">
        <ele>29.5546875</ele>
        <time>2014-06-23T14:15:55Z</time>
      </trkpt>
      <trkpt lat="68.228395348414779" lon="14.061160739511251">
        <ele>29.578125</ele>
        <time>2014-06-23T14:15:56Z</time>
      </trkpt>
      <trkpt lat="68.228404484689236" lon="14.060848681256175">
        <ele>29.74609375</ele>
        <time>2014-06-23T14:16:05Z</time>
      </trkpt>
      <trkpt lat="68.228400629013777" lon="14.060820518061519">
        <ele>29.75390625</ele>
        <time>2014-06-23T14:16:06Z</time>
      </trkpt>
      <trkpt lat="68.22839979082346" lon="14.060782380402088">
        <ele>29.8203125</ele>
        <time>2014-06-23T14:16:07Z</time>
      </trkpt>
      <trkpt lat="68.228399120271206" lon="14.060747679322958">
        <ele>29.8828125</ele>
        <time>2014-06-23T14:16:08Z</time>
      </trkpt>
      <trkpt lat="68.228396940976381" lon="14.060714989900589">
        <ele>29.921875</ele>
        <time>2014-06-23T14:16:09Z</time>
      </trkpt>
      <trkpt lat="68.228394007310271" lon="14.060684479773045">
        <ele>29.94921875</ele>
        <time>2014-06-23T14:16:10Z</time>
      </trkpt>
      <trkpt lat="68.228413118049502" lon="14.06011794693768">
        <ele>31.59375</ele>
        <time>2014-06-23T14:16:26Z</time>
      </trkpt>
      <trkpt lat="68.228416386991739" lon="14.059922900050879">
        <ele>32.32421875</ele>
        <time>2014-06-23T14:16:32Z</time>
      </trkpt>
      <trkpt lat="68.228419991210103" lon="14.05989314429462">
        <ele>32.46484375</ele>
        <time>2014-06-23T14:16:33Z</time>
      </trkpt>
      <trkpt lat="68.228421919047832" lon="14.05987311154604">
        <ele>32.5546875</ele>
        <time>2014-06-23T14:16:34Z</time>
      </trkpt>
      <trkpt lat="68.228421751409769" lon="14.059843942523003">
        <ele>32.65625</ele>
        <time>2014-06-23T14:16:35Z</time>
      </trkpt>
      <trkpt lat="68.22842669673264" lon="14.059809492900968">
        <ele>32.82421875</ele>
        <time>2014-06-23T14:16:36Z</time>
      </trkpt>
      <trkpt lat="68.228434156626463" lon="14.059786358848214">
        <ele>33.08984375</ele>
        <time>2014-06-23T14:16:37Z</time>
      </trkpt>
      <trkpt lat="68.228438515216112" lon="14.059741012752056">
        <ele>33.4296875</ele>
        <time>2014-06-23T14:16:39Z</time>
      </trkpt>
      <trkpt lat="68.228444214910269" lon="14.059668090194464">
        <ele>33.9765625</ele>
        <time>2014-06-23T14:16:42Z</time>
      </trkpt>
      <trkpt lat="68.228462319821119" lon="14.059507995843887">
        <ele>35.28125</ele>
        <time>2014-06-23T14:16:55Z</time>
      </trkpt>
      <trkpt lat="68.228489644825459" lon="14.059415711089969">
        <ele>36.41015625</ele>
        <time>2014-06-23T14:17:07Z</time>
      </trkpt>
      <trkpt lat="68.228536918759346" lon="14.059289479628205">
        <ele>38.05078125</ele>
        <time>2014-06-23T14:17:20Z</time>
      </trkpt>
      <trkpt lat="68.228538762778044" lon="14.059192417189479">
        <ele>38.50390625</ele>
        <time>2014-06-23T14:17:26Z</time>
      </trkpt>
      <trkpt lat="68.228535996749997" lon="14.059164002537727">
        <ele>38.64453125</ele>
        <time>2014-06-23T14:17:33Z</time>
      </trkpt>
      <trkpt lat="68.228528033941984" lon="14.059107759967446">
        <ele>38.875</ele>
        <time>2014-06-23T14:17:35Z</time>
      </trkpt>
      <trkpt lat="68.228527447208762" lon="14.05904833227396">
        <ele>39.28515625</ele>
        <time>2014-06-23T14:17:37Z</time>
      </trkpt>
      <trkpt lat="68.228521998971701" lon="14.05901606194675">
        <ele>39.41796875</ele>
        <time>2014-06-23T14:17:38Z</time>
      </trkpt>
      <trkpt lat="68.228512108325958" lon="14.058990413323045">
        <ele>39.4296875</ele>
        <time>2014-06-23T14:17:39Z</time>
      </trkpt>
      <trkpt lat="68.228504313156009" lon="14.058965435251594">
        <ele>39.484375</ele>
        <time>2014-06-23T14:17:40Z</time>
      </trkpt>
      <trkpt lat="68.228498362004757" lon="14.058940876275301">
        <ele>39.57421875</ele>
        <time>2014-06-23T14:17:41Z</time>
      </trkpt>
      <trkpt lat="68.228497356176376" lon="14.058914557099342">
        <ele>39.7578125</ele>
        <time>2014-06-23T14:17:42Z</time>
      </trkpt>
      <trkpt lat="68.228497439995408" lon="14.058890584856272">
        <ele>39.94140625</ele>
        <time>2014-06-23T14:17:43Z</time>
      </trkpt>
      <trkpt lat="68.228497691452503" lon="14.058864517137408">
        <ele>40.1484375</ele>
        <time>2014-06-23T14:17:44Z</time>
      </trkpt>
      <trkpt lat="68.22849802672863" lon="14.058595206588507">
        <ele>41.74609375</ele>
        <time>2014-06-23T14:17:55Z</time>
      </trkpt>
      <trkpt lat="68.228505235165358" lon="14.058508537709713">
        <ele>41.82421875</ele>
        <time>2014-06-23T14:17:58Z</time>
      </trkpt>
      <trkpt lat="68.228515041992068" lon="14.058395717293024">
        <ele>41.9296875</ele>
        <time>2014-06-23T14:18:02Z</time>
      </trkpt>
      <trkpt lat="68.22850682772696" lon="14.058254733681679">
        <ele>41.83984375</ele>
        <time>2014-06-23T14:18:08Z</time>
      </trkpt>
      <trkpt lat="68.228514455258846" lon="14.058127496391535">
        <ele>41.92578125</ele>
        <time>2014-06-23T14:18:13Z</time>
      </trkpt>
      <trkpt lat="68.228517640382051" lon="14.058069158345461">
        <ele>41.95703125</ele>
        <time>2014-06-23T14:18:15Z</time>
      </trkpt>
      <trkpt lat="68.228523004800081" lon="14.05803051777184">
        <ele>42.015625</ele>
        <time>2014-06-23T14:18:16Z</time>
      </trkpt>
      <trkpt lat="68.228529207408428" lon="14.057963630184531">
        <ele>42.08203125</ele>
        <time>2014-06-23T14:18:18Z</time>
      </trkpt>
      <trkpt lat="68.228582683950663" lon="14.057658445090055">
        <ele>42.66015625</ele>
        <time>2014-06-23T14:18:29Z</time>
      </trkpt>
      <trkpt lat="68.228617468848825" lon="14.057533051818609">
        <ele>43.08203125</ele>
        <time>2014-06-23T14:18:33Z</time>
      </trkpt>
      <trkpt lat="68.228621743619442" lon="14.057499943301082">
        <ele>43.25</ele>
        <time>2014-06-23T14:18:34Z</time>
      </trkpt>
      <trkpt lat="68.228628700599074" lon="14.057470355182886">
        <ele>43.4296875</ele>
        <time>2014-06-23T14:18:35Z</time>
      </trkpt>
      <trkpt lat="68.228635406121612" lon="14.057446885854006">
        <ele>43.58984375</ele>
        <time>2014-06-23T14:18:36Z</time>
      </trkpt>
      <trkpt lat="68.228642530739307" lon="14.057417800650001">
        <ele>43.76953125</ele>
        <time>2014-06-23T14:18:37Z</time>
      </trkpt>
      <trkpt lat="68.228651750832796" lon="14.057387625798583">
        <ele>43.9765625</ele>
        <time>2014-06-23T14:18:38Z</time>
      </trkpt>
      <trkpt lat="68.228660970926285" lon="14.057355858385563">
        <ele>44.19140625</ele>
        <time>2014-06-23T14:18:39Z</time>
      </trkpt>
      <trkpt lat="68.228669101372361" lon="14.057328198105097">
        <ele>44.37890625</ele>
        <time>2014-06-23T14:18:40Z</time>
      </trkpt>
      <trkpt lat="68.228719057515264" lon="14.057188639417291">
        <ele>45.421875</ele>
        <time>2014-06-23T14:18:46Z</time>
      </trkpt>
      <trkpt lat="68.228732384741306" lon="14.057151172310114">
        <ele>45.703125</ele>
        <time>2014-06-23T14:18:48Z</time>
      </trkpt>
      <trkpt lat="68.22874085046351" lon="14.057131474837661">
        <ele>45.86328125</ele>
        <time>2014-06-23T14:18:49Z</time>
      </trkpt>
      <trkpt lat="68.228747807443142" lon="14.057109178975224">
        <ele>46.01953125</ele>
        <time>2014-06-23T14:18:50Z</time>
      </trkpt>
      <trkpt lat="68.228755686432123" lon="14.057077998295426">
        <ele>46.21484375</ele>
        <time>2014-06-23T14:18:51Z</time>
      </trkpt>
      <trkpt lat="68.228786867111921" lon="14.056949838995934">
        <ele>46.9921875</ele>
        <time>2014-06-23T14:19:01Z</time>
      </trkpt>
      <trkpt lat="68.228827519342303" lon="14.05688026919961">
        <ele>47.6171875</ele>
        <time>2014-06-23T14:19:16Z</time>
      </trkpt>
      <trkpt lat="68.228836320340633" lon="14.056873312219977">
        <ele>47.7265625</ele>
        <time>2014-06-23T14:19:17Z</time>
      </trkpt>
      <trkpt lat="68.228847216814756" lon="14.056865265592933">
        <ele>47.859375</ele>
        <time>2014-06-23T14:19:18Z</time>
      </trkpt>
      <trkpt lat="68.228870769962668" lon="14.056845400482416">
        <ele>48.14453125</ele>
        <time>2014-06-23T14:19:20Z</time>
      </trkpt>
      <trkpt lat="68.228971101343632" lon="14.056582376360893">
        <ele>49.62890625</ele>
        <time>2014-06-23T14:19:33Z</time>
      </trkpt>
      <trkpt lat="68.228977555409074" lon="14.056559493765235">
        <ele>49.72265625</ele>
        <time>2014-06-23T14:19:34Z</time>
      </trkpt>
      <trkpt lat="68.228980824351311" lon="14.056530660018325">
        <ele>49.80078125</ele>
        <time>2014-06-23T14:19:35Z</time>
      </trkpt>
      <trkpt lat="68.228984763845801" lon="14.056503921747208">
        <ele>49.89453125</ele>
        <time>2014-06-23T14:19:36Z</time>
      </trkpt>
      <trkpt lat="68.228988284245133" lon="14.056479195132852">
        <ele>50.05078125</ele>
        <time>2014-06-23T14:19:37Z</time>
      </trkpt>
      <trkpt lat="68.229020806029439" lon="14.056223714724183">
        <ele>52.39453125</ele>
        <time>2014-06-23T14:19:51Z</time>
      </trkpt>
      <trkpt lat="68.229043604806066" lon="14.056088430806994">
        <ele>53.65234375</ele>
        <time>2014-06-23T14:20:01Z</time>
      </trkpt>
      <trkpt lat="68.229049472138286" lon="14.055987847968936">
        <ele>54.27734375</ele>
        <time>2014-06-23T14:20:07Z</time>
      </trkpt>
      <trkpt lat="68.229049891233444" lon="14.055862873792648">
        <ele>55.00390625</ele>
        <time>2014-06-23T14:20:19Z</time>
      </trkpt>
      <trkpt lat="68.229065733030438" lon="14.055806212127209">
        <ele>55.76953125</ele>
        <time>2014-06-23T14:20:38Z</time>
      </trkpt>
      <trkpt lat="68.229041593149304" lon="14.055772349238396">
        <ele>55.83203125</ele>
        <time>2014-06-23T14:20:53Z</time>
      </trkpt>
      <trkpt lat="68.229072354733944" lon="14.055697247385979">
        <ele>56.93359375</ele>
        <time>2014-06-23T14:21:12Z</time>
      </trkpt>
      <trkpt lat="68.229109570384026" lon="14.055530782788992">
        <ele>58.93359375</ele>
        <time>2014-06-23T14:21:21Z</time>
      </trkpt>
      <trkpt lat="68.229142762720585" lon="14.055491555482149">
        <ele>59.6015625</ele>
        <time>2014-06-23T14:21:24Z</time>
      </trkpt>
      <trkpt lat="68.22915474884212" lon="14.055495746433735">
        <ele>59.66796875</ele>
        <time>2014-06-23T14:21:25Z</time>
      </trkpt>
      <trkpt lat="68.229196071624756" lon="14.055472780019045">
        <ele>60.234375</ele>
        <time>2014-06-23T14:21:30Z</time>
      </trkpt>
      <trkpt lat="68.229274861514568" lon="14.055325593799353">
        <ele>62.08984375</ele>
        <time>2014-06-23T14:21:40Z</time>
      </trkpt>
      <trkpt lat="68.229305120185018" lon="14.055238757282495">
        <ele>63.10546875</ele>
        <time>2014-06-23T14:21:45Z</time>
      </trkpt>
      <trkpt lat="68.229337222874165" lon="14.05514664016664">
        <ele>64.09375</ele>
        <time>2014-06-23T14:21:52Z</time>
      </trkpt>
      <trkpt lat="68.229344934225082" lon="14.055095175281167">
        <ele>64.56640625</ele>
        <time>2014-06-23T14:21:54Z</time>
      </trkpt>
      <trkpt lat="68.229359937831759" lon="14.055054606869817">
        <ele>64.95703125</ele>
        <time>2014-06-23T14:21:56Z</time>
      </trkpt>
      <trkpt lat="68.229371840134263" lon="14.055010098963976">
        <ele>65.3515625</ele>
        <time>2014-06-23T14:21:58Z</time>
      </trkpt>
      <trkpt lat="68.229409642517567" lon="14.054857045412064">
        <ele>66.578125</ele>
        <time>2014-06-23T14:22:06Z</time>
      </trkpt>
      <trkpt lat="68.229449121281505" lon="14.054606091231108">
        <ele>69.32421875</ele>
        <time>2014-06-23T14:22:17Z</time>
      </trkpt>
      <trkpt lat="68.229465298354626" lon="14.054548339918256">
        <ele>70.03125</ele>
        <time>2014-06-23T14:22:20Z</time>
      </trkpt>
      <trkpt lat="68.229471165686846" lon="14.054525289684534">
        <ele>70.31640625</ele>
        <time>2014-06-23T14:22:21Z</time>
      </trkpt>
      <trkpt lat="68.229475608095527" lon="14.054505592212081">
        <ele>70.5546875</ele>
        <time>2014-06-23T14:22:22Z</time>
      </trkpt>
      <trkpt lat="68.229479966685176" lon="14.054482039064169">
        <ele>70.84765625</ele>
        <time>2014-06-23T14:22:23Z</time>
      </trkpt>
      <trkpt lat="68.229488013312221" lon="14.054461168125272">
        <ele>71.0859375</ele>
        <time>2014-06-23T14:22:24Z</time>
      </trkpt>
      <trkpt lat="68.229498909786344" lon="14.054388832300901">
        <ele>71.9765625</ele>
        <time>2014-06-23T14:22:26Z</time>
      </trkpt>
      <trkpt lat="68.229502933099866" lon="14.054346838966012">
        <ele>72.5</ele>
        <time>2014-06-23T14:22:27Z</time>
      </trkpt>
      <trkpt lat="68.229508046060801" lon="14.054314317181706">
        <ele>72.89453125</ele>
        <time>2014-06-23T14:22:28Z</time>
      </trkpt>
      <trkpt lat="68.229547189548612" lon="14.054189678281546">
        <ele>74.328125</ele>
        <time>2014-06-23T14:22:35Z</time>
      </trkpt>
      <trkpt lat="68.229557666927576" lon="14.054173417389393">
        <ele>74.515625</ele>
        <time>2014-06-23T14:22:36Z</time>
      </trkpt>
      <trkpt lat="68.229569820687175" lon="14.054157240316272">
        <ele>74.6875</ele>
        <time>2014-06-23T14:22:37Z</time>
      </trkpt>
      <trkpt lat="68.229578537866473" lon="14.054147936403751">
        <ele>74.77734375</ele>
        <time>2014-06-23T14:22:38Z</time>
      </trkpt>
      <trkpt lat="68.229586081579328" lon="14.05413368716836">
        <ele>74.9375</ele>
        <time>2014-06-23T14:22:39Z</time>
      </trkpt>
      <trkpt lat="68.229593373835087" lon="14.054115163162351">
        <ele>75.15234375</ele>
        <time>2014-06-23T14:22:40Z</time>
      </trkpt>
      <trkpt lat="68.22960770688951" lon="14.054067470133305">
        <ele>75.7109375</ele>
        <time>2014-06-23T14:22:42Z</time>
      </trkpt>
      <trkpt lat="68.229658249765635" lon="14.053907543420792">
        <ele>77.40625</ele>
        <time>2014-06-23T14:22:49Z</time>
      </trkpt>
      <trkpt lat="68.229663027450442" lon="14.053879296407104">
        <ele>77.71484375</ele>
        <time>2014-06-23T14:22:50Z</time>
      </trkpt>
      <trkpt lat="68.229667888954282" lon="14.053857168182731">
        <ele>77.94140625</ele>
        <time>2014-06-23T14:22:51Z</time>
      </trkpt>
      <trkpt lat="68.229677360504866" lon="14.053834537044168">
        <ele>78.12890625</ele>
        <time>2014-06-23T14:22:52Z</time>
      </trkpt>
      <trkpt lat="68.229686999693513" lon="14.053808972239494">
        <ele>78.34375</ele>
        <time>2014-06-23T14:22:53Z</time>
      </trkpt>
      <trkpt lat="68.22969420813024" lon="14.053785335272551">
        <ele>78.55078125</ele>
        <time>2014-06-23T14:22:54Z</time>
      </trkpt>
      <trkpt lat="68.229724215343595" lon="14.053588947281241">
        <ele>80.21875</ele>
        <time>2014-06-23T14:22:59Z</time>
      </trkpt>
      <trkpt lat="68.229726813733578" lon="14.053552905097604">
        <ele>80.46875</ele>
        <time>2014-06-23T14:23:00Z</time>
      </trkpt>
      <trkpt lat="68.229767549782991" lon="14.05331184156239">
        <ele>81.73828125</ele>
        <time>2014-06-23T14:23:10Z</time>
      </trkpt>
      <trkpt lat="68.229788336902857" lon="14.053184268996119">
        <ele>82.37109375</ele>
        <time>2014-06-23T14:23:15Z</time>
      </trkpt>
      <trkpt lat="68.229799820110202" lon="14.053158201277256">
        <ele>82.3828125</ele>
        <time>2014-06-23T14:23:16Z</time>
      </trkpt>
      <trkpt lat="68.229811806231737" lon="14.053134145215154">
        <ele>82.3671875</ele>
        <time>2014-06-23T14:23:17Z</time>
      </trkpt>
      <trkpt lat="68.229818511754274" lon="14.053111346438527">
        <ele>82.42578125</ele>
        <time>2014-06-23T14:23:18Z</time>
      </trkpt>
      <trkpt lat="68.229823540896177" lon="14.053087458014488">
        <ele>82.5</ele>
        <time>2014-06-23T14:23:19Z</time>
      </trkpt>
      <trkpt lat="68.229833263903856" lon="14.053037585690618">
        <ele>82.64453125</ele>
        <time>2014-06-23T14:23:20Z</time>
      </trkpt>
      <trkpt lat="68.229846926406026" lon="14.052970362827182">
        <ele>82.8203125</ele>
        <time>2014-06-23T14:23:22Z</time>
      </trkpt>
      <trkpt lat="68.229901073500514" lon="14.052758049219847">
        <ele>83.03515625</ele>
        <time>2014-06-23T14:23:29Z</time>
      </trkpt>
      <trkpt lat="68.229935439303517" lon="14.052255721762776">
        <ele>86.0078125</ele>
        <time>2014-06-23T14:23:43Z</time>
      </trkpt>
      <trkpt lat="68.229940384626389" lon="14.052229151129723">
        <ele>86.1171875</ele>
        <time>2014-06-23T14:23:44Z</time>
      </trkpt>
      <trkpt lat="68.229942312464118" lon="14.052197886630893">
        <ele>86.33984375</ele>
        <time>2014-06-23T14:23:45Z</time>
      </trkpt>
      <trkpt lat="68.229956980794668" lon="14.051855821162462">
        <ele>87.58984375</ele>
        <time>2014-06-23T14:23:55Z</time>
      </trkpt>
      <trkpt lat="68.229943318292499" lon="14.051628420129418">
        <ele>87.84765625</ele>
        <time>2014-06-23T14:24:03Z</time>
      </trkpt>
      <trkpt lat="68.229945246130228" lon="14.051599754020572">
        <ele>87.76171875</ele>
        <time>2014-06-23T14:24:04Z</time>
      </trkpt>
      <trkpt lat="68.229926722124219" lon="14.051107233390212">
        <ele>87.87890625</ele>
        <time>2014-06-23T14:24:19Z</time>
      </trkpt>
      <trkpt lat="68.229922279715538" lon="14.051075968891382">
        <ele>88.0234375</ele>
        <time>2014-06-23T14:24:20Z</time>
      </trkpt>
      <trkpt lat="68.229918759316206" lon="14.051036406308413">
        <ele>88.12109375</ele>
        <time>2014-06-23T14:24:21Z</time>
      </trkpt>
      <trkpt lat="68.229917334392667" lon="14.051002291962504">
        <ele>88.13671875</ele>
        <time>2014-06-23T14:24:22Z</time>
      </trkpt>
      <trkpt lat="68.229912724345922" lon="14.050970021635294">
        <ele>88.296875</ele>
        <time>2014-06-23T14:24:23Z</time>
      </trkpt>
      <trkpt lat="68.229909287765622" lon="14.050938589498401">
        <ele>88.41015625</ele>
        <time>2014-06-23T14:24:24Z</time>
      </trkpt>
      <trkpt lat="68.229906437918544" lon="14.050896763801575">
        <ele>88.48828125</ele>
        <time>2014-06-23T14:24:25Z</time>
      </trkpt>
      <trkpt lat="68.229903168976307" lon="14.050857620313764">
        <ele>88.76171875</ele>
        <time>2014-06-23T14:24:26Z</time>
      </trkpt>
      <trkpt lat="68.229881040751934" lon="14.050659388303757">
        <ele>90.890625</ele>
        <time>2014-06-23T14:24:32Z</time>
      </trkpt>
      <trkpt lat="68.229866288602352" lon="14.050482278689742">
        <ele>92.6171875</ele>
        <time>2014-06-23T14:24:46Z</time>
      </trkpt>
      <trkpt lat="68.229841897264123" lon="14.050421342253685">
        <ele>94.1796875</ele>
        <time>2014-06-23T14:25:01Z</time>
      </trkpt>
      <trkpt lat="68.229851117357612" lon="14.050443219020963">
        <ele>93.59375</ele>
        <time>2014-06-23T14:25:15Z</time>
      </trkpt>
      <trkpt lat="68.229836029931903" lon="14.050450176000595">
        <ele>94.29296875</ele>
        <time>2014-06-23T14:25:37Z</time>
      </trkpt>
      <trkpt lat="68.2298275642097" lon="14.050271892920136">
        <ele>95.328125</ele>
        <time>2014-06-23T14:25:43Z</time>
      </trkpt>
      <trkpt lat="68.229792946949601" lon="14.049757663160563">
        <ele>95.55859375</ele>
        <time>2014-06-23T14:25:57Z</time>
      </trkpt>
      <trkpt lat="68.229744667187333" lon="14.049249468371272">
        <ele>101.41796875</ele>
        <time>2014-06-23T14:26:11Z</time>
      </trkpt>
      <trkpt lat="68.229743074625731" lon="14.049141928553581">
        <ele>101.734375</ele>
        <time>2014-06-23T14:26:14Z</time>
      </trkpt>
      <trkpt lat="68.229742655530572" lon="14.049064898863435">
        <ele>101.77734375</ele>
        <time>2014-06-23T14:26:16Z</time>
      </trkpt>
      <trkpt lat="68.229725975543261" lon="14.04896448366344">
        <ele>102.125</ele>
        <time>2014-06-23T14:26:19Z</time>
      </trkpt>
      <trkpt lat="68.229721952229738" lon="14.048744877800345">
        <ele>102.33203125</ele>
        <time>2014-06-23T14:26:25Z</time>
      </trkpt>
      <trkpt lat="68.229690100997686" lon="14.048551172018051">
        <ele>103.140625</ele>
        <time>2014-06-23T14:26:31Z</time>
      </trkpt>
      <trkpt lat="68.229673253372312" lon="14.048366686329246">
        <ele>103.5859375</ele>
        <time>2014-06-23T14:26:37Z</time>
      </trkpt>
      <trkpt lat="68.229654813185334" lon="14.048206675797701">
        <ele>103.91796875</ele>
        <time>2014-06-23T14:26:42Z</time>
      </trkpt>
      <trkpt lat="68.229634193703532" lon="14.04803610406816">
        <ele>104.06640625</ele>
        <time>2014-06-23T14:26:48Z</time>
      </trkpt>
      <trkpt lat="68.229629583656788" lon="14.047986231744289">
        <ele>104.03515625</ele>
        <time>2014-06-23T14:26:50Z</time>
      </trkpt>
      <trkpt lat="68.229617262259126" lon="14.047931078821421">
        <ele>104.01953125</ele>
        <time>2014-06-23T14:26:52Z</time>
      </trkpt>
      <trkpt lat="68.229610975831747" lon="14.047862598672509">
        <ele>103.9296875</ele>
        <time>2014-06-23T14:26:54Z</time>
      </trkpt>
      <trkpt lat="68.229595301672816" lon="14.047822952270508">
        <ele>103.88671875</ele>
        <time>2014-06-23T14:26:56Z</time>
      </trkpt>
      <trkpt lat="68.229552386328578" lon="14.047604519873857">
        <ele>103.2421875</ele>
        <time>2014-06-23T14:27:05Z</time>
      </trkpt>
      <trkpt lat="68.229523384943604" lon="14.047360522672534">
        <ele>103.10546875</ele>
        <time>2014-06-23T14:27:13Z</time>
      </trkpt>
      <trkpt lat="68.229477619752288" lon="14.046917371451855">
        <ele>103.2890625</ele>
        <time>2014-06-23T14:27:29Z</time>
      </trkpt>
      <trkpt lat="68.22948751039803" lon="14.046944193542004">
        <ele>103.078125</ele>
        <time>2014-06-23T14:27:48Z</time>
      </trkpt>
      <trkpt lat="68.229501256719232" lon="14.046946037560701">
        <ele>102.81640625</ele>
        <time>2014-06-23T14:28:08Z</time>
      </trkpt>
      <trkpt lat="68.229495054110885" lon="14.046849478036165">
        <ele>103.0390625</ele>
        <time>2014-06-23T14:28:27Z</time>
      </trkpt>
      <trkpt lat="68.229454653337598" lon="14.046687120571733">
        <ele>103.8125</ele>
        <time>2014-06-23T14:28:32Z</time>
      </trkpt>
      <trkpt lat="68.229402517899871" lon="14.046274730935693">
        <ele>104.55859375</ele>
        <time>2014-06-23T14:28:47Z</time>
      </trkpt>
      <trkpt lat="68.22939463891089" lon="14.046222092583776">
        <ele>104.65234375</ele>
        <time>2014-06-23T14:28:49Z</time>
      </trkpt>
      <trkpt lat="68.229368571192026" lon="14.046151265501976">
        <ele>104.88671875</ele>
        <time>2014-06-23T14:28:53Z</time>
      </trkpt>
      <trkpt lat="68.229355746880174" lon="14.045928474515676">
        <ele>104.9921875</ele>
        <time>2014-06-23T14:29:06Z</time>
      </trkpt>
      <trkpt lat="68.229353819042444" lon="14.045931492000818">
        <ele>105.00390625</ele>
        <time>2014-06-23T14:29:07Z</time>
      </trkpt>
      <trkpt lat="68.229344431310892" lon="14.04595797881484">
        <ele>105.05859375</ele>
        <time>2014-06-23T14:29:29Z</time>
      </trkpt>
      <trkpt lat="68.229354070499539" lon="14.045919924974442">
        <ele>105</ele>
        <time>2014-06-23T14:30:00Z</time>
      </trkpt>
      <trkpt lat="68.229366056621075" lon="14.045941885560751">
        <ele>104.9296875</ele>
        <time>2014-06-23T14:30:33Z</time>
      </trkpt>
      <trkpt lat="68.229324733838439" lon="14.04590324498713">
        <ele>105.1640625</ele>
        <time>2014-06-23T14:30:50Z</time>
      </trkpt>
      <trkpt lat="68.229312244802713" lon="14.045838452875614">
        <ele>105.0703125</ele>
        <time>2014-06-23T14:30:53Z</time>
      </trkpt>
      <trkpt lat="68.22926321066916" lon="14.045738875865936">
        <ele>104.9609375</ele>
        <time>2014-06-23T14:30:58Z</time>
      </trkpt>
      <trkpt lat="68.229207806289196" lon="14.045535530894995">
        <ele>104.40625</ele>
        <time>2014-06-23T14:31:09Z</time>
      </trkpt>
      <trkpt lat="68.229122897610068" lon="14.045265549793839">
        <ele>103.6328125</ele>
        <time>2014-06-23T14:31:23Z</time>
      </trkpt>
      <trkpt lat="68.229108480736613" lon="14.045175276696682">
        <ele>103.49609375</ele>
        <time>2014-06-23T14:31:26Z</time>
      </trkpt>
      <trkpt lat="68.229036731645465" lon="14.044966651126742">
        <ele>103.25</ele>
        <time>2014-06-23T14:31:35Z</time>
      </trkpt>
      <trkpt lat="68.22898275218904" lon="14.044904876500368">
        <ele>103.25</ele>
        <time>2014-06-23T14:31:41Z</time>
      </trkpt>
      <trkpt lat="68.22894461452961" lon="14.0445785690099">
        <ele>103.046875</ele>
        <time>2014-06-23T14:31:54Z</time>
      </trkpt>
      <trkpt lat="68.228907398879528" lon="14.044373631477356">
        <ele>103.00390625</ele>
        <time>2014-06-23T14:32:02Z</time>
      </trkpt>
      <trkpt lat="68.22887672111392" lon="14.044283861294389">
        <ele>103.1015625</ele>
        <time>2014-06-23T14:32:06Z</time>
      </trkpt>
      <trkpt lat="68.228863142430782" lon="14.044088227674365">
        <ele>102.61328125</ele>
        <time>2014-06-23T14:32:12Z</time>
      </trkpt>
      <trkpt lat="68.228838499635458" lon="14.043874992057681">
        <ele>102.06640625</ele>
        <time>2014-06-23T14:32:19Z</time>
      </trkpt>
      <trkpt lat="68.228806396946311" lon="14.043642226606607">
        <ele>101.5859375</ele>
        <time>2014-06-23T14:32:31Z</time>
      </trkpt>
      <trkpt lat="68.228798769414425" lon="14.043548433110118">
        <ele>101.59765625</ele>
        <time>2014-06-23T14:32:35Z</time>
      </trkpt>
      <trkpt lat="68.228793740272522" lon="14.043493866920471">
        <ele>101.609375</ele>
        <time>2014-06-23T14:32:37Z</time>
      </trkpt>
      <trkpt lat="68.228732217103243" lon="14.043236542493105">
        <ele>101.91796875</ele>
        <time>2014-06-23T14:32:51Z</time>
      </trkpt>
      <trkpt lat="68.228677986189723" lon="14.043100588023663">
        <ele>102.1953125</ele>
        <time>2014-06-23T14:33:01Z</time>
      </trkpt>
      <trkpt lat="68.228646051138639" lon="14.042914509773254">
        <ele>102.22265625</ele>
        <time>2014-06-23T14:33:13Z</time>
      </trkpt>
      <trkpt lat="68.228633981198072" lon="14.042853740975261">
        <ele>102.23046875</ele>
        <time>2014-06-23T14:33:20Z</time>
      </trkpt>
      <trkpt lat="68.228574050590396" lon="14.042707560583949">
        <ele>102.41796875</ele>
        <time>2014-06-23T14:33:34Z</time>
      </trkpt>
      <trkpt lat="68.228570865467191" lon="14.042651569470763">
        <ele>102.36328125</ele>
        <time>2014-06-23T14:33:38Z</time>
      </trkpt>
      <trkpt lat="68.228561813011765" lon="14.042458701878786">
        <ele>102.01953125</ele>
        <time>2014-06-23T14:33:47Z</time>
      </trkpt>
      <trkpt lat="68.228562902659178" lon="14.042427940294147">
        <ele>101.9296875</ele>
        <time>2014-06-23T14:33:48Z</time>
      </trkpt>
      <trkpt lat="68.228520657867193" lon="14.042315036058426">
        <ele>101.78125</ele>
        <time>2014-06-23T14:33:54Z</time>
      </trkpt>
      <trkpt lat="68.228453518822789" lon="14.042252339422703">
        <ele>101.82421875</ele>
        <time>2014-06-23T14:33:59Z</time>
      </trkpt>
      <trkpt lat="68.228405406698585" lon="14.042065842077136">
        <ele>101.36328125</ele>
        <time>2014-06-23T14:34:14Z</time>
      </trkpt>
      <trkpt lat="68.228390822187066" lon="14.042059220373631">
        <ele>101.41796875</ele>
        <time>2014-06-23T14:34:18Z</time>
      </trkpt>
      <trkpt lat="68.228368191048503" lon="14.042048072442412">
        <ele>101.5</ele>
        <time>2014-06-23T14:34:20Z</time>
      </trkpt>
      <trkpt lat="68.228348828852177" lon="14.042009012773633">
        <ele>101.46484375</ele>
        <time>2014-06-23T14:34:23Z</time>
      </trkpt>
      <trkpt lat="68.228347823023796" lon="14.041949082165956">
        <ele>101.34765625</ele>
        <time>2014-06-23T14:34:26Z</time>
      </trkpt>
      <trkpt lat="68.228315301239491" lon="14.041816731914878">
        <ele>101.28515625</ele>
        <time>2014-06-23T14:34:34Z</time>
      </trkpt>
      <trkpt lat="68.22830943390727" lon="14.041770463809371">
        <ele>101.234375</ele>
        <time>2014-06-23T14:34:36Z</time>
      </trkpt>
      <trkpt lat="68.228276073932648" lon="14.041563430801034">
        <ele>101.0390625</ele>
        <time>2014-06-23T14:34:44Z</time>
      </trkpt>
      <trkpt lat="68.228293089196086" lon="14.041478354483843">
        <ele>100.79296875</ele>
        <time>2014-06-23T14:34:49Z</time>
      </trkpt>
      <trkpt lat="68.228300716727972" lon="14.041429655626416">
        <ele>100.6875</ele>
        <time>2014-06-23T14:34:51Z</time>
      </trkpt>
      <trkpt lat="68.228275068104267" lon="14.041272075846791">
        <ele>100.74609375</ele>
        <time>2014-06-23T14:34:57Z</time>
      </trkpt>
      <trkpt lat="68.228244557976723" lon="14.041215749457479">
        <ele>100.859375</ele>
        <time>2014-06-23T14:35:00Z</time>
      </trkpt>
      <trkpt lat="68.228202816098928" lon="14.041132349520922">
        <ele>100.9921875</ele>
        <time>2014-06-23T14:35:05Z</time>
      </trkpt>
      <trkpt lat="68.228194350376725" lon="14.041087925434113">
        <ele>100.99609375</ele>
        <time>2014-06-23T14:35:07Z</time>
      </trkpt>
      <trkpt lat="68.2281403709203" lon="14.040959514677525">
        <ele>101.10546875</ele>
        <time>2014-06-23T14:35:13Z</time>
      </trkpt>
      <trkpt lat="68.228114973753691" lon="14.040923556312919">
        <ele>101.1640625</ele>
        <time>2014-06-23T14:35:16Z</time>
      </trkpt>
      <trkpt lat="68.228075494989753" lon="14.040881479158998">
        <ele>101.2734375</ele>
        <time>2014-06-23T14:35:20Z</time>
      </trkpt>
      <trkpt lat="68.228057473897934" lon="14.040840407833457">
        <ele>101.33984375</ele>
        <time>2014-06-23T14:35:22Z</time>
      </trkpt>
      <trkpt lat="68.228035010397434" lon="14.04080830514431">
        <ele>101.41796875</ele>
        <time>2014-06-23T14:35:24Z</time>
      </trkpt>
      <trkpt lat="68.228012630715966" lon="14.040753990411758">
        <ele>101.5</ele>
        <time>2014-06-23T14:35:27Z</time>
      </trkpt>
      <trkpt lat="68.227994693443179" lon="14.040670925751328">
        <ele>101.5625</ele>
        <time>2014-06-23T14:35:31Z</time>
      </trkpt>
      <trkpt lat="68.227967116981745" lon="14.040416283532977">
        <ele>101.6640625</ele>
        <time>2014-06-23T14:35:40Z</time>
      </trkpt>
      <trkpt lat="68.22799569927156" lon="14.040218386799097">
        <ele>101.5625</ele>
        <time>2014-06-23T14:35:48Z</time>
      </trkpt>
      <trkpt lat="68.228026544675231" lon="14.040047647431493">
        <ele>101.44921875</ele>
        <time>2014-06-23T14:35:54Z</time>
      </trkpt>
      <trkpt lat="68.228044062852859" lon="14.039828209206462">
        <ele>101.38671875</ele>
        <time>2014-06-23T14:36:02Z</time>
      </trkpt>
      <trkpt lat="68.228055294603109" lon="14.039760567247868">
        <ele>101.390625</ele>
        <time>2014-06-23T14:36:05Z</time>
      </trkpt>
      <trkpt lat="68.228085050359368" lon="14.039712622761726">
        <ele>101.38671875</ele>
        <time>2014-06-23T14:36:09Z</time>
      </trkpt>
      <trkpt lat="68.228094773367047" lon="14.039471223950386">
        <ele>101.87109375</ele>
        <time>2014-06-23T14:36:16Z</time>
      </trkpt>
      <trkpt lat="68.228081865236163" lon="14.039371563121676">
        <ele>102.16796875</ele>
        <time>2014-06-23T14:36:19Z</time>
      </trkpt>
      <trkpt lat="68.228064347058535" lon="14.039095882326365">
        <ele>102.9296875</ele>
        <time>2014-06-23T14:36:32Z</time>
      </trkpt>
      <trkpt lat="68.228073567152023" lon="14.039072915911674">
        <ele>102.91015625</ele>
        <time>2014-06-23T14:36:52Z</time>
      </trkpt>
      <trkpt lat="68.228098042309284" lon="14.039094541221857">
        <ele>102.66015625</ele>
        <time>2014-06-23T14:37:21Z</time>
      </trkpt>
      <trkpt lat="68.228101478889585" lon="14.03911423869431">
        <ele>102.59375</ele>
        <time>2014-06-23T14:37:57Z</time>
      </trkpt>
      <trkpt lat="68.228094689548016" lon="14.039086326956749">
        <ele>102.70703125</ele>
        <time>2014-06-23T14:38:27Z</time>
      </trkpt>
      <trkpt lat="68.228094354271889" lon="14.038862697780132">
        <ele>103.1953125</ele>
        <time>2014-06-23T14:38:36Z</time>
      </trkpt>
      <trkpt lat="68.228096952661872" lon="14.038636302575469">
        <ele>103.65625</ele>
        <time>2014-06-23T14:38:43Z</time>
      </trkpt>
      <trkpt lat="68.22809737175703" lon="14.03858064673841">
        <ele>103.7734375</ele>
        <time>2014-06-23T14:38:45Z</time>
      </trkpt>
      <trkpt lat="68.228100808337331" lon="14.038521302863955">
        <ele>103.859375</ele>
        <time>2014-06-23T14:38:47Z</time>
      </trkpt>
      <trkpt lat="68.228122601285577" lon="14.03843211941421">
        <ele>103.78125</ele>
        <time>2014-06-23T14:38:52Z</time>
      </trkpt>
      <trkpt lat="68.22810173034668" lon="14.0380768943578">
        <ele>104.91015625</ele>
        <time>2014-06-23T14:39:05Z</time>
      </trkpt>
      <trkpt lat="68.228109441697598" lon="14.037949154153466">
        <ele>105.4921875</ele>
        <time>2014-06-23T14:39:10Z</time>
      </trkpt>
      <trkpt lat="68.228115644305944" lon="14.037905735895038">
        <ele>105.63671875</ele>
        <time>2014-06-23T14:39:12Z</time>
      </trkpt>
      <trkpt lat="68.228148417547345" lon="14.037794759497046">
        <ele>105.765625</ele>
        <time>2014-06-23T14:39:20Z</time>
      </trkpt>
      <trkpt lat="68.228167947381735" lon="14.037752849981189">
        <ele>105.70703125</ele>
        <time>2014-06-23T14:39:23Z</time>
      </trkpt>
      <trkpt lat="68.228183537721634" lon="14.037708677351475">
        <ele>105.72265625</ele>
        <time>2014-06-23T14:39:25Z</time>
      </trkpt>
      <trkpt lat="68.228195020928979" lon="14.037579847499728">
        <ele>106.25390625</ele>
        <time>2014-06-23T14:39:29Z</time>
      </trkpt>
      <trkpt lat="68.228216813877225" lon="14.037356721237302">
        <ele>107.73046875</ele>
        <time>2014-06-23T14:39:38Z</time>
      </trkpt>
      <trkpt lat="68.228229638189077" lon="14.037292096763849">
        <ele>108.09765625</ele>
        <time>2014-06-23T14:39:42Z</time>
      </trkpt>
      <trkpt lat="68.228237014263868" lon="14.037197967991233">
        <ele>108.78515625</ele>
        <time>2014-06-23T14:39:46Z</time>
      </trkpt>
      <trkpt lat="68.228271380066872" lon="14.036949360743165">
        <ele>110.46875</ele>
        <time>2014-06-23T14:39:56Z</time>
      </trkpt>
      <trkpt lat="68.228292670100927" lon="14.036696143448353">
        <ele>112.48046875</ele>
        <time>2014-06-23T14:40:07Z</time>
      </trkpt>
      <trkpt lat="68.228321503847837" lon="14.036486176773906">
        <ele>114.0078125</ele>
        <time>2014-06-23T14:40:20Z</time>
      </trkpt>
      <trkpt lat="68.228277750313282" lon="14.036258272826672">
        <ele>116.953125</ele>
        <time>2014-06-23T14:40:32Z</time>
      </trkpt>
      <trkpt lat="68.228240115568042" lon="14.036191049963236">
        <ele>118.15625</ele>
        <time>2014-06-23T14:40:38Z</time>
      </trkpt>
      <trkpt lat="68.22823902592063" lon="14.036181997507811">
        <ele>118.265625</ele>
        <time>2014-06-23T14:40:39Z</time>
      </trkpt>
      <trkpt lat="68.228248413652182" lon="14.035984771326184">
        <ele>120.27734375</ele>
        <time>2014-06-23T14:40:53Z</time>
      </trkpt>
      <trkpt lat="68.228242546319962" lon="14.035810008645058">
        <ele>121.99609375</ele>
        <time>2014-06-23T14:41:03Z</time>
      </trkpt>
      <trkpt lat="68.228207677602768" lon="14.035628037527204">
        <ele>123.9765625</ele>
        <time>2014-06-23T14:41:14Z</time>
      </trkpt>
      <trkpt lat="68.228176329284906" lon="14.035466015338898">
        <ele>125.88671875</ele>
        <time>2014-06-23T14:41:26Z</time>
      </trkpt>
      <trkpt lat="68.22815109975636" lon="14.035341376438737">
        <ele>127.46875</ele>
        <time>2014-06-23T14:41:39Z</time>
      </trkpt>
      <trkpt lat="68.228130815550685" lon="14.035169966518879">
        <ele>130.0390625</ele>
        <time>2014-06-23T14:41:50Z</time>
      </trkpt>
      <trkpt lat="68.228082284331322" lon="14.035061839967966">
        <ele>132.46484375</ele>
        <time>2014-06-23T14:42:01Z</time>
      </trkpt>
      <trkpt lat="68.22808463126421" lon="14.034954467788339">
        <ele>133.8125</ele>
        <time>2014-06-23T14:42:11Z</time>
      </trkpt>
      <trkpt lat="68.228045236319304" lon="14.034858830273151">
        <ele>135.96484375</ele>
        <time>2014-06-23T14:42:23Z</time>
      </trkpt>
      <trkpt lat="68.228029394522309" lon="14.034834522753954">
        <ele>136.65234375</ele>
        <time>2014-06-23T14:42:35Z</time>
      </trkpt>
      <trkpt lat="68.228016402572393" lon="14.034830499440432">
        <ele>137.0078125</ele>
        <time>2014-06-23T14:42:48Z</time>
      </trkpt>
      <trkpt lat="68.228006428107619" lon="14.034820524975657">
        <ele>137.37109375</ele>
        <time>2014-06-23T14:42:50Z</time>
      </trkpt>
      <trkpt lat="68.227979270741343" lon="14.034788087010384">
        <ele>138.4453125</ele>
        <time>2014-06-23T14:42:56Z</time>
      </trkpt>
      <trkpt lat="68.22797323577106" lon="14.034660598263144">
        <ele>140.78125</ele>
        <time>2014-06-23T14:43:03Z</time>
      </trkpt>
      <trkpt lat="68.227954292669892" lon="14.034541826695204">
        <ele>143.31640625</ele>
        <time>2014-06-23T14:43:13Z</time>
      </trkpt>
      <trkpt lat="68.227932499721646" lon="14.034458342939615">
        <ele>145.33203125</ele>
        <time>2014-06-23T14:43:24Z</time>
      </trkpt>
      <trkpt lat="68.227932164445519" lon="14.034329261630774">
        <ele>147.6171875</ele>
        <time>2014-06-23T14:43:36Z</time>
      </trkpt>
      <trkpt lat="68.227932583540678" lon="14.034238066524267">
        <ele>149.2109375</ele>
        <time>2014-06-23T14:43:48Z</time>
      </trkpt>
      <trkpt lat="68.227929230779409" lon="14.034232115373015">
        <ele>149.40625</ele>
        <time>2014-06-23T14:43:50Z</time>
      </trkpt>
      <trkpt lat="68.227909030392766" lon="14.034115187823772">
        <ele>152.0078125</ele>
        <time>2014-06-23T14:43:59Z</time>
      </trkpt>
      <trkpt lat="68.227860415354371" lon="14.03398803435266">
        <ele>155.6484375</ele>
        <time>2014-06-23T14:44:13Z</time>
      </trkpt>
      <trkpt lat="68.227834599092603" lon="14.033868843689561">
        <ele>158.48046875</ele>
        <time>2014-06-23T14:44:25Z</time>
      </trkpt>
      <trkpt lat="68.227797131985426" lon="14.033796088770032">
        <ele>160.796875</ele>
        <time>2014-06-23T14:44:37Z</time>
      </trkpt>
      <trkpt lat="68.227774584665895" lon="14.033732889220119">
        <ele>162.5546875</ele>
        <time>2014-06-23T14:44:48Z</time>
      </trkpt>
      <trkpt lat="68.227756563574076" lon="14.033676898106933">
        <ele>164.0703125</ele>
        <time>2014-06-23T14:45:01Z</time>
      </trkpt>
      <trkpt lat="68.227742314338684" lon="14.033615794032812">
        <ele>165.69921875</ele>
        <time>2014-06-23T14:45:08Z</time>
      </trkpt>
      <trkpt lat="68.227695627138019" lon="14.033551337197423">
        <ele>168.39453125</ele>
        <time>2014-06-23T14:45:16Z</time>
      </trkpt>
      <trkpt lat="68.22764634154737" lon="14.033575057983398">
        <ele>169.30859375</ele>
        <time>2014-06-23T14:45:27Z</time>
      </trkpt>
      <trkpt lat="68.227645587176085" lon="14.033586122095585">
        <ele>169.08203125</ele>
        <time>2014-06-23T14:45:37Z</time>
      </trkpt>
      <trkpt lat="68.227605018764734" lon="14.033515714108944">
        <ele>171.8828125</ele>
        <time>2014-06-23T14:45:48Z</time>
      </trkpt>
      <trkpt lat="68.22761557996273" lon="14.033442456275225">
        <ele>173.25390625</ele>
        <time>2014-06-23T14:46:02Z</time>
      </trkpt>
      <trkpt lat="68.227617591619492" lon="14.033360313624144">
        <ele>175.078125</ele>
        <time>2014-06-23T14:46:12Z</time>
      </trkpt>
      <trkpt lat="68.227565372362733" lon="14.033280937001109">
        <ele>178.7109375</ele>
        <time>2014-06-23T14:46:22Z</time>
      </trkpt>
      <trkpt lat="68.227572496980429" lon="14.033218408003449">
        <ele>179.95703125</ele>
        <time>2014-06-23T14:46:32Z</time>
      </trkpt>
      <trkpt lat="68.227549362927675" lon="14.033166524022818">
        <ele>182.05078125</ele>
        <time>2014-06-23T14:46:42Z</time>
      </trkpt>
      <trkpt lat="68.227550871670246" lon="14.033144982531667">
        <ele>182.515625</ele>
        <time>2014-06-23T14:46:43Z</time>
      </trkpt>
      <trkpt lat="68.227526899427176" lon="14.033103324472904">
        <ele>184.33984375</ele>
        <time>2014-06-23T14:46:50Z</time>
      </trkpt>
      <trkpt lat="68.227535113692284" lon="14.033111790195107">
        <ele>183.88671875</ele>
        <time>2014-06-23T14:46:56Z</time>
      </trkpt>
      <trkpt lat="68.227524552494287" lon="14.033003998920321">
        <ele>186.10546875</ele>
        <time>2014-06-23T14:47:07Z</time>
      </trkpt>
      <trkpt lat="68.227485660463572" lon="14.032974326983094">
        <ele>188.05859375</ele>
        <time>2014-06-23T14:47:18Z</time>
      </trkpt>
      <trkpt lat="68.227460095658898" lon="14.032871145755053">
        <ele>190.734375</ele>
        <time>2014-06-23T14:47:28Z</time>
      </trkpt>
      <trkpt lat="68.227459089830518" lon="14.032790511846542">
        <ele>192.11328125</ele>
        <time>2014-06-23T14:47:39Z</time>
      </trkpt>
      <trkpt lat="68.227429585531354" lon="14.032655479386449">
        <ele>195.4375</ele>
        <time>2014-06-23T14:47:50Z</time>
      </trkpt>
      <trkpt lat="68.227399578318" lon="14.032556489109993">
        <ele>198.1640625</ele>
        <time>2014-06-23T14:48:00Z</time>
      </trkpt>
      <trkpt lat="68.227365547791123" lon="14.032532600685954">
        <ele>199.8203125</ele>
        <time>2014-06-23T14:48:07Z</time>
      </trkpt>
      <trkpt lat="68.227358842268586" lon="14.032512819394469">
        <ele>200.41796875</ele>
        <time>2014-06-23T14:48:08Z</time>
      </trkpt>
      <trkpt lat="68.227327074855566" lon="14.032457331195474">
        <ele>202.5625</ele>
        <time>2014-06-23T14:48:16Z</time>
      </trkpt>
      <trkpt lat="68.227320536971092" lon="14.032448446378112">
        <ele>202.95703125</ele>
        <time>2014-06-23T14:48:17Z</time>
      </trkpt>
      <trkpt lat="68.227300504222512" lon="14.032409219071269">
        <ele>204.1171875</ele>
        <time>2014-06-23T14:48:20Z</time>
      </trkpt>
      <trkpt lat="68.227277118712664" lon="14.032394718378782">
        <ele>204.84765625</ele>
        <time>2014-06-23T14:48:24Z</time>
      </trkpt>
      <trkpt lat="68.227231269702315" lon="14.032367980107665">
        <ele>206.1796875</ele>
        <time>2014-06-23T14:48:32Z</time>
      </trkpt>
      <trkpt lat="68.227228503674269" lon="14.032369991764426">
        <ele>206.20703125</ele>
        <time>2014-06-23T14:48:33Z</time>
      </trkpt>
      <trkpt lat="68.227235460653901" lon="14.032398657873273">
        <ele>205.64453125</ele>
        <time>2014-06-23T14:48:41Z</time>
      </trkpt>
      <trkpt lat="68.227162370458245" lon="14.032232947647572">
        <ele>209.13671875</ele>
        <time>2014-06-23T14:48:50Z</time>
      </trkpt>
      <trkpt lat="68.227143343538046" lon="14.032219955697656">
        <ele>209.55078125</ele>
        <time>2014-06-23T14:48:52Z</time>
      </trkpt>
      <trkpt lat="68.227116269990802" lon="14.032179387286305">
        <ele>210.3359375</ele>
        <time>2014-06-23T14:48:55Z</time>
      </trkpt>
      <trkpt lat="68.227094393223524" lon="14.03211509808898">
        <ele>211.19921875</ele>
        <time>2014-06-23T14:48:58Z</time>
      </trkpt>
      <trkpt lat="68.227074109017849" lon="14.032014850527048">
        <ele>212.24609375</ele>
        <time>2014-06-23T14:49:04Z</time>
      </trkpt>
      <trkpt lat="68.227012502029538" lon="14.031872441992164">
        <ele>215.08203125</ele>
        <time>2014-06-23T14:49:16Z</time>
      </trkpt>
      <trkpt lat="68.226997666060925" lon="14.03173447586596">
        <ele>217.69921875</ele>
        <time>2014-06-23T14:49:26Z</time>
      </trkpt>
      <trkpt lat="68.226979477331042" lon="14.031702792271972">
        <ele>218.4140625</ele>
        <time>2014-06-23T14:49:29Z</time>
      </trkpt>
      <trkpt lat="68.22692172601819" lon="14.031574549153447">
        <ele>221.24609375</ele>
        <time>2014-06-23T14:49:39Z</time>
      </trkpt>
      <trkpt lat="68.226909236982465" lon="14.031545044854283">
        <ele>221.90625</ele>
        <time>2014-06-23T14:49:41Z</time>
      </trkpt>
      <trkpt lat="68.226902950555086" lon="14.031535657122731">
        <ele>222.13671875</ele>
        <time>2014-06-23T14:49:42Z</time>
      </trkpt>
      <trkpt lat="68.226853664964437" lon="14.031413281336427">
        <ele>224.546875</ele>
        <time>2014-06-23T14:49:51Z</time>
      </trkpt>
      <trkpt lat="68.226812090724707" lon="14.031354691833258">
        <ele>225.5390625</ele>
        <time>2014-06-23T14:49:56Z</time>
      </trkpt>
      <trkpt lat="68.226677644997835" lon="14.031212786212564">
        <ele>227.15234375</ele>
        <time>2014-06-23T14:50:10Z</time>
      </trkpt>
      <trkpt lat="68.226654762402177" lon="14.031183198094368">
        <ele>227.390625</ele>
        <time>2014-06-23T14:50:13Z</time>
      </trkpt>
      <trkpt lat="68.226614529266953" lon="14.031166015192866">
        <ele>227.41796875</ele>
        <time>2014-06-23T14:50:17Z</time>
      </trkpt>
      <trkpt lat="68.226597430184484" lon="14.031142042949796">
        <ele>227.640625</ele>
        <time>2014-06-23T14:50:19Z</time>
      </trkpt>
      <trkpt lat="68.22651662863791" lon="14.031073059886694">
        <ele>228.2109375</ele>
        <time>2014-06-23T14:50:27Z</time>
      </trkpt>
      <trkpt lat="68.22638469748199" lon="14.031006759032607">
        <ele>228.70703125</ele>
        <time>2014-06-23T14:50:40Z</time>
      </trkpt>
      <trkpt lat="68.226310182362795" lon="14.030987815931439">
        <ele>228.78125</ele>
        <time>2014-06-23T14:50:47Z</time>
      </trkpt>
      <trkpt lat="68.22629819624126" lon="14.031039448454976">
        <ele>227.95703125</ele>
        <time>2014-06-23T14:50:58Z</time>
      </trkpt>
      <trkpt lat="68.226290736347437" lon="14.031025283038616">
        <ele>228.1484375</ele>
        <time>2014-06-23T14:51:38Z</time>
      </trkpt>
      <trkpt lat="68.226285874843597" lon="14.031028216704726">
        <ele>228.08984375</ele>
        <time>2014-06-23T14:51:47Z</time>
      </trkpt>
      <trkpt lat="68.226284449920058" lon="14.031027127057314">
        <ele>228.1015625</ele>
        <time>2014-06-23T14:51:48Z</time>
      </trkpt>
      <trkpt lat="68.226291574537754" lon="14.031041376292706">
        <ele>227.90625</ele>
        <time>2014-06-23T14:51:56Z</time>
      </trkpt>
      <trkpt lat="68.226290484890342" lon="14.031030479818583">
        <ele>228.0703125</ele>
        <time>2014-06-23T14:51:57Z</time>
      </trkpt>
      <trkpt lat="68.226277744397521" lon="14.031017404049635">
        <ele>228.234375</ele>
        <time>2014-06-23T14:52:28Z</time>
      </trkpt>
      <trkpt lat="68.226281013339758" lon="14.031032407656312">
        <ele>228.01171875</ele>
        <time>2014-06-23T14:53:04Z</time>
      </trkpt>
      <trkpt lat="68.226290568709373" lon="14.031039364635944">
        <ele>227.93359375</ele>
        <time>2014-06-23T14:53:28Z</time>
      </trkpt>
      <trkpt lat="68.226288389414549" lon="14.03102402575314">
        <ele>228.1640625</ele>
        <time>2014-06-23T14:53:40Z</time>
      </trkpt>
      <trkpt lat="68.226284114643931" lon="14.031037269160151">
        <ele>227.9453125</ele>
        <time>2014-06-23T14:54:14Z</time>
      </trkpt>
      <trkpt lat="68.226279085502028" lon="14.031017571687698">
        <ele>228.234375</ele>
        <time>2014-06-23T14:54:46Z</time>
      </trkpt>
      <trkpt lat="68.226281935349107" lon="14.031031401827931">
        <ele>228.02734375</ele>
        <time>2014-06-23T14:55:14Z</time>
      </trkpt>
      <trkpt lat="68.226278498768806" lon="14.031029222533107">
        <ele>228.05078125</ele>
        <time>2014-06-23T14:55:49Z</time>
      </trkpt>
      <trkpt lat="68.226281516253948" lon="14.031020672991872">
        <ele>228.19140625</ele>
        <time>2014-06-23T14:56:18Z</time>
      </trkpt>
      <trkpt lat="68.226289730519056" lon="14.031000891700387">
        <ele>228.5234375</ele>
        <time>2014-06-23T14:56:52Z</time>
      </trkpt>
      <trkpt lat="68.226295011118054" lon="14.03099955059588">
        <ele>228.55859375</ele>
        <time>2014-06-23T14:57:25Z</time>
      </trkpt>
      <trkpt lat="68.226296603679657" lon="14.031010614708066">
        <ele>228.39453125</ele>
        <time>2014-06-23T14:57:57Z</time>
      </trkpt>
      <trkpt lat="68.226296352222562" lon="14.031008100137115">
        <ele>228.4296875</ele>
        <time>2014-06-23T14:58:33Z</time>
      </trkpt>
      <trkpt lat="68.22628989815712" lon="14.031034335494041">
        <ele>228.0078125</ele>
        <time>2014-06-23T14:58:47Z</time>
      </trkpt>
      <trkpt lat="68.226268524304032" lon="14.030998460948467">
        <ele>228.5</ele>
        <time>2014-06-23T14:58:50Z</time>
      </trkpt>
      <trkpt lat="68.226199122145772" lon="14.030819842591882">
        <ele>231.453125</ele>
        <time>2014-06-23T14:58:58Z</time>
      </trkpt>
      <trkpt lat="68.226137850433588" lon="14.030572408810258">
        <ele>236.28515625</ele>
        <time>2014-06-23T14:59:09Z</time>
      </trkpt>
      <trkpt lat="68.225979348644614" lon="14.030400831252337">
        <ele>239.9140625</ele>
        <time>2014-06-23T14:59:24Z</time>
      </trkpt>
      <trkpt lat="68.225957052782178" lon="14.030356910079718">
        <ele>240.66015625</ele>
        <time>2014-06-23T14:59:27Z</time>
      </trkpt>
      <trkpt lat="68.225892763584852" lon="14.03034970164299">
        <ele>241.00390625</ele>
        <time>2014-06-23T14:59:34Z</time>
      </trkpt>
      <trkpt lat="68.225862002000213" lon="14.03035850264132">
        <ele>241</ele>
        <time>2014-06-23T14:59:37Z</time>
      </trkpt>
      <trkpt lat="68.225758820772171" lon="14.030331932008266">
        <ele>241.671875</ele>
        <time>2014-06-23T14:59:47Z</time>
      </trkpt>
      <trkpt lat="68.225728310644627" lon="14.030306870117784">
        <ele>241.9453125</ele>
        <time>2014-06-23T14:59:50Z</time>
      </trkpt>
      <trkpt lat="68.225622782483697" lon="14.030136717483401">
        <ele>244.5234375</ele>
        <time>2014-06-23T15:00:03Z</time>
      </trkpt>
      <trkpt lat="68.225552793592215" lon="14.030033955350518">
        <ele>247.59375</ele>
        <time>2014-06-23T15:00:12Z</time>
      </trkpt>
      <trkpt lat="68.22548758238554" lon="14.029995482414961">
        <ele>249.99609375</ele>
        <time>2014-06-23T15:00:24Z</time>
      </trkpt>
      <trkpt lat="68.225438799709082" lon="14.02992314659059">
        <ele>251.9453125</ele>
        <time>2014-06-23T15:00:36Z</time>
      </trkpt>
      <trkpt lat="68.225385658442974" lon="14.029869418591261">
        <ele>253.8671875</ele>
        <time>2014-06-23T15:00:46Z</time>
      </trkpt>
      <trkpt lat="68.225339390337467" lon="14.02982834726572">
        <ele>255.4609375</ele>
        <time>2014-06-23T15:00:57Z</time>
      </trkpt>
      <trkpt lat="68.225315501913428" lon="14.029799764975905">
        <ele>256.2890625</ele>
        <time>2014-06-23T15:01:03Z</time>
      </trkpt>
      <trkpt lat="68.225299827754498" lon="14.029760202392936">
        <ele>256.80859375</ele>
        <time>2014-06-23T15:01:06Z</time>
      </trkpt>
      <trkpt lat="68.225268814712763" lon="14.029561216011643">
        <ele>257.7578125</ele>
        <time>2014-06-23T15:01:17Z</time>
      </trkpt>
      <trkpt lat="68.225224139168859" lon="14.02961335144937">
        <ele>259.12890625</ele>
        <time>2014-06-23T15:01:29Z</time>
      </trkpt>
      <trkpt lat="68.225216260179877" lon="14.02961234562099">
        <ele>259.3671875</ele>
        <time>2014-06-23T15:01:34Z</time>
      </trkpt>
      <trkpt lat="68.225196897983551" lon="14.029564149677753">
        <ele>259.9609375</ele>
        <time>2014-06-23T15:01:39Z</time>
      </trkpt>
      <trkpt lat="68.225136380642653" lon="14.029503967612982">
        <ele>261.8125</ele>
        <time>2014-06-23T15:01:52Z</time>
      </trkpt>
      <trkpt lat="68.225099751725793" lon="14.029466919600964">
        <ele>262.9375</ele>
        <time>2014-06-23T15:02:00Z</time>
      </trkpt>
      <trkpt lat="68.225073181092739" lon="14.029382262378931">
        <ele>263.5234375</ele>
        <time>2014-06-23T15:02:07Z</time>
      </trkpt>
      <trkpt lat="68.225021800026298" lon="14.029288301244378">
        <ele>264.71875</ele>
        <time>2014-06-23T15:02:19Z</time>
      </trkpt>
      <trkpt lat="68.224994810298085" lon="14.029212947934866">
        <ele>265.40625</ele>
        <time>2014-06-23T15:02:26Z</time>
      </trkpt>
      <trkpt lat="68.224990032613277" lon="14.029204985126853">
        <ele>265.51953125</ele>
        <time>2014-06-23T15:02:27Z</time>
      </trkpt>
      <trkpt lat="68.224920798093081" lon="14.029038017615676">
        <ele>267.34375</ele>
        <time>2014-06-23T15:02:41Z</time>
      </trkpt>
      <trkpt lat="68.224877128377557" lon="14.029035586863756">
        <ele>268.5078125</ele>
        <time>2014-06-23T15:02:46Z</time>
      </trkpt>
      <trkpt lat="68.224793896079063" lon="14.028973057866096">
        <ele>270.9140625</ele>
        <time>2014-06-23T15:02:59Z</time>
      </trkpt>
      <trkpt lat="68.224708316847682" lon="14.028924107551575">
        <ele>273.49609375</ele>
        <time>2014-06-23T15:03:12Z</time>
      </trkpt>
      <trkpt lat="68.224657438695431" lon="14.028903404250741">
        <ele>275.05078125</ele>
        <time>2014-06-23T15:03:21Z</time>
      </trkpt>
      <trkpt lat="68.224646458402276" lon="14.028908517211676">
        <ele>275.3359375</ele>
        <time>2014-06-23T15:03:23Z</time>
      </trkpt>
      <trkpt lat="68.224627515301108" lon="14.028895776718855">
        <ele>275.953125</ele>
        <time>2014-06-23T15:03:27Z</time>
      </trkpt>
      <trkpt lat="68.224580660462379" lon="14.028723696246743">
        <ele>278.4375</ele>
        <time>2014-06-23T15:03:39Z</time>
      </trkpt>
      <trkpt lat="68.22452106513083" lon="14.02867466211319">
        <ele>279.73046875</ele>
        <time>2014-06-23T15:03:46Z</time>
      </trkpt>
      <trkpt lat="68.224489381536841" lon="14.028633590787649">
        <ele>279.359375</ele>
        <time>2014-06-23T15:03:51Z</time>
      </trkpt>
      <trkpt lat="68.224455183371902" lon="14.028477100655437">
        <ele>279.125</ele>
        <time>2014-06-23T15:04:00Z</time>
      </trkpt>
      <trkpt lat="68.22445753030479" lon="14.028403926640749">
        <ele>279.2265625</ele>
        <time>2014-06-23T15:04:03Z</time>
      </trkpt>
      <trkpt lat="68.22442039847374" lon="14.028121707960963">
        <ele>279.3359375</ele>
        <time>2014-06-23T15:04:18Z</time>
      </trkpt>
      <trkpt lat="68.224404808133841" lon="14.028019700199366">
        <ele>279.30078125</ele>
        <time>2014-06-23T15:04:24Z</time>
      </trkpt>
      <trkpt lat="68.224371783435345" lon="14.027955746278167">
        <ele>279.16796875</ele>
        <time>2014-06-23T15:04:28Z</time>
      </trkpt>
      <trkpt lat="68.224348649382591" lon="14.027828592807055">
        <ele>279.13671875</ele>
        <time>2014-06-23T15:04:37Z</time>
      </trkpt>
      <trkpt lat="68.224342446774244" lon="14.027770003303885">
        <ele>279.14453125</ele>
        <time>2014-06-23T15:04:40Z</time>
      </trkpt>
      <trkpt lat="68.224343536421657" lon="14.027711749076843">
        <ele>279.1875</ele>
        <time>2014-06-23T15:04:43Z</time>
      </trkpt>
      <trkpt lat="68.224346218630672" lon="14.027660870924592">
        <ele>279.23046875</ele>
        <time>2014-06-23T15:04:45Z</time>
      </trkpt>
      <trkpt lat="68.224356696009636" lon="14.027547296136618">
        <ele>279.05859375</ele>
        <time>2014-06-23T15:04:50Z</time>
      </trkpt>
      <trkpt lat="68.224360719323158" lon="14.027481833472848">
        <ele>277.9921875</ele>
        <time>2014-06-23T15:04:53Z</time>
      </trkpt>
      <trkpt lat="68.224348481744528" lon="14.027377646416426">
        <ele>276.375</ele>
        <time>2014-06-23T15:04:58Z</time>
      </trkpt>
      <trkpt lat="68.224348230287433" lon="14.027357110753655">
        <ele>276.0546875</ele>
        <time>2014-06-23T15:04:59Z</time>
      </trkpt>
      <trkpt lat="68.224318893626332" lon="14.027115041390061">
        <ele>272.921875</ele>
        <time>2014-06-23T15:05:08Z</time>
      </trkpt>
      <trkpt lat="68.224248569458723" lon="14.026811281219125">
        <ele>274.83203125</ele>
        <time>2014-06-23T15:05:22Z</time>
      </trkpt>
      <trkpt lat="68.224234990775585" lon="14.026784710586071">
        <ele>275.34375</ele>
        <time>2014-06-23T15:05:24Z</time>
      </trkpt>
      <trkpt lat="68.224255526438355" lon="14.026413979008794">
        <ele>277.13671875</ele>
        <time>2014-06-23T15:05:36Z</time>
      </trkpt>
      <trkpt lat="68.224244210869074" lon="14.02615875005722">
        <ele>277.203125</ele>
        <time>2014-06-23T15:05:46Z</time>
      </trkpt>
      <trkpt lat="68.224245384335518" lon="14.026099657639861">
        <ele>277.14453125</ele>
        <time>2014-06-23T15:05:48Z</time>
      </trkpt>
      <trkpt lat="68.224243707954884" lon="14.026047522202134">
        <ele>277.15234375</ele>
        <time>2014-06-23T15:05:50Z</time>
      </trkpt>
      <trkpt lat="68.22425133548677" lon="14.025957584381104">
        <ele>276.90625</ele>
        <time>2014-06-23T15:05:54Z</time>
      </trkpt>
      <trkpt lat="68.224238511174917" lon="14.025892959907651">
        <ele>277.2109375</ele>
        <time>2014-06-23T15:05:57Z</time>
      </trkpt>
      <trkpt lat="68.224206492304802" lon="14.025840992107987">
        <ele>278.12109375</ele>
        <time>2014-06-23T15:06:01Z</time>
      </trkpt>
      <trkpt lat="68.224192494526505" lon="14.025807296857238">
        <ele>278.5390625</ele>
        <time>2014-06-23T15:06:03Z</time>
      </trkpt>
      <trkpt lat="68.22415804490447" lon="14.025781229138374">
        <ele>279.546875</ele>
        <time>2014-06-23T15:06:06Z</time>
      </trkpt>
      <trkpt lat="68.22407640516758" lon="14.025658769533038">
        <ele>282.17578125</ele>
        <time>2014-06-23T15:06:13Z</time>
      </trkpt>
      <trkpt lat="68.224069783464074" lon="14.025641838088632">
        <ele>282.41796875</ele>
        <time>2014-06-23T15:06:14Z</time>
      </trkpt>
      <trkpt lat="68.224042458459735" lon="14.025417370721698">
        <ele>283.89453125</ele>
        <time>2014-06-23T15:06:27Z</time>
      </trkpt>
      <trkpt lat="68.224033070728183" lon="14.025284601375461">
        <ele>284.51171875</ele>
        <time>2014-06-23T15:06:36Z</time>
      </trkpt>
      <trkpt lat="68.224027957767248" lon="14.02520346455276">
        <ele>284.80078125</ele>
        <time>2014-06-23T15:06:41Z</time>
      </trkpt>
      <trkpt lat="68.224009266123176" lon="14.025037167593837">
        <ele>285.73046875</ele>
        <time>2014-06-23T15:06:53Z</time>
      </trkpt>
      <trkpt lat="68.223997196182609" lon="14.024952091276646">
        <ele>286.32421875</ele>
        <time>2014-06-23T15:06:57Z</time>
      </trkpt>
      <trkpt lat="68.223976325243711" lon="14.024911103770137">
        <ele>286.8828125</ele>
        <time>2014-06-23T15:07:00Z</time>
      </trkpt>
      <trkpt lat="68.22394841350615" lon="14.02479300275445">
        <ele>287.41015625</ele>
        <time>2014-06-23T15:07:05Z</time>
      </trkpt>
      <trkpt lat="68.223893260583282" lon="14.024702394381166">
        <ele>288.48046875</ele>
        <time>2014-06-23T15:07:11Z</time>
      </trkpt>
      <trkpt lat="68.223883872851729" lon="14.024648331105709">
        <ele>288.87109375</ele>
        <time>2014-06-23T15:07:13Z</time>
      </trkpt>
      <trkpt lat="68.223886722698808" lon="14.024486811831594">
        <ele>289.71484375</ele>
        <time>2014-06-23T15:07:19Z</time>
      </trkpt>
      <trkpt lat="68.223883789032698" lon="14.024435263127089">
        <ele>290.0234375</ele>
        <time>2014-06-23T15:07:21Z</time>
      </trkpt>
      <trkpt lat="68.223890494555235" lon="14.024251028895378">
        <ele>290.94921875</ele>
        <time>2014-06-23T15:07:28Z</time>
      </trkpt>
      <trkpt lat="68.223896445706487" lon="14.024198474362493">
        <ele>291.23046875</ele>
        <time>2014-06-23T15:07:30Z</time>
      </trkpt>
      <trkpt lat="68.223925363272429" lon="14.023996386677027">
        <ele>292.37109375</ele>
        <time>2014-06-23T15:07:41Z</time>
      </trkpt>
      <trkpt lat="68.223930057138205" lon="14.023853223770857">
        <ele>293.3515625</ele>
        <time>2014-06-23T15:07:46Z</time>
      </trkpt>
      <trkpt lat="68.223913963884115" lon="14.023603107780218">
        <ele>295.58203125</ele>
        <time>2014-06-23T15:07:58Z</time>
      </trkpt>
      <trkpt lat="68.223896864801645" lon="14.023511912673712">
        <ele>296.71875</ele>
        <time>2014-06-23T15:08:06Z</time>
      </trkpt>
      <trkpt lat="68.223876412957907" lon="14.02331443503499">
        <ele>298.9921875</ele>
        <time>2014-06-23T15:08:18Z</time>
      </trkpt>
      <trkpt lat="68.223883872851729" lon="14.023200692608953">
        <ele>300.11328125</ele>
        <time>2014-06-23T15:08:29Z</time>
      </trkpt>
      <trkpt lat="68.223884291946888" lon="14.02302660048008">
        <ele>301.0234375</ele>
        <time>2014-06-23T15:08:40Z</time>
      </trkpt>
      <trkpt lat="68.223877921700478" lon="14.022791320458055">
        <ele>301.3359375</ele>
        <time>2014-06-23T15:08:52Z</time>
      </trkpt>
      <trkpt lat="68.223831402137876" lon="14.022555872797966">
        <ele>302.34765625</ele>
        <time>2014-06-23T15:09:05Z</time>
      </trkpt>
      <trkpt lat="68.223812039941549" lon="14.022409105673432">
        <ele>303.94921875</ele>
        <time>2014-06-23T15:09:16Z</time>
      </trkpt>
      <trkpt lat="68.223751438781619" lon="14.022225877270103">
        <ele>306.47265625</ele>
        <time>2014-06-23T15:09:28Z</time>
      </trkpt>
      <trkpt lat="68.223727382719517" lon="14.022044744342566">
        <ele>308.44921875</ele>
        <time>2014-06-23T15:09:40Z</time>
      </trkpt>
      <trkpt lat="68.223724029958248" lon="14.022006187587976">
        <ele>308.8125</ele>
        <time>2014-06-23T15:09:57Z</time>
      </trkpt>
      <trkpt lat="68.223711708560586" lon="14.021828742697835">
        <ele>309.62109375</ele>
        <time>2014-06-23T15:10:11Z</time>
      </trkpt>
      <trkpt lat="68.223669296130538" lon="14.021557336673141">
        <ele>311.57421875</ele>
        <time>2014-06-23T15:10:23Z</time>
      </trkpt>
      <trkpt lat="68.223624620586634" lon="14.021308897063136">
        <ele>315.3359375</ele>
        <time>2014-06-23T15:10:35Z</time>
      </trkpt>
      <trkpt lat="68.223611125722528" lon="14.021258102729917">
        <ele>316.49609375</ele>
        <time>2014-06-23T15:10:38Z</time>
      </trkpt>
      <trkpt lat="68.223553542047739" lon="14.02103983797133">
        <ele>321.8828125</ele>
        <time>2014-06-23T15:10:51Z</time>
      </trkpt>
      <trkpt lat="68.223547423258424" lon="14.020786117762327">
        <ele>324.46875</ele>
        <time>2014-06-23T15:11:04Z</time>
      </trkpt>
      <trkpt lat="68.223537532612681" lon="14.020716212689877">
        <ele>324.8828125</ele>
        <time>2014-06-23T15:11:07Z</time>
      </trkpt>
      <trkpt lat="68.223514147102833" lon="14.020636081695557">
        <ele>325.81640625</ele>
        <time>2014-06-23T15:11:12Z</time>
      </trkpt>
      <trkpt lat="68.223511800169945" lon="14.020588640123606">
        <ele>325.91796875</ele>
        <time>2014-06-23T15:11:14Z</time>
      </trkpt>
      <trkpt lat="68.22351842187345" lon="14.020312707871199">
        <ele>325.375</ele>
        <time>2014-06-23T15:11:27Z</time>
      </trkpt>
      <trkpt lat="68.223495874553919" lon="14.020019173622131">
        <ele>323.1171875</ele>
        <time>2014-06-23T15:11:42Z</time>
      </trkpt>
      <trkpt lat="68.223441308364272" lon="14.019792024046183">
        <ele>322.671875</ele>
        <time>2014-06-23T15:11:52Z</time>
      </trkpt>
      <trkpt lat="68.223405601456761" lon="14.019571160897613">
        <ele>321.25390625</ele>
        <time>2014-06-23T15:12:01Z</time>
      </trkpt>
      <trkpt lat="68.223396046087146" lon="14.01949723251164">
        <ele>320.6953125</ele>
        <time>2014-06-23T15:12:04Z</time>
      </trkpt>
      <trkpt lat="68.223390094935894" lon="14.019188359379768">
        <ele>318.6796875</ele>
        <time>2014-06-23T15:12:18Z</time>
      </trkpt>
      <trkpt lat="68.223358076065779" lon="14.018975961953402">
        <ele>317.5859375</ele>
        <time>2014-06-23T15:12:29Z</time>
      </trkpt>
      <trkpt lat="68.223342653363943" lon="14.018911505118012">
        <ele>317.2734375</ele>
        <time>2014-06-23T15:12:31Z</time>
      </trkpt>
      <trkpt lat="68.223290015012026" lon="14.018741771578789">
        <ele>316.52734375</ele>
        <time>2014-06-23T15:12:38Z</time>
      </trkpt>
      <trkpt lat="68.223261265084147" lon="14.018594669178128">
        <ele>316.30859375</ele>
        <time>2014-06-23T15:12:45Z</time>
      </trkpt>
      <trkpt lat="68.223287332803011" lon="14.018335919827223">
        <ele>316.26171875</ele>
        <time>2014-06-23T15:12:59Z</time>
      </trkpt>
      <trkpt lat="68.223265372216702" lon="14.018190996721387">
        <ele>316.30078125</ele>
        <time>2014-06-23T15:13:09Z</time>
      </trkpt>
      <trkpt lat="68.223254308104515" lon="14.018109273165464">
        <ele>316.2890625</ele>
        <time>2014-06-23T15:13:14Z</time>
      </trkpt>
      <trkpt lat="68.223184989765286" lon="14.017980862408876">
        <ele>316.18359375</ele>
        <time>2014-06-23T15:13:25Z</time>
      </trkpt>
      <trkpt lat="68.223136710003018" lon="14.017814984545112">
        <ele>315.97265625</ele>
        <time>2014-06-23T15:13:37Z</time>
      </trkpt>
      <trkpt lat="68.223126148805022" lon="14.017720771953464">
        <ele>315.8203125</ele>
        <time>2014-06-23T15:13:41Z</time>
      </trkpt>
      <trkpt lat="68.223101254552603" lon="14.01738147251308">
        <ele>315.0546875</ele>
        <time>2014-06-23T15:13:54Z</time>
      </trkpt>
      <trkpt lat="68.223104272037745" lon="14.017337635159492">
        <ele>314.921875</ele>
        <time>2014-06-23T15:13:56Z</time>
      </trkpt>
      <trkpt lat="68.223104691132903" lon="14.017313830554485">
        <ele>314.85546875</ele>
        <time>2014-06-23T15:13:57Z</time>
      </trkpt>
      <trkpt lat="68.22307862341404" lon="14.017057176679373">
        <ele>314.125</ele>
        <time>2014-06-23T15:14:05Z</time>
      </trkpt>
      <trkpt lat="68.223058339208364" lon="14.01677512563765">
        <ele>312.84375</ele>
        <time>2014-06-23T15:14:17Z</time>
      </trkpt>
      <trkpt lat="68.223054064437747" lon="14.016612097620964">
        <ele>312.0546875</ele>
        <time>2014-06-23T15:14:26Z</time>
      </trkpt>
      <trkpt lat="68.223050711676478" lon="14.016581000760198">
        <ele>311.8984375</ele>
        <time>2014-06-23T15:14:27Z</time>
      </trkpt>
      <trkpt lat="68.223002851009369" lon="14.016374386847019">
        <ele>310.765625</ele>
        <time>2014-06-23T15:14:37Z</time>
      </trkpt>
      <trkpt lat="68.222940741106868" lon="14.016300123184919">
        <ele>310.25</ele>
        <time>2014-06-23T15:14:43Z</time>
      </trkpt>
      <trkpt lat="68.222902100533247" lon="14.016234492883086">
        <ele>309.828125</ele>
        <time>2014-06-23T15:14:47Z</time>
      </trkpt>
      <trkpt lat="68.222888605669141" lon="14.016221836209297">
        <ele>309.734375</ele>
        <time>2014-06-23T15:14:48Z</time>
      </trkpt>
      <trkpt lat="68.222863543778658" lon="14.016108261421323">
        <ele>309.05078125</ele>
        <time>2014-06-23T15:14:53Z</time>
      </trkpt>
      <trkpt lat="68.222775869071484" lon="14.015857810154557">
        <ele>307.24609375</ele>
        <time>2014-06-23T15:15:04Z</time>
      </trkpt>
      <trkpt lat="68.222669921815395" lon="14.015522869303823">
        <ele>304.328125</ele>
        <time>2014-06-23T15:15:18Z</time>
      </trkpt>
      <trkpt lat="68.222593143582344" lon="14.015371156856418">
        <ele>303.15625</ele>
        <time>2014-06-23T15:15:26Z</time>
      </trkpt>
      <trkpt lat="68.222548551857471" lon="14.015268897637725">
        <ele>302.50390625</ele>
        <time>2014-06-23T15:15:31Z</time>
      </trkpt>
      <trkpt lat="68.222484430298209" lon="14.015154568478465">
        <ele>301.84375</ele>
        <time>2014-06-23T15:15:37Z</time>
      </trkpt>
      <trkpt lat="68.22240530513227" lon="14.015081645920873">
        <ele>301.48046875</ele>
        <time>2014-06-23T15:15:43Z</time>
      </trkpt>
      <trkpt lat="68.222341854125261" lon="14.014993133023381">
        <ele>301.05078125</ele>
        <time>2014-06-23T15:15:48Z</time>
      </trkpt>
      <trkpt lat="68.222329616546631" lon="14.014974357560277">
        <ele>300.96484375</ele>
        <time>2014-06-23T15:15:49Z</time>
      </trkpt>
      <trkpt lat="68.222188213840127" lon="14.014743687584996">
        <ele>300.1484375</ele>
        <time>2014-06-23T15:16:04Z</time>
      </trkpt>
      <trkpt lat="68.222141359001398" lon="14.014539085328579">
        <ele>299.86328125</ele>
        <time>2014-06-23T15:16:15Z</time>
      </trkpt>
      <trkpt lat="68.222108669579029" lon="14.014341272413731">
        <ele>299.56640625</ele>
        <time>2014-06-23T15:16:25Z</time>
      </trkpt>
      <trkpt lat="68.222054187208414" lon="14.014178244397044">
        <ele>299.3671875</ele>
        <time>2014-06-23T15:16:37Z</time>
      </trkpt>
      <trkpt lat="68.22205251082778" lon="14.014160055667162">
        <ele>299.33984375</ele>
        <time>2014-06-23T15:16:38Z</time>
      </trkpt>
      <trkpt lat="68.222011523321271" lon="14.013788485899568">
        <ele>298.83984375</ele>
        <time>2014-06-23T15:16:53Z</time>
      </trkpt>
      <trkpt lat="68.222047565504909" lon="14.013409288600087">
        <ele>298.72265625</ele>
        <time>2014-06-23T15:17:08Z</time>
      </trkpt>
      <trkpt lat="68.222038764506578" lon="14.01333075016737">
        <ele>298.8515625</ele>
        <time>2014-06-23T15:17:21Z</time>
      </trkpt>
      <trkpt lat="68.222042033448815" lon="14.013348435983062">
        <ele>298.81640625</ele>
        <time>2014-06-23T15:17:59Z</time>
      </trkpt>
      <trkpt lat="68.222045553848147" lon="14.013382466509938">
        <ele>298.76171875</ele>
        <time>2014-06-23T15:18:41Z</time>
      </trkpt>
      <trkpt lat="68.222045889124274" lon="14.013196136802435">
        <ele>298.92578125</ele>
        <time>2014-06-23T15:19:02Z</time>
      </trkpt>
      <trkpt lat="68.222058629617095" lon="14.013107623904943">
        <ele>299.00390625</ele>
        <time>2014-06-23T15:19:05Z</time>
      </trkpt>
      <trkpt lat="68.222078159451485" lon="14.012803444638848">
        <ele>300.3671875</ele>
        <time>2014-06-23T15:19:14Z</time>
      </trkpt>
      <trkpt lat="68.222041530534625" lon="14.012452913448215">
        <ele>302.359375</ele>
        <time>2014-06-23T15:19:25Z</time>
      </trkpt>
      <trkpt lat="68.222015798091888" lon="14.012216627597809">
        <ele>303.40234375</ele>
        <time>2014-06-23T15:19:34Z</time>
      </trkpt>
      <trkpt lat="68.222059886902571" lon="14.012009259313345">
        <ele>303.35546875</ele>
        <time>2014-06-23T15:19:48Z</time>
      </trkpt>
      <trkpt lat="68.222062569111586" lon="14.011955447494984">
        <ele>303.99609375</ele>
        <time>2014-06-23T15:19:51Z</time>
      </trkpt>
      <trkpt lat="68.222094671800733" lon="14.011768698692322">
        <ele>305.90625</ele>
        <time>2014-06-23T15:20:02Z</time>
      </trkpt>
      <trkpt lat="68.222088636830449" lon="14.011627547442913">
        <ele>307.8125</ele>
        <time>2014-06-23T15:20:08Z</time>
      </trkpt>
      <trkpt lat="68.222078159451485" lon="14.011372486129403">
        <ele>311.59765625</ele>
        <time>2014-06-23T15:20:21Z</time>
      </trkpt>
      <trkpt lat="68.22208184748888" lon="14.011280704289675">
        <ele>313.08203125</ele>
        <time>2014-06-23T15:20:29Z</time>
      </trkpt>
      <trkpt lat="68.222082769498229" lon="14.011262431740761">
        <ele>313.37109375</ele>
        <time>2014-06-23T15:20:30Z</time>
      </trkpt>
      <trkpt lat="68.222080925479531" lon="14.011215576902032">
        <ele>314.19140625</ele>
        <time>2014-06-23T15:20:33Z</time>
      </trkpt>
      <trkpt lat="68.222021833062172" lon="14.011048693209887">
        <ele>318.53515625</ele>
        <time>2014-06-23T15:20:44Z</time>
      </trkpt>
      <trkpt lat="68.221958549693227" lon="14.010852891951799">
        <ele>323.44921875</ele>
        <time>2014-06-23T15:20:58Z</time>
      </trkpt>
      <trkpt lat="68.221902893856168" lon="14.010760774835944">
        <ele>325.609375</ele>
        <time>2014-06-23T15:21:09Z</time>
      </trkpt>
      <trkpt lat="68.221882358193398" lon="14.010711321607232">
        <ele>326.44921875</ele>
        <time>2014-06-23T15:21:13Z</time>
      </trkpt>
      <trkpt lat="68.221800299361348" lon="14.010531110689044">
        <ele>329.484375</ele>
        <time>2014-06-23T15:21:27Z</time>
      </trkpt>
      <trkpt lat="68.22176618501544" lon="14.010407226160169">
        <ele>330.80078125</ele>
        <time>2014-06-23T15:21:41Z</time>
      </trkpt>
      <trkpt lat="68.221742799505591" lon="14.010245790705085">
        <ele>332.3984375</ele>
        <time>2014-06-23T15:21:55Z</time>
      </trkpt>
      <trkpt lat="68.221717989072204" lon="14.010168593376875">
        <ele>333.3125</ele>
        <time>2014-06-23T15:22:01Z</time>
      </trkpt>
      <trkpt lat="68.221693681553006" lon="14.009988717734814">
        <ele>335.93359375</ele>
        <time>2014-06-23T15:22:14Z</time>
      </trkpt>
      <trkpt lat="68.221654705703259" lon="14.009915962815285">
        <ele>336.625</ele>
        <time>2014-06-23T15:22:23Z</time>
      </trkpt>
      <trkpt lat="68.221627380698919" lon="14.009882435202599">
        <ele>336.828125</ele>
        <time>2014-06-23T15:22:28Z</time>
      </trkpt>
      <trkpt lat="68.221549512818456" lon="14.009744636714458">
        <ele>338.828125</ele>
        <time>2014-06-23T15:22:41Z</time>
      </trkpt>
      <trkpt lat="68.2215023227036" lon="14.009558977559209">
        <ele>343.41796875</ele>
        <time>2014-06-23T15:22:56Z</time>
      </trkpt>
      <trkpt lat="68.221484804525971" lon="14.009515224024653">
        <ele>344.29296875</ele>
        <time>2014-06-23T15:22:59Z</time>
      </trkpt>
      <trkpt lat="68.221453204751015" lon="14.00942562147975">
        <ele>346.04296875</ele>
        <time>2014-06-23T15:23:05Z</time>
      </trkpt>
      <trkpt lat="68.221405008807778" lon="14.009291091933846">
        <ele>348.33984375</ele>
        <time>2014-06-23T15:23:16Z</time>
      </trkpt>
      <trkpt lat="68.22140165604651" lon="14.009199226275086">
        <ele>349.94140625</ele>
        <time>2014-06-23T15:23:26Z</time>
      </trkpt>
      <trkpt lat="68.221377097070217" lon="14.009069306775928">
        <ele>350.80859375</ele>
        <time>2014-06-23T15:23:37Z</time>
      </trkpt>
      <trkpt lat="68.221355136483908" lon="14.008919186890125">
        <ele>352.28515625</ele>
        <time>2014-06-23T15:23:46Z</time>
      </trkpt>
      <trkpt lat="68.221321692690253" lon="14.008807791396976">
        <ele>353.453125</ele>
        <time>2014-06-23T15:23:58Z</time>
      </trkpt>
      <trkpt lat="68.221333594992757" lon="14.008802343159914">
        <ele>353.62109375</ele>
        <time>2014-06-23T15:24:00Z</time>
      </trkpt>
      <trkpt lat="68.221338791772723" lon="14.008802510797977">
        <ele>353.65625</ele>
        <time>2014-06-23T15:24:02Z</time>
      </trkpt>
      <trkpt lat="68.221411630511284" lon="14.008811647072434">
        <ele>354.10546875</ele>
        <time>2014-06-23T15:24:13Z</time>
      </trkpt>
      <trkpt lat="68.221423197537661" lon="14.008769653737545">
        <ele>354.59765625</ele>
        <time>2014-06-23T15:24:16Z</time>
      </trkpt>
      <trkpt lat="68.221449600532651" lon="14.008608134463429">
        <ele>357.109375</ele>
        <time>2014-06-23T15:24:28Z</time>
      </trkpt>
      <trkpt lat="68.221462508663535" lon="14.00843714363873">
        <ele>360.80859375</ele>
        <time>2014-06-23T15:24:40Z</time>
      </trkpt>
      <trkpt lat="68.221468962728977" lon="14.008279647678137">
        <ele>364.21484375</ele>
        <time>2014-06-23T15:24:51Z</time>
      </trkpt>
      <trkpt lat="68.22146468795836" lon="14.008231703191996">
        <ele>365.22265625</ele>
        <time>2014-06-23T15:24:55Z</time>
      </trkpt>
      <trkpt lat="68.221470722928643" lon="14.008167078718543">
        <ele>366.640625</ele>
        <time>2014-06-23T15:24:59Z</time>
      </trkpt>
      <trkpt lat="68.221506513655186" lon="14.007981922477484">
        <ele>368.38671875</ele>
        <time>2014-06-23T15:25:12Z</time>
      </trkpt>
      <trkpt lat="68.22150768712163" lon="14.007959626615047">
        <ele>368.51171875</ele>
        <time>2014-06-23T15:25:13Z</time>
      </trkpt>
      <trkpt lat="68.221499640494585" lon="14.007847728207707">
        <ele>369.07421875</ele>
        <time>2014-06-23T15:25:20Z</time>
      </trkpt>
      <trkpt lat="68.221477009356022" lon="14.007677072659135">
        <ele>369.92578125</ele>
        <time>2014-06-23T15:25:32Z</time>
      </trkpt>
      <trkpt lat="68.221478518098593" lon="14.00754782371223">
        <ele>370.7421875</ele>
        <time>2014-06-23T15:25:40Z</time>
      </trkpt>
      <trkpt lat="68.221466280519962" lon="14.007347244769335">
        <ele>372.58984375</ele>
        <time>2014-06-23T15:25:51Z</time>
      </trkpt>
      <trkpt lat="68.221470806747675" lon="14.00724682956934">
        <ele>373.51171875</ele>
        <time>2014-06-23T15:25:58Z</time>
      </trkpt>
      <trkpt lat="68.221436189487576" lon="14.007099224254489">
        <ele>375.02734375</ele>
        <time>2014-06-23T15:26:09Z</time>
      </trkpt>
      <trkpt lat="68.221404673531651" lon="14.007057063281536">
        <ele>375.59375</ele>
        <time>2014-06-23T15:26:16Z</time>
      </trkpt>
      <trkpt lat="68.221384305506945" lon="14.006935860961676">
        <ele>377.3046875</ele>
        <time>2014-06-23T15:26:28Z</time>
      </trkpt>
      <trkpt lat="68.221387322992086" lon="14.006925635039806">
        <ele>377.43359375</ele>
        <time>2014-06-23T15:26:29Z</time>
      </trkpt>
      <trkpt lat="68.221380701288581" lon="14.006769228726625">
        <ele>379.75390625</ele>
        <time>2014-06-23T15:26:42Z</time>
      </trkpt>
      <trkpt lat="68.221391765400767" lon="14.006604859605432">
        <ele>382.0390625</ele>
        <time>2014-06-23T15:26:53Z</time>
      </trkpt>
      <trkpt lat="68.221410540863872" lon="14.00643671862781">
        <ele>384.44921875</ele>
        <time>2014-06-23T15:27:04Z</time>
      </trkpt>
      <trkpt lat="68.221412049606442" lon="14.006382822990417">
        <ele>385.54296875</ele>
        <time>2014-06-23T15:27:07Z</time>
      </trkpt>
      <trkpt lat="68.221409618854523" lon="14.006292382255197">
        <ele>387.4296875</ele>
        <time>2014-06-23T15:27:14Z</time>
      </trkpt>
      <trkpt lat="68.22140702046454" lon="14.006281569600105">
        <ele>387.671875</ele>
        <time>2014-06-23T15:27:16Z</time>
      </trkpt>
      <trkpt lat="68.221407271921635" lon="14.006225913763046">
        <ele>388.81640625</ele>
        <time>2014-06-23T15:27:22Z</time>
      </trkpt>
      <trkpt lat="68.221400482580066" lon="14.006132706999779">
        <ele>390.7734375</ele>
        <time>2014-06-23T15:27:29Z</time>
      </trkpt>
      <trkpt lat="68.22141095995903" lon="14.005968254059553">
        <ele>394.09375</ele>
        <time>2014-06-23T15:27:36Z</time>
      </trkpt>
      <trkpt lat="68.221418084576726" lon="14.005904551595449">
        <ele>395.296875</ele>
        <time>2014-06-23T15:27:39Z</time>
      </trkpt>
      <trkpt lat="68.221425460651517" lon="14.005765412002802">
        <ele>396.12890625</ele>
        <time>2014-06-23T15:27:45Z</time>
      </trkpt>
      <trkpt lat="68.221407439559698" lon="14.005712522193789">
        <ele>396.71875</ele>
        <time>2014-06-23T15:27:48Z</time>
      </trkpt>
      <trkpt lat="68.221401823684573" lon="14.00570715777576">
        <ele>396.83984375</ele>
        <time>2014-06-23T15:27:49Z</time>
      </trkpt>
      <trkpt lat="68.221398638561368" lon="14.005695506930351">
        <ele>396.9765625</ele>
        <time>2014-06-23T15:27:50Z</time>
      </trkpt>
      <trkpt lat="68.22137139737606" lon="14.005622081458569">
        <ele>398.0703125</ele>
        <time>2014-06-23T15:27:55Z</time>
      </trkpt>
      <trkpt lat="68.221336277201772" lon="14.005471961572766">
        <ele>400.42578125</ele>
        <time>2014-06-23T15:28:06Z</time>
      </trkpt>
      <trkpt lat="68.221301324665546" lon="14.00540960021317">
        <ele>402.20703125</ele>
        <time>2014-06-23T15:28:12Z</time>
      </trkpt>
      <trkpt lat="68.221288165077567" lon="14.005274986848235">
        <ele>405.3203125</ele>
        <time>2014-06-23T15:28:23Z</time>
      </trkpt>
      <trkpt lat="68.221289841458201" lon="14.005253529176116">
        <ele>405.77734375</ele>
        <time>2014-06-23T15:28:24Z</time>
      </trkpt>
      <trkpt lat="68.221309119835496" lon="14.005162585526705">
        <ele>407.18359375</ele>
        <time>2014-06-23T15:28:33Z</time>
      </trkpt>
      <trkpt lat="68.221331164240837" lon="14.004980195313692">
        <ele>410.42578125</ele>
        <time>2014-06-23T15:28:46Z</time>
      </trkpt>
      <trkpt lat="68.221331080421805" lon="14.004948763176799">
        <ele>411.14453125</ele>
        <time>2014-06-23T15:28:49Z</time>
      </trkpt>
      <trkpt lat="68.221334517002106" lon="14.004763187840581">
        <ele>414.68359375</ele>
        <time>2014-06-23T15:29:02Z</time>
      </trkpt>
      <trkpt lat="68.221338959410787" lon="14.004715410992503">
        <ele>414.89453125</ele>
        <time>2014-06-23T15:29:06Z</time>
      </trkpt>
      <trkpt lat="68.221340551972389" lon="14.004602506756783">
        <ele>415.87109375</ele>
        <time>2014-06-23T15:29:15Z</time>
      </trkpt>
      <trkpt lat="68.221341138705611" lon="14.004573673009872">
        <ele>416.11328125</ele>
        <time>2014-06-23T15:29:17Z</time>
      </trkpt>
      <trkpt lat="68.221334600821137" lon="14.00448557920754">
        <ele>417.2890625</ele>
        <time>2014-06-23T15:29:28Z</time>
      </trkpt>
      <trkpt lat="68.221329236403108" lon="14.004359431564808">
        <ele>418.7578125</ele>
        <time>2014-06-23T15:29:39Z</time>
      </trkpt>
      <trkpt lat="68.221324207261205" lon="14.004349038004875">
        <ele>419.12109375</ele>
        <time>2014-06-23T15:29:40Z</time>
      </trkpt>
      <trkpt lat="68.22130249813199" lon="14.0042769536376">
        <ele>420.9296875</ele>
        <time>2014-06-23T15:29:45Z</time>
      </trkpt>
      <trkpt lat="68.221296966075897" lon="14.004203360527754">
        <ele>422.48828125</ele>
        <time>2014-06-23T15:29:55Z</time>
      </trkpt>
      <trkpt lat="68.221297049894929" lon="14.004183998331428">
        <ele>422.93359375</ele>
        <time>2014-06-23T15:29:57Z</time>
      </trkpt>
      <trkpt lat="68.221295373514295" lon="14.004168910905719">
        <ele>423.375</ele>
        <time>2014-06-23T15:29:58Z</time>
      </trkpt>
      <trkpt lat="68.221288165077567" lon="14.004135131835938">
        <ele>424.55859375</ele>
        <time>2014-06-23T15:30:01Z</time>
      </trkpt>
      <trkpt lat="68.221256230026484" lon="14.004006888717413">
        <ele>429.40625</ele>
        <time>2014-06-23T15:30:14Z</time>
      </trkpt>
      <trkpt lat="68.221277352422476" lon="14.003957686945796">
        <ele>429.35546875</ele>
        <time>2014-06-23T15:30:26Z</time>
      </trkpt>
      <trkpt lat="68.221274418756366" lon="14.003935977816582">
        <ele>430.046875</ele>
        <time>2014-06-23T15:30:28Z</time>
      </trkpt>
      <trkpt lat="68.221276514232159" lon="14.003904461860657">
        <ele>430.66796875</ele>
        <time>2014-06-23T15:30:31Z</time>
      </trkpt>
      <trkpt lat="68.221277100965381" lon="14.003900941461325">
        <ele>430.71875</ele>
        <time>2014-06-23T15:30:32Z</time>
      </trkpt>
      <trkpt lat="68.221277520060539" lon="14.003711091354489">
        <ele>435.19140625</ele>
        <time>2014-06-23T15:30:44Z</time>
      </trkpt>
      <trkpt lat="68.221276346594095" lon="14.003703463822603">
        <ele>435.44921875</ele>
        <time>2014-06-23T15:30:45Z</time>
      </trkpt>
      <trkpt lat="68.221237203106284" lon="14.003705894574523">
        <ele>437.9140625</ele>
        <time>2014-06-23T15:30:57Z</time>
      </trkpt>
      <trkpt lat="68.221197808161378" lon="14.003713354468346">
        <ele>438.6484375</ele>
        <time>2014-06-23T15:31:06Z</time>
      </trkpt>
      <trkpt lat="68.221156066283584" lon="14.003560468554497">
        <ele>437.875</ele>
        <time>2014-06-23T15:31:20Z</time>
      </trkpt>
      <trkpt lat="68.221160173416138" lon="14.003527527675033">
        <ele>438.3671875</ele>
        <time>2014-06-23T15:31:24Z</time>
      </trkpt>
      <trkpt lat="68.221167381852865" lon="14.00353129953146">
        <ele>438.734375</ele>
        <time>2014-06-23T15:31:25Z</time>
      </trkpt>
      <trkpt lat="68.221173333004117" lon="14.003489473834634">
        <ele>439.38671875</ele>
        <time>2014-06-23T15:31:30Z</time>
      </trkpt>
      <trkpt lat="68.221188252791762" lon="14.003343293443322">
        <ele>441.30859375</ele>
        <time>2014-06-23T15:31:42Z</time>
      </trkpt>
      <trkpt lat="68.221179367974401" lon="14.003245811909437">
        <ele>441.59765625</ele>
        <time>2014-06-23T15:31:52Z</time>
      </trkpt>
      <trkpt lat="68.221174422651529" lon="14.0032166428864">
        <ele>441.57421875</ele>
        <time>2014-06-23T15:31:56Z</time>
      </trkpt>
      <trkpt lat="68.221155731007457" lon="14.003031570464373">
        <ele>442.421875</ele>
        <time>2014-06-23T15:32:07Z</time>
      </trkpt>
      <trkpt lat="68.221148522570729" lon="14.002932412549853">
        <ele>443.140625</ele>
        <time>2014-06-23T15:32:13Z</time>
      </trkpt>
      <trkpt lat="68.221149947494268" lon="14.002882288768888">
        <ele>443.75390625</ele>
        <time>2014-06-23T15:32:17Z</time>
      </trkpt>
      <trkpt lat="68.221170483157039" lon="14.002805426716805">
        <ele>445.58203125</ele>
        <time>2014-06-23T15:32:24Z</time>
      </trkpt>
      <trkpt lat="68.221165286377072" lon="14.002753458917141">
        <ele>445.890625</ele>
        <time>2014-06-23T15:32:28Z</time>
      </trkpt>
      <trkpt lat="68.221169980242848" lon="14.002700736746192">
        <ele>446.6875</ele>
        <time>2014-06-23T15:32:30Z</time>
      </trkpt>
      <trkpt lat="68.221168471500278" lon="14.002517005428672">
        <ele>448.50390625</ele>
        <time>2014-06-23T15:32:42Z</time>
      </trkpt>
      <trkpt lat="68.221153635531664" lon="14.002367304638028">
        <ele>449.1953125</ele>
        <time>2014-06-23T15:32:53Z</time>
      </trkpt>
      <trkpt lat="68.221152210608125" lon="14.002332771196961">
        <ele>449.44921875</ele>
        <time>2014-06-23T15:32:58Z</time>
      </trkpt>
      <trkpt lat="68.221144918352365" lon="14.002323970198631">
        <ele>449.19140625</ele>
        <time>2014-06-23T15:32:59Z</time>
      </trkpt>
      <trkpt lat="68.221142822876573" lon="14.002294801175594">
        <ele>449.3671875</ele>
        <time>2014-06-23T15:33:02Z</time>
      </trkpt>
      <trkpt lat="68.221148857846856" lon="14.002225985750556">
        <ele>450.296875</ele>
        <time>2014-06-23T15:33:05Z</time>
      </trkpt>
      <trkpt lat="68.221150450408459" lon="14.002205450087786">
        <ele>450.5625</ele>
        <time>2014-06-23T15:33:06Z</time>
      </trkpt>
      <trkpt lat="68.221148690208793" lon="14.002186674624681">
        <ele>450.66015625</ele>
        <time>2014-06-23T15:33:07Z</time>
      </trkpt>
      <trkpt lat="68.221134105697274" lon="14.00213822722435">
        <ele>450.44921875</ele>
        <time>2014-06-23T15:33:10Z</time>
      </trkpt>
      <trkpt lat="68.221130836755037" lon="14.002059688791633">
        <ele>451.046875</ele>
        <time>2014-06-23T15:33:15Z</time>
      </trkpt>
      <trkpt lat="68.221129328012466" lon="14.002052480354905">
        <ele>451.046875</ele>
        <time>2014-06-23T15:33:16Z</time>
      </trkpt>
      <trkpt lat="68.221114743500948" lon="14.001947203651071">
        <ele>451.66015625</ele>
        <time>2014-06-23T15:33:24Z</time>
      </trkpt>
      <trkpt lat="68.221107199788094" lon="14.001925075426698">
        <ele>451.625</ele>
        <time>2014-06-23T15:33:26Z</time>
      </trkpt>
      <trkpt lat="68.221103511750698" lon="14.001869335770607">
        <ele>452.20703125</ele>
        <time>2014-06-23T15:33:32Z</time>
      </trkpt>
      <trkpt lat="68.22110895998776" lon="14.001669595018029">
        <ele>455.0546875</ele>
        <time>2014-06-23T15:33:42Z</time>
      </trkpt>
      <trkpt lat="68.221081886440516" lon="14.001400284469128">
        <ele>456.9609375</ele>
        <time>2014-06-23T15:33:55Z</time>
      </trkpt>
      <trkpt lat="68.221078785136342" lon="14.001256534829736">
        <ele>457.18359375</ele>
        <time>2014-06-23T15:34:07Z</time>
      </trkpt>
      <trkpt lat="68.221091190353036" lon="14.001276064664125">
        <ele>457.53515625</ele>
        <time>2014-06-23T15:34:09Z</time>
      </trkpt>
      <trkpt lat="68.221097225323319" lon="14.00122937746346">
        <ele>457.828125</ele>
        <time>2014-06-23T15:34:11Z</time>
      </trkpt>
      <trkpt lat="68.221096554771066" lon="14.00116098113358">
        <ele>457.953125</ele>
        <time>2014-06-23T15:34:13Z</time>
      </trkpt>
      <trkpt lat="68.221074175089598" lon="14.000967862084508">
        <ele>457.68359375</ele>
        <time>2014-06-23T15:34:23Z</time>
      </trkpt>
      <trkpt lat="68.221063697710633" lon="14.000892089679837">
        <ele>457.6953125</ele>
        <time>2014-06-23T15:34:28Z</time>
      </trkpt>
      <trkpt lat="68.221053555607796" lon="14.00069679133594">
        <ele>459.29296875</ele>
        <time>2014-06-23T15:34:39Z</time>
      </trkpt>
      <trkpt lat="68.221026565879583" lon="14.000462517142296">
        <ele>460.94921875</ele>
        <time>2014-06-23T15:34:51Z</time>
      </trkpt>
      <trkpt lat="68.221010640263557" lon="14.000372495502234">
        <ele>461.51953125</ele>
        <time>2014-06-23T15:34:57Z</time>
      </trkpt>
      <trkpt lat="68.221002845093608" lon="14.000202678143978">
        <ele>462.97265625</ele>
        <time>2014-06-23T15:35:07Z</time>
      </trkpt>
      <trkpt lat="68.220999743789434" lon="14.000190356746316">
        <ele>463.03125</ele>
        <time>2014-06-23T15:35:08Z</time>
      </trkpt>
      <trkpt lat="68.221001923084259" lon="14.000031603500247">
        <ele>464.578125</ele>
        <time>2014-06-23T15:35:17Z</time>
      </trkpt>
      <trkpt lat="68.220987338572741" lon="13.9999286737293">
        <ele>465.359375</ele>
        <time>2014-06-23T15:35:24Z</time>
      </trkpt>
      <trkpt lat="68.22098289616406" lon="13.999735387042165">
        <ele>466.78515625</ele>
        <time>2014-06-23T15:35:36Z</time>
      </trkpt>
      <trkpt lat="68.220979711040854" lon="13.999614352360368">
        <ele>467.20703125</ele>
        <time>2014-06-23T15:35:51Z</time>
      </trkpt>
      <trkpt lat="68.220985578373075" lon="13.999489797279239">
        <ele>467.7109375</ele>
        <time>2014-06-23T15:35:57Z</time>
      </trkpt>
      <trkpt lat="68.220963533967733" lon="13.99938091635704">
        <ele>468.01953125</ele>
        <time>2014-06-23T15:36:04Z</time>
      </trkpt>
      <trkpt lat="68.220962025225163" lon="13.99913021363318">
        <ele>469.52734375</ele>
        <time>2014-06-23T15:36:15Z</time>
      </trkpt>
      <trkpt lat="68.220966383814812" lon="13.999008424580097">
        <ele>470.51171875</ele>
        <time>2014-06-23T15:36:19Z</time>
      </trkpt>
      <trkpt lat="68.220959091559052" lon="13.998954864218831">
        <ele>470.9921875</ele>
        <time>2014-06-23T15:36:21Z</time>
      </trkpt>
      <trkpt lat="68.220942243933678" lon="13.998773228377104">
        <ele>472.68359375</ele>
        <time>2014-06-23T15:36:32Z</time>
      </trkpt>
      <trkpt lat="68.22093109600246" lon="13.998620677739382">
        <ele>474.64453125</ele>
        <time>2014-06-23T15:36:41Z</time>
      </trkpt>
      <trkpt lat="68.220931682735682" lon="13.998600393533707">
        <ele>474.9453125</ele>
        <time>2014-06-23T15:36:42Z</time>
      </trkpt>
      <trkpt lat="68.220898238942027" lon="13.998430073261261">
        <ele>478.359375</ele>
        <time>2014-06-23T15:36:53Z</time>
      </trkpt>
      <trkpt lat="68.220878290012479" lon="13.998302333056927">
        <ele>481.0859375</ele>
        <time>2014-06-23T15:37:01Z</time>
      </trkpt>
      <trkpt lat="68.220871584489942" lon="13.998212730512023">
        <ele>482.88671875</ele>
        <time>2014-06-23T15:37:06Z</time>
      </trkpt>
      <trkpt lat="68.220832943916321" lon="13.998070657253265">
        <ele>485.6171875</ele>
        <time>2014-06-23T15:37:17Z</time>
      </trkpt>
      <trkpt lat="68.220814755186439" lon="13.997886758297682">
        <ele>486.21484375</ele>
        <time>2014-06-23T15:37:28Z</time>
      </trkpt>
      <trkpt lat="68.220788268372416" lon="13.997742589563131">
        <ele>487.03125</ele>
        <time>2014-06-23T15:37:37Z</time>
      </trkpt>
      <trkpt lat="68.220744598656893" lon="13.997662542387843">
        <ele>488.359375</ele>
        <time>2014-06-23T15:37:47Z</time>
      </trkpt>
      <trkpt lat="68.22074300609529" lon="13.997644772753119">
        <ele>488.39453125</ele>
        <time>2014-06-23T15:37:49Z</time>
      </trkpt>
      <trkpt lat="68.220718111842871" lon="13.99751141667366">
        <ele>490.9453125</ele>
        <time>2014-06-23T15:37:59Z</time>
      </trkpt>
      <trkpt lat="68.220717776566744" lon="13.997488869354129">
        <ele>491.54296875</ele>
        <time>2014-06-23T15:38:01Z</time>
      </trkpt>
      <trkpt lat="68.220716435462236" lon="13.997408486902714">
        <ele>493.67578125</ele>
        <time>2014-06-23T15:38:04Z</time>
      </trkpt>
      <trkpt lat="68.220698582008481" lon="13.997138170525432">
        <ele>501.390625</ele>
        <time>2014-06-23T15:38:18Z</time>
      </trkpt>
      <trkpt lat="68.220690535381436" lon="13.997070025652647">
        <ele>503.49609375</ele>
        <time>2014-06-23T15:38:22Z</time>
      </trkpt>
      <trkpt lat="68.220672681927681" lon="13.996810773387551">
        <ele>506.82421875</ele>
        <time>2014-06-23T15:38:35Z</time>
      </trkpt>
      <trkpt lat="68.220641417428851" lon="13.996613631024957">
        <ele>508.61328125</ele>
        <time>2014-06-23T15:38:45Z</time>
      </trkpt>
      <trkpt lat="68.220628257840872" lon="13.996549425646663">
        <ele>508.7890625</ele>
        <time>2014-06-23T15:38:49Z</time>
      </trkpt>
      <trkpt lat="68.220596490427852" lon="13.99640173651278">
        <ele>509.65625</ele>
        <time>2014-06-23T15:39:00Z</time>
      </trkpt>
      <trkpt lat="68.220600346103311" lon="13.996279947459698">
        <ele>511.359375</ele>
        <time>2014-06-23T15:39:09Z</time>
      </trkpt>
      <trkpt lat="68.220583498477936" lon="13.996221944689751">
        <ele>511.82421875</ele>
        <time>2014-06-23T15:39:14Z</time>
      </trkpt>
      <trkpt lat="68.220565393567085" lon="13.996087079867721">
        <ele>513.34765625</ele>
        <time>2014-06-23T15:39:23Z</time>
      </trkpt>
      <trkpt lat="68.220553658902645" lon="13.995923716574907">
        <ele>515.4296875</ele>
        <time>2014-06-23T15:39:36Z</time>
      </trkpt>
      <trkpt lat="68.22053630836308" lon="13.995868060737848">
        <ele>515.8984375</ele>
        <time>2014-06-23T15:39:41Z</time>
      </trkpt>
      <trkpt lat="68.220534380525351" lon="13.995852302759886">
        <ele>516.07421875</ele>
        <time>2014-06-23T15:39:42Z</time>
      </trkpt>
      <trkpt lat="68.220516359433532" lon="13.995791701599956">
        <ele>516.625</ele>
        <time>2014-06-23T15:39:46Z</time>
      </trkpt>
      <trkpt lat="68.220502696931362" lon="13.99567854590714">
        <ele>517.9609375</ele>
        <time>2014-06-23T15:39:56Z</time>
      </trkpt>
      <trkpt lat="68.220504457131028" lon="13.995673432946205">
        <ele>518.046875</ele>
        <time>2014-06-23T15:39:57Z</time>
      </trkpt>
      <trkpt lat="68.22050160728395" lon="13.995614005252719">
        <ele>518.80859375</ele>
        <time>2014-06-23T15:40:01Z</time>
      </trkpt>
      <trkpt lat="68.220492051914334" lon="13.995476039126515">
        <ele>520.57421875</ele>
        <time>2014-06-23T15:40:09Z</time>
      </trkpt>
      <trkpt lat="68.220466570928693" lon="13.995391800999641">
        <ele>521.55859375</ele>
        <time>2014-06-23T15:40:14Z</time>
      </trkpt>
      <trkpt lat="68.220449304208159" lon="13.995269844308496">
        <ele>523.328125</ele>
        <time>2014-06-23T15:40:19Z</time>
      </trkpt>
      <trkpt lat="68.220436228439212" lon="13.995232628658414">
        <ele>523.85546875</ele>
        <time>2014-06-23T15:40:21Z</time>
      </trkpt>
      <trkpt lat="68.220355426892638" lon="13.994989553466439">
        <ele>527.46484375</ele>
        <time>2014-06-23T15:40:31Z</time>
      </trkpt>
      <trkpt lat="68.220219220966101" lon="13.994594598188996">
        <ele>531.49609375</ele>
        <time>2014-06-23T15:40:46Z</time>
      </trkpt>
      <trkpt lat="68.220086954534054" lon="13.994174329563975">
        <ele>533.89453125</ele>
        <time>2014-06-23T15:41:00Z</time>
      </trkpt>
      <trkpt lat="68.219990311190486" lon="13.99364828132093">
        <ele>533.24609375</ele>
        <time>2014-06-23T15:41:16Z</time>
      </trkpt>
      <trkpt lat="68.219989473000169" lon="13.993617938831449">
        <ele>533.25390625</ele>
        <time>2014-06-23T15:41:17Z</time>
      </trkpt>
      <trkpt lat="68.219938175752759" lon="13.993351897224784">
        <ele>532.7265625</ele>
        <time>2014-06-23T15:41:26Z</time>
      </trkpt>
      <trkpt lat="68.219837928190827" lon="13.992824675515294">
        <ele>530.81640625</ele>
        <time>2014-06-23T15:41:42Z</time>
      </trkpt>
      <trkpt lat="68.219779003411531" lon="13.992486884817481">
        <ele>529.2265625</ele>
        <time>2014-06-23T15:41:52Z</time>
      </trkpt>
      <trkpt lat="68.219743045046926" lon="13.992220675572753">
        <ele>528.19921875</ele>
        <time>2014-06-23T15:42:00Z</time>
      </trkpt>
      <trkpt lat="68.219671212136745" lon="13.991679958999157">
        <ele>527.30859375</ele>
        <time>2014-06-23T15:42:16Z</time>
      </trkpt>
      <trkpt lat="68.219622848555446" lon="13.991319537162781">
        <ele>526.78125</ele>
        <time>2014-06-23T15:42:28Z</time>
      </trkpt>
      <trkpt lat="68.219579849392176" lon="13.990987194702029">
        <ele>526.07421875</ele>
        <time>2014-06-23T15:42:39Z</time>
      </trkpt>
      <trkpt lat="68.219567779451609" lon="13.990872362628579">
        <ele>525.7890625</ele>
        <time>2014-06-23T15:42:43Z</time>
      </trkpt>
      <trkpt lat="68.219537017866969" lon="13.990455446764827">
        <ele>524.3046875</ele>
        <time>2014-06-23T15:42:58Z</time>
      </trkpt>
      <trkpt lat="68.219534838572145" lon="13.990252939984202">
        <ele>523.5859375</ele>
        <time>2014-06-23T15:43:05Z</time>
      </trkpt>
      <trkpt lat="68.219495443627238" lon="13.990216562524438">
        <ele>523.42578125</ele>
        <time>2014-06-23T15:43:10Z</time>
      </trkpt>
      <trkpt lat="68.219491420313716" lon="13.990240450948477">
        <ele>523.5</ele>
        <time>2014-06-23T15:43:25Z</time>
      </trkpt>
      <trkpt lat="68.219485720619559" lon="13.990200385451317">
        <ele>523.36328125</ele>
        <time>2014-06-23T15:43:59Z</time>
      </trkpt>
      <trkpt lat="68.219492426142097" lon="13.990229722112417">
        <ele>523.46484375</ele>
        <time>2014-06-23T15:44:36Z</time>
      </trkpt>
      <trkpt lat="68.219492174685001" lon="13.990228213369846">
        <ele>523.4609375</ele>
        <time>2014-06-23T15:45:10Z</time>
      </trkpt>
      <trkpt lat="68.219493767246604" lon="13.990225782617927">
        <ele>523.453125</ele>
        <time>2014-06-23T15:45:43Z</time>
      </trkpt>
      <trkpt lat="68.219485133886337" lon="13.990207258611917">
        <ele>523.38671875</ele>
        <time>2014-06-23T15:46:17Z</time>
      </trkpt>
      <trkpt lat="68.219487061724067" lon="13.990225866436958">
        <ele>523.44921875</ele>
        <time>2014-06-23T15:46:48Z</time>
      </trkpt>
      <trkpt lat="68.219494102522731" lon="13.990249838680029">
        <ele>523.53125</ele>
        <time>2014-06-23T15:46:53Z</time>
      </trkpt>
      <trkpt lat="68.219488151371479" lon="13.99023081175983">
        <ele>523.46484375</ele>
        <time>2014-06-23T15:47:25Z</time>
      </trkpt>
      <trkpt lat="68.219489408656955" lon="13.990190830081701">
        <ele>523.3359375</ele>
        <time>2014-06-23T15:47:40Z</time>
      </trkpt>
      <trkpt lat="68.219493767246604" lon="13.990179849788547">
        <ele>523.3046875</ele>
        <time>2014-06-23T15:47:42Z</time>
      </trkpt>
      <trkpt lat="68.21948035620153" lon="13.989989915862679">
        <ele>522.69140625</ele>
        <time>2014-06-23T15:47:50Z</time>
      </trkpt>
      <trkpt lat="68.219481781125069" lon="13.989729657769203">
        <ele>521.66796875</ele>
        <time>2014-06-23T15:48:03Z</time>
      </trkpt>
      <trkpt lat="68.219503741711378" lon="13.989431010559201">
        <ele>519.98046875</ele>
        <time>2014-06-23T15:48:14Z</time>
      </trkpt>
      <trkpt lat="68.21951212361455" lon="13.989324392750859">
        <ele>519.38671875</ele>
        <time>2014-06-23T15:48:18Z</time>
      </trkpt>
      <trkpt lat="68.219516733661294" lon="13.989242669194937">
        <ele>518.85546875</ele>
        <time>2014-06-23T15:48:37Z</time>
      </trkpt>
      <trkpt lat="68.219549003988504" lon="13.989094309508801">
        <ele>516.9609375</ele>
        <time>2014-06-23T15:48:49Z</time>
      </trkpt>
      <trkpt lat="68.219566941261292" lon="13.988927006721497">
        <ele>514.7421875</ele>
        <time>2014-06-23T15:48:54Z</time>
      </trkpt>
      <trkpt lat="68.219593176618218" lon="13.988843355327845">
        <ele>513.5390625</ele>
        <time>2014-06-23T15:48:58Z</time>
      </trkpt>
      <trkpt lat="68.219605078920722" lon="13.98880111053586">
        <ele>512.9453125</ele>
        <time>2014-06-23T15:49:00Z</time>
      </trkpt>
      <trkpt lat="68.21964162401855" lon="13.988632634282112">
        <ele>510.42578125</ele>
        <time>2014-06-23T15:49:06Z</time>
      </trkpt>
      <trkpt lat="68.219657381996512" lon="13.988555436953902">
        <ele>509.12109375</ele>
        <time>2014-06-23T15:49:09Z</time>
      </trkpt>
      <trkpt lat="68.219663081690669" lon="13.988541271537542">
        <ele>508.8671875</ele>
        <time>2014-06-23T15:49:10Z</time>
      </trkpt>
      <trkpt lat="68.219697531312704" lon="13.988411519676447">
        <ele>506.66015625</ele>
        <time>2014-06-23T15:49:14Z</time>
      </trkpt>
      <trkpt lat="68.219700800254941" lon="13.988251006230712">
        <ele>504.125</ele>
        <time>2014-06-23T15:49:19Z</time>
      </trkpt>
      <trkpt lat="68.219734244048595" lon="13.988127037882805">
        <ele>502.09765625</ele>
        <time>2014-06-23T15:49:23Z</time>
      </trkpt>
      <trkpt lat="68.219746984541416" lon="13.988061910495162">
        <ele>501.19921875</ele>
        <time>2014-06-23T15:49:25Z</time>
      </trkpt>
      <trkpt lat="68.219759054481983" lon="13.987978594377637">
        <ele>500.078125</ele>
        <time>2014-06-23T15:49:28Z</time>
      </trkpt>
      <trkpt lat="68.219762155786157" lon="13.987815985456109">
        <ele>497.95703125</ele>
        <time>2014-06-23T15:49:33Z</time>
      </trkpt>
      <trkpt lat="68.219819152727723" lon="13.98748573847115">
        <ele>493.42578125</ele>
        <time>2014-06-23T15:49:43Z</time>
      </trkpt>
      <trkpt lat="68.21982585825026" lon="13.987417509779334">
        <ele>492.3828125</ele>
        <time>2014-06-23T15:49:45Z</time>
      </trkpt>
      <trkpt lat="68.219839101657271" lon="13.987365290522575">
        <ele>491.59375</ele>
        <time>2014-06-23T15:49:47Z</time>
      </trkpt>
      <trkpt lat="68.219852847978473" lon="13.987267138436437">
        <ele>490.109375</ele>
        <time>2014-06-23T15:49:50Z</time>
      </trkpt>
      <trkpt lat="68.219881011173129" lon="13.987059099599719">
        <ele>486.9921875</ele>
        <time>2014-06-23T15:49:56Z</time>
      </trkpt>
      <trkpt lat="68.219885202124715" lon="13.987044263631105">
        <ele>486.77734375</ele>
        <time>2014-06-23T15:49:57Z</time>
      </trkpt>
      <trkpt lat="68.219932140782475" lon="13.986851144582033">
        <ele>483.28515625</ele>
        <time>2014-06-23T15:50:05Z</time>
      </trkpt>
      <trkpt lat="68.219942282885313" lon="13.986737821251154">
        <ele>481.1640625</ele>
        <time>2014-06-23T15:50:08Z</time>
      </trkpt>
      <trkpt lat="68.220004644244909" lon="13.986437832936645">
        <ele>475.61328125</ele>
        <time>2014-06-23T15:50:18Z</time>
      </trkpt>
      <trkpt lat="68.220014031976461" lon="13.986412854865193">
        <ele>475.2578125</ele>
        <time>2014-06-23T15:50:19Z</time>
      </trkpt>
      <trkpt lat="68.220053259283304" lon="13.986362814903259">
        <ele>474.55859375</ele>
        <time>2014-06-23T15:50:22Z</time>
      </trkpt>
      <trkpt lat="68.22008871473372" lon="13.986219316720963">
        <ele>472.71875</ele>
        <time>2014-06-23T15:50:26Z</time>
      </trkpt>
      <trkpt lat="68.220119392499328" lon="13.986006667837501">
        <ele>469.828125</ele>
        <time>2014-06-23T15:50:34Z</time>
      </trkpt>
      <trkpt lat="68.220145460218191" lon="13.985828552395105">
        <ele>466.578125</ele>
        <time>2014-06-23T15:50:41Z</time>
      </trkpt>
      <trkpt lat="68.220173874869943" lon="13.985717324540019">
        <ele>464.05078125</ele>
        <time>2014-06-23T15:50:46Z</time>
      </trkpt>
      <trkpt lat="68.220237996429205" lon="13.985548010095954">
        <ele>460.0078125</ele>
        <time>2014-06-23T15:50:54Z</time>
      </trkpt>
      <trkpt lat="68.220250401645899" lon="13.985472824424505">
        <ele>458.4140625</ele>
        <time>2014-06-23T15:50:56Z</time>
      </trkpt>
      <trkpt lat="68.220273284241557" lon="13.985350532457232">
        <ele>455.8359375</ele>
        <time>2014-06-23T15:51:00Z</time>
      </trkpt>
      <trkpt lat="68.220301531255245" lon="13.985238550230861">
        <ele>453.56640625</ele>
        <time>2014-06-23T15:51:05Z</time>
      </trkpt>
      <trkpt lat="68.220313349738717" lon="13.985175183042884">
        <ele>452.31640625</ele>
        <time>2014-06-23T15:51:07Z</time>
      </trkpt>
      <trkpt lat="68.220327766612172" lon="13.985037049278617">
        <ele>449.69921875</ele>
        <time>2014-06-23T15:51:11Z</time>
      </trkpt>
      <trkpt lat="68.22035257704556" lon="13.98492531850934">
        <ele>447.3828125</ele>
        <time>2014-06-23T15:51:15Z</time>
      </trkpt>
      <trkpt lat="68.22035014629364" lon="13.984790537506342">
        <ele>444.96484375</ele>
        <time>2014-06-23T15:51:19Z</time>
      </trkpt>
      <trkpt lat="68.220349475741386" lon="13.984720045700669">
        <ele>443.56640625</ele>
        <time>2014-06-23T15:51:21Z</time>
      </trkpt>
      <trkpt lat="68.220341429114342" lon="13.984534218907356">
        <ele>439.953125</ele>
        <time>2014-06-23T15:51:27Z</time>
      </trkpt>
      <trkpt lat="68.220368837937713" lon="13.984404886141419">
        <ele>437.03515625</ele>
        <time>2014-06-23T15:51:32Z</time>
      </trkpt>
      <trkpt lat="68.22037604637444" lon="13.984392564743757">
        <ele>436.70703125</ele>
        <time>2014-06-23T15:51:33Z</time>
      </trkpt>
      <trkpt lat="68.220407143235207" lon="13.984267925843596">
        <ele>433.8984375</ele>
        <time>2014-06-23T15:51:37Z</time>
      </trkpt>
      <trkpt lat="68.220402365550399" lon="13.984195087105036">
        <ele>432.62890625</ele>
        <time>2014-06-23T15:51:39Z</time>
      </trkpt>
      <trkpt lat="68.220389373600483" lon="13.984061144292355">
        <ele>430.36328125</ele>
        <time>2014-06-23T15:51:43Z</time>
      </trkpt>
      <trkpt lat="68.220394570380449" lon="13.983976822346449">
        <ele>428.80078125</ele>
        <time>2014-06-23T15:51:46Z</time>
      </trkpt>
      <trkpt lat="68.220387026667595" lon="13.983869533985853">
        <ele>426.9453125</ele>
        <time>2014-06-23T15:51:49Z</time>
      </trkpt>
      <trkpt lat="68.220386439934373" lon="13.98384053260088">
        <ele>426.4296875</ele>
        <time>2014-06-23T15:51:50Z</time>
      </trkpt>
      <trkpt lat="68.220388367772102" lon="13.983782865107059">
        <ele>425.37890625</ele>
        <time>2014-06-23T15:51:52Z</time>
      </trkpt>
      <trkpt lat="68.220384260639548" lon="13.983530905097723">
        <ele>422.27734375</ele>
        <time>2014-06-23T15:51:59Z</time>
      </trkpt>
      <trkpt lat="68.220399180427194" lon="13.983414815738797">
        <ele>421.1015625</ele>
        <time>2014-06-23T15:52:03Z</time>
      </trkpt>
      <trkpt lat="68.220416782423854" lon="13.983315322548151">
        <ele>420.1328125</ele>
        <time>2014-06-23T15:52:07Z</time>
      </trkpt>
      <trkpt lat="68.220415189862251" lon="13.983244579285383">
        <ele>419.4765625</ele>
        <time>2014-06-23T15:52:09Z</time>
      </trkpt>
      <trkpt lat="68.220411418005824" lon="13.983189007267356">
        <ele>418.953125</ele>
        <time>2014-06-23T15:52:11Z</time>
      </trkpt>
      <trkpt lat="68.220448885113001" lon="13.9830641169101">
        <ele>417.41796875</ele>
        <time>2014-06-23T15:52:17Z</time>
      </trkpt>
      <trkpt lat="68.220461877062917" lon="13.983002258464694">
        <ele>416.5546875</ele>
        <time>2014-06-23T15:52:19Z</time>
      </trkpt>
      <trkpt lat="68.220463888719678" lon="13.982797656208277">
        <ele>413.59765625</ele>
        <time>2014-06-23T15:52:24Z</time>
      </trkpt>
      <trkpt lat="68.220461960881948" lon="13.982695145532489">
        <ele>412.1015625</ele>
        <time>2014-06-23T15:52:27Z</time>
      </trkpt>
      <trkpt lat="68.220451567322016" lon="13.982564387843013">
        <ele>410.0546875</ele>
        <time>2014-06-23T15:52:32Z</time>
      </trkpt>
      <trkpt lat="68.220465565100312" lon="13.982294909656048">
        <ele>405.46875</ele>
        <time>2014-06-23T15:52:41Z</time>
      </trkpt>
      <trkpt lat="68.22049817070365" lon="13.982113106176257">
        <ele>402.48828125</ele>
        <time>2014-06-23T15:52:52Z</time>
      </trkpt>
      <trkpt lat="68.22051384486258" lon="13.981928117573261">
        <ele>400.78125</ele>
        <time>2014-06-23T15:52:59Z</time>
      </trkpt>
      <trkpt lat="68.220532620325685" lon="13.981770956888795">
        <ele>400.37890625</ele>
        <time>2014-06-23T15:53:06Z</time>
      </trkpt>
      <trkpt lat="68.220550389960408" lon="13.981536515057087">
        <ele>399.890625</ele>
        <time>2014-06-23T15:53:15Z</time>
      </trkpt>
      <trkpt lat="68.220594562590122" lon="13.981442386284471">
        <ele>400.09765625</ele>
        <time>2014-06-23T15:53:20Z</time>
      </trkpt>
      <trkpt lat="68.220612164586782" lon="13.981315651908517">
        <ele>398.62109375</ele>
        <time>2014-06-23T15:53:24Z</time>
      </trkpt>
      <trkpt lat="68.220646865665913" lon="13.981115575879812">
        <ele>396.515625</ele>
        <time>2014-06-23T15:53:30Z</time>
      </trkpt>
      <trkpt lat="68.220661785453558" lon="13.981057154014707">
        <ele>395.69140625</ele>
        <time>2014-06-23T15:53:32Z</time>
      </trkpt>
      <trkpt lat="68.220670921728015" lon="13.981036366894841">
        <ele>395.08984375</ele>
        <time>2014-06-23T15:53:33Z</time>
      </trkpt>
      <trkpt lat="68.220702856779099" lon="13.980813911184669">
        <ele>391.1328125</ele>
        <time>2014-06-23T15:53:40Z</time>
      </trkpt>
      <trkpt lat="68.220694055780768" lon="13.980784742161632">
        <ele>391.05078125</ele>
        <time>2014-06-23T15:53:54Z</time>
      </trkpt>
      <trkpt lat="68.220698246732354" lon="13.980776276439428">
        <ele>390.82421875</ele>
        <time>2014-06-23T15:53:55Z</time>
      </trkpt>
      <trkpt lat="68.220717944204807" lon="13.980668066069484">
        <ele>388.9453125</ele>
        <time>2014-06-23T15:53:59Z</time>
      </trkpt>
      <trkpt lat="68.220702772960067" lon="13.980479054152966">
        <ele>387.1171875</ele>
        <time>2014-06-23T15:54:06Z</time>
      </trkpt>
      <trkpt lat="68.220701683312654" lon="13.980473354458809">
        <ele>387.078125</ele>
        <time>2014-06-23T15:54:17Z</time>
      </trkpt>
      <trkpt lat="68.220806457102299" lon="13.980334801599383">
        <ele>382.53125</ele>
        <time>2014-06-23T15:54:29Z</time>
      </trkpt>
      <trkpt lat="68.220830429345369" lon="13.980286857113242">
        <ele>381.0703125</ele>
        <time>2014-06-23T15:54:32Z</time>
      </trkpt>
      <trkpt lat="68.220833446830511" lon="13.98017487488687">
        <ele>378.96484375</ele>
        <time>2014-06-23T15:54:36Z</time>
      </trkpt>
      <trkpt lat="68.220823472365737" lon="13.980089211836457">
        <ele>377.609375</ele>
        <time>2014-06-23T15:54:39Z</time>
      </trkpt>
      <trkpt lat="68.220817605033517" lon="13.980055265128613">
        <ele>377.09765625</ele>
        <time>2014-06-23T15:54:40Z</time>
      </trkpt>
      <trkpt lat="68.220809139311314" lon="13.979820320382714">
        <ele>372.8828125</ele>
        <time>2014-06-23T15:54:47Z</time>
      </trkpt>
      <trkpt lat="68.220808720216155" lon="13.97979374974966">
        <ele>372.50390625</ele>
        <time>2014-06-23T15:54:48Z</time>
      </trkpt>
      <trkpt lat="68.220798578113317" lon="13.97974094375968">
        <ele>371.9375</ele>
        <time>2014-06-23T15:54:51Z</time>
      </trkpt>
      <trkpt lat="68.22077670134604" lon="13.979719737544656">
        <ele>371.953125</ele>
        <time>2014-06-23T15:54:54Z</time>
      </trkpt>
      <trkpt lat="68.220756920054555" lon="13.97960415109992">
        <ele>370.63671875</ele>
        <time>2014-06-23T15:54:59Z</time>
      </trkpt>
      <trkpt lat="68.220750633627176" lon="13.979618065059185">
        <ele>370.91015625</ele>
        <time>2014-06-23T15:55:14Z</time>
      </trkpt>
      <trkpt lat="68.220736384391785" lon="13.979554194957018">
        <ele>370.2109375</ele>
        <time>2014-06-23T15:55:22Z</time>
      </trkpt>
      <trkpt lat="68.220715681090951" lon="13.979543466120958">
        <ele>370.32421875</ele>
        <time>2014-06-23T15:55:24Z</time>
      </trkpt>
      <trkpt lat="68.220727248117328" lon="13.979358477517962">
        <ele>367.59765625</ele>
        <time>2014-06-23T15:55:34Z</time>
      </trkpt>
      <trkpt lat="68.220708724111319" lon="13.979246998205781">
        <ele>366.19140625</ele>
        <time>2014-06-23T15:55:38Z</time>
      </trkpt>
      <trkpt lat="68.220732696354389" lon="13.979180362075567">
        <ele>364.75</ele>
        <time>2014-06-23T15:55:42Z</time>
      </trkpt>
      <trkpt lat="68.220733115449548" lon="13.979020183905959">
        <ele>361.90234375</ele>
        <time>2014-06-23T15:55:48Z</time>
      </trkpt>
      <trkpt lat="68.220724314451218" lon="13.978915074840188">
        <ele>360.1171875</ele>
        <time>2014-06-23T15:55:52Z</time>
      </trkpt>
      <trkpt lat="68.22075080126524" lon="13.978874422609806">
        <ele>359.14453125</ele>
        <time>2014-06-23T15:55:55Z</time>
      </trkpt>
      <trkpt lat="68.220730684697628" lon="13.97867426276207">
        <ele>355.8828125</ele>
        <time>2014-06-23T15:56:02Z</time>
      </trkpt>
      <trkpt lat="68.2207200396806" lon="13.978641740977764">
        <ele>355.5078125</ele>
        <time>2014-06-23T15:56:03Z</time>
      </trkpt>
      <trkpt lat="68.220658600330353" lon="13.978409143164754">
        <ele>352.7109375</ele>
        <time>2014-06-23T15:56:11Z</time>
      </trkpt>
      <trkpt lat="68.220648290589452" lon="13.978169923648238">
        <ele>348.97265625</ele>
        <time>2014-06-23T15:56:18Z</time>
      </trkpt>
      <trkpt lat="68.220641417428851" lon="13.978162128478289">
        <ele>348.578125</ele>
        <time>2014-06-23T15:56:19Z</time>
      </trkpt>
      <trkpt lat="68.220633706077933" lon="13.97802734747529">
        <ele>346.07421875</ele>
        <time>2014-06-23T15:56:28Z</time>
      </trkpt>
      <trkpt lat="68.220627838745713" lon="13.977807154878974">
        <ele>342.21875</ele>
        <time>2014-06-23T15:56:37Z</time>
      </trkpt>
      <trkpt lat="68.220615265890956" lon="13.97765401750803">
        <ele>339.1484375</ele>
        <time>2014-06-23T15:56:44Z</time>
      </trkpt>
      <trkpt lat="68.220612080767751" lon="13.977635661140084">
        <ele>338.703125</ele>
        <time>2014-06-23T15:56:45Z</time>
      </trkpt>
      <trkpt lat="68.220596741884947" lon="13.977522924542427">
        <ele>336.171875</ele>
        <time>2014-06-23T15:56:50Z</time>
      </trkpt>
      <trkpt lat="68.220599675551057" lon="13.977412953972816">
        <ele>334.5234375</ele>
        <time>2014-06-23T15:56:54Z</time>
      </trkpt>
      <trkpt lat="68.220609230920672" lon="13.977317987009883">
        <ele>333.4140625</ele>
        <time>2014-06-23T15:56:57Z</time>
      </trkpt>
      <trkpt lat="68.220601184293628" lon="13.977172980085015">
        <ele>330.69921875</ele>
        <time>2014-06-23T15:57:01Z</time>
      </trkpt>
      <trkpt lat="68.220578636974096" lon="13.977015148848295">
        <ele>327.125</ele>
        <time>2014-06-23T15:57:06Z</time>
      </trkpt>
      <trkpt lat="68.220603195950389" lon="13.976942813023925">
        <ele>327.05859375</ele>
        <time>2014-06-23T15:57:09Z</time>
      </trkpt>
      <trkpt lat="68.220598166808486" lon="13.976758494973183">
        <ele>323.84375</ele>
        <time>2014-06-23T15:57:16Z</time>
      </trkpt>
      <trkpt lat="68.2205871026963" lon="13.976676436141133">
        <ele>322.015625</ele>
        <time>2014-06-23T15:57:20Z</time>
      </trkpt>
      <trkpt lat="68.220580145716667" lon="13.976621618494391">
        <ele>320.81640625</ele>
        <time>2014-06-23T15:57:22Z</time>
      </trkpt>
      <trkpt lat="68.220617026090622" lon="13.976478287950158">
        <ele>320.203125</ele>
        <time>2014-06-23T15:57:28Z</time>
      </trkpt>
      <trkpt lat="68.220652649179101" lon="13.976338896900415">
        <ele>320.80078125</ele>
        <time>2014-06-23T15:57:34Z</time>
      </trkpt>
      <trkpt lat="68.220718447118998" lon="13.976274020969868">
        <ele>320.17578125</ele>
        <time>2014-06-23T15:57:39Z</time>
      </trkpt>
      <trkpt lat="68.220740826800466" lon="13.976241499185562">
        <ele>319.8125</ele>
        <time>2014-06-23T15:57:41Z</time>
      </trkpt>
      <trkpt lat="68.220765301957726" lon="13.976191626861691">
        <ele>319.2890625</ele>
        <time>2014-06-23T15:57:43Z</time>
      </trkpt>
      <trkpt lat="68.220783825963736" lon="13.976030191406608">
        <ele>317.890625</ele>
        <time>2014-06-23T15:57:47Z</time>
      </trkpt>
      <trkpt lat="68.220770498737693" lon="13.975872276350856">
        <ele>316.48046875</ele>
        <time>2014-06-23T15:57:51Z</time>
      </trkpt>
      <trkpt lat="68.220760188996792" lon="13.975810250267386">
        <ele>315.79296875</ele>
        <time>2014-06-23T15:57:53Z</time>
      </trkpt>
      <trkpt lat="68.220831854268909" lon="13.975613191723824">
        <ele>312.9296875</ele>
        <time>2014-06-23T15:58:01Z</time>
      </trkpt>
      <trkpt lat="68.220870913937688" lon="13.975522331893444">
        <ele>311.60546875</ele>
        <time>2014-06-23T15:58:05Z</time>
      </trkpt>
      <trkpt lat="68.220873679965734" lon="13.975443206727505">
        <ele>310.6484375</ele>
        <time>2014-06-23T15:58:07Z</time>
      </trkpt>
      <trkpt lat="68.220828250050545" lon="13.975197616964579">
        <ele>307.62890625</ele>
        <time>2014-06-23T15:58:14Z</time>
      </trkpt>
      <trkpt lat="68.220894383266568" lon="13.974773492664099">
        <ele>301.55859375</ele>
        <time>2014-06-23T15:58:26Z</time>
      </trkpt>
      <trkpt lat="68.220849372446537" lon="13.974392786622047">
        <ele>297.1328125</ele>
        <time>2014-06-23T15:58:37Z</time>
      </trkpt>
      <trkpt lat="68.220841577276587" lon="13.974338974803686">
        <ele>296.56640625</ele>
        <time>2014-06-23T15:58:39Z</time>
      </trkpt>
      <trkpt lat="68.220846522599459" lon="13.974287426099181">
        <ele>295.88671875</ele>
        <time>2014-06-23T15:58:41Z</time>
      </trkpt>
      <trkpt lat="68.22083679959178" lon="13.97414275445044">
        <ele>294.84375</ele>
        <time>2014-06-23T15:58:46Z</time>
      </trkpt>
      <trkpt lat="68.220841828733683" lon="13.974049128592014">
        <ele>294.11328125</ele>
        <time>2014-06-23T15:58:49Z</time>
      </trkpt>
      <trkpt lat="68.220859095454216" lon="13.973914766684175">
        <ele>292.98828125</ele>
        <time>2014-06-23T15:58:53Z</time>
      </trkpt>
      <trkpt lat="68.220857419073582" lon="13.973557949066162">
        <ele>290.3671875</ele>
        <time>2014-06-23T15:59:02Z</time>
      </trkpt>
      <trkpt lat="68.220820538699627" lon="13.973417803645134">
        <ele>289.56640625</ele>
        <time>2014-06-23T15:59:06Z</time>
      </trkpt>
      <trkpt lat="68.220824059098959" lon="13.973136087879539">
        <ele>287.36328125</ele>
        <time>2014-06-23T15:59:14Z</time>
      </trkpt>
      <trkpt lat="68.220837721601129" lon="13.973053609952331">
        <ele>286.6484375</ele>
        <time>2014-06-23T15:59:16Z</time>
      </trkpt>
      <trkpt lat="68.220847193151712" lon="13.972985884174705">
        <ele>286.07421875</ele>
        <time>2014-06-23T15:59:18Z</time>
      </trkpt>
      <trkpt lat="68.220886001363397" lon="13.97287767380476">
        <ele>284.9453125</ele>
        <time>2014-06-23T15:59:22Z</time>
      </trkpt>
      <trkpt lat="68.220952469855547" lon="13.972455644980073">
        <ele>281.87109375</ele>
        <time>2014-06-23T15:59:35Z</time>
      </trkpt>
      <trkpt lat="68.220966635271907" lon="13.972222795709968">
        <ele>281.09375</ele>
        <time>2014-06-23T15:59:41Z</time>
      </trkpt>
      <trkpt lat="68.220970239490271" lon="13.972187507897615">
        <ele>280.984375</ele>
        <time>2014-06-23T15:59:42Z</time>
      </trkpt>
      <trkpt lat="68.221073588356376" lon="13.9717963244766">
        <ele>277.9765625</ele>
        <time>2014-06-23T15:59:54Z</time>
      </trkpt>
      <trkpt lat="68.221129663288593" lon="13.971641762182117">
        <ele>276.1171875</ele>
        <time>2014-06-23T16:00:00Z</time>
      </trkpt>
      <trkpt lat="68.221161933615804" lon="13.971559116616845">
        <ele>275.046875</ele>
        <time>2014-06-23T16:00:03Z</time>
      </trkpt>
      <trkpt lat="68.221201160922647" lon="13.971522152423859">
        <ele>274.47265625</ele>
        <time>2014-06-23T16:00:07Z</time>
      </trkpt>
      <trkpt lat="68.22122379206121" lon="13.971516201272607">
        <ele>273.73046875</ele>
        <time>2014-06-23T16:00:09Z</time>
      </trkpt>
      <trkpt lat="68.2212467584759" lon="13.971417881548405">
        <ele>272.65625</ele>
        <time>2014-06-23T16:00:14Z</time>
      </trkpt>
      <trkpt lat="68.221248770132661" lon="13.971387874335051">
        <ele>272.74609375</ele>
        <time>2014-06-23T16:00:15Z</time>
      </trkpt>
      <trkpt lat="68.221295960247517" lon="13.971265163272619">
        <ele>270.95703125</ele>
        <time>2014-06-23T16:00:20Z</time>
      </trkpt>
      <trkpt lat="68.221325045451522" lon="13.971095848828554">
        <ele>270.20703125</ele>
        <time>2014-06-23T16:00:26Z</time>
      </trkpt>
      <trkpt lat="68.221314232796431" lon="13.971039019525051">
        <ele>271.12890625</ele>
        <time>2014-06-23T16:00:32Z</time>
      </trkpt>
      <trkpt lat="68.221321441233158" lon="13.970757303759456">
        <ele>271.17578125</ele>
        <time>2014-06-23T16:00:40Z</time>
      </trkpt>
      <trkpt lat="68.221347089856863" lon="13.97057868540287">
        <ele>269.9453125</ele>
        <time>2014-06-23T16:00:46Z</time>
      </trkpt>
      <trkpt lat="68.221346000209451" lon="13.970514480024576">
        <ele>270.04296875</ele>
        <time>2014-06-23T16:00:48Z</time>
      </trkpt>
      <trkpt lat="68.221358070150018" lon="13.970446418970823">
        <ele>269.6171875</ele>
        <time>2014-06-23T16:00:50Z</time>
      </trkpt>
      <trkpt lat="68.221361506730318" lon="13.970361677929759">
        <ele>269.4296875</ele>
        <time>2014-06-23T16:00:53Z</time>
      </trkpt>
      <trkpt lat="68.221442643553019" lon="13.970049284398556">
        <ele>262.82421875</ele>
        <time>2014-06-23T16:01:06Z</time>
      </trkpt>
      <trkpt lat="68.221445325762033" lon="13.970024222508073">
        <ele>262.4140625</ele>
        <time>2014-06-23T16:01:07Z</time>
      </trkpt>
      <trkpt lat="68.221483379602432" lon="13.969932440668344">
        <ele>259.63671875</ele>
        <time>2014-06-23T16:01:11Z</time>
      </trkpt>
      <trkpt lat="68.221502993255854" lon="13.969740411266685">
        <ele>256.91015625</ele>
        <time>2014-06-23T16:01:18Z</time>
      </trkpt>
      <trkpt lat="68.221506765112281" lon="13.969696070998907">
        <ele>256.5078125</ele>
        <time>2014-06-23T16:01:20Z</time>
      </trkpt>
      <trkpt lat="68.221504334360361" lon="13.969582412391901">
        <ele>256.02734375</ele>
        <time>2014-06-23T16:01:24Z</time>
      </trkpt>
      <trkpt lat="68.221567366272211" lon="13.969365824013948">
        <ele>252.3203125</ele>
        <time>2014-06-23T16:01:36Z</time>
      </trkpt>
      <trkpt lat="68.221568204462528" lon="13.969372864812613">
        <ele>252.31640625</ele>
        <time>2014-06-23T16:01:54Z</time>
      </trkpt>
      <trkpt lat="68.221575915813446" lon="13.969330033287406">
        <ele>251.81640625</ele>
        <time>2014-06-23T16:02:03Z</time>
      </trkpt>
      <trkpt lat="68.22157901711762" lon="13.969317795708776">
        <ele>251.640625</ele>
        <time>2014-06-23T16:02:16Z</time>
      </trkpt>
      <trkpt lat="68.221566444262862" lon="13.969310503453016">
        <ele>252.11328125</ele>
        <time>2014-06-23T16:02:33Z</time>
      </trkpt>
      <trkpt lat="68.221557810902596" lon="13.9692940749228">
        <ele>252.38671875</ele>
        <time>2014-06-23T16:02:44Z</time>
      </trkpt>
      <trkpt lat="68.221563929691911" lon="13.969293907284737">
        <ele>252.140625</ele>
        <time>2014-06-23T16:02:58Z</time>
      </trkpt>
      <trkpt lat="68.221578262746334" lon="13.969231713563204">
        <ele>250.97265625</ele>
        <time>2014-06-23T16:03:18Z</time>
      </trkpt>
      <trkpt lat="68.221575161442161" lon="13.969198018312454">
        <ele>250.625</ele>
        <time>2014-06-23T16:03:21Z</time>
      </trkpt>
      <trkpt lat="68.221587650477886" lon="13.969062818214297">
        <ele>248.2890625</ele>
        <time>2014-06-23T16:03:32Z</time>
      </trkpt>
      <trkpt lat="68.221600390970707" lon="13.968984950333834">
        <ele>246.77734375</ele>
        <time>2014-06-23T16:03:35Z</time>
      </trkpt>
      <trkpt lat="68.221633164212108" lon="13.968820162117481">
        <ele>243.4921875</ele>
        <time>2014-06-23T16:03:47Z</time>
      </trkpt>
      <trkpt lat="68.22163132019341" lon="13.968798452988267">
        <ele>243.26953125</ele>
        <time>2014-06-23T16:03:49Z</time>
      </trkpt>
      <trkpt lat="68.221629224717617" lon="13.968750592321157">
        <ele>242.7109375</ele>
        <time>2014-06-23T16:03:51Z</time>
      </trkpt>
      <trkpt lat="68.221658477559686" lon="13.968534087762237">
        <ele>237.9375</ele>
        <time>2014-06-23T16:04:02Z</time>
      </trkpt>
      <trkpt lat="68.221688820049167" lon="13.968338370323181">
        <ele>233.578125</ele>
        <time>2014-06-23T16:04:14Z</time>
      </trkpt>
      <trkpt lat="68.221722515299916" lon="13.968395618721843">
        <ele>233.8671875</ele>
        <time>2014-06-23T16:04:20Z</time>
      </trkpt>
      <trkpt lat="68.22173684835434" lon="13.968385644257069">
        <ele>233.375</ele>
        <time>2014-06-23T16:04:23Z</time>
      </trkpt>
      <trkpt lat="68.221765263006091" lon="13.968384973704815">
        <ele>232.734375</ele>
        <time>2014-06-23T16:04:28Z</time>
      </trkpt>
      <trkpt lat="68.2218062505126" lon="13.968418249860406">
        <ele>231.0078125</ele>
        <time>2014-06-23T16:04:33Z</time>
      </trkpt>
      <trkpt lat="68.221821002662182" lon="13.968432247638702">
        <ele>230.37890625</ele>
        <time>2014-06-23T16:04:36Z</time>
      </trkpt>
      <trkpt lat="68.22186048142612" lon="13.968320097774267">
        <ele>226.69921875</ele>
        <time>2014-06-23T16:04:48Z</time>
      </trkpt>
      <trkpt lat="68.221879508346319" lon="13.968278942629695">
        <ele>225.19921875</ele>
        <time>2014-06-23T16:04:52Z</time>
      </trkpt>
      <trkpt lat="68.221918903291225" lon="13.968190681189299">
        <ele>222.23046875</ele>
        <time>2014-06-23T16:04:59Z</time>
      </trkpt>
      <trkpt lat="68.221924351528287" lon="13.968110382556915">
        <ele>221.0703125</ele>
        <time>2014-06-23T16:05:02Z</time>
      </trkpt>
      <trkpt lat="68.221909599378705" lon="13.96806176751852">
        <ele>221.16015625</ele>
        <time>2014-06-23T16:05:06Z</time>
      </trkpt>
      <trkpt lat="68.221905827522278" lon="13.968042908236384">
        <ele>221.09765625</ele>
        <time>2014-06-23T16:05:07Z</time>
      </trkpt>
      <trkpt lat="68.221922339871526" lon="13.967965040355921">
        <ele>219.46875</ele>
        <time>2014-06-23T16:05:10Z</time>
      </trkpt>
      <trkpt lat="68.221925524994731" lon="13.967839144170284">
        <ele>217.8828125</ele>
        <time>2014-06-23T16:05:19Z</time>
      </trkpt>
      <trkpt lat="68.221904654055834" lon="13.967527756467462">
        <ele>215.0078125</ele>
        <time>2014-06-23T16:05:32Z</time>
      </trkpt>
      <trkpt lat="68.221915634348989" lon="13.967478973791003">
        <ele>214.171875</ele>
        <time>2014-06-23T16:05:34Z</time>
      </trkpt>
      <trkpt lat="68.221957962960005" lon="13.967447793111205">
        <ele>212.57421875</ele>
        <time>2014-06-23T16:05:38Z</time>
      </trkpt>
      <trkpt lat="68.221982941031456" lon="13.967397669330239">
        <ele>211.31640625</ele>
        <time>2014-06-23T16:05:41Z</time>
      </trkpt>
      <trkpt lat="68.222059970721602" lon="13.967240927740932">
        <ele>207.46484375</ele>
        <time>2014-06-23T16:05:55Z</time>
      </trkpt>
      <trkpt lat="68.222059886902571" lon="13.967214021831751">
        <ele>207.203125</ele>
        <time>2014-06-23T16:05:57Z</time>
      </trkpt>
      <trkpt lat="68.222050415351987" lon="13.967022327706218">
        <ele>205.44140625</ele>
        <time>2014-06-23T16:06:03Z</time>
      </trkpt>
      <trkpt lat="68.222052594646811" lon="13.966909255832434">
        <ele>203.55859375</ele>
        <time>2014-06-23T16:06:08Z</time>
      </trkpt>
      <trkpt lat="68.222113363444805" lon="13.966704485937953">
        <ele>198.77734375</ele>
        <time>2014-06-23T16:06:19Z</time>
      </trkpt>
      <trkpt lat="68.222157871350646" lon="13.966473899781704">
        <ele>194.375</ele>
        <time>2014-06-23T16:06:29Z</time>
      </trkpt>
      <trkpt lat="68.222162732854486" lon="13.966461662203074">
        <ele>194.15234375</ele>
        <time>2014-06-23T16:06:30Z</time>
      </trkpt>
      <trkpt lat="68.222195087000728" lon="13.96640919148922">
        <ele>192.984375</ele>
        <time>2014-06-23T16:06:35Z</time>
      </trkpt>
      <trkpt lat="68.22225577197969" lon="13.966344483196735">
        <ele>191.21484375</ele>
        <time>2014-06-23T16:06:45Z</time>
      </trkpt>
      <trkpt lat="68.222290053963661" lon="13.966348338872194">
        <ele>190.5859375</ele>
        <time>2014-06-23T16:06:50Z</time>
      </trkpt>
      <trkpt lat="68.222360713407397" lon="13.966286145150661">
        <ele>187.94140625</ele>
        <time>2014-06-23T16:06:59Z</time>
      </trkpt>
      <trkpt lat="68.222379321232438" lon="13.966294191777706">
        <ele>187.23828125</ele>
        <time>2014-06-23T16:07:02Z</time>
      </trkpt>
      <trkpt lat="68.222408406436443" lon="13.966283965855837">
        <ele>185.9921875</ele>
        <time>2014-06-23T16:07:05Z</time>
      </trkpt>
      <trkpt lat="68.222446208819747" lon="13.966278433799744">
        <ele>184.4296875</ele>
        <time>2014-06-23T16:07:13Z</time>
      </trkpt>
      <trkpt lat="68.22245073504746" lon="13.966292599216104">
        <ele>184.32421875</ele>
        <time>2014-06-23T16:07:14Z</time>
      </trkpt>
      <trkpt lat="68.222483089193702" lon="13.966231998056173">
        <ele>182.69921875</ele>
        <time>2014-06-23T16:07:20Z</time>
      </trkpt>
      <trkpt lat="68.22251234203577" lon="13.966241972520947">
        <ele>181.578125</ele>
        <time>2014-06-23T16:07:25Z</time>
      </trkpt>
      <trkpt lat="68.222525585442781" lon="13.966231411322951">
        <ele>181</ele>
        <time>2014-06-23T16:07:27Z</time>
      </trkpt>
      <trkpt lat="68.222575793042779" lon="13.966246247291565">
        <ele>179.05859375</ele>
        <time>2014-06-23T16:07:34Z</time>
      </trkpt>
      <trkpt lat="68.222584426403046" lon="13.966241301968694">
        <ele>178.69140625</ele>
        <time>2014-06-23T16:07:35Z</time>
      </trkpt>
      <trkpt lat="68.22261837311089" lon="13.966130157932639">
        <ele>176.9609375</ele>
        <time>2014-06-23T16:07:40Z</time>
      </trkpt>
      <trkpt lat="68.222641088068485" lon="13.966034352779388">
        <ele>175.79296875</ele>
        <time>2014-06-23T16:07:43Z</time>
      </trkpt>
      <trkpt lat="68.222732283174992" lon="13.96561617963016">
        <ele>170.8828125</ele>
        <time>2014-06-23T16:07:56Z</time>
      </trkpt>
      <trkpt lat="68.222744772210717" lon="13.965396825224161">
        <ele>169.6328125</ele>
        <time>2014-06-23T16:08:03Z</time>
      </trkpt>
      <trkpt lat="68.222726583480835" lon="13.96515198983252">
        <ele>167.75</ele>
        <time>2014-06-23T16:08:14Z</time>
      </trkpt>
      <trkpt lat="68.222743598744273" lon="13.965082252398133">
        <ele>166.68359375</ele>
        <time>2014-06-23T16:08:18Z</time>
      </trkpt>
      <trkpt lat="68.22276346385479" lon="13.965066075325012">
        <ele>166.109375</ele>
        <time>2014-06-23T16:08:20Z</time>
      </trkpt>
      <trkpt lat="68.222852731123567" lon="13.964836243540049">
        <ele>162.48046875</ele>
        <time>2014-06-23T16:08:32Z</time>
      </trkpt>
      <trkpt lat="68.222946859896183" lon="13.964596269652247">
        <ele>160.40234375</ele>
        <time>2014-06-23T16:08:41Z</time>
      </trkpt>
      <trkpt lat="68.222961276769638" lon="13.964524520561099">
        <ele>160.0078125</ele>
        <time>2014-06-23T16:08:43Z</time>
      </trkpt>
      <trkpt lat="68.22299312800169" lon="13.964404240250587">
        <ele>159.19921875</ele>
        <time>2014-06-23T16:08:48Z</time>
      </trkpt>
      <trkpt lat="68.223039479926229" lon="13.964229309931397">
        <ele>158.125</ele>
        <time>2014-06-23T16:08:54Z</time>
      </trkpt>
      <trkpt lat="68.223080299794674" lon="13.963971231132746">
        <ele>157.98046875</ele>
        <time>2014-06-23T16:09:02Z</time>
      </trkpt>
      <trkpt lat="68.223108043894172" lon="13.963771238923073">
        <ele>158.1796875</ele>
        <time>2014-06-23T16:09:07Z</time>
      </trkpt>
      <trkpt lat="68.223122879862785" lon="13.963693957775831">
        <ele>158.25390625</ele>
        <time>2014-06-23T16:09:10Z</time>
      </trkpt>
      <trkpt lat="68.223144421353936" lon="13.963599829003215">
        <ele>158.26171875</ele>
        <time>2014-06-23T16:09:14Z</time>
      </trkpt>
      <trkpt lat="68.223181050270796" lon="13.9635194465518">
        <ele>158.2265625</ele>
        <time>2014-06-23T16:09:18Z</time>
      </trkpt>
      <trkpt lat="68.223258247599006" lon="13.963315850123763">
        <ele>158.5078125</ele>
        <time>2014-06-23T16:09:27Z</time>
      </trkpt>
      <trkpt lat="68.223304767161608" lon="13.963180985301733">
        <ele>158.91796875</ele>
        <time>2014-06-23T16:09:33Z</time>
      </trkpt>
      <trkpt lat="68.22335765697062" lon="13.963057436048985">
        <ele>159.109375</ele>
        <time>2014-06-23T16:09:39Z</time>
      </trkpt>
      <trkpt lat="68.223395794630051" lon="13.962871693074703">
        <ele>159.41796875</ele>
        <time>2014-06-23T16:09:45Z</time>
      </trkpt>
      <trkpt lat="68.223460335284472" lon="13.962618475779891">
        <ele>159.203125</ele>
        <time>2014-06-23T16:09:56Z</time>
      </trkpt>
      <trkpt lat="68.22349788621068" lon="13.96249677054584">
        <ele>158.35546875</ele>
        <time>2014-06-23T16:10:01Z</time>
      </trkpt>
      <trkpt lat="68.223517499864101" lon="13.96248260512948">
        <ele>157.890625</ele>
        <time>2014-06-23T16:10:03Z</time>
      </trkpt>
      <trkpt lat="68.223588913679123" lon="13.962222347036004">
        <ele>156.92578125</ele>
        <time>2014-06-23T16:10:12Z</time>
      </trkpt>
      <trkpt lat="68.223606767132878" lon="13.962177922949195">
        <ele>156.7265625</ele>
        <time>2014-06-23T16:10:15Z</time>
      </trkpt>
      <trkpt lat="68.223699387162924" lon="13.962087566033006">
        <ele>155.46484375</ele>
        <time>2014-06-23T16:10:23Z</time>
      </trkpt>
      <trkpt lat="68.223710199818015" lon="13.961939373984933">
        <ele>156.27734375</ele>
        <time>2014-06-23T16:10:28Z</time>
      </trkpt>
      <trkpt lat="68.22376225143671" lon="13.961858488619328">
        <ele>156.14453125</ele>
        <time>2014-06-23T16:10:34Z</time>
      </trkpt>
      <trkpt lat="68.223801227286458" lon="13.961803419515491">
        <ele>156.07421875</ele>
        <time>2014-06-23T16:10:38Z</time>
      </trkpt>
      <trkpt lat="68.223850345239043" lon="13.961693365126848">
        <ele>156.42578125</ele>
        <time>2014-06-23T16:10:45Z</time>
      </trkpt>
      <trkpt lat="68.223908599466085" lon="13.961611725389957">
        <ele>156.55078125</ele>
        <time>2014-06-23T16:10:50Z</time>
      </trkpt>
      <trkpt lat="68.223924022167921" lon="13.961545005440712">
        <ele>157.0546875</ele>
        <time>2014-06-23T16:10:52Z</time>
      </trkpt>
      <trkpt lat="68.223972721025348" lon="13.961296649649739">
        <ele>158.15625</ele>
        <time>2014-06-23T16:11:01Z</time>
      </trkpt>
      <trkpt lat="68.224054863676429" lon="13.961063716560602">
        <ele>158.66796875</ele>
        <time>2014-06-23T16:11:12Z</time>
      </trkpt>
      <trkpt lat="68.224110938608646" lon="13.960970677435398">
        <ele>158.85546875</ele>
        <time>2014-06-23T16:11:18Z</time>
      </trkpt>
      <trkpt lat="68.22414337657392" lon="13.960858024656773">
        <ele>159.203125</ele>
        <time>2014-06-23T16:11:23Z</time>
      </trkpt>
      <trkpt lat="68.224156117066741" lon="13.960777893662453">
        <ele>159.44921875</ele>
        <time>2014-06-23T16:11:26Z</time>
      </trkpt>
      <trkpt lat="68.22429240681231" lon="13.960512606427073">
        <ele>159.75390625</ele>
        <time>2014-06-23T16:11:41Z</time>
      </trkpt>
      <trkpt lat="68.224305482581258" lon="13.960372628644109">
        <ele>160.30078125</ele>
        <time>2014-06-23T16:11:46Z</time>
      </trkpt>
      <trkpt lat="68.224324844777584" lon="13.960313452407718">
        <ele>160.328125</ele>
        <time>2014-06-23T16:11:49Z</time>
      </trkpt>
      <trkpt lat="68.224375639110804" lon="13.960004495456815">
        <ele>160.85546875</ele>
        <time>2014-06-23T16:12:02Z</time>
      </trkpt>
      <trkpt lat="68.224427020177245" lon="13.95981271751225">
        <ele>161.21875</ele>
        <time>2014-06-23T16:12:13Z</time>
      </trkpt>
      <trkpt lat="68.224441688507795" lon="13.959759576246142">
        <ele>161.23828125</ele>
        <time>2014-06-23T16:12:16Z</time>
      </trkpt>
      <trkpt lat="68.22452399879694" lon="13.959515998139977">
        <ele>161.5390625</ele>
        <time>2014-06-23T16:12:29Z</time>
      </trkpt>
      <trkpt lat="68.224567165598273" lon="13.959251549094915">
        <ele>162.046875</ele>
        <time>2014-06-23T16:12:41Z</time>
      </trkpt>
      <trkpt lat="68.224603291600943" lon="13.958997158333659">
        <ele>162.1640625</ele>
        <time>2014-06-23T16:12:52Z</time>
      </trkpt>
      <trkpt lat="68.224643776193261" lon="13.9589605294168">
        <ele>162.28515625</ele>
        <time>2014-06-23T16:12:56Z</time>
      </trkpt>
      <trkpt lat="68.224672023206949" lon="13.958910657092929">
        <ele>162.38671875</ele>
        <time>2014-06-23T16:12:59Z</time>
      </trkpt>
      <trkpt lat="68.224776461720467" lon="13.958920547738671">
        <ele>162.6875</ele>
        <time>2014-06-23T16:13:10Z</time>
      </trkpt>
      <trkpt lat="68.224950553849339" lon="13.958947537466884">
        <ele>163.1640625</ele>
        <time>2014-06-23T16:13:25Z</time>
      </trkpt>
      <trkpt lat="68.224998079240322" lon="13.958931611850858">
        <ele>163.32421875</ele>
        <time>2014-06-23T16:13:29Z</time>
      </trkpt>
      <trkpt lat="68.225038899108768" lon="13.958879979327321">
        <ele>163.52734375</ele>
        <time>2014-06-23T16:13:33Z</time>
      </trkpt>
      <trkpt lat="68.225100841373205" lon="13.958858605474234">
        <ele>163.765625</ele>
        <time>2014-06-23T16:13:39Z</time>
      </trkpt>
      <trkpt lat="68.225139481946826" lon="13.958830274641514">
        <ele>164.06640625</ele>
        <time>2014-06-23T16:13:43Z</time>
      </trkpt>
      <trkpt lat="68.225178793072701" lon="13.958838321268559">
        <ele>164.3046875</ele>
        <time>2014-06-23T16:13:47Z</time>
      </trkpt>
      <trkpt lat="68.225199747830629" lon="13.95882616750896">
        <ele>164.46875</ele>
        <time>2014-06-23T16:13:49Z</time>
      </trkpt>
      <trkpt lat="68.225281136110425" lon="13.958749724552035">
        <ele>165.2265625</ele>
        <time>2014-06-23T16:14:00Z</time>
      </trkpt>
      <trkpt lat="68.225289266556501" lon="13.958693733438849">
        <ele>165.5078125</ele>
        <time>2014-06-23T16:14:11Z</time>
      </trkpt>
      <trkpt lat="68.225289937108755" lon="13.958710497245193">
        <ele>165.421875</ele>
        <time>2014-06-23T16:14:29Z</time>
      </trkpt>
      <trkpt lat="68.225280717015266" lon="13.958691973239183">
        <ele>165.45703125</ele>
        <time>2014-06-23T16:14:58Z</time>
      </trkpt>
      <trkpt lat="68.225279292091727" lon="13.95869960077107">
        <ele>165.40234375</ele>
        <time>2014-06-23T16:15:23Z</time>
      </trkpt>
      <trkpt lat="68.225278537720442" lon="13.958726171404123">
        <ele>165.27734375</ele>
        <time>2014-06-23T16:16:02Z</time>
      </trkpt>
      <trkpt lat="68.225288176909089" lon="13.958731200546026">
        <ele>165.33203125</ele>
        <time>2014-06-23T16:16:38Z</time>
      </trkpt>
      <trkpt lat="68.225295133888721" lon="13.958730697631836">
        <ele>165.3828125</ele>
        <time>2014-06-23T16:17:16Z</time>
      </trkpt>
      <trkpt lat="68.225308796390891" lon="13.958698008209467">
        <ele>165.62890625</ele>
        <time>2014-06-23T16:18:01Z</time>
      </trkpt>
      <trkpt lat="68.225294211879373" lon="13.958686273545027">
        <ele>165.5859375</ele>
        <time>2014-06-23T16:18:39Z</time>
      </trkpt>
      <trkpt lat="68.225291864946485" lon="13.95870060659945">
        <ele>165.4921875</ele>
        <time>2014-06-23T16:19:19Z</time>
      </trkpt>
      <trkpt lat="68.225319441407919" lon="13.958719884976745">
        <ele>165.58984375</ele>
        <time>2014-06-23T16:20:00Z</time>
      </trkpt>
      <trkpt lat="68.225340479984879" lon="13.958756849169731">
        <ele>165.6171875</ele>
        <time>2014-06-23T16:20:25Z</time>
      </trkpt>
      <trkpt lat="68.225319273769855" lon="13.958778725937009">
        <ele>165.3984375</ele>
        <time>2014-06-23T16:20:59Z</time>
      </trkpt>
      <trkpt lat="68.225306198000908" lon="13.958766655996442">
        <ele>165.34765625</ele>
        <time>2014-06-23T16:21:27Z</time>
      </trkpt>
      <trkpt lat="68.225307203829288" lon="13.958773110061884">
        <ele>165.33203125</ele>
        <time>2014-06-23T16:21:53Z</time>
      </trkpt>
      <trkpt lat="68.225276442244649" lon="13.958729607984424">
        <ele>165.25</ele>
        <time>2014-06-23T16:22:26Z</time>
      </trkpt>
      <trkpt lat="68.225282812491059" lon="13.958733966574073">
        <ele>165.28515625</ele>
        <time>2014-06-23T16:22:56Z</time>
      </trkpt>
      <trkpt lat="68.225290775299072" lon="13.958747712895274">
        <ele>165.296875</ele>
        <time>2014-06-23T16:23:21Z</time>
      </trkpt>
      <trkpt lat="68.225280549377203" lon="13.958727931603789">
        <ele>165.28515625</ele>
        <time>2014-06-23T16:23:32Z</time>
      </trkpt>
      <trkpt lat="68.225277867168188" lon="13.958720723167062">
        <ele>165.2890625</ele>
        <time>2014-06-23T16:23:44Z</time>
      </trkpt>
      <trkpt lat="68.225291445851326" lon="13.958774032071233">
        <ele>165.22265625</ele>
        <time>2014-06-23T16:23:47Z</time>
      </trkpt>
      <trkpt lat="68.225304521620274" lon="13.95882030017674">
        <ele>165.16796875</ele>
        <time>2014-06-23T16:23:51Z</time>
      </trkpt>
      <trkpt lat="68.225331092253327" lon="13.958832370117307">
        <ele>165.30078125</ele>
        <time>2014-06-23T16:23:54Z</time>
      </trkpt>
      <trkpt lat="68.225381216034293" lon="13.958774534985423">
        <ele>165.8359375</ele>
        <time>2014-06-23T16:23:59Z</time>
      </trkpt>
      <trkpt lat="68.225478529930115" lon="13.958843853324652">
        <ele>166.203125</ele>
        <time>2014-06-23T16:24:08Z</time>
      </trkpt>
      <trkpt lat="68.225524378940463" lon="13.958862880244851">
        <ele>166.41015625</ele>
        <time>2014-06-23T16:24:14Z</time>
      </trkpt>
      <trkpt lat="68.225580286234617" lon="13.958837315440178">
        <ele>166.88671875</ele>
        <time>2014-06-23T16:24:20Z</time>
      </trkpt>
      <trkpt lat="68.225709283724427" lon="13.958729524165392">
        <ele>168.640625</ele>
        <time>2014-06-23T16:24:34Z</time>
      </trkpt>
      <trkpt lat="68.225742056965828" lon="13.958682334050536">
        <ele>169.4375</ele>
        <time>2014-06-23T16:24:38Z</time>
      </trkpt>
      <trkpt lat="68.225805591791868" lon="13.958591306582093">
        <ele>171.05859375</ele>
        <time>2014-06-23T16:24:44Z</time>
      </trkpt>
      <trkpt lat="68.225904414430261" lon="13.95832534879446">
        <ele>174.69921875</ele>
        <time>2014-06-23T16:24:56Z</time>
      </trkpt>
      <trkpt lat="68.22592344135046" lon="13.958243541419506">
        <ele>175.67578125</ele>
        <time>2014-06-23T16:24:59Z</time>
      </trkpt>
      <trkpt lat="68.225998040288687" lon="13.95809811539948">
        <ele>177.3515625</ele>
        <time>2014-06-23T16:25:07Z</time>
      </trkpt>
      <trkpt lat="68.226065682247281" lon="13.958005579188466">
        <ele>178.203125</ele>
        <time>2014-06-23T16:25:14Z</time>
      </trkpt>
      <trkpt lat="68.226078758016229" lon="13.957945397123694">
        <ele>178.37109375</ele>
        <time>2014-06-23T16:25:16Z</time>
      </trkpt>
      <trkpt lat="68.22614086791873" lon="13.957574917003512">
        <ele>179.2109375</ele>
        <time>2014-06-23T16:25:29Z</time>
      </trkpt>
      <trkpt lat="68.226184789091349" lon="13.957388587296009">
        <ele>180.09765625</ele>
        <time>2014-06-23T16:25:41Z</time>
      </trkpt>
      <trkpt lat="68.226257208734751" lon="13.957027075812221">
        <ele>181.70703125</ele>
        <time>2014-06-23T16:25:54Z</time>
      </trkpt>
      <trkpt lat="68.226302051916718" lon="13.956845523789525">
        <ele>182.35546875</ele>
        <time>2014-06-23T16:26:00Z</time>
      </trkpt>
      <trkpt lat="68.226371370255947" lon="13.956843428313732">
        <ele>183.3515625</ele>
        <time>2014-06-23T16:26:07Z</time>
      </trkpt>
      <trkpt lat="68.226413112133741" lon="13.956774193793535">
        <ele>183.953125</ele>
        <time>2014-06-23T16:26:11Z</time>
      </trkpt>
      <trkpt lat="68.226553089916706" lon="13.956494824960828">
        <ele>185.96484375</ele>
        <time>2014-06-23T16:26:25Z</time>
      </trkpt>
      <trkpt lat="68.226571949198842" lon="13.956466242671013">
        <ele>186.1328125</ele>
        <time>2014-06-23T16:26:27Z</time>
      </trkpt>
      <trkpt lat="68.226719638332725" lon="13.956290809437633">
        <ele>187.62890625</ele>
        <time>2014-06-23T16:26:41Z</time>
      </trkpt>
      <trkpt lat="68.226754255592823" lon="13.956129122525454">
        <ele>187.546875</ele>
        <time>2014-06-23T16:26:51Z</time>
      </trkpt>
      <trkpt lat="68.226768840104342" lon="13.956149071455002">
        <ele>187.83984375</ele>
        <time>2014-06-23T16:27:21Z</time>
      </trkpt>
      <trkpt lat="68.226762553676963" lon="13.956150831654668">
        <ele>187.74609375</ele>
        <time>2014-06-23T16:27:51Z</time>
      </trkpt>
      <trkpt lat="68.226745538413525" lon="13.956160470843315">
        <ele>187.53515625</ele>
        <time>2014-06-23T16:28:30Z</time>
      </trkpt>
      <trkpt lat="68.226744197309017" lon="13.956173211336136">
        <ele>187.55859375</ele>
        <time>2014-06-23T16:29:10Z</time>
      </trkpt>
      <trkpt lat="68.226766576990485" lon="13.956199949607253">
        <ele>187.984375</ele>
        <time>2014-06-23T16:29:47Z</time>
      </trkpt>
      <trkpt lat="68.226746376603842" lon="13.956147478893399">
        <ele>187.5</ele>
        <time>2014-06-23T16:30:28Z</time>
      </trkpt>
      <trkpt lat="68.226780407130718" lon="13.956173378974199">
        <ele>188.1171875</ele>
        <time>2014-06-23T16:31:10Z</time>
      </trkpt>
      <trkpt lat="68.226802032440901" lon="13.956158710643649">
        <ele>188.42578125</ele>
        <time>2014-06-23T16:31:51Z</time>
      </trkpt>
      <trkpt lat="68.226761464029551" lon="13.956161895766854">
        <ele>187.76953125</ele>
        <time>2014-06-23T16:32:32Z</time>
      </trkpt>
      <trkpt lat="68.226754339411855" lon="13.956168852746487">
        <ele>187.69140625</ele>
        <time>2014-06-23T16:33:07Z</time>
      </trkpt>
      <trkpt lat="68.226772444322705" lon="13.956138091161847">
        <ele>187.86328125</ele>
        <time>2014-06-23T16:33:25Z</time>
      </trkpt>
      <trkpt lat="68.226769678294659" lon="13.956168601289392">
        <ele>187.92578125</ele>
        <time>2014-06-23T16:33:43Z</time>
      </trkpt>
      <trkpt lat="68.2267658226192" lon="13.956185951828957">
        <ele>187.921875</ele>
        <time>2014-06-23T16:33:45Z</time>
      </trkpt>
      <trkpt lat="68.226805469021201" lon="13.956365659832954">
        <ele>189.171875</ele>
        <time>2014-06-23T16:33:53Z</time>
      </trkpt>
      <trkpt lat="68.226843941956758" lon="13.956507984548807">
        <ele>190.16015625</ele>
        <time>2014-06-23T16:33:58Z</time>
      </trkpt>
      <trkpt lat="68.226899346336722" lon="13.956649219617248">
        <ele>190.9609375</ele>
        <time>2014-06-23T16:34:05Z</time>
      </trkpt>
      <trkpt lat="68.226939328014851" lon="13.956801183521748">
        <ele>191.53515625</ele>
        <time>2014-06-23T16:34:15Z</time>
      </trkpt>
      <trkpt lat="68.226968413218856" lon="13.956877207383513">
        <ele>191.95703125</ele>
        <time>2014-06-23T16:34:19Z</time>
      </trkpt>
      <trkpt lat="68.22709514759481" lon="13.956955410540104">
        <ele>193.78125</ele>
        <time>2014-06-23T16:34:30Z</time>
      </trkpt>
      <trkpt lat="68.227113168686628" lon="13.956965385004878">
        <ele>194.04296875</ele>
        <time>2014-06-23T16:34:32Z</time>
      </trkpt>
      <trkpt lat="68.227252559736371" lon="13.956806296482682">
        <ele>196.05078125</ele>
        <time>2014-06-23T16:34:46Z</time>
      </trkpt>
      <trkpt lat="68.227284159511328" lon="13.956783581525087">
        <ele>196.50390625</ele>
        <time>2014-06-23T16:34:49Z</time>
      </trkpt>
      <trkpt lat="68.227307796478271" lon="13.956734631210566">
        <ele>196.84375</ele>
        <time>2014-06-23T16:34:53Z</time>
      </trkpt>
      <trkpt lat="68.227360602468252" lon="13.956600436940789">
        <ele>197.59375</ele>
        <time>2014-06-23T16:35:00Z</time>
      </trkpt>
      <trkpt lat="68.227380886673927" lon="13.956572189927101">
        <ele>197.8828125</ele>
        <time>2014-06-23T16:35:02Z</time>
      </trkpt>
      <trkpt lat="68.227387256920338" lon="13.956443695351481">
        <ele>198.00390625</ele>
        <time>2014-06-23T16:35:06Z</time>
      </trkpt>
      <trkpt lat="68.227395638823509" lon="13.956273291260004">
        <ele>198.16796875</ele>
        <time>2014-06-23T16:35:11Z</time>
      </trkpt>
      <trkpt lat="68.227430423721671" lon="13.956157453358173">
        <ele>198.734375</ele>
        <time>2014-06-23T16:35:16Z</time>
      </trkpt>
      <trkpt lat="68.227560510858893" lon="13.95604052580893">
        <ele>200.84375</ele>
        <time>2014-06-23T16:35:29Z</time>
      </trkpt>
      <trkpt lat="68.227627063170075" lon="13.956067766994238">
        <ele>201.875</ele>
        <time>2014-06-23T16:35:36Z</time>
      </trkpt>
      <trkpt lat="68.227689927443862" lon="13.955969111993909">
        <ele>202.98828125</ele>
        <time>2014-06-23T16:35:42Z</time>
      </trkpt>
      <trkpt lat="68.227739967405796" lon="13.955834582448006">
        <ele>203.83203125</ele>
        <time>2014-06-23T16:35:48Z</time>
      </trkpt>
      <trkpt lat="68.227782296016812" lon="13.955768616870046">
        <ele>204.51953125</ele>
        <time>2014-06-23T16:35:52Z</time>
      </trkpt>
      <trkpt lat="68.22784767486155" lon="13.955670883879066">
        <ele>205.578125</ele>
        <time>2014-06-23T16:36:02Z</time>
      </trkpt>
      <trkpt lat="68.227870306000113" lon="13.955607265233994">
        <ele>205.9453125</ele>
        <time>2014-06-23T16:36:05Z</time>
      </trkpt>
      <trkpt lat="68.228006428107619" lon="13.955299900844693">
        <ele>208.1875</ele>
        <time>2014-06-23T16:36:21Z</time>
      </trkpt>
      <trkpt lat="68.228055713698268" lon="13.955194540321827">
        <ele>209.0625</ele>
        <time>2014-06-23T16:36:31Z</time>
      </trkpt>
      <trkpt lat="68.228049091994762" lon="13.95515657030046">
        <ele>208.97265625</ele>
        <time>2014-06-23T16:36:33Z</time>
      </trkpt>
      <trkpt lat="68.228008858859539" lon="13.955064285546541">
        <ele>208.33203125</ele>
        <time>2014-06-23T16:36:39Z</time>
      </trkpt>
      <trkpt lat="68.227972481399775" lon="13.954755244776607">
        <ele>207.77734375</ele>
        <time>2014-06-23T16:36:51Z</time>
      </trkpt>
      <trkpt lat="68.22794733569026" lon="13.95464301109314">
        <ele>207.32421875</ele>
        <time>2014-06-23T16:36:55Z</time>
      </trkpt>
      <trkpt lat="68.22794146835804" lon="13.954414436593652">
        <ele>207.21875</ele>
        <time>2014-06-23T16:37:03Z</time>
      </trkpt>
      <trkpt lat="68.227989664301276" lon="13.954045716673136">
        <ele>208.17578125</ele>
        <time>2014-06-23T16:37:16Z</time>
      </trkpt>
      <trkpt lat="68.227989329025149" lon="13.953968770802021">
        <ele>208.1953125</ele>
        <time>2014-06-23T16:37:18Z</time>
      </trkpt>
      <trkpt lat="68.228095024824142" lon="13.953541209921241">
        <ele>210.3828125</ele>
        <time>2014-06-23T16:37:34Z</time>
      </trkpt>
      <trkpt lat="68.228103322908282" lon="13.953528217971325">
        <ele>210.546875</ele>
        <time>2014-06-23T16:37:35Z</time>
      </trkpt>
      <trkpt lat="68.228179765865207" lon="13.95356803201139">
        <ele>212.0625</ele>
        <time>2014-06-23T16:37:47Z</time>
      </trkpt>
      <trkpt lat="68.2281852979213" lon="13.953561494126916">
        <ele>212.171875</ele>
        <time>2014-06-23T16:37:51Z</time>
      </trkpt>
      <trkpt lat="68.228203151375055" lon="13.953463928773999">
        <ele>212.52734375</ele>
        <time>2014-06-23T16:37:55Z</time>
      </trkpt>
      <trkpt lat="68.22821069508791" lon="13.953358316794038">
        <ele>212.67578125</ele>
        <time>2014-06-23T16:37:58Z</time>
      </trkpt>
      <trkpt lat="68.228219328448176" lon="13.953325711190701">
        <ele>212.84765625</ele>
        <time>2014-06-23T16:38:00Z</time>
      </trkpt>
      <trkpt lat="68.228261237964034" lon="13.953291848301888">
        <ele>213.67578125</ele>
        <time>2014-06-23T16:38:06Z</time>
      </trkpt>
      <trkpt lat="68.228279678151011" lon="13.953288579359651">
        <ele>214.04296875</ele>
        <time>2014-06-23T16:38:09Z</time>
      </trkpt>
      <trkpt lat="68.228299040347338" lon="13.953331578522921">
        <ele>214.42578125</ele>
        <time>2014-06-23T16:38:14Z</time>
      </trkpt>
      <trkpt lat="68.228349834680557" lon="13.953366279602051">
        <ele>215.43359375</ele>
        <time>2014-06-23T16:38:19Z</time>
      </trkpt>
      <trkpt lat="68.228432815521955" lon="13.953156564384699">
        <ele>217.0625</ele>
        <time>2014-06-23T16:38:30Z</time>
      </trkpt>
      <trkpt lat="68.228489309549332" lon="13.953124796971679">
        <ele>217.80859375</ele>
        <time>2014-06-23T16:38:42Z</time>
      </trkpt>
      <trkpt lat="68.228518813848495" lon="13.952775271609426">
        <ele>218.49609375</ele>
        <time>2014-06-23T16:38:53Z</time>
      </trkpt>
      <trkpt lat="68.228530129417777" lon="13.952678376808763">
        <ele>218.671875</ele>
        <time>2014-06-23T16:38:58Z</time>
      </trkpt>
      <trkpt lat="68.228494925424457" lon="13.952565724030137">
        <ele>218.39453125</ele>
        <time>2014-06-23T16:39:15Z</time>
      </trkpt>
      <trkpt lat="68.22849752381444" lon="13.952480731531978">
        <ele>218.26171875</ele>
        <time>2014-06-23T16:39:21Z</time>
      </trkpt>
      <trkpt lat="68.228499786928296" lon="13.952411580830812">
        <ele>218.15234375</ele>
        <time>2014-06-23T16:39:24Z</time>
      </trkpt>
      <trkpt lat="68.228487633168697" lon="13.952280655503273">
        <ele>217.828125</ele>
        <time>2014-06-23T16:39:29Z</time>
      </trkpt>
      <trkpt lat="68.228484112769365" lon="13.952226927503943">
        <ele>217.70703125</ele>
        <time>2014-06-23T16:39:31Z</time>
      </trkpt>
      <trkpt lat="68.228395180776715" lon="13.951890813186765">
        <ele>216.703125</ele>
        <time>2014-06-23T16:39:39Z</time>
      </trkpt>
      <trkpt lat="68.228393420577049" lon="13.951872624456882">
        <ele>216.70703125</ele>
        <time>2014-06-23T16:39:40Z</time>
      </trkpt>
      <trkpt lat="68.228365844115615" lon="13.951726611703634">
        <ele>216.51953125</ele>
        <time>2014-06-23T16:39:44Z</time>
      </trkpt>
      <trkpt lat="68.228350756689906" lon="13.951678751036525">
        <ele>216.36328125</ele>
        <time>2014-06-23T16:39:46Z</time>
      </trkpt>
      <trkpt lat="68.228317983448505" lon="13.951692832633853">
        <ele>215.78515625</ele>
        <time>2014-06-23T16:39:58Z</time>
      </trkpt>
      <trkpt lat="68.228326868265867" lon="13.951571714133024">
        <ele>216.19140625</ele>
        <time>2014-06-23T16:40:15Z</time>
      </trkpt>
      <trkpt lat="68.228310523554683" lon="13.951285555958748">
        <ele>216.7109375</ele>
        <time>2014-06-23T16:40:25Z</time>
      </trkpt>
      <trkpt lat="68.228310691192746" lon="13.95114834420383">
        <ele>217.12109375</ele>
        <time>2014-06-23T16:40:30Z</time>
      </trkpt>
      <trkpt lat="68.228351511061192" lon="13.950829245150089">
        <ele>218.4296875</ele>
        <time>2014-06-23T16:40:44Z</time>
      </trkpt>
      <trkpt lat="68.228374645113945" lon="13.950672755017877">
        <ele>218.99609375</ele>
        <time>2014-06-23T16:40:51Z</time>
      </trkpt>
      <trkpt lat="68.228411357849836" lon="13.950622128322721">
        <ele>219.42578125</ele>
        <time>2014-06-23T16:40:55Z</time>
      </trkpt>
      <trkpt lat="68.228432983160019" lon="13.95045549608767">
        <ele>219.89453125</ele>
        <time>2014-06-23T16:41:03Z</time>
      </trkpt>
      <trkpt lat="68.22843843139708" lon="13.950438061729074">
        <ele>219.9453125</ele>
        <time>2014-06-23T16:41:04Z</time>
      </trkpt>
      <trkpt lat="68.228436671197414" lon="13.950203116983175">
        <ele>220.37109375</ele>
        <time>2014-06-23T16:41:13Z</time>
      </trkpt>
      <trkpt lat="68.228443879634142" lon="13.950147796422243">
        <ele>220.51171875</ele>
        <time>2014-06-23T16:41:15Z</time>
      </trkpt>
      <trkpt lat="68.22846625931561" lon="13.949817633256316">
        <ele>221.359375</ele>
        <time>2014-06-23T16:41:28Z</time>
      </trkpt>
      <trkpt lat="68.228502050042152" lon="13.949563158676028">
        <ele>223.0546875</ele>
        <time>2014-06-23T16:41:37Z</time>
      </trkpt>
      <trkpt lat="68.228590479120612" lon="13.949260320514441">
        <ele>225.59765625</ele>
        <time>2014-06-23T16:41:50Z</time>
      </trkpt>
      <trkpt lat="68.228612691164017" lon="13.948985142633319">
        <ele>227.9453125</ele>
        <time>2014-06-23T16:42:00Z</time>
      </trkpt>
      <trkpt lat="68.228667005896568" lon="13.948883805423975">
        <ele>229.29296875</ele>
        <time>2014-06-23T16:42:15Z</time>
      </trkpt>
      <trkpt lat="68.228699946776032" lon="13.948839129880071">
        <ele>229.9921875</ele>
        <time>2014-06-23T16:42:33Z</time>
      </trkpt>
      <trkpt lat="68.228703802451491" lon="13.948742989450693">
        <ele>230.8125</ele>
        <time>2014-06-23T16:42:37Z</time>
      </trkpt>
      <trkpt lat="68.228702209889889" lon="13.948441324755549">
        <ele>234</ele>
        <time>2014-06-23T16:42:47Z</time>
      </trkpt>
      <trkpt lat="68.228686368092895" lon="13.94833386875689">
        <ele>234.9921875</ele>
        <time>2014-06-23T16:42:51Z</time>
      </trkpt>
      <trkpt lat="68.228681590408087" lon="13.948266310617328">
        <ele>235.66796875</ele>
        <time>2014-06-23T16:42:54Z</time>
      </trkpt>
      <trkpt lat="68.228687038645148" lon="13.948240075260401">
        <ele>236.01171875</ele>
        <time>2014-06-23T16:42:56Z</time>
      </trkpt>
      <trkpt lat="68.228731043636799" lon="13.948132200166583">
        <ele>237.65234375</ele>
        <time>2014-06-23T16:43:04Z</time>
      </trkpt>
      <trkpt lat="68.228757530450821" lon="13.948014434427023">
        <ele>239.2109375</ele>
        <time>2014-06-23T16:43:10Z</time>
      </trkpt>
      <trkpt lat="68.228757362812757" lon="13.94788627512753">
        <ele>240.59375</ele>
        <time>2014-06-23T16:43:15Z</time>
      </trkpt>
      <trkpt lat="68.228763649240136" lon="13.947828272357583">
        <ele>241.2890625</ele>
        <time>2014-06-23T16:43:17Z</time>
      </trkpt>
      <trkpt lat="68.228776305913925" lon="13.947702459990978">
        <ele>242.78515625</ele>
        <time>2014-06-23T16:43:33Z</time>
      </trkpt>
      <trkpt lat="68.228792063891888" lon="13.947656275704503">
        <ele>243.45703125</ele>
        <time>2014-06-23T16:43:37Z</time>
      </trkpt>
      <trkpt lat="68.228765912353992" lon="13.947542868554592">
        <ele>244.3203125</ele>
        <time>2014-06-23T16:43:42Z</time>
      </trkpt>
      <trkpt lat="68.228695252910256" lon="13.947245646268129">
        <ele>246.53125</ele>
        <time>2014-06-23T16:43:56Z</time>
      </trkpt>
      <trkpt lat="68.228676561266184" lon="13.947122516110539">
        <ele>247.58203125</ele>
        <time>2014-06-23T16:44:04Z</time>
      </trkpt>
      <trkpt lat="68.228640770539641" lon="13.946950016543269">
        <ele>249.3125</ele>
        <time>2014-06-23T16:44:15Z</time>
      </trkpt>
      <trkpt lat="68.228648565709591" lon="13.946838369593024">
        <ele>250.82421875</ele>
        <time>2014-06-23T16:44:29Z</time>
      </trkpt>
      <trkpt lat="68.228628281503916" lon="13.946739379316568">
        <ele>251.96875</ele>
        <time>2014-06-23T16:44:43Z</time>
      </trkpt>
      <trkpt lat="68.228592490777373" lon="13.946525808423758">
        <ele>254.57421875</ele>
        <time>2014-06-23T16:44:53Z</time>
      </trkpt>
      <trkpt lat="68.22862065397203" lon="13.946228250861168">
        <ele>258</ele>
        <time>2014-06-23T16:45:08Z</time>
      </trkpt>
      <trkpt lat="68.228633226826787" lon="13.946144431829453">
        <ele>258.97265625</ele>
        <time>2014-06-23T16:45:12Z</time>
      </trkpt>
      <trkpt lat="68.228651164099574" lon="13.946045860648155">
        <ele>260.13671875</ele>
        <time>2014-06-23T16:45:16Z</time>
      </trkpt>
      <trkpt lat="68.228668095543981" lon="13.945924825966358">
        <ele>261.51171875</ele>
        <time>2014-06-23T16:45:21Z</time>
      </trkpt>
      <trkpt lat="68.228677902370691" lon="13.945878809317946">
        <ele>262.015625</ele>
        <time>2014-06-23T16:45:23Z</time>
      </trkpt>
      <trkpt lat="68.228690475225449" lon="13.945763558149338">
        <ele>263.22265625</ele>
        <time>2014-06-23T16:45:28Z</time>
      </trkpt>
      <trkpt lat="68.228705478832126" lon="13.945603799074888">
        <ele>264.89453125</ele>
        <time>2014-06-23T16:45:34Z</time>
      </trkpt>
      <trkpt lat="68.228693827986717" lon="13.945248322561383">
        <ele>268.31640625</ele>
        <time>2014-06-23T16:45:48Z</time>
      </trkpt>
      <trkpt lat="68.228677064180374" lon="13.944968869909644">
        <ele>270.859375</ele>
        <time>2014-06-23T16:46:02Z</time>
      </trkpt>
      <trkpt lat="68.228677986189723" lon="13.944816067814827">
        <ele>272.3828125</ele>
        <time>2014-06-23T16:46:19Z</time>
      </trkpt>
      <trkpt lat="68.228689637035131" lon="13.944663181900978">
        <ele>274.30859375</ele>
        <time>2014-06-23T16:46:28Z</time>
      </trkpt>
      <trkpt lat="68.228689720854163" lon="13.944621859118342">
        <ele>274.79296875</ele>
        <time>2014-06-23T16:46:30Z</time>
      </trkpt>
      <trkpt lat="68.228695001453161" lon="13.944546924903989">
        <ele>275.73828125</ele>
        <time>2014-06-23T16:46:35Z</time>
      </trkpt>
      <trkpt lat="68.228695755824447" lon="13.944419184699655">
        <ele>277.23828125</ele>
        <time>2014-06-23T16:46:44Z</time>
      </trkpt>
      <trkpt lat="68.228708663955331" lon="13.9442787040025">
        <ele>279.0625</ele>
        <time>2014-06-23T16:46:58Z</time>
      </trkpt>
      <trkpt lat="68.228739760816097" lon="13.944109808653593">
        <ele>281.3359375</ele>
        <time>2014-06-23T16:47:09Z</time>
      </trkpt>
      <trkpt lat="68.228779910132289" lon="13.943951223045588">
        <ele>283.62890625</ele>
        <time>2014-06-23T16:47:20Z</time>
      </trkpt>
      <trkpt lat="68.228793572634459" lon="13.943796660751104">
        <ele>285.49609375</ele>
        <time>2014-06-23T16:47:30Z</time>
      </trkpt>
      <trkpt lat="68.228790052235126" lon="13.943736143410206">
        <ele>286.09765625</ele>
        <time>2014-06-23T16:47:45Z</time>
      </trkpt>
      <trkpt lat="68.22878678329289" lon="13.943742178380489">
        <ele>285.984375</ele>
        <time>2014-06-23T16:48:10Z</time>
      </trkpt>
      <trkpt lat="68.228801870718598" lon="13.943779729306698">
        <ele>285.796875</ele>
        <time>2014-06-23T16:48:48Z</time>
      </trkpt>
      <trkpt lat="68.228785609826446" lon="13.943794146180153">
        <ele>285.40625</ele>
        <time>2014-06-23T16:49:19Z</time>
      </trkpt>
      <trkpt lat="68.22878778912127" lon="13.943707058206201">
        <ele>286.3671875</ele>
        <time>2014-06-23T16:49:40Z</time>
      </trkpt>
      <trkpt lat="68.228799859061837" lon="13.943698760122061">
        <ele>286.625</ele>
        <time>2014-06-23T16:50:06Z</time>
      </trkpt>
      <trkpt lat="68.228817963972688" lon="13.94366942346096">
        <ele>287.19140625</ele>
        <time>2014-06-23T16:50:12Z</time>
      </trkpt>
      <trkpt lat="68.228831542655826" lon="13.943647043779492">
        <ele>287.62109375</ele>
        <time>2014-06-23T16:50:14Z</time>
      </trkpt>
      <trkpt lat="68.228919133543968" lon="13.943370776250958">
        <ele>291.83203125</ele>
        <time>2014-06-23T16:50:29Z</time>
      </trkpt>
      <trkpt lat="68.228978980332613" lon="13.943311432376504">
        <ele>293.40234375</ele>
        <time>2014-06-23T16:50:34Z</time>
      </trkpt>
      <trkpt lat="68.229026840999722" lon="13.943255105987191">
        <ele>294.78515625</ele>
        <time>2014-06-23T16:50:38Z</time>
      </trkpt>
      <trkpt lat="68.2291264180094" lon="13.943071290850639">
        <ele>298.16015625</ele>
        <time>2014-06-23T16:50:50Z</time>
      </trkpt>
      <trkpt lat="68.229172015562654" lon="13.942995350807905">
        <ele>299.51953125</ele>
        <time>2014-06-23T16:50:55Z</time>
      </trkpt>
      <trkpt lat="68.229282656684518" lon="13.942866856232285">
        <ele>302.28515625</ele>
        <time>2014-06-23T16:51:07Z</time>
      </trkpt>
      <trkpt lat="68.229300174862146" lon="13.942840956151485">
        <ele>302.7578125</ele>
        <time>2014-06-23T16:51:09Z</time>
      </trkpt>
      <trkpt lat="68.229361530393362" lon="13.942737523466349">
        <ele>304.4921875</ele>
        <time>2014-06-23T16:51:18Z</time>
      </trkpt>
      <trkpt lat="68.229371756315231" lon="13.942704414948821">
        <ele>304.8984375</ele>
        <time>2014-06-23T16:51:20Z</time>
      </trkpt>
      <trkpt lat="68.229418443515897" lon="13.942469637840986">
        <ele>307.51953125</ele>
        <time>2014-06-23T16:51:31Z</time>
      </trkpt>
      <trkpt lat="68.229421963915229" lon="13.942421106621623">
        <ele>307.98828125</ele>
        <time>2014-06-23T16:51:33Z</time>
      </trkpt>
      <trkpt lat="68.229431267827749" lon="13.942368216812611">
        <ele>308.5859375</ele>
        <time>2014-06-23T16:51:36Z</time>
      </trkpt>
      <trkpt lat="68.229447528719902" lon="13.942258497700095">
        <ele>309.7890625</ele>
        <time>2014-06-23T16:51:43Z</time>
      </trkpt>
      <trkpt lat="68.229481810703874" lon="13.942171828821301">
        <ele>311.0859375</ele>
        <time>2014-06-23T16:51:47Z</time>
      </trkpt>
      <trkpt lat="68.229490024968982" lon="13.942126231268048">
        <ele>311.62109375</ele>
        <time>2014-06-23T16:51:49Z</time>
      </trkpt>
      <trkpt lat="68.229513829573989" lon="13.942065965384245">
        <ele>312.5390625</ele>
        <time>2014-06-23T16:51:52Z</time>
      </trkpt>
      <trkpt lat="68.229586249217391" lon="13.941938895732164">
        <ele>314.73046875</ele>
        <time>2014-06-23T16:52:03Z</time>
      </trkpt>
      <trkpt lat="68.229593373835087" lon="13.941934201866388">
        <ele>314.89453125</ele>
        <time>2014-06-23T16:52:04Z</time>
      </trkpt>
      <trkpt lat="68.2296531368047" lon="13.94179305061698">
        <ele>316.7890625</ele>
        <time>2014-06-23T16:52:15Z</time>
      </trkpt>
      <trkpt lat="68.229669565334916" lon="13.941771844401956">
        <ele>317.171875</ele>
        <time>2014-06-23T16:52:17Z</time>
      </trkpt>
      <trkpt lat="68.229682808741927" lon="13.941735215485096">
        <ele>317.58203125</ele>
        <time>2014-06-23T16:52:19Z</time>
      </trkpt>
      <trkpt lat="68.229734105989337" lon="13.941590879112482">
        <ele>319.0546875</ele>
        <time>2014-06-23T16:52:29Z</time>
      </trkpt>
      <trkpt lat="68.229757407680154" lon="13.941482920199633">
        <ele>319.7578125</ele>
        <time>2014-06-23T16:52:35Z</time>
      </trkpt>
      <trkpt lat="68.229765286669135" lon="13.941472610458732">
        <ele>319.859375</ele>
        <time>2014-06-23T16:52:37Z</time>
      </trkpt>
      <trkpt lat="68.229779032990336" lon="13.941447213292122">
        <ele>320.03515625</ele>
        <time>2014-06-23T16:52:39Z</time>
      </trkpt>
      <trkpt lat="68.229806274175644" lon="13.941356185823679">
        <ele>320.375</ele>
        <time>2014-06-23T16:52:43Z</time>
      </trkpt>
      <trkpt lat="68.22981633245945" lon="13.941305475309491">
        <ele>320.4921875</ele>
        <time>2014-06-23T16:52:45Z</time>
      </trkpt>
      <trkpt lat="68.229857739061117" lon="13.941112104803324">
        <ele>320.91015625</ele>
        <time>2014-06-23T16:52:53Z</time>
      </trkpt>
      <trkpt lat="68.229880956932902" lon="13.941005319356918">
        <ele>321.09765625</ele>
        <time>2014-06-23T16:52:57Z</time>
      </trkpt>
      <trkpt lat="68.229896547272801" lon="13.94091697409749">
        <ele>321.19921875</ele>
        <time>2014-06-23T16:53:01Z</time>
      </trkpt>
      <trkpt lat="68.229930410161614" lon="13.940861653536558">
        <ele>321.45703125</ele>
        <time>2014-06-23T16:53:23Z</time>
      </trkpt>
      <trkpt lat="68.23000593110919" lon="13.940712120383978">
        <ele>321.91015625</ele>
        <time>2014-06-23T16:53:31Z</time>
      </trkpt>
      <trkpt lat="68.229988077655435" lon="13.940646406263113">
        <ele>321.703125</ele>
        <time>2014-06-23T16:53:43Z</time>
      </trkpt>
      <trkpt lat="68.229950023815036" lon="13.940553702414036">
        <ele>321.35546875</ele>
        <time>2014-06-23T16:54:04Z</time>
      </trkpt>
      <trkpt lat="68.229947593063116" lon="13.940545404329896">
        <ele>321.33203125</ele>
        <time>2014-06-23T16:54:24Z</time>
      </trkpt>
      <trkpt lat="68.229938121512532" lon="13.940545069053769">
        <ele>321.2734375</ele>
        <time>2014-06-23T16:54:50Z</time>
      </trkpt>
      <trkpt lat="68.229926219210029" lon="13.940553618595004">
        <ele>321.203125</ele>
        <time>2014-06-23T16:55:04Z</time>
      </trkpt>
      <trkpt lat="68.22992823086679" lon="13.940509529784322">
        <ele>321.18359375</ele>
        <time>2014-06-23T16:55:26Z</time>
      </trkpt>
      <trkpt lat="68.229915238916874" lon="13.940486647188663">
        <ele>321.08984375</ele>
        <time>2014-06-23T16:55:28Z</time>
      </trkpt>
      <trkpt lat="68.229794958606362" lon="13.940275590866804">
        <ele>320.28125</ele>
        <time>2014-06-23T16:55:39Z</time>
      </trkpt>
      <trkpt lat="68.229691861197352" lon="13.939933441579342">
        <ele>319.59375</ele>
        <time>2014-06-23T16:55:53Z</time>
      </trkpt>
      <trkpt lat="68.229645090177655" lon="13.939665975049138">
        <ele>318.8125</ele>
        <time>2014-06-23T16:56:04Z</time>
      </trkpt>
      <trkpt lat="68.229601001366973" lon="13.939573606476188">
        <ele>318.31640625</ele>
        <time>2014-06-23T16:56:09Z</time>
      </trkpt>
      <trkpt lat="68.229475356638432" lon="13.939289124682546">
        <ele>316.20703125</ele>
        <time>2014-06-23T16:56:21Z</time>
      </trkpt>
      <trkpt lat="68.229347113519907" lon="13.939039595425129">
        <ele>313.1171875</ele>
        <time>2014-06-23T16:56:33Z</time>
      </trkpt>
      <trkpt lat="68.229321464896202" lon="13.93900103867054">
        <ele>312.609375</ele>
        <time>2014-06-23T16:56:35Z</time>
      </trkpt>
      <trkpt lat="68.229189533740282" lon="13.9387924131006">
        <ele>310.16015625</ele>
        <time>2014-06-23T16:56:45Z</time>
      </trkpt>
      <trkpt lat="68.22911367751658" lon="13.93863751552999">
        <ele>308.375</ele>
        <time>2014-06-23T16:56:52Z</time>
      </trkpt>
      <trkpt lat="68.22905408218503" lon="13.938541458919644">
        <ele>306.98046875</ele>
        <time>2014-06-23T16:56:58Z</time>
      </trkpt>
      <trkpt lat="68.228925839066505" lon="13.938181959092617">
        <ele>302.4375</ele>
        <time>2014-06-23T16:57:12Z</time>
      </trkpt>
      <trkpt lat="68.228856856003404" lon="13.938055140897632">
        <ele>300.6015625</ele>
        <time>2014-06-23T16:57:17Z</time>
      </trkpt>
      <trkpt lat="68.228701036423445" lon="13.937919521704316">
        <ele>297.87890625</ele>
        <time>2014-06-23T16:57:28Z</time>
      </trkpt>
      <trkpt lat="68.228517975658178" lon="13.937924802303314">
        <ele>296.09375</ele>
        <time>2014-06-23T16:57:41Z</time>
      </trkpt>
      <trkpt lat="68.228360647335649" lon="13.937763702124357">
        <ele>293.61328125</ele>
        <time>2014-06-23T16:57:52Z</time>
      </trkpt>
      <trkpt lat="68.22824782691896" lon="13.937634453177452">
        <ele>291.82421875</ele>
        <time>2014-06-23T16:58:02Z</time>
      </trkpt>
      <trkpt lat="68.228161660954356" lon="13.937482992187142">
        <ele>289.60546875</ele>
        <time>2014-06-23T16:58:11Z</time>
      </trkpt>
      <trkpt lat="68.228125367313623" lon="13.937416272237897">
        <ele>288.62109375</ele>
        <time>2014-06-23T16:58:15Z</time>
      </trkpt>
      <trkpt lat="68.228097455576062" lon="13.937302865087986">
        <ele>287.1953125</ele>
        <time>2014-06-23T16:58:19Z</time>
      </trkpt>
      <trkpt lat="68.22805630043149" lon="13.937025340273976">
        <ele>284.015625</ele>
        <time>2014-06-23T16:58:29Z</time>
      </trkpt>
      <trkpt lat="68.227969463914633" lon="13.936869269236922">
        <ele>282.2265625</ele>
        <time>2014-06-23T16:58:37Z</time>
      </trkpt>
      <trkpt lat="68.22778363712132" lon="13.936639269813895">
        <ele>279.33203125</ele>
        <time>2014-06-23T16:58:50Z</time>
      </trkpt>
      <trkpt lat="68.227701326832175" lon="13.9364352542907">
        <ele>277.09765625</ele>
        <time>2014-06-23T16:58:58Z</time>
      </trkpt>
      <trkpt lat="68.227642569690943" lon="13.936323774978518">
        <ele>275.671875</ele>
        <time>2014-06-23T16:59:03Z</time>
      </trkpt>
      <trkpt lat="68.227527318522334" lon="13.936064941808581">
        <ele>272.5078125</ele>
        <time>2014-06-23T16:59:13Z</time>
      </trkpt>
      <trkpt lat="68.227445343509316" lon="13.93589680083096">
        <ele>270.4609375</ele>
        <time>2014-06-23T16:59:25Z</time>
      </trkpt>
      <trkpt lat="68.227445259690285" lon="13.935951283201575">
        <ele>270.89453125</ele>
        <time>2014-06-23T16:59:53Z</time>
      </trkpt>
      <trkpt lat="68.227333948016167" lon="13.935543419793248">
        <ele>267.1171875</ele>
        <time>2014-06-23T17:00:07Z</time>
      </trkpt>
      <trkpt lat="68.227211907505989" lon="13.935241084545851">
        <ele>264.171875</ele>
        <time>2014-06-23T17:00:21Z</time>
      </trkpt>
      <trkpt lat="68.227161364629865" lon="13.935133293271065">
        <ele>263.171875</ele>
        <time>2014-06-23T17:00:35Z</time>
      </trkpt>
      <trkpt lat="68.22711518034339" lon="13.93497915007174">
        <ele>261.95703125</ele>
        <time>2014-06-23T17:00:45Z</time>
      </trkpt>
      <trkpt lat="68.227069415152073" lon="13.934579165652394">
        <ele>261</ele>
        <time>2014-06-23T17:00:56Z</time>
      </trkpt>
      <trkpt lat="68.226963300257921" lon="13.934299377724528">
        <ele>261</ele>
        <time>2014-06-23T17:01:07Z</time>
      </trkpt>
      <trkpt lat="68.226870931684971" lon="13.934023529291153">
        <ele>260.90625</ele>
        <time>2014-06-23T17:01:18Z</time>
      </trkpt>
      <trkpt lat="68.226831033825874" lon="13.933935519307852">
        <ele>260.921875</ele>
        <time>2014-06-23T17:01:23Z</time>
      </trkpt>
      <trkpt lat="68.226762637495995" lon="13.933872655034065">
        <ele>260.99609375</ele>
        <time>2014-06-23T17:01:29Z</time>
      </trkpt>
      <trkpt lat="68.22666808962822" lon="13.933449201285839">
        <ele>260.5703125</ele>
        <time>2014-06-23T17:01:44Z</time>
      </trkpt>
      <trkpt lat="68.226659037172794" lon="13.932984508574009">
        <ele>260.2421875</ele>
        <time>2014-06-23T17:01:59Z</time>
      </trkpt>
      <trkpt lat="68.226646212860942" lon="13.932552253827453">
        <ele>259.50390625</ele>
        <time>2014-06-23T17:02:14Z</time>
      </trkpt>
      <trkpt lat="68.226592903956771" lon="13.932133074849844">
        <ele>257.1953125</ele>
        <time>2014-06-23T17:02:29Z</time>
      </trkpt>
      <trkpt lat="68.22665099054575" lon="13.931709537282586">
        <ele>257.84765625</ele>
        <time>2014-06-23T17:02:43Z</time>
      </trkpt>
      <trkpt lat="68.226658701896667" lon="13.9314947091043">
        <ele>257.90234375</ele>
        <time>2014-06-23T17:02:49Z</time>
      </trkpt>
      <trkpt lat="68.226644117385149" lon="13.931050635874271">
        <ele>256.98828125</ele>
        <time>2014-06-23T17:03:04Z</time>
      </trkpt>
      <trkpt lat="68.226645793765783" lon="13.930913340300322">
        <ele>256.82421875</ele>
        <time>2014-06-23T17:03:08Z</time>
      </trkpt>
      <trkpt lat="68.226707903668284" lon="13.930486533790827">
        <ele>257.2421875</ele>
        <time>2014-06-23T17:03:25Z</time>
      </trkpt>
      <trkpt lat="68.226709580048919" lon="13.930427525192499">
        <ele>257.171875</ele>
        <time>2014-06-23T17:03:39Z</time>
      </trkpt>
      <trkpt lat="68.226660965010524" lon="13.929929137229919">
        <ele>255.9609375</ele>
        <time>2014-06-23T17:03:54Z</time>
      </trkpt>
      <trkpt lat="68.226586701348424" lon="13.929490763694048">
        <ele>254.453125</ele>
        <time>2014-06-23T17:04:08Z</time>
      </trkpt>
      <trkpt lat="68.226499110460281" lon="13.929021628573537">
        <ele>252.40625</ele>
        <time>2014-06-23T17:04:25Z</time>
      </trkpt>
      <trkpt lat="68.226455189287663" lon="13.928944431245327">
        <ele>251.76953125</ele>
        <time>2014-06-23T17:04:46Z</time>
      </trkpt>
      <trkpt lat="68.226455189287663" lon="13.928960356861353">
        <ele>251.80859375</ele>
        <time>2014-06-23T17:05:10Z</time>
      </trkpt>
      <trkpt lat="68.226455021649599" lon="13.928869999945164">
        <ele>251.57421875</ele>
        <time>2014-06-23T17:05:36Z</time>
      </trkpt>
      <trkpt lat="68.226446555927396" lon="13.928829850628972">
        <ele>251.390625</ele>
        <time>2014-06-23T17:06:00Z</time>
      </trkpt>
      <trkpt lat="68.226447058841586" lon="13.928867401555181">
        <ele>251.4921875</ele>
        <time>2014-06-23T17:06:17Z</time>
      </trkpt>
      <trkpt lat="68.226414788514376" lon="13.92881752923131">
        <ele>251.0625</ele>
        <time>2014-06-23T17:06:21Z</time>
      </trkpt>
      <trkpt lat="68.226392744109035" lon="13.928316878154874">
        <ele>249.65625</ele>
        <time>2014-06-23T17:06:35Z</time>
      </trkpt>
      <trkpt lat="68.226338848471642" lon="13.927881019189954">
        <ele>248.27734375</ele>
        <time>2014-06-23T17:06:48Z</time>
      </trkpt>
      <trkpt lat="68.226309260353446" lon="13.927718997001648">
        <ele>247.74609375</ele>
        <time>2014-06-23T17:06:54Z</time>
      </trkpt>
      <trkpt lat="68.226279588416219" lon="13.927582455798984">
        <ele>247.30078125</ele>
        <time>2014-06-23T17:07:03Z</time>
      </trkpt>
      <trkpt lat="68.226250670850277" lon="13.927370477467775">
        <ele>246.734375</ele>
        <time>2014-06-23T17:07:07Z</time>
      </trkpt>
      <trkpt lat="68.226225525140762" lon="13.927209880203009">
        <ele>246.32421875</ele>
        <time>2014-06-23T17:07:11Z</time>
      </trkpt>
      <trkpt lat="68.226217478513718" lon="13.927020952105522">
        <ele>245.9453125</ele>
        <time>2014-06-23T17:07:17Z</time>
      </trkpt>
      <trkpt lat="68.226190321147442" lon="13.926722975447774">
        <ele>245.47265625</ele>
        <time>2014-06-23T17:07:26Z</time>
      </trkpt>
      <trkpt lat="68.226182190701365" lon="13.926272029057145">
        <ele>244.703125</ele>
        <time>2014-06-23T17:07:38Z</time>
      </trkpt>
      <trkpt lat="68.22613500058651" lon="13.925925856456161">
        <ele>244.3359375</ele>
        <time>2014-06-23T17:07:50Z</time>
      </trkpt>
      <trkpt lat="68.226117566227913" lon="13.925832817330956">
        <ele>244.26171875</ele>
        <time>2014-06-23T17:07:53Z</time>
      </trkpt>
      <trkpt lat="68.226091582328081" lon="13.925650091841817">
        <ele>244.07421875</ele>
        <time>2014-06-23T17:07:58Z</time>
      </trkpt>
      <trkpt lat="68.226029891520739" lon="13.925394359976053">
        <ele>243.9453125</ele>
        <time>2014-06-23T17:08:07Z</time>
      </trkpt>
      <trkpt lat="68.226038524881005" lon="13.92524273134768">
        <ele>243.625</ele>
        <time>2014-06-23T17:08:11Z</time>
      </trkpt>
      <trkpt lat="68.226025113835931" lon="13.925129072740674">
        <ele>243.4921875</ele>
        <time>2014-06-23T17:08:14Z</time>
      </trkpt>
      <trkpt lat="68.225902235135436" lon="13.924998734146357">
        <ele>243.921875</ele>
        <time>2014-06-23T17:08:23Z</time>
      </trkpt>
      <trkpt lat="68.225793773308396" lon="13.924876106902957">
        <ele>244.2890625</ele>
        <time>2014-06-23T17:08:33Z</time>
      </trkpt>
      <trkpt lat="68.225771896541119" lon="13.92482053488493">
        <ele>244.2421875</ele>
        <time>2014-06-23T17:08:36Z</time>
      </trkpt>
      <trkpt lat="68.225715821608901" lon="13.924709223210812">
        <ele>244.12890625</ele>
        <time>2014-06-23T17:08:44Z</time>
      </trkpt>
      <trkpt lat="68.225701320916414" lon="13.924583494663239">
        <ele>243.73828125</ele>
        <time>2014-06-23T17:08:53Z</time>
      </trkpt>
      <trkpt lat="68.225634433329105" lon="13.924334803596139">
        <ele>243.34765625</ele>
        <time>2014-06-23T17:09:00Z</time>
      </trkpt>
      <trkpt lat="68.225467130541801" lon="13.923826524987817">
        <ele>243.32421875</ele>
        <time>2014-06-23T17:09:07Z</time>
      </trkpt>
      <trkpt lat="68.225411809980869" lon="13.923679925501347">
        <ele>243.39453125</ele>
        <time>2014-06-23T17:09:11Z</time>
      </trkpt>
      <trkpt lat="68.225374007597566" lon="13.923656456172466">
        <ele>243.71875</ele>
        <time>2014-06-23T17:09:15Z</time>
      </trkpt>
      <trkpt lat="68.225333103910089" lon="13.923511952161789">
        <ele>243.640625</ele>
        <time>2014-06-23T17:09:21Z</time>
      </trkpt>
      <trkpt lat="68.225251799449325" lon="13.923217914998531">
        <ele>243.45703125</ele>
        <time>2014-06-23T17:09:34Z</time>
      </trkpt>
      <trkpt lat="68.225251128897071" lon="13.923181956633925">
        <ele>243.3359375</ele>
        <time>2014-06-23T17:09:50Z</time>
      </trkpt>
      <trkpt lat="68.225245932117105" lon="13.923108195886016">
        <ele>243.08984375</ele>
        <time>2014-06-23T17:10:12Z</time>
      </trkpt>
      <trkpt lat="68.225174602121115" lon="13.92293686978519">
        <ele>243.21875</ele>
        <time>2014-06-23T17:10:28Z</time>
      </trkpt>
      <trkpt lat="68.225139984861016" lon="13.922865958884358">
        <ele>243.35546875</ele>
        <time>2014-06-23T17:10:32Z</time>
      </trkpt>
      <trkpt lat="68.22505172342062" lon="13.922447366639972">
        <ele>241.67578125</ele>
        <time>2014-06-23T17:10:42Z</time>
      </trkpt>
      <trkpt lat="68.225032696500421" lon="13.922352148219943">
        <ele>240.98046875</ele>
        <time>2014-06-23T17:10:44Z</time>
      </trkpt>
      <trkpt lat="68.224869081750512" lon="13.922318452969193">
        <ele>241.90625</ele>
        <time>2014-06-23T17:10:58Z</time>
      </trkpt>
      <trkpt lat="68.224836308509111" lon="13.922205800190568">
        <ele>241.32421875</ele>
        <time>2014-06-23T17:11:13Z</time>
      </trkpt>
      <trkpt lat="68.224838906899095" lon="13.92220295034349">
        <ele>241.28125</ele>
        <time>2014-06-23T17:11:36Z</time>
      </trkpt>
      <trkpt lat="68.224856005981565" lon="13.922234885394573">
        <ele>241.37890625</ele>
        <time>2014-06-23T17:12:06Z</time>
      </trkpt>
      <trkpt lat="68.224789621308446" lon="13.92218585126102">
        <ele>241.56640625</ele>
        <time>2014-06-23T17:12:28Z</time>
      </trkpt>
      <trkpt lat="68.224763469770551" lon="13.922163723036647">
        <ele>241.62890625</ele>
        <time>2014-06-23T17:12:46Z</time>
      </trkpt>
      <trkpt lat="68.224660707637668" lon="13.922074288129807">
        <ele>241.94140625</ele>
        <time>2014-06-23T17:12:59Z</time>
      </trkpt>
      <trkpt lat="68.224405646324158" lon="13.922213008627295">
        <ele>244.92578125</ele>
        <time>2014-06-23T17:13:14Z</time>
      </trkpt>
      <trkpt lat="68.224302129819989" lon="13.922248128801584">
        <ele>245.97265625</ele>
        <time>2014-06-23T17:13:18Z</time>
      </trkpt>
      <trkpt lat="68.224235158413649" lon="13.922213846817613">
        <ele>246.38671875</ele>
        <time>2014-06-23T17:13:22Z</time>
      </trkpt>
      <trkpt lat="68.224209174513817" lon="13.922243686392903">
        <ele>246.73828125</ele>
        <time>2014-06-23T17:13:25Z</time>
      </trkpt>
      <trkpt lat="68.22410523891449" lon="13.922199429944158">
        <ele>247.44140625</ele>
        <time>2014-06-23T17:13:37Z</time>
      </trkpt>
      <trkpt lat="68.223966769874096" lon="13.922069175168872">
        <ele>248.3203125</ele>
        <time>2014-06-23T17:13:49Z</time>
      </trkpt>
      <trkpt lat="68.223742553964257" lon="13.921938920393586">
        <ele>251.80078125</ele>
        <time>2014-06-23T17:14:02Z</time>
      </trkpt>
      <trkpt lat="68.223697207868099" lon="13.921781172975898">
        <ele>252.47265625</ele>
        <time>2014-06-23T17:14:10Z</time>
      </trkpt>
      <trkpt lat="68.223615065217018" lon="13.921734234318137">
        <ele>254.0390625</ele>
        <time>2014-06-23T17:14:20Z</time>
      </trkpt>
      <trkpt lat="68.223573910072446" lon="13.921443801373243">
        <ele>254.96484375</ele>
        <time>2014-06-23T17:14:31Z</time>
      </trkpt>
      <trkpt lat="68.223627302795649" lon="13.920831419527531">
        <ele>253.79296875</ele>
        <time>2014-06-23T17:14:49Z</time>
      </trkpt>
      <trkpt lat="68.223658064380288" lon="13.92027192749083">
        <ele>252.92578125</ele>
        <time>2014-06-23T17:15:05Z</time>
      </trkpt>
      <trkpt lat="68.223676420748234" lon="13.919738838449121">
        <ele>251.4609375</ele>
        <time>2014-06-23T17:15:20Z</time>
      </trkpt>
      <trkpt lat="68.223663428798318" lon="13.91939333640039">
        <ele>251.07421875</ele>
        <time>2014-06-23T17:15:33Z</time>
      </trkpt>
      <trkpt lat="68.22368698194623" lon="13.919106423854828">
        <ele>249.0546875</ele>
        <time>2014-06-23T17:15:53Z</time>
      </trkpt>
      <trkpt lat="68.223702488467097" lon="13.91852748580277">
        <ele>244.8671875</ele>
        <time>2014-06-23T17:16:06Z</time>
      </trkpt>
      <trkpt lat="68.223697626963258" lon="13.917956007644534">
        <ele>239.83203125</ele>
        <time>2014-06-23T17:16:20Z</time>
      </trkpt>
      <trkpt lat="68.223693436011672" lon="13.917313870042562">
        <ele>236.87890625</ele>
        <time>2014-06-23T17:16:36Z</time>
      </trkpt>
      <trkpt lat="68.223689496517181" lon="13.916656142100692">
        <ele>236.21484375</ele>
        <time>2014-06-23T17:16:53Z</time>
      </trkpt>
      <trkpt lat="68.223685221746564" lon="13.91604870557785">
        <ele>234.7578125</ele>
        <time>2014-06-23T17:17:09Z</time>
      </trkpt>
      <trkpt lat="68.22369284927845" lon="13.915441101416945">
        <ele>234.36328125</ele>
        <time>2014-06-23T17:17:25Z</time>
      </trkpt>
      <trkpt lat="68.223699470981956" lon="13.91537731513381">
        <ele>234.19140625</ele>
        <time>2014-06-23T17:17:27Z</time>
      </trkpt>
      <trkpt lat="68.223687652498484" lon="13.915275977924466">
        <ele>234.36328125</ele>
        <time>2014-06-23T17:17:31Z</time>
      </trkpt>
      <trkpt lat="68.223696369677782" lon="13.914663763716817">
        <ele>233.13671875</ele>
        <time>2014-06-23T17:17:47Z</time>
      </trkpt>
      <trkpt lat="68.223677761852741" lon="13.91396421007812">
        <ele>230.953125</ele>
        <time>2014-06-23T17:18:05Z</time>
      </trkpt>
      <trkpt lat="68.223695615306497" lon="13.91348585486412">
        <ele>227.85546875</ele>
        <time>2014-06-23T17:18:19Z</time>
      </trkpt>
      <trkpt lat="68.223776249215007" lon="13.912816140800714">
        <ele>220.70703125</ele>
        <time>2014-06-23T17:18:36Z</time>
      </trkpt>
      <trkpt lat="68.223699973896146" lon="13.912233011797071">
        <ele>221.59765625</ele>
        <time>2014-06-23T17:18:51Z</time>
      </trkpt>
      <trkpt lat="68.223607186228037" lon="13.911603530868888">
        <ele>222.87890625</ele>
        <time>2014-06-23T17:19:07Z</time>
      </trkpt>
      <trkpt lat="68.22359318844974" lon="13.910951418802142">
        <ele>224.67578125</ele>
        <time>2014-06-23T17:19:24Z</time>
      </trkpt>
      <trkpt lat="68.223639624193311" lon="13.910201322287321">
        <ele>224.8203125</ele>
        <time>2014-06-23T17:19:43Z</time>
      </trkpt>
      <trkpt lat="68.223696034401655" lon="13.90950889326632">
        <ele>224.5625</ele>
        <time>2014-06-23T17:20:01Z</time>
      </trkpt>
      <trkpt lat="68.223757725208998" lon="13.90885217115283">
        <ele>223.859375</ele>
        <time>2014-06-23T17:20:18Z</time>
      </trkpt>
      <trkpt lat="68.223894014954567" lon="13.90833274461329">
        <ele>222.796875</ele>
        <time>2014-06-23T17:20:35Z</time>
      </trkpt>
      <trkpt lat="68.224139772355556" lon="13.907936029136181">
        <ele>220.203125</ele>
        <time>2014-06-23T17:20:54Z</time>
      </trkpt>
      <trkpt lat="68.224317384883761" lon="13.907660096883774">
        <ele>218.40625</ele>
        <time>2014-06-23T17:21:07Z</time>
      </trkpt>
      <trkpt lat="68.224488543346524" lon="13.907268159091473">
        <ele>216.58203125</ele>
        <time>2014-06-23T17:21:20Z</time>
      </trkpt>
      <trkpt lat="68.224593317136168" lon="13.906634068116546">
        <ele>215.17578125</ele>
        <time>2014-06-23T17:21:36Z</time>
      </trkpt>
      <trkpt lat="68.224638663232327" lon="13.906027637422085">
        <ele>212.796875</ele>
        <time>2014-06-23T17:21:52Z</time>
      </trkpt>
      <trkpt lat="68.224684093147516" lon="13.905369574204087">
        <ele>208.91796875</ele>
        <time>2014-06-23T17:22:08Z</time>
      </trkpt>
      <trkpt lat="68.224742012098432" lon="13.904849477112293">
        <ele>205.1484375</ele>
        <time>2014-06-23T17:22:22Z</time>
      </trkpt>
      <trkpt lat="68.224781239405274" lon="13.904506992548704">
        <ele>203.2109375</ele>
        <time>2014-06-23T17:22:31Z</time>
      </trkpt>
      <trkpt lat="68.224821304902434" lon="13.903967533260584">
        <ele>201.3828125</ele>
        <time>2014-06-23T17:22:44Z</time>
      </trkpt>
      <trkpt lat="68.224826836958528" lon="13.903590934351087">
        <ele>200.6953125</ele>
        <time>2014-06-23T17:22:53Z</time>
      </trkpt>
      <trkpt lat="68.224825412034988" lon="13.902946030721068">
        <ele>199.55078125</ele>
        <time>2014-06-23T17:23:09Z</time>
      </trkpt>
      <trkpt lat="68.224823987111449" lon="13.90273748897016">
        <ele>199.17578125</ele>
        <time>2014-06-23T17:23:20Z</time>
      </trkpt>
      <trkpt lat="68.224812168627977" lon="13.902685102075338">
        <ele>199.08203125</ele>
        <time>2014-06-23T17:23:22Z</time>
      </trkpt>
      <trkpt lat="68.224792722612619" lon="13.902030223980546">
        <ele>199.39453125</ele>
        <time>2014-06-23T17:23:40Z</time>
      </trkpt>
      <trkpt lat="68.224801272153854" lon="13.901357492431998">
        <ele>198.93359375</ele>
        <time>2014-06-23T17:23:57Z</time>
      </trkpt>
      <trkpt lat="68.224827842786908" lon="13.900856086984277">
        <ele>199.02734375</ele>
        <time>2014-06-23T17:24:11Z</time>
      </trkpt>
      <trkpt lat="68.224835973232985" lon="13.900011777877808">
        <ele>199.4453125</ele>
        <time>2014-06-23T17:24:32Z</time>
      </trkpt>
      <trkpt lat="68.224800182506442" lon="13.899389756843448">
        <ele>200.24609375</ele>
        <time>2014-06-23T17:24:48Z</time>
      </trkpt>
      <trkpt lat="68.22478299960494" lon="13.899208456277847">
        <ele>200.40234375</ele>
        <time>2014-06-23T17:24:53Z</time>
      </trkpt>
      <trkpt lat="68.224731786176562" lon="13.898784667253494">
        <ele>200.64453125</ele>
        <time>2014-06-23T17:25:06Z</time>
      </trkpt>
      <trkpt lat="68.224724410101771" lon="13.898447882384062">
        <ele>201.20703125</ele>
        <time>2014-06-23T17:25:18Z</time>
      </trkpt>
      <trkpt lat="68.224723320454359" lon="13.898355849087238">
        <ele>201.3671875</ele>
        <time>2014-06-23T17:25:21Z</time>
      </trkpt>
      <trkpt lat="68.224744107574224" lon="13.897708598524332">
        <ele>203.4140625</ele>
        <time>2014-06-23T17:25:38Z</time>
      </trkpt>
      <trkpt lat="68.224803954362869" lon="13.897258071228862">
        <ele>203.16015625</ele>
        <time>2014-06-23T17:25:50Z</time>
      </trkpt>
      <trkpt lat="68.224914260208607" lon="13.896671254187822">
        <ele>202.50390625</ele>
        <time>2014-06-23T17:26:07Z</time>
      </trkpt>
      <trkpt lat="68.225039904937148" lon="13.896296331658959">
        <ele>202.02734375</ele>
        <time>2014-06-23T17:26:21Z</time>
      </trkpt>
      <trkpt lat="68.225239897146821" lon="13.896015621721745">
        <ele>202.41796875</ele>
        <time>2014-06-23T17:26:38Z</time>
      </trkpt>
      <trkpt lat="68.225499149411917" lon="13.895918391644955">
        <ele>204.4296875</ele>
        <time>2014-06-23T17:26:55Z</time>
      </trkpt>
      <trkpt lat="68.225672990083694" lon="13.895450849086046">
        <ele>204.35546875</ele>
        <time>2014-06-23T17:27:12Z</time>
      </trkpt>
      <trkpt lat="68.225721018388867" lon="13.894862355664372">
        <ele>202.71875</ele>
        <time>2014-06-23T17:27:28Z</time>
      </trkpt>
      <trkpt lat="68.225702997297049" lon="13.894684072583914">
        <ele>201.8515625</ele>
        <time>2014-06-23T17:27:35Z</time>
      </trkpt>
      <trkpt lat="68.225563606247306" lon="13.894349383190274">
        <ele>199.953125</ele>
        <time>2014-06-23T17:27:49Z</time>
      </trkpt>
      <trkpt lat="68.225393705070019" lon="13.894017543643713">
        <ele>198.71875</ele>
        <time>2014-06-23T17:28:04Z</time>
      </trkpt>
      <trkpt lat="68.22536394931376" lon="13.893967838957906">
        <ele>198.5625</ele>
        <time>2014-06-23T17:28:07Z</time>
      </trkpt>
      <trkpt lat="68.225289518013597" lon="13.893712610006332">
        <ele>197.89453125</ele>
        <time>2014-06-23T17:28:17Z</time>
      </trkpt>
      <trkpt lat="68.225233694538474" lon="13.893606578931212">
        <ele>197.6640625</ele>
        <time>2014-06-23T17:28:23Z</time>
      </trkpt>
      <trkpt lat="68.225073684006929" lon="13.89330055564642">
        <ele>197.21484375</ele>
        <time>2014-06-23T17:28:38Z</time>
      </trkpt>
      <trkpt lat="68.224944518879056" lon="13.892941810190678">
        <ele>196.59765625</ele>
        <time>2014-06-23T17:28:52Z</time>
      </trkpt>
      <trkpt lat="68.224823735654354" lon="13.892690856009722">
        <ele>196.5625</ele>
        <time>2014-06-23T17:29:03Z</time>
      </trkpt>
      <trkpt lat="68.224744442850351" lon="13.892477871850133">
        <ele>196.796875</ele>
        <time>2014-06-23T17:29:12Z</time>
      </trkpt>
      <trkpt lat="68.224740084260702" lon="13.892320962622762">
        <ele>196.72265625</ele>
        <time>2014-06-23T17:29:17Z</time>
      </trkpt>
      <trkpt lat="68.224717453122139" lon="13.891995744779706">
        <ele>196.56640625</ele>
        <time>2014-06-23T17:29:27Z</time>
      </trkpt>
      <trkpt lat="68.224695911630988" lon="13.891941430047154">
        <ele>196.625</ele>
        <time>2014-06-23T17:29:31Z</time>
      </trkpt>
      <trkpt lat="68.224646123126149" lon="13.891515210270882">
        <ele>196.23828125</ele>
        <time>2014-06-23T17:29:45Z</time>
      </trkpt>
      <trkpt lat="68.224633801728487" lon="13.891148585826159">
        <ele>196.11328125</ele>
        <time>2014-06-23T17:29:59Z</time>
      </trkpt>
      <trkpt lat="68.224616451188922" lon="13.891051271930337">
        <ele>196.234375</ele>
        <time>2014-06-23T17:30:05Z</time>
      </trkpt>
      <trkpt lat="68.224496589973569" lon="13.890768885612488">
        <ele>197.4765625</ele>
        <time>2014-06-23T17:30:20Z</time>
      </trkpt>
      <trkpt lat="68.224449651315808" lon="13.890458839014173">
        <ele>198.1484375</ele>
        <time>2014-06-23T17:30:32Z</time>
      </trkpt>
      <trkpt lat="68.224392905831337" lon="13.890068829059601">
        <ele>200.640625</ele>
        <time>2014-06-23T17:30:45Z</time>
      </trkpt>
      <trkpt lat="68.224401287734509" lon="13.889688961207867">
        <ele>201.93359375</ele>
        <time>2014-06-23T17:30:59Z</time>
      </trkpt>
      <trkpt lat="68.224402293562889" lon="13.889663647860289">
        <ele>201.98046875</ele>
        <time>2014-06-23T17:31:00Z</time>
      </trkpt>
      <trkpt lat="68.224368514493108" lon="13.889293922111392">
        <ele>203.203125</ele>
        <time>2014-06-23T17:31:15Z</time>
      </trkpt>
      <trkpt lat="68.224362814798951" lon="13.889259388670325">
        <ele>203.296875</ele>
        <time>2014-06-23T17:31:17Z</time>
      </trkpt>
      <trkpt lat="68.224311098456383" lon="13.889144640415907">
        <ele>204.04296875</ele>
        <time>2014-06-23T17:31:25Z</time>
      </trkpt>
      <trkpt lat="68.224291233345866" lon="13.889062581583858">
        <ele>204.37109375</ele>
        <time>2014-06-23T17:31:29Z</time>
      </trkpt>
      <trkpt lat="68.224220909178257" lon="13.888839371502399">
        <ele>205.55078125</ele>
        <time>2014-06-23T17:31:42Z</time>
      </trkpt>
      <trkpt lat="68.224171036854386" lon="13.888850435614586">
        <ele>206.2421875</ele>
        <time>2014-06-23T17:31:47Z</time>
      </trkpt>
      <trkpt lat="68.224049331620336" lon="13.888783296570182">
        <ele>208.06640625</ele>
        <time>2014-06-23T17:32:02Z</time>
      </trkpt>
      <trkpt lat="68.224009601399302" lon="13.888779357075691">
        <ele>208.64453125</ele>
        <time>2014-06-23T17:32:08Z</time>
      </trkpt>
      <trkpt lat="68.223869707435369" lon="13.888737363740802">
        <ele>210.9140625</ele>
        <time>2014-06-23T17:32:23Z</time>
      </trkpt>
      <trkpt lat="68.223757892847061" lon="13.888635272160172">
        <ele>212.80859375</ele>
        <time>2014-06-23T17:32:36Z</time>
      </trkpt>
      <trkpt lat="68.223648006096482" lon="13.888506777584553">
        <ele>214.77734375</ele>
        <time>2014-06-23T17:32:50Z</time>
      </trkpt>
      <trkpt lat="68.223582962527871" lon="13.888492863625288">
        <ele>215.90234375</ele>
        <time>2014-06-23T17:32:57Z</time>
      </trkpt>
      <trkpt lat="68.223524121567607" lon="13.888370236381888">
        <ele>217.09375</ele>
        <time>2014-06-23T17:33:03Z</time>
      </trkpt>
      <trkpt lat="68.223420102149248" lon="13.888351796194911">
        <ele>218.87890625</ele>
        <time>2014-06-23T17:33:17Z</time>
      </trkpt>
      <trkpt lat="68.22332295589149" lon="13.888160018250346">
        <ele>220.359375</ele>
        <time>2014-06-23T17:33:33Z</time>
      </trkpt>
      <trkpt lat="68.223290350288153" lon="13.888135459274054">
        <ele>220.7890625</ele>
        <time>2014-06-23T17:33:36Z</time>
      </trkpt>
      <trkpt lat="68.223247854039073" lon="13.88788852840662">
        <ele>221.5078125</ele>
        <time>2014-06-23T17:33:47Z</time>
      </trkpt>
      <trkpt lat="68.223191779106855" lon="13.887759782373905">
        <ele>222.61328125</ele>
        <time>2014-06-23T17:33:57Z</time>
      </trkpt>
      <trkpt lat="68.223165292292833" lon="13.887607315555215">
        <ele>223.31640625</ele>
        <time>2014-06-23T17:34:03Z</time>
      </trkpt>
      <trkpt lat="68.223121874034405" lon="13.887518970295787">
        <ele>224.3046875</ele>
        <time>2014-06-23T17:34:17Z</time>
      </trkpt>
      <trkpt lat="68.223093040287495" lon="13.887454262003303">
        <ele>225.0078125</ele>
        <time>2014-06-23T17:34:43Z</time>
      </trkpt>
      <trkpt lat="68.223044173792005" lon="13.887449651956558">
        <ele>226.078125</ele>
        <time>2014-06-23T17:34:52Z</time>
      </trkpt>
      <trkpt lat="68.223040821030736" lon="13.887261897325516">
        <ele>226.52734375</ele>
        <time>2014-06-23T17:35:06Z</time>
      </trkpt>
      <trkpt lat="68.223034115508199" lon="13.88717707246542">
        <ele>226.859375</ele>
        <time>2014-06-23T17:35:10Z</time>
      </trkpt>
      <trkpt lat="68.222998911514878" lon="13.886955454945564">
        <ele>228.08984375</ele>
        <time>2014-06-23T17:35:18Z</time>
      </trkpt>
      <trkpt lat="68.222980638965964" lon="13.886788571253419">
        <ele>228.86328125</ele>
        <time>2014-06-23T17:35:26Z</time>
      </trkpt>
      <trkpt lat="68.222925569862127" lon="13.886486236006021">
        <ele>231.296875</ele>
        <time>2014-06-23T17:35:42Z</time>
      </trkpt>
      <trkpt lat="68.222870165482163" lon="13.886355143040419">
        <ele>233.39453125</ele>
        <time>2014-06-23T17:35:50Z</time>
      </trkpt>
      <trkpt lat="68.222782406955957" lon="13.886105781421065">
        <ele>234.9921875</ele>
        <time>2014-06-23T17:36:04Z</time>
      </trkpt>
      <trkpt lat="68.222726918756962" lon="13.885862873867154">
        <ele>236.234375</ele>
        <time>2014-06-23T17:36:17Z</time>
      </trkpt>
      <trkpt lat="68.222658606246114" lon="13.885794812813401">
        <ele>237.47265625</ele>
        <time>2014-06-23T17:36:27Z</time>
      </trkpt>
      <trkpt lat="68.222566153854132" lon="13.885570848360658">
        <ele>239.8125</ele>
        <time>2014-06-23T17:36:42Z</time>
      </trkpt>
      <trkpt lat="68.222532039508224" lon="13.885149406269193">
        <ele>240.484375</ele>
        <time>2014-06-23T17:36:56Z</time>
      </trkpt>
      <trkpt lat="68.222503960132599" lon="13.885025270283222">
        <ele>241.28515625</ele>
        <time>2014-06-23T17:37:01Z</time>
      </trkpt>
      <trkpt lat="68.222364149987698" lon="13.884803904220462">
        <ele>246.50390625</ele>
        <time>2014-06-23T17:37:15Z</time>
      </trkpt>
      <trkpt lat="68.222224256023765" lon="13.884635511785746">
        <ele>249.0625</ele>
        <time>2014-06-23T17:37:29Z</time>
      </trkpt>
      <trkpt lat="68.222208498045802" lon="13.884524619206786">
        <ele>248.6640625</ele>
        <time>2014-06-23T17:37:36Z</time>
      </trkpt>
      <trkpt lat="68.222115961834788" lon="13.884354215115309">
        <ele>250.10546875</ele>
        <time>2014-06-23T17:37:51Z</time>
      </trkpt>
      <trkpt lat="68.222087966278195" lon="13.884301660582423">
        <ele>250.640625</ele>
        <time>2014-06-23T17:38:05Z</time>
      </trkpt>
      <trkpt lat="68.222038177773356" lon="13.884103177115321">
        <ele>251.2265625</ele>
        <time>2014-06-23T17:38:17Z</time>
      </trkpt>
      <trkpt lat="68.221957795321941" lon="13.883928330615163">
        <ele>253.4921875</ele>
        <time>2014-06-23T17:38:33Z</time>
      </trkpt>
      <trkpt lat="68.221911694854498" lon="13.883833950385451">
        <ele>255.0859375</ele>
        <time>2014-06-23T17:38:45Z</time>
      </trkpt>
      <trkpt lat="68.22190155275166" lon="13.883826741948724">
        <ele>255.48046875</ele>
        <time>2014-06-23T17:38:48Z</time>
      </trkpt>
      <trkpt lat="68.221847489476204" lon="13.883691960945725">
        <ele>257.41796875</ele>
        <time>2014-06-23T17:38:59Z</time>
      </trkpt>
      <trkpt lat="68.221791414543986" lon="13.88340194709599">
        <ele>259.1640625</ele>
        <time>2014-06-23T17:39:14Z</time>
      </trkpt>
      <trkpt lat="68.22167775593698" lon="13.88338677585125">
        <ele>261.66015625</ele>
        <time>2014-06-23T17:39:28Z</time>
      </trkpt>
      <trkpt lat="68.221574490889907" lon="13.8831976801157">
        <ele>263.375</ele>
        <time>2014-06-23T17:39:40Z</time>
      </trkpt>
      <trkpt lat="68.221508944407105" lon="13.882772633805871">
        <ele>262.91796875</ele>
        <time>2014-06-23T17:39:55Z</time>
      </trkpt>
      <trkpt lat="68.22150525636971" lon="13.882751427590847">
        <ele>263.00390625</ele>
        <time>2014-06-23T17:39:56Z</time>
      </trkpt>
      <trkpt lat="68.221447253599763" lon="13.882382623851299">
        <ele>267.2578125</ele>
        <time>2014-06-23T17:40:10Z</time>
      </trkpt>
      <trkpt lat="68.22139386087656" lon="13.882303666323423">
        <ele>270.33203125</ele>
        <time>2014-06-23T17:40:17Z</time>
      </trkpt>
      <trkpt lat="68.221248351037502" lon="13.882016502320766">
        <ele>278.6640625</ele>
        <time>2014-06-23T17:40:35Z</time>
      </trkpt>
      <trkpt lat="68.221184480935335" lon="13.881784910336137">
        <ele>281.40625</ele>
        <time>2014-06-23T17:40:47Z</time>
      </trkpt>
      <trkpt lat="68.221136787906289" lon="13.881486346945167">
        <ele>282.3515625</ele>
        <time>2014-06-23T17:41:03Z</time>
      </trkpt>
      <trkpt lat="68.221139889210463" lon="13.881453322246671">
        <ele>282.3828125</ele>
        <time>2014-06-23T17:41:05Z</time>
      </trkpt>
      <trkpt lat="68.22107769548893" lon="13.881111675873399">
        <ele>282.69921875</ele>
        <time>2014-06-23T17:41:21Z</time>
      </trkpt>
      <trkpt lat="68.221000917255878" lon="13.880938589572906">
        <ele>284.13671875</ele>
        <time>2014-06-23T17:41:36Z</time>
      </trkpt>
      <trkpt lat="68.220958672463894" lon="13.880696436390281">
        <ele>288.00390625</ele>
        <time>2014-06-23T17:41:51Z</time>
      </trkpt>
      <trkpt lat="68.220930425450206" lon="13.880416816100478">
        <ele>292.625</ele>
        <time>2014-06-23T17:42:05Z</time>
      </trkpt>
      <trkpt lat="68.220891198143363" lon="13.880101153627038">
        <ele>294.9453125</ele>
        <time>2014-06-23T17:42:20Z</time>
      </trkpt>
      <trkpt lat="68.220847276970744" lon="13.879931839182973">
        <ele>297.4375</ele>
        <time>2014-06-23T17:42:34Z</time>
      </trkpt>
      <trkpt lat="68.220781730487943" lon="13.879649704322219">
        <ele>305.85546875</ele>
        <time>2014-06-23T17:42:50Z</time>
      </trkpt>
      <trkpt lat="68.22073370218277" lon="13.879430601373315">
        <ele>313.66796875</ele>
        <time>2014-06-23T17:43:03Z</time>
      </trkpt>
      <trkpt lat="68.220736803486943" lon="13.879293138161302">
        <ele>316.40234375</ele>
        <time>2014-06-23T17:43:17Z</time>
      </trkpt>
      <trkpt lat="68.220758009701967" lon="13.879160955548286">
        <ele>316.140625</ele>
        <time>2014-06-23T17:43:27Z</time>
      </trkpt>
      <trkpt lat="68.220670418813825" lon="13.87912935577333">
        <ele>321.52734375</ele>
        <time>2014-06-23T17:43:40Z</time>
      </trkpt>
      <trkpt lat="68.220636304467916" lon="13.879060707986355">
        <ele>322.62109375</ele>
        <time>2014-06-23T17:43:57Z</time>
      </trkpt>
      <trkpt lat="68.220664048567414" lon="13.878944618627429">
        <ele>323.23828125</ele>
        <time>2014-06-23T17:44:08Z</time>
      </trkpt>
      <trkpt lat="68.220671005547047" lon="13.878772957250476">
        <ele>324.078125</ele>
        <time>2014-06-23T17:44:19Z</time>
      </trkpt>
      <trkpt lat="68.220569584518671" lon="13.878855099901557">
        <ele>323.69140625</ele>
        <time>2014-06-23T17:44:34Z</time>
      </trkpt>
      <trkpt lat="68.220562040805817" lon="13.878709506243467">
        <ele>326.1015625</ele>
        <time>2014-06-23T17:44:52Z</time>
      </trkpt>
      <trkpt lat="68.220602357760072" lon="13.878613533452153">
        <ele>329.1953125</ele>
        <time>2014-06-23T17:45:04Z</time>
      </trkpt>
      <trkpt lat="68.220551982522011" lon="13.878498701378703">
        <ele>331.9921875</ele>
        <time>2014-06-23T17:45:14Z</time>
      </trkpt>
      <trkpt lat="68.220614679157734" lon="13.878337852656841">
        <ele>337.484375</ele>
        <time>2014-06-23T17:45:28Z</time>
      </trkpt>
      <trkpt lat="68.220610907301307" lon="13.878208603709936">
        <ele>341.19140625</ele>
        <time>2014-06-23T17:45:36Z</time>
      </trkpt>
      <trkpt lat="68.220612416043878" lon="13.878041636198759">
        <ele>341.4296875</ele>
        <time>2014-06-23T17:45:45Z</time>
      </trkpt>
      <trkpt lat="68.220677794888616" lon="13.877821108326316">
        <ele>340.62890625</ele>
        <time>2014-06-23T17:46:01Z</time>
      </trkpt>
      <trkpt lat="68.220680728554726" lon="13.87778464704752">
        <ele>340.4609375</ele>
        <time>2014-06-23T17:46:03Z</time>
      </trkpt>
      <trkpt lat="68.220731941983104" lon="13.877459848299623">
        <ele>340.046875</ele>
        <time>2014-06-23T17:46:18Z</time>
      </trkpt>
      <trkpt lat="68.220755998045206" lon="13.87719783000648">
        <ele>342.12109375</ele>
        <time>2014-06-23T17:46:32Z</time>
      </trkpt>
      <trkpt lat="68.220756249502301" lon="13.877176372334361">
        <ele>342.390625</ele>
        <time>2014-06-23T17:46:33Z</time>
      </trkpt>
      <trkpt lat="68.220772678032517" lon="13.876863140612841">
        <ele>345.3125</ele>
        <time>2014-06-23T17:46:48Z</time>
      </trkpt>
      <trkpt lat="68.220759937539697" lon="13.87674386613071">
        <ele>347.40625</ele>
        <time>2014-06-23T17:46:54Z</time>
      </trkpt>
      <trkpt lat="68.220730600878596" lon="13.876444045454264">
        <ele>352.2890625</ele>
        <time>2014-06-23T17:47:09Z</time>
      </trkpt>
      <trkpt lat="68.220675112679601" lon="13.87610767967999">
        <ele>358.13671875</ele>
        <time>2014-06-23T17:47:22Z</time>
      </trkpt>
      <trkpt lat="68.220673520117998" lon="13.876079600304365">
        <ele>358.46484375</ele>
        <time>2014-06-23T17:47:23Z</time>
      </trkpt>
      <trkpt lat="68.220682991668582" lon="13.87597675435245">
        <ele>359.05078125</ele>
        <time>2014-06-23T17:47:27Z</time>
      </trkpt>
      <trkpt lat="68.220678465440869" lon="13.875914560630918">
        <ele>359.81640625</ele>
        <time>2014-06-23T17:47:29Z</time>
      </trkpt>
      <trkpt lat="68.220710065215826" lon="13.875645250082016">
        <ele>361.3203125</ele>
        <time>2014-06-23T17:47:44Z</time>
      </trkpt>
      <trkpt lat="68.220732361078262" lon="13.875362863764167">
        <ele>363.15234375</ele>
        <time>2014-06-23T17:47:57Z</time>
      </trkpt>
      <trkpt lat="68.220755578950047" lon="13.875129763036966">
        <ele>363.4375</ele>
        <time>2014-06-23T17:48:09Z</time>
      </trkpt>
      <trkpt lat="68.220759015530348" lon="13.874833378940821">
        <ele>364.625</ele>
        <time>2014-06-23T17:48:24Z</time>
      </trkpt>
      <trkpt lat="68.220767816528678" lon="13.874736651778221">
        <ele>364.83984375</ele>
        <time>2014-06-23T17:48:28Z</time>
      </trkpt>
      <trkpt lat="68.220728589221835" lon="13.874648222699761">
        <ele>366.796875</ele>
        <time>2014-06-23T17:48:42Z</time>
      </trkpt>
      <trkpt lat="68.220730517059565" lon="13.87461980804801">
        <ele>366.86328125</ele>
        <time>2014-06-23T17:49:07Z</time>
      </trkpt>
      <trkpt lat="68.220742922276258" lon="13.874602038413286">
        <ele>366.5234375</ele>
        <time>2014-06-23T17:49:34Z</time>
      </trkpt>
      <trkpt lat="68.220741245895624" lon="13.874601200222969">
        <ele>366.58203125</ele>
        <time>2014-06-23T17:49:58Z</time>
      </trkpt>
      <trkpt lat="68.220732780173421" lon="13.87460857629776">
        <ele>366.8359375</ele>
        <time>2014-06-23T17:50:21Z</time>
      </trkpt>
      <trkpt lat="68.220714423805475" lon="13.874616958200932">
        <ele>367.4375</ele>
        <time>2014-06-23T17:50:49Z</time>
      </trkpt>
      <trkpt lat="68.220724146813154" lon="13.874625591561198">
        <ele>367.05859375</ele>
        <time>2014-06-23T17:51:15Z</time>
      </trkpt>
      <trkpt lat="68.220722638070583" lon="13.874643612653017">
        <ele>367.03125</ele>
        <time>2014-06-23T17:51:44Z</time>
      </trkpt>
      <trkpt lat="68.22071710601449" lon="13.874650318175554">
        <ele>367.203125</ele>
        <time>2014-06-23T17:52:16Z</time>
      </trkpt>
      <trkpt lat="68.220723392441869" lon="13.874659789726138">
        <ele>366.93359375</ele>
        <time>2014-06-23T17:52:42Z</time>
      </trkpt>
      <trkpt lat="68.220724985003471" lon="13.874627100303769">
        <ele>367.0234375</ele>
        <time>2014-06-23T17:53:13Z</time>
      </trkpt>
      <trkpt lat="68.220729846507311" lon="13.87462911196053">
        <ele>366.84375</ele>
        <time>2014-06-23T17:53:40Z</time>
      </trkpt>
      <trkpt lat="68.22072490118444" lon="13.874652246013284">
        <ele>366.9140625</ele>
        <time>2014-06-23T17:54:12Z</time>
      </trkpt>
      <trkpt lat="68.220722721889615" lon="13.874638751149178">
        <ele>367.05078125</ele>
        <time>2014-06-23T17:54:49Z</time>
      </trkpt>
      <trkpt lat="68.220733618363738" lon="13.874641181901097">
        <ele>366.65234375</ele>
        <time>2014-06-23T17:55:22Z</time>
      </trkpt>
      <trkpt lat="68.220723727717996" lon="13.874626010656357">
        <ele>367.0703125</ele>
        <time>2014-06-23T17:55:51Z</time>
      </trkpt>
      <trkpt lat="68.220730517059565" lon="13.874627603217959">
        <ele>366.82421875</ele>
        <time>2014-06-23T17:56:27Z</time>
      </trkpt>
      <trkpt lat="68.220729008316994" lon="13.87463984079659">
        <ele>366.8203125</ele>
        <time>2014-06-23T17:57:02Z</time>
      </trkpt>
      <trkpt lat="68.220729762688279" lon="13.874630453065038">
        <ele>366.83984375</ele>
        <time>2014-06-23T17:57:31Z</time>
      </trkpt>
      <trkpt lat="68.220726912841201" lon="13.874632883816957">
        <ele>366.9296875</ele>
        <time>2014-06-23T17:57:56Z</time>
      </trkpt>
      <trkpt lat="68.220723560079932" lon="13.874643445014954">
        <ele>367</ele>
        <time>2014-06-23T17:58:17Z</time>
      </trkpt>
      <trkpt lat="68.220738563686609" lon="13.874596254900098">
        <ele>366.69921875</ele>
        <time>2014-06-23T17:58:39Z</time>
      </trkpt>
      <trkpt lat="68.220812156796455" lon="13.874062579125166">
        <ele>364.8828125</ele>
        <time>2014-06-23T17:58:55Z</time>
      </trkpt>
      <trkpt lat="68.220826992765069" lon="13.873608196154237">
        <ele>360.9765625</ele>
        <time>2014-06-23T17:59:09Z</time>
      </trkpt>
      <trkpt lat="68.220753315836191" lon="13.873191196471453">
        <ele>360.26953125</ele>
        <time>2014-06-23T17:59:24Z</time>
      </trkpt>
      <trkpt lat="68.220758764073253" lon="13.872691048309207">
        <ele>356.1015625</ele>
        <time>2014-06-23T17:59:39Z</time>
      </trkpt>
      <trkpt lat="68.220762703567743" lon="13.872667327523232">
        <ele>355.60546875</ele>
        <time>2014-06-23T17:59:40Z</time>
      </trkpt>
      <trkpt lat="68.220727918669581" lon="13.872513184323907">
        <ele>356.9921875</ele>
        <time>2014-06-23T17:59:45Z</time>
      </trkpt>
      <trkpt lat="68.220722302794456" lon="13.87248351238668">
        <ele>357.1484375</ele>
        <time>2014-06-23T17:59:46Z</time>
      </trkpt>
      <trkpt lat="68.220671843737364" lon="13.871873058378696">
        <ele>357.32421875</ele>
        <time>2014-06-23T18:00:03Z</time>
      </trkpt>
      <trkpt lat="68.220646614208817" lon="13.871324378997087">
        <ele>356.25390625</ele>
        <time>2014-06-23T18:00:19Z</time>
      </trkpt>
      <trkpt lat="68.220641585066915" lon="13.8712062779814">
        <ele>354.8359375</ele>
        <time>2014-06-23T18:00:23Z</time>
      </trkpt>
      <trkpt lat="68.220647452399135" lon="13.871050206944346">
        <ele>352.8359375</ele>
        <time>2014-06-23T18:00:27Z</time>
      </trkpt>
      <trkpt lat="68.220592299476266" lon="13.870504628866911">
        <ele>352.91796875</ele>
        <time>2014-06-23T18:00:42Z</time>
      </trkpt>
      <trkpt lat="68.220569500699639" lon="13.869951590895653">
        <ele>347.93359375</ele>
        <time>2014-06-23T18:00:58Z</time>
      </trkpt>
      <trkpt lat="68.220577631145716" lon="13.869707928970456">
        <ele>345.4453125</ele>
        <time>2014-06-23T18:01:07Z</time>
      </trkpt>
      <trkpt lat="68.220505882054567" lon="13.869377095252275">
        <ele>344.4765625</ele>
        <time>2014-06-23T18:01:20Z</time>
      </trkpt>
      <trkpt lat="68.220446538180113" lon="13.869114993140101">
        <ele>345.2734375</ele>
        <time>2014-06-23T18:01:29Z</time>
      </trkpt>
      <trkpt lat="68.220429020002484" lon="13.868968728929758">
        <ele>345.484375</ele>
        <time>2014-06-23T18:01:34Z</time>
      </trkpt>
      <trkpt lat="68.220388116315007" lon="13.868867643177509">
        <ele>346.40625</ele>
        <time>2014-06-23T18:01:39Z</time>
      </trkpt>
      <trkpt lat="68.220376633107662" lon="13.868855824694037">
        <ele>346.6953125</ele>
        <time>2014-06-23T18:01:40Z</time>
      </trkpt>
      <trkpt lat="68.2202382478863" lon="13.868468496948481">
        <ele>348.37109375</ele>
        <time>2014-06-23T18:01:54Z</time>
      </trkpt>
      <trkpt lat="68.22009215131402" lon="13.86803112924099">
        <ele>349.765625</ele>
        <time>2014-06-23T18:02:09Z</time>
      </trkpt>
      <trkpt lat="68.220028784126043" lon="13.867682442069054">
        <ele>348.17578125</ele>
        <time>2014-06-23T18:02:20Z</time>
      </trkpt>
      <trkpt lat="68.219999363645911" lon="13.867565598338842">
        <ele>348.11328125</ele>
        <time>2014-06-23T18:02:24Z</time>
      </trkpt>
      <trkpt lat="68.219960639253259" lon="13.867488149553537">
        <ele>348.39453125</ele>
        <time>2014-06-23T18:02:28Z</time>
      </trkpt>
      <trkpt lat="68.219892662018538" lon="13.867409694939852">
        <ele>349.08984375</ele>
        <time>2014-06-23T18:02:34Z</time>
      </trkpt>
      <trkpt lat="68.219777159392834" lon="13.867071568965912">
        <ele>349.59765625</ele>
        <time>2014-06-23T18:02:49Z</time>
      </trkpt>
      <trkpt lat="68.219671212136745" lon="13.866767389699817">
        <ele>350.578125</ele>
        <time>2014-06-23T18:03:04Z</time>
      </trkpt>
      <trkpt lat="68.219601307064295" lon="13.866530936211348">
        <ele>351.26171875</ele>
        <time>2014-06-23T18:03:17Z</time>
      </trkpt>
      <trkpt lat="68.219531401991844" lon="13.866287274286151">
        <ele>353.1640625</ele>
        <time>2014-06-23T18:03:30Z</time>
      </trkpt>
      <trkpt lat="68.219473902136087" lon="13.866032883524895">
        <ele>355.01953125</ele>
        <time>2014-06-23T18:03:43Z</time>
      </trkpt>
      <trkpt lat="68.219429142773151" lon="13.865812523290515">
        <ele>357.46875</ele>
        <time>2014-06-23T18:03:57Z</time>
      </trkpt>
      <trkpt lat="68.219383293762803" lon="13.865763070061803">
        <ele>358.60546875</ele>
        <time>2014-06-23T18:04:03Z</time>
      </trkpt>
      <trkpt lat="68.219264606013894" lon="13.865622589364648">
        <ele>361.57421875</ele>
        <time>2014-06-23T18:04:18Z</time>
      </trkpt>
      <trkpt lat="68.219153210520744" lon="13.865547319874167">
        <ele>363.828125</ele>
        <time>2014-06-23T18:04:33Z</time>
      </trkpt>
      <trkpt lat="68.219135943800211" lon="13.865476911887527">
        <ele>364.625</ele>
        <time>2014-06-23T18:04:37Z</time>
      </trkpt>
      <trkpt lat="68.219125214964151" lon="13.865409605205059">
        <ele>365.5078125</ele>
        <time>2014-06-23T18:04:40Z</time>
      </trkpt>
      <trkpt lat="68.219081042334437" lon="13.865363756194711">
        <ele>366.8515625</ele>
        <time>2014-06-23T18:04:45Z</time>
      </trkpt>
      <trkpt lat="68.218980627134442" lon="13.865192933008075">
        <ele>371.07421875</ele>
        <time>2014-06-23T18:04:59Z</time>
      </trkpt>
      <trkpt lat="68.218869650736451" lon="13.865062678232789">
        <ele>373.625</ele>
        <time>2014-06-23T18:05:14Z</time>
      </trkpt>
      <trkpt lat="68.218833105638623" lon="13.864990677684546">
        <ele>374.79296875</ele>
        <time>2014-06-23T18:05:21Z</time>
      </trkpt>
      <trkpt lat="68.218717686831951" lon="13.864784985780716">
        <ele>377.56640625</ele>
        <time>2014-06-23T18:05:37Z</time>
      </trkpt>
      <trkpt lat="68.218658342957497" lon="13.864647522568703">
        <ele>379.421875</ele>
        <time>2014-06-23T18:05:50Z</time>
      </trkpt>
      <trkpt lat="68.21855541318655" lon="13.864523805677891">
        <ele>381.80078125</ele>
        <time>2014-06-23T18:06:04Z</time>
      </trkpt>
      <trkpt lat="68.218540158122778" lon="13.864568900316954">
        <ele>381.296875</ele>
        <time>2014-06-23T18:06:06Z</time>
      </trkpt>
      <trkpt lat="68.218505121767521" lon="13.864625645801425">
        <ele>380.734375</ele>
        <time>2014-06-23T18:06:10Z</time>
      </trkpt>
      <trkpt lat="68.218429684638977" lon="13.864809796214104">
        <ele>378.29296875</ele>
        <time>2014-06-23T18:06:19Z</time>
      </trkpt>
      <trkpt lat="68.218384673818946" lon="13.8648237939924">
        <ele>378.60546875</ele>
        <time>2014-06-23T18:06:23Z</time>
      </trkpt>
      <trkpt lat="68.218353912234306" lon="13.864783560857177">
        <ele>379.59765625</ele>
        <time>2014-06-23T18:06:26Z</time>
      </trkpt>
      <trkpt lat="68.218272272497416" lon="13.864824129268527">
        <ele>379.94921875</ele>
        <time>2014-06-23T18:06:34Z</time>
      </trkpt>
      <trkpt lat="68.218157440423965" lon="13.86475782841444">
        <ele>382.2265625</ele>
        <time>2014-06-23T18:06:49Z</time>
      </trkpt>
      <trkpt lat="68.218098599463701" lon="13.86461759917438">
        <ele>384.70703125</ele>
        <time>2014-06-23T18:07:01Z</time>
      </trkpt>
      <trkpt lat="68.218066496774554" lon="13.864332111552358">
        <ele>388.6328125</ele>
        <time>2014-06-23T18:07:17Z</time>
      </trkpt>
      <trkpt lat="68.218037327751517" lon="13.864139998331666">
        <ele>390.33984375</ele>
        <time>2014-06-23T18:07:28Z</time>
      </trkpt>
      <trkpt lat="68.218084769323468" lon="13.863855516538024">
        <ele>391.76171875</ele>
        <time>2014-06-23T18:07:43Z</time>
      </trkpt>
      <trkpt lat="68.218112429603934" lon="13.863686369732022">
        <ele>392.8359375</ele>
        <time>2014-06-23T18:07:55Z</time>
      </trkpt>
      <trkpt lat="68.218042943626642" lon="13.863553013652563">
        <ele>395.578125</ele>
        <time>2014-06-23T18:08:10Z</time>
      </trkpt>
      <trkpt lat="68.218026263639331" lon="13.863484198227525">
        <ele>396.64453125</ele>
        <time>2014-06-23T18:08:17Z</time>
      </trkpt>
      <trkpt lat="68.217993909493089" lon="13.86342141777277">
        <ele>397.8984375</ele>
        <time>2014-06-23T18:08:22Z</time>
      </trkpt>
      <trkpt lat="68.217994580045342" lon="13.86328412219882">
        <ele>399.421875</ele>
        <time>2014-06-23T18:08:34Z</time>
      </trkpt>
      <trkpt lat="68.218002710491419" lon="13.862978015094995">
        <ele>403.05859375</ele>
        <time>2014-06-23T18:08:52Z</time>
      </trkpt>
      <trkpt lat="68.218000950291753" lon="13.86269093491137">
        <ele>406.70703125</ele>
        <time>2014-06-23T18:09:07Z</time>
      </trkpt>
      <trkpt lat="68.218026263639331" lon="13.862479794770479">
        <ele>408.7109375</ele>
        <time>2014-06-23T18:09:22Z</time>
      </trkpt>
      <trkpt lat="68.218020228669047" lon="13.862281898036599">
        <ele>411.03515625</ele>
        <time>2014-06-23T18:09:37Z</time>
      </trkpt>
      <trkpt lat="68.218041434884071" lon="13.861985597759485">
        <ele>413.78515625</ele>
        <time>2014-06-23T18:09:51Z</time>
      </trkpt>
      <trkpt lat="68.218039004132152" lon="13.861742606386542">
        <ele>416.01171875</ele>
        <time>2014-06-23T18:10:03Z</time>
      </trkpt>
      <trkpt lat="68.21799248456955" lon="13.861571783199906">
        <ele>418.21875</ele>
        <time>2014-06-23T18:10:15Z</time>
      </trkpt>
      <trkpt lat="68.217971865087748" lon="13.86145519092679">
        <ele>419.1484375</ele>
        <time>2014-06-23T18:10:21Z</time>
      </trkpt>
      <trkpt lat="68.217929704114795" lon="13.861138438805938">
        <ele>421.046875</ele>
        <time>2014-06-23T18:10:36Z</time>
      </trkpt>
      <trkpt lat="68.217924842610955" lon="13.860915061086416">
        <ele>421.7109375</ele>
        <time>2014-06-23T18:10:46Z</time>
      </trkpt>
      <trkpt lat="68.217922579497099" lon="13.860759409144521">
        <ele>421.79296875</ele>
        <time>2014-06-23T18:10:51Z</time>
      </trkpt>
      <trkpt lat="68.217869438230991" lon="13.860437124967575">
        <ele>422.14453125</ele>
        <time>2014-06-23T18:11:02Z</time>
      </trkpt>
      <trkpt lat="68.21782199665904" lon="13.860090197995305">
        <ele>421.46484375</ele>
        <time>2014-06-23T18:11:15Z</time>
      </trkpt>
      <trkpt lat="68.217812944203615" lon="13.860105620697141">
        <ele>421.64453125</ele>
        <time>2014-06-23T18:11:31Z</time>
      </trkpt>
      <trkpt lat="68.217824511229992" lon="13.860158091410995">
        <ele>421.71484375</ele>
        <time>2014-06-23T18:11:48Z</time>
      </trkpt>
      <trkpt lat="68.217817973345518" lon="13.860091622918844">
        <ele>421.5234375</ele>
        <time>2014-06-23T18:12:23Z</time>
      </trkpt>
      <trkpt lat="68.217807998880744" lon="13.860024819150567">
        <ele>421.36328125</ele>
        <time>2014-06-23T18:12:31Z</time>
      </trkpt>
      <trkpt lat="68.217794504016638" lon="13.859893810003996">
        <ele>420.9453125</ele>
        <time>2014-06-23T18:12:35Z</time>
      </trkpt>
      <trkpt lat="68.217766676098108" lon="13.859797334298491">
        <ele>420.62890625</ele>
        <time>2014-06-23T18:12:39Z</time>
      </trkpt>
      <trkpt lat="68.217801293358207" lon="13.859538249671459">
        <ele>418.6875</ele>
        <time>2014-06-23T18:12:48Z</time>
      </trkpt>
      <trkpt lat="68.21781562641263" lon="13.859422411769629">
        <ele>417.8828125</ele>
        <time>2014-06-23T18:12:59Z</time>
      </trkpt>
      <trkpt lat="68.217830210924149" lon="13.859077747911215">
        <ele>413.66796875</ele>
        <time>2014-06-23T18:13:11Z</time>
      </trkpt>
      <trkpt lat="68.217844124883413" lon="13.858985044062138">
        <ele>412.25390625</ele>
        <time>2014-06-23T18:13:16Z</time>
      </trkpt>
      <trkpt lat="68.217867594212294" lon="13.858932238072157">
        <ele>411.31640625</ele>
        <time>2014-06-23T18:13:19Z</time>
      </trkpt>
      <trkpt lat="68.217898020520806" lon="13.858721014112234">
        <ele>408.34375</ele>
        <time>2014-06-23T18:13:26Z</time>
      </trkpt>
      <trkpt lat="68.217923669144511" lon="13.858473831787705">
        <ele>405.3203125</ele>
        <time>2014-06-23T18:13:37Z</time>
      </trkpt>
      <trkpt lat="68.21792509406805" lon="13.858412560075521">
        <ele>404.5546875</ele>
        <time>2014-06-23T18:13:39Z</time>
      </trkpt>
      <trkpt lat="68.217923082411289" lon="13.858370902016759">
        <ele>404.01953125</ele>
        <time>2014-06-23T18:13:41Z</time>
      </trkpt>
      <trkpt lat="68.217928363010287" lon="13.858246179297566">
        <ele>402.46875</ele>
        <time>2014-06-23T18:13:45Z</time>
      </trkpt>
      <trkpt lat="68.21798762306571" lon="13.858106369152665">
        <ele>400.91796875</ele>
        <time>2014-06-23T18:13:54Z</time>
      </trkpt>
      <trkpt lat="68.218070939183235" lon="13.857918865978718">
        <ele>398.85546875</ele>
        <time>2014-06-23T18:14:06Z</time>
      </trkpt>
      <trkpt lat="68.218085104599595" lon="13.857870250940323">
        <ele>398.29296875</ele>
        <time>2014-06-23T18:14:09Z</time>
      </trkpt>
      <trkpt lat="68.218070939183235" lon="13.8578368909657">
        <ele>397.8203125</ele>
        <time>2014-06-23T18:14:11Z</time>
      </trkpt>
      <trkpt lat="68.218080410733819" lon="13.857757430523634">
        <ele>396.8515625</ele>
        <time>2014-06-23T18:14:14Z</time>
      </trkpt>
      <trkpt lat="68.218088960275054" lon="13.857736056670547">
        <ele>396.61328125</ele>
        <time>2014-06-23T18:14:15Z</time>
      </trkpt>
      <trkpt lat="68.218108406290412" lon="13.857523994520307">
        <ele>393.75390625</ele>
        <time>2014-06-23T18:14:22Z</time>
      </trkpt>
      <trkpt lat="68.218103209510446" lon="13.857348142191768">
        <ele>391.19921875</ele>
        <time>2014-06-23T18:14:27Z</time>
      </trkpt>
      <trkpt lat="68.218091642484069" lon="13.857140187174082">
        <ele>388.16015625</ele>
        <time>2014-06-23T18:14:34Z</time>
      </trkpt>
      <trkpt lat="68.218112681061029" lon="13.856877079233527">
        <ele>383.8046875</ele>
        <time>2014-06-23T18:14:44Z</time>
      </trkpt>
      <trkpt lat="68.218261962756515" lon="13.856549765914679">
        <ele>377.1953125</ele>
        <time>2014-06-23T18:15:00Z</time>
      </trkpt>
      <trkpt lat="68.218398923054338" lon="13.856361424550414">
        <ele>375.41796875</ele>
        <time>2014-06-23T18:15:14Z</time>
      </trkpt>
      <trkpt lat="68.218429768458009" lon="13.856327729299664">
        <ele>375.1875</ele>
        <time>2014-06-23T18:15:17Z</time>
      </trkpt>
      <trkpt lat="68.218583408743143" lon="13.856083229184151">
        <ele>377.08203125</ele>
        <time>2014-06-23T18:15:32Z</time>
      </trkpt>
      <trkpt lat="68.218702096492052" lon="13.855777624994516">
        <ele>376.578125</ele>
        <time>2014-06-23T18:15:46Z</time>
      </trkpt>
      <trkpt lat="68.218747694045305" lon="13.855680311098695">
        <ele>376.48046875</ele>
        <time>2014-06-23T18:15:51Z</time>
      </trkpt>
      <trkpt lat="68.218826651573181" lon="13.855265323072672">
        <ele>374.44921875</ele>
        <time>2014-06-23T18:16:06Z</time>
      </trkpt>
      <trkpt lat="68.21883344091475" lon="13.855206901207566">
        <ele>374.1640625</ele>
        <time>2014-06-23T18:16:08Z</time>
      </trkpt>
      <trkpt lat="68.218962689861655" lon="13.854825356975198">
        <ele>373.9765625</ele>
        <time>2014-06-23T18:16:24Z</time>
      </trkpt>
      <trkpt lat="68.219070145860314" lon="13.854423612356186">
        <ele>372.65625</ele>
        <time>2014-06-23T18:16:38Z</time>
      </trkpt>
      <trkpt lat="68.219083892181516" lon="13.854378769174218">
        <ele>372.5</ele>
        <time>2014-06-23T18:16:40Z</time>
      </trkpt>
      <trkpt lat="68.219242561608553" lon="13.854076182469726">
        <ele>372.05078125</ele>
        <time>2014-06-23T18:16:55Z</time>
      </trkpt>
      <trkpt lat="68.219339875504375" lon="13.853645687922835">
        <ele>370.0625</ele>
        <time>2014-06-23T18:17:10Z</time>
      </trkpt>
      <trkpt lat="68.219343479722738" lon="13.853624565526843">
        <ele>369.9609375</ele>
        <time>2014-06-23T18:17:11Z</time>
      </trkpt>
      <trkpt lat="68.219361081719398" lon="13.853455837816">
        <ele>369</ele>
        <time>2014-06-23T18:17:16Z</time>
      </trkpt>
      <trkpt lat="68.219387149438262" lon="13.853114191442728">
        <ele>367.05859375</ele>
        <time>2014-06-23T18:17:27Z</time>
      </trkpt>
      <trkpt lat="68.219361081719398" lon="13.852957282215357">
        <ele>365.73046875</ele>
        <time>2014-06-23T18:17:32Z</time>
      </trkpt>
      <trkpt lat="68.219356806948781" lon="13.852459313347936">
        <ele>362.41796875</ele>
        <time>2014-06-23T18:17:47Z</time>
      </trkpt>
      <trkpt lat="68.219346916303039" lon="13.852072739973664">
        <ele>359.47265625</ele>
        <time>2014-06-23T18:18:00Z</time>
      </trkpt>
      <trkpt lat="68.219359572976828" lon="13.851796137169003">
        <ele>357.68359375</ele>
        <time>2014-06-23T18:18:14Z</time>
      </trkpt>
      <trkpt lat="68.219349095597863" lon="13.851632606238127">
        <ele>356.3359375</ele>
        <time>2014-06-23T18:18:41Z</time>
      </trkpt>
      <trkpt lat="68.219337612390518" lon="13.851236645132303">
        <ele>353.296875</ele>
        <time>2014-06-23T18:18:53Z</time>
      </trkpt>
      <trkpt lat="68.219341216608882" lon="13.851201524958014">
        <ele>353.10546875</ele>
        <time>2014-06-23T18:18:54Z</time>
      </trkpt>
      <trkpt lat="68.219337025657296" lon="13.85111284442246">
        <ele>352.3984375</ele>
        <time>2014-06-23T18:18:57Z</time>
      </trkpt>
      <trkpt lat="68.219321183860302" lon="13.850760217756033">
        <ele>349.3359375</ele>
        <time>2014-06-23T18:19:06Z</time>
      </trkpt>
      <trkpt lat="68.219304420053959" lon="13.850416978821158">
        <ele>346.33984375</ele>
        <time>2014-06-23T18:19:16Z</time>
      </trkpt>
      <trkpt lat="68.219270808622241" lon="13.850266858935356">
        <ele>345.05078125</ele>
        <time>2014-06-23T18:19:21Z</time>
      </trkpt>
      <trkpt lat="68.219263851642609" lon="13.850217154249549">
        <ele>344.69140625</ele>
        <time>2014-06-23T18:19:23Z</time>
      </trkpt>
      <trkpt lat="68.219265695661306" lon="13.850128892809153">
        <ele>344.23828125</ele>
        <time>2014-06-23T18:19:26Z</time>
      </trkpt>
      <trkpt lat="68.219261756166816" lon="13.850065609440207">
        <ele>343.8515625</ele>
        <time>2014-06-23T18:19:28Z</time>
      </trkpt>
      <trkpt lat="68.219280615448952" lon="13.849793281406164">
        <ele>342.58203125</ele>
        <time>2014-06-23T18:19:37Z</time>
      </trkpt>
      <trkpt lat="68.219275083392859" lon="13.849479043856263">
        <ele>340.8125</ele>
        <time>2014-06-23T18:19:46Z</time>
      </trkpt>
      <trkpt lat="68.219284471124411" lon="13.849417353048921">
        <ele>340.546875</ele>
        <time>2014-06-23T18:19:48Z</time>
      </trkpt>
      <trkpt lat="68.219264186918736" lon="13.848893484100699">
        <ele>337.96875</ele>
        <time>2014-06-23T18:20:04Z</time>
      </trkpt>
      <trkpt lat="68.219263181090355" lon="13.848695503547788">
        <ele>337.234375</ele>
        <time>2014-06-23T18:20:10Z</time>
      </trkpt>
      <trkpt lat="68.219277430325747" lon="13.848601207137108">
        <ele>337.0625</ele>
        <time>2014-06-23T18:20:14Z</time>
      </trkpt>
      <trkpt lat="68.219306012615561" lon="13.848509257659316">
        <ele>336.99609375</ele>
        <time>2014-06-23T18:20:18Z</time>
      </trkpt>
      <trkpt lat="68.219326045364141" lon="13.848167527467012">
        <ele>336.19921875</ele>
        <time>2014-06-23T18:20:28Z</time>
      </trkpt>
      <trkpt lat="68.219372984021902" lon="13.847658662125468">
        <ele>334.7109375</ele>
        <time>2014-06-23T18:20:43Z</time>
      </trkpt>
      <trkpt lat="68.21940952911973" lon="13.84733528830111">
        <ele>333.94921875</ele>
        <time>2014-06-23T18:20:53Z</time>
      </trkpt>
      <trkpt lat="68.219422101974487" lon="13.847210397943854">
        <ele>333.62890625</ele>
        <time>2014-06-23T18:20:57Z</time>
      </trkpt>
      <trkpt lat="68.219408104196191" lon="13.846704550087452">
        <ele>331.765625</ele>
        <time>2014-06-23T18:21:12Z</time>
      </trkpt>
      <trkpt lat="68.219412211328745" lon="13.846516711637378">
        <ele>331.11328125</ele>
        <time>2014-06-23T18:21:17Z</time>
      </trkpt>
      <trkpt lat="68.219441715627909" lon="13.846025951206684">
        <ele>329.50390625</ele>
        <time>2014-06-23T18:21:33Z</time>
      </trkpt>
      <trkpt lat="68.21944322437048" lon="13.846031818538904">
        <ele>329.53125</ele>
        <time>2014-06-23T18:21:39Z</time>
      </trkpt>
      <trkpt lat="68.21942419745028" lon="13.845847165212035">
        <ele>328.828125</ele>
        <time>2014-06-23T18:21:46Z</time>
      </trkpt>
      <trkpt lat="68.219445655122399" lon="13.845713725313544">
        <ele>328.49609375</ele>
        <time>2014-06-23T18:21:51Z</time>
      </trkpt>
      <trkpt lat="68.219364350661635" lon="13.845403678715229">
        <ele>327.23046875</ele>
        <time>2014-06-23T18:22:04Z</time>
      </trkpt>
      <trkpt lat="68.219478847458959" lon="13.845019368454814">
        <ele>326.88671875</ele>
        <time>2014-06-23T18:22:16Z</time>
      </trkpt>
      <trkpt lat="68.219503154978156" lon="13.84496346116066">
        <ele>326.8984375</ele>
        <time>2014-06-23T18:22:18Z</time>
      </trkpt>
      <trkpt lat="68.219517571851611" lon="13.844781490042806">
        <ele>326.640625</ele>
        <time>2014-06-23T18:22:23Z</time>
      </trkpt>
      <trkpt lat="68.2194818649441" lon="13.844255106523633">
        <ele>325.37890625</ele>
        <time>2014-06-23T18:22:38Z</time>
      </trkpt>
      <trkpt lat="68.219381617382169" lon="13.843789659440517">
        <ele>323.7109375</ele>
        <time>2014-06-23T18:22:52Z</time>
      </trkpt>
      <trkpt lat="68.219248596578836" lon="13.843368887901306">
        <ele>323.46484375</ele>
        <time>2014-06-23T18:23:06Z</time>
      </trkpt>
      <trkpt lat="68.219190929085016" lon="13.843211643397808">
        <ele>323.38671875</ele>
        <time>2014-06-23T18:23:12Z</time>
      </trkpt>
      <trkpt lat="68.219159664586186" lon="13.843082310631871">
        <ele>323.4921875</ele>
        <time>2014-06-23T18:23:17Z</time>
      </trkpt>
      <trkpt lat="68.219124460592866" lon="13.842945266515017">
        <ele>323.6328125</ele>
        <time>2014-06-23T18:23:22Z</time>
      </trkpt>
      <trkpt lat="68.218994792550802" lon="13.842513179406524">
        <ele>324</ele>
        <time>2014-06-23T18:23:36Z</time>
      </trkpt>
      <trkpt lat="68.218938549980521" lon="13.842394072562456">
        <ele>323.859375</ele>
        <time>2014-06-23T18:23:41Z</time>
      </trkpt>
      <trkpt lat="68.218801422044635" lon="13.842109926044941">
        <ele>323.6796875</ele>
        <time>2014-06-23T18:23:54Z</time>
      </trkpt>
      <trkpt lat="68.218742413446307" lon="13.841993333771825">
        <ele>323.78515625</ele>
        <time>2014-06-23T18:24:01Z</time>
      </trkpt>
      <trkpt lat="68.218707963824272" lon="13.841553954407573">
        <ele>324.5234375</ele>
        <time>2014-06-23T18:24:15Z</time>
      </trkpt>
      <trkpt lat="68.218706035986543" lon="13.841528473421931">
        <ele>324.58984375</ele>
        <time>2014-06-23T18:24:16Z</time>
      </trkpt>
      <trkpt lat="68.21870444342494" lon="13.841167716309428">
        <ele>325.55078125</ele>
        <time>2014-06-23T18:24:27Z</time>
      </trkpt>
      <trkpt lat="68.218724895268679" lon="13.841080879792571">
        <ele>325.8515625</ele>
        <time>2014-06-23T18:24:30Z</time>
      </trkpt>
      <trkpt lat="68.218738222494721" lon="13.841056236997247">
        <ele>325.96484375</ele>
        <time>2014-06-23T18:24:31Z</time>
      </trkpt>
      <trkpt lat="68.218764206394553" lon="13.840991109609604">
        <ele>326.23828125</ele>
        <time>2014-06-23T18:24:34Z</time>
      </trkpt>
      <trkpt lat="68.218847438693047" lon="13.840580312535167">
        <ele>327.4609375</ele>
        <time>2014-06-23T18:24:48Z</time>
      </trkpt>
      <trkpt lat="68.218882558867335" lon="13.840146465227008">
        <ele>328.8125</ele>
        <time>2014-06-23T18:25:01Z</time>
      </trkpt>
      <trkpt lat="68.218883480876684" lon="13.84004445746541">
        <ele>329.1484375</ele>
        <time>2014-06-23T18:25:15Z</time>
      </trkpt>
      <trkpt lat="68.218885911628604" lon="13.840005984529853">
        <ele>329.28125</ele>
        <time>2014-06-23T18:25:34Z</time>
      </trkpt>
      <trkpt lat="68.218908375129104" lon="13.83999508805573">
        <ele>329.390625</ele>
        <time>2014-06-23T18:26:02Z</time>
      </trkpt>
      <trkpt lat="68.218918181955814" lon="13.83996675722301">
        <ele>329.51953125</ele>
        <time>2014-06-23T18:26:25Z</time>
      </trkpt>
      <trkpt lat="68.218920780345798" lon="13.839950999245048">
        <ele>329.58203125</ele>
        <time>2014-06-23T18:26:26Z</time>
      </trkpt>
      <trkpt lat="68.218987500295043" lon="13.839706750586629">
        <ele>331.03515625</ele>
        <time>2014-06-23T18:26:35Z</time>
      </trkpt>
      <trkpt lat="68.219002420082688" lon="13.839597199112177">
        <ele>331.6171875</ele>
        <time>2014-06-23T18:26:39Z</time>
      </trkpt>
      <trkpt lat="68.219051286578178" lon="13.839245578274131">
        <ele>333.16015625</ele>
        <time>2014-06-23T18:26:49Z</time>
      </trkpt>
      <trkpt lat="68.219079114496708" lon="13.838967299088836">
        <ele>334.15234375</ele>
        <time>2014-06-23T18:26:58Z</time>
      </trkpt>
      <trkpt lat="68.219149773940444" lon="13.838595896959305">
        <ele>335.1640625</ele>
        <time>2014-06-23T18:27:09Z</time>
      </trkpt>
      <trkpt lat="68.219182463362813" lon="13.838362544775009">
        <ele>335.69140625</ele>
        <time>2014-06-23T18:27:16Z</time>
      </trkpt>
      <trkpt lat="68.219147007912397" lon="13.838303368538618">
        <ele>335.84375</ele>
        <time>2014-06-23T18:27:19Z</time>
      </trkpt>
      <trkpt lat="68.219110127538443" lon="13.837885446846485">
        <ele>337.125</ele>
        <time>2014-06-23T18:27:30Z</time>
      </trkpt>
      <trkpt lat="68.219083640724421" lon="13.837423687800765">
        <ele>338.37109375</ele>
        <time>2014-06-23T18:27:41Z</time>
      </trkpt>
      <trkpt lat="68.2190709002316" lon="13.837347663938999">
        <ele>338.5390625</ele>
        <time>2014-06-23T18:27:44Z</time>
      </trkpt>
      <trkpt lat="68.219053717330098" lon="13.83709754794836">
        <ele>339.05078125</ele>
        <time>2014-06-23T18:27:50Z</time>
      </trkpt>
      <trkpt lat="68.219013568013906" lon="13.83680384606123">
        <ele>339.578125</ele>
        <time>2014-06-23T18:27:59Z</time>
      </trkpt>
      <trkpt lat="68.218975849449635" lon="13.836554987356067">
        <ele>339.79296875</ele>
        <time>2014-06-23T18:28:07Z</time>
      </trkpt>
      <trkpt lat="68.218974508345127" lon="13.836358683183789">
        <ele>339.76171875</ele>
        <time>2014-06-23T18:28:14Z</time>
      </trkpt>
      <trkpt lat="68.218996217474341" lon="13.836153242737055">
        <ele>340.0078125</ele>
        <time>2014-06-23T18:28:20Z</time>
      </trkpt>
      <trkpt lat="68.219020860269666" lon="13.835891475901008">
        <ele>339.84765625</ele>
        <time>2014-06-23T18:28:27Z</time>
      </trkpt>
      <trkpt lat="68.219055226072669" lon="13.835557624697685">
        <ele>339.390625</ele>
        <time>2014-06-23T18:28:36Z</time>
      </trkpt>
      <trkpt lat="68.219086909666657" lon="13.835306167602539">
        <ele>339.39453125</ele>
        <time>2014-06-23T18:28:43Z</time>
      </trkpt>
      <trkpt lat="68.219072408974171" lon="13.834983380511403">
        <ele>339.421875</ele>
        <time>2014-06-23T18:28:51Z</time>
      </trkpt>
      <trkpt lat="68.219064110890031" lon="13.834904758259654">
        <ele>339.3984375</ele>
        <time>2014-06-23T18:28:52Z</time>
      </trkpt>
      <trkpt lat="68.219032259657979" lon="13.834820771589875">
        <ele>339.23828125</ele>
        <time>2014-06-23T18:28:56Z</time>
      </trkpt>
      <trkpt lat="68.219005269929767" lon="13.834492033347487">
        <ele>339.1015625</ele>
        <time>2014-06-23T18:29:04Z</time>
      </trkpt>
      <trkpt lat="68.218998899683356" lon="13.834451884031296">
        <ele>339.05859375</ele>
        <time>2014-06-23T18:29:06Z</time>
      </trkpt>
      <trkpt lat="68.218969982117414" lon="13.83429572917521">
        <ele>338.84765625</ele>
        <time>2014-06-23T18:29:11Z</time>
      </trkpt>
      <trkpt lat="68.218975765630603" lon="13.834087690338492">
        <ele>339.3125</ele>
        <time>2014-06-23T18:29:15Z</time>
      </trkpt>
      <trkpt lat="68.218973753973842" lon="13.833943353965878">
        <ele>339.56640625</ele>
        <time>2014-06-23T18:29:19Z</time>
      </trkpt>
      <trkpt lat="68.218980375677347" lon="13.833905467763543">
        <ele>339.703125</ele>
        <time>2014-06-23T18:29:24Z</time>
      </trkpt>
      <trkpt lat="68.21897953748703" lon="13.833758113905787">
        <ele>339.96875</ele>
        <time>2014-06-23T18:29:29Z</time>
      </trkpt>
      <trkpt lat="68.218902926892042" lon="13.833362236618996">
        <ele>340.11328125</ele>
        <time>2014-06-23T18:29:39Z</time>
      </trkpt>
      <trkpt lat="68.218887001276016" lon="13.833348825573921">
        <ele>340.01953125</ele>
        <time>2014-06-23T18:29:41Z</time>
      </trkpt>
      <trkpt lat="68.2188705727458" lon="13.833198957145214">
        <ele>340.22265625</ele>
        <time>2014-06-23T18:29:44Z</time>
      </trkpt>
      <trkpt lat="68.218792621046305" lon="13.832902237772942">
        <ele>340.3984375</ele>
        <time>2014-06-23T18:29:53Z</time>
      </trkpt>
      <trkpt lat="68.218723805621266" lon="13.832735354080796">
        <ele>340.421875</ele>
        <time>2014-06-23T18:30:02Z</time>
      </trkpt>
      <trkpt lat="68.21865901350975" lon="13.832474090158939">
        <ele>340.9609375</ele>
        <time>2014-06-23T18:30:09Z</time>
      </trkpt>
      <trkpt lat="68.218628754839301" lon="13.832327323034406">
        <ele>341.328125</ele>
        <time>2014-06-23T18:30:14Z</time>
      </trkpt>
      <trkpt lat="68.218554826453328" lon="13.832123056054115">
        <ele>341.6640625</ele>
        <time>2014-06-23T18:30:22Z</time>
      </trkpt>
      <trkpt lat="68.218518029898405" lon="13.832049462944269">
        <ele>341.73046875</ele>
        <time>2014-06-23T18:30:26Z</time>
      </trkpt>
      <trkpt lat="68.218490621075034" lon="13.832019455730915">
        <ele>341.69140625</ele>
        <time>2014-06-23T18:30:29Z</time>
      </trkpt>
      <trkpt lat="68.218477461487055" lon="13.831795658916235">
        <ele>342.42578125</ele>
        <time>2014-06-23T18:30:35Z</time>
      </trkpt>
      <trkpt lat="68.218459859490395" lon="13.831699686124921">
        <ele>342.67578125</ele>
        <time>2014-06-23T18:30:39Z</time>
      </trkpt>
      <trkpt lat="68.218417530879378" lon="13.831578064709902">
        <ele>342.82421875</ele>
        <time>2014-06-23T18:30:44Z</time>
      </trkpt>
      <trkpt lat="68.218379141762853" lon="13.831569850444794">
        <ele>342.5078125</ele>
        <time>2014-06-23T18:30:48Z</time>
      </trkpt>
      <trkpt lat="68.218340668827295" lon="13.831433644518256">
        <ele>342.65234375</ele>
        <time>2014-06-23T18:30:51Z</time>
      </trkpt>
      <trkpt lat="68.218275122344494" lon="13.831316046416759">
        <ele>342.484375</ele>
        <time>2014-06-23T18:30:57Z</time>
      </trkpt>
      <trkpt lat="68.218246707692742" lon="13.831285368651152">
        <ele>342.33984375</ele>
        <time>2014-06-23T18:31:00Z</time>
      </trkpt>
      <trkpt lat="68.218193566426635" lon="13.83107271976769">
        <ele>342.625</ele>
        <time>2014-06-23T18:31:07Z</time>
      </trkpt>
      <trkpt lat="68.218174204230309" lon="13.830826710909605">
        <ele>343.015625</ele>
        <time>2014-06-23T18:31:12Z</time>
      </trkpt>
      <trkpt lat="68.218127517029643" lon="13.83067985996604">
        <ele>342.7734375</ele>
        <time>2014-06-23T18:31:16Z</time>
      </trkpt>
      <trkpt lat="68.218104131519794" lon="13.830651864409447">
        <ele>342.55078125</ele>
        <time>2014-06-23T18:31:18Z</time>
      </trkpt>
      <trkpt lat="68.218025341629982" lon="13.830414405092597">
        <ele>341.76953125</ele>
        <time>2014-06-23T18:31:24Z</time>
      </trkpt>
      <trkpt lat="68.217954263091087" lon="13.830199828371406">
        <ele>340.53125</ele>
        <time>2014-06-23T18:31:39Z</time>
      </trkpt>
      <trkpt lat="68.21796809323132" lon="13.830230589956045">
        <ele>340.76171875</ele>
        <time>2014-06-23T18:31:59Z</time>
      </trkpt>
      <trkpt lat="68.21792752481997" lon="13.830216508358717">
        <ele>340.1953125</ele>
        <time>2014-06-23T18:32:01Z</time>
      </trkpt>
      <trkpt lat="68.217885363847017" lon="13.830207204446197">
        <ele>339.61328125</ele>
        <time>2014-06-23T18:32:06Z</time>
      </trkpt>
      <trkpt lat="68.217761060222983" lon="13.830277193337679">
        <ele>336.6015625</ele>
        <time>2014-06-23T18:32:14Z</time>
      </trkpt>
      <trkpt lat="68.217702554538846" lon="13.830281384289265">
        <ele>335.109375</ele>
        <time>2014-06-23T18:32:18Z</time>
      </trkpt>
      <trkpt lat="68.217712109908462" lon="13.830330250784755">
        <ele>335.546875</ele>
        <time>2014-06-23T18:32:33Z</time>
      </trkpt>
      <trkpt lat="68.217688640579581" lon="13.83030996657908">
        <ele>334.87109375</ele>
        <time>2014-06-23T18:32:54Z</time>
      </trkpt>
      <trkpt lat="68.217669110745192" lon="13.830348188057542">
        <ele>334.55078125</ele>
        <time>2014-06-23T18:32:57Z</time>
      </trkpt>
      <trkpt lat="68.217560313642025" lon="13.830455895513296">
        <ele>332.48046875</ele>
        <time>2014-06-23T18:33:04Z</time>
      </trkpt>
      <trkpt lat="68.217498622834682" lon="13.830686984583735">
        <ele>331.07421875</ele>
        <time>2014-06-23T18:33:12Z</time>
      </trkpt>
      <trkpt lat="68.217397285625339" lon="13.830654881894588">
        <ele>328.703125</ele>
        <time>2014-06-23T18:33:19Z</time>
      </trkpt>
      <trkpt lat="68.217389406636357" lon="13.830664688721299">
        <ele>328.515625</ele>
        <time>2014-06-23T18:33:20Z</time>
      </trkpt>
      <trkpt lat="68.21737146936357" lon="13.830713136121631">
        <ele>328.09765625</ele>
        <time>2014-06-23T18:33:23Z</time>
      </trkpt>
      <trkpt lat="68.217308269813657" lon="13.830749597400427">
        <ele>326.47265625</ele>
        <time>2014-06-23T18:33:27Z</time>
      </trkpt>
      <trkpt lat="68.217292595654726" lon="13.830793937668204">
        <ele>325.984375</ele>
        <time>2014-06-23T18:33:29Z</time>
      </trkpt>
      <trkpt lat="68.217244818806648" lon="13.831012872979045">
        <ele>324.6953125</ele>
        <time>2014-06-23T18:33:36Z</time>
      </trkpt>
      <trkpt lat="68.217215817421675" lon="13.831050507724285">
        <ele>323.88671875</ele>
        <time>2014-06-23T18:33:40Z</time>
      </trkpt>
      <trkpt lat="68.217106768861413" lon="13.830959312617779">
        <ele>320.55859375</ele>
        <time>2014-06-23T18:33:45Z</time>
      </trkpt>
      <trkpt lat="68.2170470058918" lon="13.830970460548997">
        <ele>318.83203125</ele>
        <time>2014-06-23T18:33:48Z</time>
      </trkpt>
      <trkpt lat="68.216946758329868" lon="13.830942548811436">
        <ele>315.74609375</ele>
        <time>2014-06-23T18:33:53Z</time>
      </trkpt>
      <trkpt lat="68.216919768601656" lon="13.831027373671532">
        <ele>315.359375</ele>
        <time>2014-06-23T18:33:56Z</time>
      </trkpt>
      <trkpt lat="68.216896383091807" lon="13.831241028383374">
        <ele>315.28125</ele>
        <time>2014-06-23T18:34:05Z</time>
      </trkpt>
      <trkpt lat="68.216850534081459" lon="13.831502627581358">
        <ele>314.83203125</ele>
        <time>2014-06-23T18:34:13Z</time>
      </trkpt>
      <trkpt lat="68.216845756396651" lon="13.831520648673177">
        <ele>314.765625</ele>
        <time>2014-06-23T18:34:21Z</time>
      </trkpt>
      <trkpt lat="68.216811809688807" lon="13.831436326727271">
        <ele>313.6171875</ele>
        <time>2014-06-23T18:34:25Z</time>
      </trkpt>
      <trkpt lat="68.216718351468444" lon="13.831320153549314">
        <ele>310.40234375</ele>
        <time>2014-06-23T18:34:30Z</time>
      </trkpt>
      <trkpt lat="68.216706197708845" lon="13.831279249861836">
        <ele>309.828125</ele>
        <time>2014-06-23T18:34:36Z</time>
      </trkpt>
      <trkpt lat="68.216727320104837" lon="13.831174895167351">
        <ele>310.1171875</ele>
        <time>2014-06-23T18:34:42Z</time>
      </trkpt>
      <trkpt lat="68.216698570176959" lon="13.831021171063185">
        <ele>308.46484375</ele>
        <time>2014-06-23T18:34:48Z</time>
      </trkpt>
      <trkpt lat="68.216696558520198" lon="13.831021673977375">
        <ele>308.39453125</ele>
        <time>2014-06-23T18:35:13Z</time>
      </trkpt>
      <trkpt lat="68.216687422245741" lon="13.831013711169362">
        <ele>308.015625</ele>
        <time>2014-06-23T18:35:45Z</time>
      </trkpt>
      <trkpt lat="68.216687925159931" lon="13.830967443063855">
        <ele>307.640625</ele>
        <time>2014-06-23T18:36:09Z</time>
      </trkpt>
      <trkpt lat="68.216653726994991" lon="13.831059643998742">
        <ele>307.03515625</ele>
        <time>2014-06-23T18:36:15Z</time>
      </trkpt>
      <trkpt lat="68.216621289029717" lon="13.83105562068522">
        <ele>305.859375</ele>
        <time>2014-06-23T18:36:19Z</time>
      </trkpt>
      <trkpt lat="68.216591784730554" lon="13.831137092784047">
        <ele>305.2421875</ele>
        <time>2014-06-23T18:36:22Z</time>
      </trkpt>
      <trkpt lat="68.216545013710856" lon="13.831189563497901">
        <ele>303.9140625</ele>
        <time>2014-06-23T18:36:25Z</time>
      </trkpt>
      <trkpt lat="68.216459937393665" lon="13.831320991739631">
        <ele>301.859375</ele>
        <time>2014-06-23T18:36:36Z</time>
      </trkpt>
      <trkpt lat="68.216443760320544" lon="13.831325685605407">
        <ele>301.359375</ele>
        <time>2014-06-23T18:36:46Z</time>
      </trkpt>
      <trkpt lat="68.216429008170962" lon="13.831223091110587">
        <ele>300.16015625</ele>
        <time>2014-06-23T18:36:51Z</time>
      </trkpt>
      <trkpt lat="68.216403359547257" lon="13.831221247091889">
        <ele>299.27734375</ele>
        <time>2014-06-23T18:36:53Z</time>
      </trkpt>
      <trkpt lat="68.216365473344922" lon="13.83115922100842">
        <ele>297.51953125</ele>
        <time>2014-06-23T18:37:04Z</time>
      </trkpt>
      <trkpt lat="68.216314008459449" lon="13.831188473850489">
        <ele>295.97265625</ele>
        <time>2014-06-23T18:37:13Z</time>
      </trkpt>
      <trkpt lat="68.216312834993005" lon="13.83113038726151">
        <ele>295.46484375</ele>
        <time>2014-06-23T18:37:37Z</time>
      </trkpt>
      <trkpt lat="68.216252569109201" lon="13.831141954287887">
        <ele>293.45703125</ele>
        <time>2014-06-23T18:37:54Z</time>
      </trkpt>
      <trkpt lat="68.216192554682493" lon="13.831038605421782">
        <ele>290.33203125</ele>
        <time>2014-06-23T18:38:06Z</time>
      </trkpt>
      <trkpt lat="68.216191297397017" lon="13.83103801868856">
        <ele>290.27734375</ele>
        <time>2014-06-23T18:38:07Z</time>
      </trkpt>
      <trkpt lat="68.216171097010374" lon="13.831016477197409">
        <ele>289.28125</ele>
        <time>2014-06-23T18:38:21Z</time>
      </trkpt>
      <trkpt lat="68.216124912723899" lon="13.83100776001811">
        <ele>287.3125</ele>
        <time>2014-06-23T18:38:40Z</time>
      </trkpt>
      <trkpt lat="68.21613471955061" lon="13.831026284024119">
        <ele>287.9296875</ele>
        <time>2014-06-23T18:38:59Z</time>
      </trkpt>
      <trkpt lat="68.216123236343265" lon="13.831073474138975">
        <ele>287.88671875</ele>
        <time>2014-06-23T18:39:11Z</time>
      </trkpt>
      <trkpt lat="68.216087613254786" lon="13.831203309819102">
        <ele>287.58203125</ele>
        <time>2014-06-23T18:39:20Z</time>
      </trkpt>
      <trkpt lat="68.21603799238801" lon="13.831292493268847">
        <ele>286.33984375</ele>
        <time>2014-06-23T18:39:29Z</time>
      </trkpt>
      <trkpt lat="68.216008823364973" lon="13.831396093592048">
        <ele>286.0234375</ele>
        <time>2014-06-23T18:39:40Z</time>
      </trkpt>
      <trkpt lat="68.216026006266475" lon="13.831378910690546">
        <ele>286.578125</ele>
        <time>2014-06-23T18:39:59Z</time>
      </trkpt>
      <trkpt lat="68.216045033186674" lon="13.831386202946305">
        <ele>287.41796875</ele>
        <time>2014-06-23T18:40:33Z</time>
      </trkpt>
      <trkpt lat="68.216002285480499" lon="13.831382347270846">
        <ele>285.640625</ele>
        <time>2014-06-23T18:40:47Z</time>
      </trkpt>
      <trkpt lat="68.215966494753957" lon="13.831349574029446">
        <ele>283.91015625</ele>
        <time>2014-06-23T18:40:50Z</time>
      </trkpt>
      <trkpt lat="68.215962219983339" lon="13.831195011734962">
        <ele>282.47265625</ele>
        <time>2014-06-23T18:40:55Z</time>
      </trkpt>
      <trkpt lat="68.215963644906878" lon="13.831187719479203">
        <ele>282.46875</ele>
        <time>2014-06-23T18:40:58Z</time>
      </trkpt>
      <trkpt lat="68.215934727340937" lon="13.831115132197738">
        <ele>280.71875</ele>
        <time>2014-06-23T18:41:08Z</time>
      </trkpt>
      <trkpt lat="68.215883513912559" lon="13.831068612635136">
        <ele>278.3046875</ele>
        <time>2014-06-23T18:41:19Z</time>
      </trkpt>
      <trkpt lat="68.215841436758637" lon="13.831040617078543">
        <ele>276.4140625</ele>
        <time>2014-06-23T18:41:31Z</time>
      </trkpt>
      <trkpt lat="68.215794498100877" lon="13.831004993990064">
        <ele>274.1875</ele>
        <time>2014-06-23T18:41:42Z</time>
      </trkpt>
      <trkpt lat="68.215763820335269" lon="13.830902231857181">
        <ele>271.45703125</ele>
        <time>2014-06-23T18:41:54Z</time>
      </trkpt>
      <trkpt lat="68.215714450925589" lon="13.830974400043488">
        <ele>270.57421875</ele>
        <time>2014-06-23T18:42:05Z</time>
      </trkpt>
      <trkpt lat="68.215643120929599" lon="13.830978255718946">
        <ele>267.9609375</ele>
        <time>2014-06-23T18:42:18Z</time>
      </trkpt>
      <trkpt lat="68.215628452599049" lon="13.830951433628798">
        <ele>267.1484375</ele>
        <time>2014-06-23T18:42:32Z</time>
      </trkpt>
      <trkpt lat="68.215629626065493" lon="13.830941962078214">
        <ele>267.05078125</ele>
        <time>2014-06-23T18:42:42Z</time>
      </trkpt>
      <trkpt lat="68.215625435113907" lon="13.83094766177237">
        <ele>267.0078125</ele>
        <time>2014-06-23T18:42:44Z</time>
      </trkpt>
      <trkpt lat="68.215681677684188" lon="13.830967359244823">
        <ele>269.17578125</ele>
        <time>2014-06-23T18:42:55Z</time>
      </trkpt>
      <trkpt lat="68.21568570099771" lon="13.830950176343322">
        <ele>269.0859375</ele>
        <time>2014-06-23T18:43:07Z</time>
      </trkpt>
      <trkpt lat="68.215604899451137" lon="13.830993343144655">
        <ele>267.01953125</ele>
        <time>2014-06-23T18:43:15Z</time>
      </trkpt>
      <trkpt lat="68.21553616784513" lon="13.83104246109724">
        <ele>265.41015625</ele>
        <time>2014-06-23T18:43:27Z</time>
      </trkpt>
      <trkpt lat="68.215527031570673" lon="13.831139774993062">
        <ele>265.7890625</ele>
        <time>2014-06-23T18:43:35Z</time>
      </trkpt>
      <trkpt lat="68.215526947751641" lon="13.831217139959335">
        <ele>266.3125</ele>
        <time>2014-06-23T18:43:39Z</time>
      </trkpt>
      <trkpt lat="68.215510603040457" lon="13.831279166042805">
        <ele>266.21875</ele>
        <time>2014-06-23T18:43:42Z</time>
      </trkpt>
      <trkpt lat="68.215362159535289" lon="13.831300204619765">
        <ele>261.6796875</ele>
        <time>2014-06-23T18:43:53Z</time>
      </trkpt>
      <trkpt lat="68.215328464284539" lon="13.831190150231123">
        <ele>259.94140625</ele>
        <time>2014-06-23T18:43:57Z</time>
      </trkpt>
      <trkpt lat="68.215284794569016" lon="13.83114698342979">
        <ele>258.3203125</ele>
        <time>2014-06-23T18:44:01Z</time>
      </trkpt>
      <trkpt lat="68.21527037769556" lon="13.831087220460176">
        <ele>257.51953125</ele>
        <time>2014-06-23T18:44:03Z</time>
      </trkpt>
      <trkpt lat="68.215264091268182" lon="13.830989236012101">
        <ele>256.68359375</ele>
        <time>2014-06-23T18:44:06Z</time>
      </trkpt>
      <trkpt lat="68.215197036042809" lon="13.830871637910604">
        <ele>253.84765625</ele>
        <time>2014-06-23T18:44:11Z</time>
      </trkpt>
      <trkpt lat="68.215156132355332" lon="13.830766193568707">
        <ele>252.03515625</ele>
        <time>2014-06-23T18:44:15Z</time>
      </trkpt>
      <trkpt lat="68.215221595019102" lon="13.830547090619802">
        <ele>252.16796875</ele>
        <time>2014-06-23T18:44:30Z</time>
      </trkpt>
      <trkpt lat="68.215235341340303" lon="13.830662425607443">
        <ele>253.35546875</ele>
        <time>2014-06-23T18:44:50Z</time>
      </trkpt>
      <trkpt lat="68.215253194794059" lon="13.830664018169045">
        <ele>253.8125</ele>
        <time>2014-06-23T18:45:20Z</time>
      </trkpt>
      <trkpt lat="68.215214805677533" lon="13.830626970157027">
        <ele>252.58984375</ele>
        <time>2014-06-23T18:45:45Z</time>
      </trkpt>
      <trkpt lat="68.215236095711589" lon="13.830665443092585">
        <ele>253.39453125</ele>
        <time>2014-06-23T18:46:12Z</time>
      </trkpt>
      <trkpt lat="68.215247998014092" lon="13.830674830824137">
        <ele>253.765625</ele>
        <time>2014-06-23T18:46:31Z</time>
      </trkpt>
      <trkpt lat="68.215205334126949" lon="13.830596711486578">
        <ele>252.14453125</ele>
        <time>2014-06-23T18:46:48Z</time>
      </trkpt>
      <trkpt lat="68.215116821229458" lon="13.830173928290606">
        <ele>248.765625</ele>
        <time>2014-06-23T18:47:03Z</time>
      </trkpt>
      <trkpt lat="68.215065440163016" lon="13.82989807985723">
        <ele>247.125</ele>
        <time>2014-06-23T18:47:12Z</time>
      </trkpt>
      <trkpt lat="68.215066781267524" lon="13.829531203955412">
        <ele>245.21484375</ele>
        <time>2014-06-23T18:47:23Z</time>
      </trkpt>
      <trkpt lat="68.215071726590395" lon="13.829475380480289">
        <ele>245.01953125</ele>
        <time>2014-06-23T18:47:25Z</time>
      </trkpt>
      <trkpt lat="68.215079354122281" lon="13.829188384115696">
        <ele>243.6484375</ele>
        <time>2014-06-23T18:47:38Z</time>
      </trkpt>
      <trkpt lat="68.215080443769693" lon="13.828865764662623">
        <ele>241.94921875</ele>
        <time>2014-06-23T18:47:50Z</time>
      </trkpt>
      <trkpt lat="68.215074157342315" lon="13.828800888732076">
        <ele>241.4921875</ele>
        <time>2014-06-23T18:47:52Z</time>
      </trkpt>
      <trkpt lat="68.215030403807759" lon="13.828722601756454">
        <ele>240.5625</ele>
        <time>2014-06-23T18:47:56Z</time>
      </trkpt>
      <trkpt lat="68.214965779334307" lon="13.828434934839606">
        <ele>239.02734375</ele>
        <time>2014-06-23T18:48:06Z</time>
      </trkpt>
      <trkpt lat="68.214923953637481" lon="13.828281881287694">
        <ele>238.13671875</ele>
        <time>2014-06-23T18:48:11Z</time>
      </trkpt>
      <trkpt lat="68.214868130162358" lon="13.828192111104727">
        <ele>237.078125</ele>
        <time>2014-06-23T18:48:16Z</time>
      </trkpt>
      <trkpt lat="68.214796716347337" lon="13.828102676197886">
        <ele>235.80078125</ele>
        <time>2014-06-23T18:48:22Z</time>
      </trkpt>
      <trkpt lat="68.214710718020797" lon="13.827967392280698">
        <ele>234.33984375</ele>
        <time>2014-06-23T18:48:30Z</time>
      </trkpt>
      <trkpt lat="68.214715076610446" lon="13.82784778252244">
        <ele>234.2734375</ele>
        <time>2014-06-23T18:48:34Z</time>
      </trkpt>
      <trkpt lat="68.214695630595088" lon="13.827774692326784">
        <ele>233.9375</ele>
        <time>2014-06-23T18:48:37Z</time>
      </trkpt>
      <trkpt lat="68.214675094932318" lon="13.827746948227286">
        <ele>233.64453125</ele>
        <time>2014-06-23T18:48:39Z</time>
      </trkpt>
      <trkpt lat="68.214615918695927" lon="13.827523989602923">
        <ele>232.8125</ele>
        <time>2014-06-23T18:48:49Z</time>
      </trkpt>
      <trkpt lat="68.214590772986412" lon="13.827272783964872">
        <ele>232.4765625</ele>
        <time>2014-06-23T18:48:57Z</time>
      </trkpt>
      <trkpt lat="68.214507456868887" lon="13.827015710994601">
        <ele>231.8515625</ele>
        <time>2014-06-23T18:49:10Z</time>
      </trkpt>
      <trkpt lat="68.214491279795766" lon="13.826979249715805">
        <ele>231.78515625</ele>
        <time>2014-06-23T18:49:12Z</time>
      </trkpt>
      <trkpt lat="68.214438892900944" lon="13.826802726835012">
        <ele>231.71875</ele>
        <time>2014-06-23T18:49:28Z</time>
      </trkpt>
      <trkpt lat="68.214424140751362" lon="13.826588904485106">
        <ele>232.07421875</ele>
        <time>2014-06-23T18:49:36Z</time>
      </trkpt>
      <trkpt lat="68.214429253712296" lon="13.826529728248715">
        <ele>232.11328125</ele>
        <time>2014-06-23T18:49:38Z</time>
      </trkpt>
      <trkpt lat="68.214376363903284" lon="13.826262513175607">
        <ele>231.71875</ele>
        <time>2014-06-23T18:49:47Z</time>
      </trkpt>
      <trkpt lat="68.214332610368729" lon="13.825914915651083">
        <ele>231.64453125</ele>
        <time>2014-06-23T18:50:00Z</time>
      </trkpt>
      <trkpt lat="68.214313499629498" lon="13.825714336708188">
        <ele>231.7265625</ele>
        <time>2014-06-23T18:50:10Z</time>
      </trkpt>
      <trkpt lat="68.214256754145026" lon="13.825420970097184">
        <ele>231.94140625</ele>
        <time>2014-06-23T18:50:20Z</time>
      </trkpt>
      <trkpt lat="68.214227082207799" lon="13.825224163010716">
        <ele>231.6796875</ele>
        <time>2014-06-23T18:50:30Z</time>
      </trkpt>
      <trkpt lat="68.214250300079584" lon="13.824607254937291">
        <ele>231.05078125</ele>
        <time>2014-06-23T18:50:38Z</time>
      </trkpt>
      <trkpt lat="68.214171091094613" lon="13.824213892221451">
        <ele>232.44921875</ele>
        <time>2014-06-23T18:50:44Z</time>
      </trkpt>
      <trkpt lat="68.214167319238186" lon="13.824142226949334">
        <ele>232.515625</ele>
        <time>2014-06-23T18:50:46Z</time>
      </trkpt>
      <trkpt lat="68.21409372612834" lon="13.823981629684567">
        <ele>233.859375</ele>
        <time>2014-06-23T18:50:52Z</time>
      </trkpt>
      <trkpt lat="68.214131025597453" lon="13.8234549947083">
        <ele>232.80859375</ele>
        <time>2014-06-02T15:33:49Z</time>
      </trkpt>
      <trkpt lat="68.214119877666235" lon="13.823394142091274">
        <ele>232.9921875</ele>
        <time>2014-06-02T15:33:47Z</time>
      </trkpt>
      <trkpt lat="68.214090708643198" lon="13.823319207876921">
        <ele>233.61328125</ele>
        <time>2014-06-02T15:33:44Z</time>
      </trkpt>
      <trkpt lat="68.214007141068578" lon="13.823144193738699">
        <ele>235.61328125</ele>
        <time>2014-06-02T15:33:37Z</time>
      </trkpt>
      <trkpt lat="68.213974703103304" lon="13.823137488216162">
        <ele>236.4296875</ele>
        <time>2014-06-02T15:33:34Z</time>
      </trkpt>
      <trkpt lat="68.213966069743037" lon="13.823138829320669">
        <ele>236.625</ele>
        <time>2014-06-02T15:33:33Z</time>
      </trkpt>
      <trkpt lat="68.213893231004477" lon="13.823058614507318">
        <ele>238.40234375</ele>
        <time>2014-06-02T15:33:26Z</time>
      </trkpt>
      <trkpt lat="68.213878646492958" lon="13.822998851537704">
        <ele>238.84375</ele>
        <time>2014-06-02T15:33:24Z</time>
      </trkpt>
      <trkpt lat="68.213865403085947" lon="13.822933556511998">
        <ele>239.28125</ele>
        <time>2014-06-02T15:33:22Z</time>
      </trkpt>
      <trkpt lat="68.213834557682276" lon="13.822865663096309">
        <ele>240.2109375</ele>
        <time>2014-06-02T15:33:19Z</time>
      </trkpt>
      <trkpt lat="68.213817458599806" lon="13.822842361405492">
        <ele>240.71875</ele>
        <time>2014-06-02T15:33:17Z</time>
      </trkpt>
      <trkpt lat="68.21378787048161" lon="13.82279341109097">
        <ele>241.640625</ele>
        <time>2014-06-02T15:33:15Z</time>
      </trkpt>
      <trkpt lat="68.213742272928357" lon="13.822716381400824">
        <ele>243.14453125</ele>
        <time>2014-06-02T15:33:08Z</time>
      </trkpt>
      <trkpt lat="68.213680917397141" lon="13.822544803842902">
        <ele>245.24609375</ele>
        <time>2014-06-02T15:32:54Z</time>
      </trkpt>
      <trkpt lat="68.213674714788795" lon="13.822394348680973">
        <ele>245.72265625</ele>
        <time>2014-06-02T15:32:43Z</time>
      </trkpt>
      <trkpt lat="68.213642025366426" lon="13.822247078642249">
        <ele>247.26171875</ele>
        <time>2014-06-02T15:32:38Z</time>
      </trkpt>
      <trkpt lat="68.213591650128365" lon="13.822020599618554">
        <ele>250.046875</ele>
        <time>2014-06-02T15:32:28Z</time>
      </trkpt>
      <trkpt lat="68.213586704805493" lon="13.821920938789845">
        <ele>250.609375</ele>
        <time>2014-06-02T15:32:24Z</time>
      </trkpt>
      <trkpt lat="68.213574551045895" lon="13.821637043729424">
        <ele>252.13671875</ele>
        <time>2014-06-02T15:32:15Z</time>
      </trkpt>
      <trkpt lat="68.213547226041555" lon="13.821507208049297">
        <ele>254.28125</ele>
        <time>2014-06-02T15:32:10Z</time>
      </trkpt>
      <trkpt lat="68.213525768369436" lon="13.821436883881688">
        <ele>256.046875</ele>
        <time>2014-06-02T15:32:07Z</time>
      </trkpt>
      <trkpt lat="68.213503388687968" lon="13.821386843919754">
        <ele>257.69140625</ele>
        <time>2014-06-02T15:32:03Z</time>
      </trkpt>
      <trkpt lat="68.213417557999492" lon="13.821265809237957">
        <ele>262.81640625</ele>
        <time>2014-06-02T15:31:54Z</time>
      </trkpt>
      <trkpt lat="68.213376570492983" lon="13.821137901395559">
        <ele>265.1953125</ele>
        <time>2014-06-02T15:31:49Z</time>
      </trkpt>
      <trkpt lat="68.213381599634886" lon="13.82115357555449">
        <ele>264.91015625</ele>
        <time>2014-06-02T15:31:39Z</time>
      </trkpt>
      <trkpt lat="68.213378749787807" lon="13.821042431518435">
        <ele>266.484375</ele>
        <time>2014-06-02T15:31:26Z</time>
      </trkpt>
      <trkpt lat="68.21332854218781" lon="13.820704892277718">
        <ele>264.609375</ele>
        <time>2014-06-02T15:31:14Z</time>
      </trkpt>
      <trkpt lat="68.213325692340732" lon="13.820606991648674">
        <ele>263.8359375</ele>
        <time>2014-06-02T15:31:11Z</time>
      </trkpt>
      <trkpt lat="68.213288141414523" lon="13.820447735488415">
        <ele>263.828125</ele>
        <time>2014-06-02T15:31:03Z</time>
      </trkpt>
      <trkpt lat="68.213228629902005" lon="13.82009326480329">
        <ele>265.4609375</ele>
        <time>2014-06-02T15:30:48Z</time>
      </trkpt>
      <trkpt lat="68.213179763406515" lon="13.819836275652051">
        <ele>267.66796875</ele>
        <time>2014-06-02T15:30:39Z</time>
      </trkpt>
      <trkpt lat="68.213152606040239" lon="13.819769388064742">
        <ele>269.07421875</ele>
        <time>2014-06-02T15:30:36Z</time>
      </trkpt>
      <trkpt lat="68.213108433410525" lon="13.819689005613327">
        <ele>271.12109375</ele>
        <time>2014-06-02T15:30:30Z</time>
      </trkpt>
      <trkpt lat="68.213018830865622" lon="13.819382395595312">
        <ele>275.50390625</ele>
        <time>2014-06-02T15:30:18Z</time>
      </trkpt>
      <trkpt lat="68.213022854179144" lon="13.819311317056417">
        <ele>275.2109375</ele>
        <time>2014-06-02T15:30:16Z</time>
      </trkpt>
      <trkpt lat="68.212924534454942" lon="13.81910428404808">
        <ele>277.91796875</ele>
        <time>2014-06-02T15:30:06Z</time>
      </trkpt>
      <trkpt lat="68.212839541956782" lon="13.818788202479482">
        <ele>279.234375</ele>
        <time>2014-06-02T15:29:55Z</time>
      </trkpt>
      <trkpt lat="68.212809450924397" lon="13.81878174841404">
        <ele>279.40234375</ele>
        <time>2014-06-02T15:29:45Z</time>
      </trkpt>
      <trkpt lat="68.212727895006537" lon="13.818783843889832">
        <ele>279.84765625</ele>
        <time>2014-06-02T15:29:36Z</time>
      </trkpt>
      <trkpt lat="68.212690008804202" lon="13.818724835291505">
        <ele>280.08984375</ele>
        <time>2014-06-02T15:29:32Z</time>
      </trkpt>
      <trkpt lat="68.212650110945106" lon="13.818704718723893">
        <ele>280.33203125</ele>
        <time>2014-06-02T15:29:29Z</time>
      </trkpt>
      <trkpt lat="68.212644243612885" lon="13.818707652390003">
        <ele>280.36328125</ele>
        <time>2014-06-02T15:29:28Z</time>
      </trkpt>
      <trkpt lat="68.212511725723743" lon="13.818488800898194">
        <ele>281.3828125</ele>
        <time>2014-06-02T15:29:14Z</time>
      </trkpt>
      <trkpt lat="68.212427403777838" lon="13.818083116784692">
        <ele>282.12109375</ele>
        <time>2014-06-02T15:28:59Z</time>
      </trkpt>
      <trkpt lat="68.212362360209227" lon="13.81778153590858">
        <ele>282.59375</ele>
        <time>2014-06-02T15:28:46Z</time>
      </trkpt>
      <trkpt lat="68.212331011891365" lon="13.817529492080212">
        <ele>282.94921875</ele>
        <time>2014-06-02T15:28:38Z</time>
      </trkpt>
      <trkpt lat="68.212283151224256" lon="13.817407032474875">
        <ele>283.203125</ele>
        <time>2014-06-02T15:28:33Z</time>
      </trkpt>
      <trkpt lat="68.212234368547797" lon="13.817373337224126">
        <ele>283.43359375</ele>
        <time>2014-06-02T15:28:26Z</time>
      </trkpt>
      <trkpt lat="68.212204864248633" lon="13.817349364981055">
        <ele>283.578125</ele>
        <time>2014-06-02T15:28:23Z</time>
      </trkpt>
      <trkpt lat="68.212102018296719" lon="13.817098829895258">
        <ele>284.1796875</ele>
        <time>2014-06-02T15:28:14Z</time>
      </trkpt>
      <trkpt lat="68.212130852043629" lon="13.816978381946683">
        <ele>283.87890625</ele>
        <time>2014-06-02T15:28:11Z</time>
      </trkpt>
      <trkpt lat="68.212154656648636" lon="13.816809486597776">
        <ele>283.52734375</ele>
        <time>2014-06-02T15:28:07Z</time>
      </trkpt>
      <trkpt lat="68.212149376049638" lon="13.816756010055542">
        <ele>283.49609375</ele>
        <time>2014-06-02T15:28:05Z</time>
      </trkpt>
      <trkpt lat="68.212093049660325" lon="13.816292574629188">
        <ele>283.30859375</ele>
        <time>2014-06-02T15:27:51Z</time>
      </trkpt>
      <trkpt lat="68.212102269753814" lon="13.816185453906655">
        <ele>283.06640625</ele>
        <time>2014-06-02T15:27:49Z</time>
      </trkpt>
      <trkpt lat="68.21207620203495" lon="13.815882196649909">
        <ele>282.86328125</ele>
        <time>2014-06-02T15:27:41Z</time>
      </trkpt>
      <trkpt lat="68.21201853454113" lon="13.815674241632223">
        <ele>283.40625</ele>
        <time>2014-06-02T15:27:33Z</time>
      </trkpt>
      <trkpt lat="68.211874701082706" lon="13.815505681559443">
        <ele>285.95703125</ele>
        <time>2014-06-02T15:27:22Z</time>
      </trkpt>
      <trkpt lat="68.21173463948071" lon="13.815326979383826">
        <ele>287.61328125</ele>
        <time>2014-06-02T15:27:09Z</time>
      </trkpt>
      <trkpt lat="68.211577394977212" lon="13.815073342993855">
        <ele>288.36328125</ele>
        <time>2014-06-02T15:26:53Z</time>
      </trkpt>
      <trkpt lat="68.211537916213274" lon="13.815020201727748">
        <ele>288.703125</ele>
        <time>2014-06-02T15:26:48Z</time>
      </trkpt>
      <trkpt lat="68.211542861536145" lon="13.815011652186513">
        <ele>288.609375</ele>
        <time>2014-06-02T15:26:45Z</time>
      </trkpt>
      <trkpt lat="68.211544705554843" lon="13.815043838694692">
        <ele>288.6875</ele>
        <time>2014-06-02T15:26:43Z</time>
      </trkpt>
      <trkpt lat="68.211543951183558" lon="13.815056243911386">
        <ele>288.73828125</ele>
        <time>2014-06-02T15:26:42Z</time>
      </trkpt>
      <trkpt lat="68.211497850716114" lon="13.814645782113075">
        <ele>287.9765625</ele>
        <time>2014-06-02T15:26:27Z</time>
      </trkpt>
      <trkpt lat="68.211502963677049" lon="13.814503876492381">
        <ele>287.375</ele>
        <time>2014-06-02T15:26:23Z</time>
      </trkpt>
      <trkpt lat="68.211459796875715" lon="13.814383680000901">
        <ele>287.70703125</ele>
        <time>2014-06-02T15:26:17Z</time>
      </trkpt>
      <trkpt lat="68.211429035291076" lon="13.814343279227614">
        <ele>288.05859375</ele>
        <time>2014-06-02T15:26:14Z</time>
      </trkpt>
      <trkpt lat="68.21121227927506" lon="13.814306482672691">
        <ele>291.96484375</ele>
        <time>2014-06-02T15:26:00Z</time>
      </trkpt>
      <trkpt lat="68.211098620668054" lon="13.81423020735383">
        <ele>293.359375</ele>
        <time>2014-06-02T15:25:50Z</time>
      </trkpt>
      <trkpt lat="68.211078252643347" lon="13.814197601750493">
        <ele>293.60546875</ele>
        <time>2014-06-02T15:25:48Z</time>
      </trkpt>
      <trkpt lat="68.211067272350192" lon="13.814177317544818">
        <ele>293.73828125</ele>
        <time>2014-06-02T15:25:47Z</time>
      </trkpt>
      <trkpt lat="68.210931904613972" lon="13.813772890716791">
        <ele>295.59765625</ele>
        <time>2014-06-02T15:25:32Z</time>
      </trkpt>
      <trkpt lat="68.210799805819988" lon="13.813464185222983">
        <ele>297.61328125</ele>
        <time>2014-06-02T15:25:17Z</time>
      </trkpt>
      <trkpt lat="68.210742389783263" lon="13.813415989279747">
        <ele>298.59375</ele>
        <time>2014-06-02T15:25:12Z</time>
      </trkpt>
      <trkpt lat="68.210565447807312" lon="13.813274251297116">
        <ele>301.2109375</ele>
        <time>2014-06-02T15:24:58Z</time>
      </trkpt>
      <trkpt lat="68.210455644875765" lon="13.812894048169255">
        <ele>303.40625</ele>
        <time>2014-06-02T15:24:43Z</time>
      </trkpt>
      <trkpt lat="68.210398564115167" lon="13.812755746766925">
        <ele>304.2578125</ele>
        <time>2014-06-02T15:24:36Z</time>
      </trkpt>
      <trkpt lat="68.210370820015669" lon="13.812643680721521">
        <ele>304.578125</ele>
        <time>2014-06-02T15:24:31Z</time>
      </trkpt>
      <trkpt lat="68.210342405363917" lon="13.812516024336219">
        <ele>304.7421875</ele>
        <time>2014-06-02T15:24:26Z</time>
      </trkpt>
      <trkpt lat="68.210332347080112" lon="13.812352996319532">
        <ele>304.71875</ele>
        <time>2014-06-02T15:24:21Z</time>
      </trkpt>
      <trkpt lat="68.210282055661082" lon="13.812173623591661">
        <ele>305.125</ele>
        <time>2014-06-02T15:24:14Z</time>
      </trkpt>
      <trkpt lat="68.21022086776793" lon="13.812086870893836">
        <ele>305.59375</ele>
        <time>2014-06-02T15:24:08Z</time>
      </trkpt>
      <trkpt lat="68.210205361247063" lon="13.812075639143586">
        <ele>305.72265625</ele>
        <time>2014-06-02T15:24:03Z</time>
      </trkpt>
      <trkpt lat="68.210068568587303" lon="13.812066754326224">
        <ele>307.42578125</ele>
        <time>2014-06-02T15:23:50Z</time>
      </trkpt>
      <trkpt lat="68.210041746497154" lon="13.812124254181981">
        <ele>308.11328125</ele>
        <time>2014-06-02T15:23:47Z</time>
      </trkpt>
      <trkpt lat="68.210018025711179" lon="13.812226010486484">
        <ele>308.59765625</ele>
        <time>2014-06-02T15:23:43Z</time>
      </trkpt>
      <trkpt lat="68.209966477006674" lon="13.812410496175289">
        <ele>309.52734375</ele>
        <time>2014-06-02T15:23:36Z</time>
      </trkpt>
      <trkpt lat="68.209965135902166" lon="13.812406891956925">
        <ele>309.55078125</ele>
        <time>2014-06-02T15:23:34Z</time>
      </trkpt>
      <trkpt lat="68.209963543340564" lon="13.812414519488811">
        <ele>309.578125</ele>
        <time>2014-06-02T15:23:30Z</time>
      </trkpt>
      <trkpt lat="68.209951305761933" lon="13.81239834241569">
        <ele>309.80078125</ele>
        <time>2014-06-02T15:23:25Z</time>
      </trkpt>
      <trkpt lat="68.209955412894487" lon="13.812420722097158">
        <ele>309.7265625</ele>
        <time>2014-06-02T15:23:15Z</time>
      </trkpt>
      <trkpt lat="68.20996044203639" lon="13.812479479238391">
        <ele>309.63671875</ele>
        <time>2014-06-02T15:22:36Z</time>
      </trkpt>
      <trkpt lat="68.209969326853752" lon="13.812446538358927">
        <ele>309.4765625</ele>
        <time>2014-06-02T15:21:59Z</time>
      </trkpt>
      <trkpt lat="68.209964213892817" lon="13.812423823401332">
        <ele>309.56640625</ele>
        <time>2014-06-02T15:21:57Z</time>
      </trkpt>
      <trkpt lat="68.209954909980297" lon="13.812454668805003">
        <ele>309.734375</ele>
        <time>2014-06-02T15:21:43Z</time>
      </trkpt>
      <trkpt lat="68.209963627159595" lon="13.812419045716524">
        <ele>309.578125</ele>
        <time>2014-06-02T15:21:39Z</time>
      </trkpt>
      <trkpt lat="68.20991987362504" lon="13.81247746758163">
        <ele>310.3671875</ele>
        <time>2014-06-02T15:21:25Z</time>
      </trkpt>
      <trkpt lat="68.209865055978298" lon="13.812532620504498">
        <ele>311.35546875</ele>
        <time>2014-06-02T15:21:21Z</time>
      </trkpt>
      <trkpt lat="68.209844436496496" lon="13.812543852254748">
        <ele>311.7265625</ele>
        <time>2014-06-02T15:21:19Z</time>
      </trkpt>
      <trkpt lat="68.20979624055326" lon="13.812590036541224">
        <ele>312.59375</ele>
        <time>2014-06-02T15:21:15Z</time>
      </trkpt>
      <trkpt lat="68.209732118993998" lon="13.812617780640721">
        <ele>313.75</ele>
        <time>2014-06-02T15:21:10Z</time>
      </trkpt>
      <trkpt lat="68.209694148972631" lon="13.81255860440433">
        <ele>314.43359375</ele>
        <time>2014-06-02T15:21:04Z</time>
      </trkpt>
      <trkpt lat="68.209563810378313" lon="13.812536224722862">
        <ele>316.78125</ele>
        <time>2014-06-02T15:20:54Z</time>
      </trkpt>
      <trkpt lat="68.209559200331569" lon="13.812512001022696">
        <ele>316.86328125</ele>
        <time>2014-06-02T15:20:53Z</time>
      </trkpt>
      <trkpt lat="68.209522990509868" lon="13.812473360449076">
        <ele>318.37890625</ele>
        <time>2014-06-02T15:20:49Z</time>
      </trkpt>
      <trkpt lat="68.209483847022057" lon="13.812272110953927">
        <ele>319.9140625</ele>
        <time>2014-06-02T15:20:42Z</time>
      </trkpt>
      <trkpt lat="68.209457108750939" lon="13.812134563922882">
        <ele>320.7265625</ele>
        <time>2014-06-02T15:20:39Z</time>
      </trkpt>
      <trkpt lat="68.209434058517218" lon="13.812032304704189">
        <ele>321.30859375</ele>
        <time>2014-06-02T15:20:37Z</time>
      </trkpt>
      <trkpt lat="68.209357280284166" lon="13.811914203688502">
        <ele>324.02734375</ele>
        <time>2014-06-02T15:20:31Z</time>
      </trkpt>
      <trkpt lat="68.209348730742931" lon="13.811879251152277">
        <ele>324.26953125</ele>
        <time>2014-06-02T15:20:28Z</time>
      </trkpt>
      <trkpt lat="68.209345545619726" lon="13.811875144019723">
        <ele>324.38671875</ele>
        <time>2014-06-02T15:20:27Z</time>
      </trkpt>
      <trkpt lat="68.209306234493852" lon="13.811776824295521">
        <ele>325.703125</ele>
        <time>2014-06-02T15:20:22Z</time>
      </trkpt>
      <trkpt lat="68.209274969995022" lon="13.811785206198692">
        <ele>327</ele>
        <time>2014-06-02T15:20:19Z</time>
      </trkpt>
      <trkpt lat="68.209240017458797" lon="13.811811357736588">
        <ele>328.4921875</ele>
        <time>2014-06-02T15:20:11Z</time>
      </trkpt>
      <trkpt lat="68.209236580878496" lon="13.811937253922224">
        <ele>328.95703125</ele>
        <time>2014-06-02T15:20:07Z</time>
      </trkpt>
      <trkpt lat="68.209230797365308" lon="13.811958460137248">
        <ele>329.24609375</ele>
        <time>2014-06-02T15:20:06Z</time>
      </trkpt>
      <trkpt lat="68.209208082407713" lon="13.812010511755943">
        <ele>330.2890625</ele>
        <time>2014-06-02T15:20:02Z</time>
      </trkpt>
      <trkpt lat="68.209184613078833" lon="13.812068095430732">
        <ele>331.3671875</ele>
        <time>2014-06-02T15:19:59Z</time>
      </trkpt>
      <trkpt lat="68.209138344973326" lon="13.812203714624047">
        <ele>334.05859375</ele>
        <time>2014-06-02T15:19:50Z</time>
      </trkpt>
      <trkpt lat="68.209144212305546" lon="13.812208911404014">
        <ele>333.87109375</ele>
        <time>2014-06-02T15:19:42Z</time>
      </trkpt>
      <trkpt lat="68.209108589217067" lon="13.812338327988982">
        <ele>336.83203125</ele>
        <time>2014-06-02T15:19:31Z</time>
      </trkpt>
      <trkpt lat="68.209086963906884" lon="13.812427343800664">
        <ele>338.875</ele>
        <time>2014-06-02T15:19:27Z</time>
      </trkpt>
      <trkpt lat="68.209062404930592" lon="13.812536392360926">
        <ele>341.4140625</ele>
        <time>2014-06-02T15:19:22Z</time>
      </trkpt>
      <trkpt lat="68.209047149866819" lon="13.812521724030375">
        <ele>341.984375</ele>
        <time>2014-06-02T15:19:13Z</time>
      </trkpt>
      <trkpt lat="68.209044048562646" lon="13.812536308541894">
        <ele>342.33203125</ele>
        <time>2014-06-02T15:19:12Z</time>
      </trkpt>
      <trkpt lat="68.20900809019804" lon="13.812636472284794">
        <ele>345.5390625</ele>
        <time>2014-06-02T15:19:01Z</time>
      </trkpt>
      <trkpt lat="68.208980597555637" lon="13.812600849196315">
        <ele>346.34765625</ele>
        <time>2014-06-02T15:18:47Z</time>
      </trkpt>
      <trkpt lat="68.208939358592033" lon="13.812584336847067">
        <ele>347.96875</ele>
        <time>2014-06-02T15:18:33Z</time>
      </trkpt>
      <trkpt lat="68.208939610049129" lon="13.812582660466433">
        <ele>347.9375</ele>
        <time>2014-06-02T15:18:31Z</time>
      </trkpt>
      <trkpt lat="68.208929551765323" lon="13.812417788431048">
        <ele>346.19140625</ele>
        <time>2014-06-02T15:18:16Z</time>
      </trkpt>
      <trkpt lat="68.208911614492536" lon="13.812354253605008">
        <ele>346.21875</ele>
        <time>2014-06-02T15:18:13Z</time>
      </trkpt>
      <trkpt lat="68.20890499278903" lon="13.812130708247423">
        <ele>343.75390625</ele>
        <time>2014-06-02T15:18:04Z</time>
      </trkpt>
      <trkpt lat="68.208907674998045" lon="13.812109837308526">
        <ele>343.5703125</ele>
        <time>2014-06-02T15:17:56Z</time>
      </trkpt>
      <trkpt lat="68.208873812109232" lon="13.811870785430074">
        <ele>344.80859375</ele>
        <time>2014-06-02T15:17:43Z</time>
      </trkpt>
      <trkpt lat="68.208830645307899" lon="13.8118417840451">
        <ele>346.95703125</ele>
        <time>2014-06-02T15:17:35Z</time>
      </trkpt>
      <trkpt lat="68.208810277283192" lon="13.811770873144269">
        <ele>347.83203125</ele>
        <time>2014-06-02T15:17:31Z</time>
      </trkpt>
      <trkpt lat="68.20877498947084" lon="13.811587058007717">
        <ele>349.16796875</ele>
        <time>2014-06-02T15:17:22Z</time>
      </trkpt>
      <trkpt lat="68.208750011399388" lon="13.811586387455463">
        <ele>350.42578125</ele>
        <time>2014-06-02T15:17:19Z</time>
      </trkpt>
      <trkpt lat="68.208726793527603" lon="13.811570545658469">
        <ele>351.54296875</ele>
        <time>2014-06-02T15:17:16Z</time>
      </trkpt>
      <trkpt lat="68.20872075855732" lon="13.811564510688186">
        <ele>351.82421875</ele>
        <time>2014-06-02T15:17:15Z</time>
      </trkpt>
      <trkpt lat="68.208655044436455" lon="13.811518074944615">
        <ele>354.97265625</ele>
        <time>2014-06-02T15:17:08Z</time>
      </trkpt>
      <trkpt lat="68.208620343357325" lon="13.811535760760307">
        <ele>356.78515625</ele>
        <time>2014-06-02T15:17:02Z</time>
      </trkpt>
      <trkpt lat="68.208617744967341" lon="13.811536766588688">
        <ele>356.921875</ele>
        <time>2014-06-02T15:17:01Z</time>
      </trkpt>
      <trkpt lat="68.208593688905239" lon="13.811460910364985">
        <ele>357.859375</ele>
        <time>2014-06-02T15:16:53Z</time>
      </trkpt>
      <trkpt lat="68.208635598421097" lon="13.811462419107556">
        <ele>355.75390625</ele>
        <time>2014-06-02T15:16:42Z</time>
      </trkpt>
      <trkpt lat="68.208634257316589" lon="13.811417575925589">
        <ele>355.66015625</ele>
        <time>2014-06-02T15:16:31Z</time>
      </trkpt>
      <trkpt lat="68.208635430783033" lon="13.811362758278847">
        <ele>355.40234375</ele>
        <time>2014-06-02T15:16:23Z</time>
      </trkpt>
      <trkpt lat="68.208571812137961" lon="13.811223786324263">
        <ele>358.109375</ele>
        <time>2014-06-02T15:16:19Z</time>
      </trkpt>
      <trkpt lat="68.208513557910919" lon="13.811355382204056">
        <ele>361.51953125</ele>
        <time>2014-06-02T15:16:14Z</time>
      </trkpt>
      <trkpt lat="68.208448933437467" lon="13.811503825709224">
        <ele>365.31640625</ele>
        <time>2014-06-02T15:16:08Z</time>
      </trkpt>
      <trkpt lat="68.208396630361676" lon="13.811537437140942">
        <ele>367.765625</ele>
        <time>2014-06-02T15:16:05Z</time>
      </trkpt>
      <trkpt lat="68.208351116627455" lon="13.811709014698863">
        <ele>370.265625</ele>
        <time>2014-06-02T15:15:56Z</time>
      </trkpt>
      <trkpt lat="68.208355139940977" lon="13.811582112684846">
        <ele>369.7109375</ele>
        <time>2014-06-02T15:15:33Z</time>
      </trkpt>
      <trkpt lat="68.208372071385384" lon="13.811609437689185">
        <ele>369.0625</ele>
        <time>2014-06-02T15:15:20Z</time>
      </trkpt>
      <trkpt lat="68.208351032808423" lon="13.811659729108214">
        <ele>370.12109375</ele>
        <time>2014-06-02T15:15:18Z</time>
      </trkpt>
      <trkpt lat="68.208295376971364" lon="13.811784032732248">
        <ele>372.83203125</ele>
        <time>2014-06-02T15:15:13Z</time>
      </trkpt>
      <trkpt lat="68.208304094150662" lon="13.811784032732248">
        <ele>372.46484375</ele>
        <time>2014-06-02T15:15:03Z</time>
      </trkpt>
      <trkpt lat="68.208306943997741" lon="13.811773555353284">
        <ele>372.31640625</ele>
        <time>2014-06-02T15:15:01Z</time>
      </trkpt>
      <trkpt lat="68.20821650326252" lon="13.811824517324567">
        <ele>376.22265625</ele>
        <time>2014-06-02T15:14:56Z</time>
      </trkpt>
      <trkpt lat="68.208149028941989" lon="13.812014954164624">
        <ele>379.359375</ele>
        <time>2014-06-02T15:14:49Z</time>
      </trkpt>
      <trkpt lat="68.208091193810105" lon="13.811992155387998">
        <ele>381.66796875</ele>
        <time>2014-06-02T15:14:44Z</time>
      </trkpt>
      <trkpt lat="68.208087589591742" lon="13.812058120965958">
        <ele>381.90234375</ele>
        <time>2014-06-02T15:14:41Z</time>
      </trkpt>
      <trkpt lat="68.208082895725965" lon="13.812087876722217">
        <ele>382.12890625</ele>
        <time>2014-06-02T15:14:35Z</time>
      </trkpt>
      <trkpt lat="68.208055235445499" lon="13.811923926696181">
        <ele>383.0546875</ele>
        <time>2014-06-02T15:14:30Z</time>
      </trkpt>
      <trkpt lat="68.20800150744617" lon="13.811896769329906">
        <ele>385.23828125</ele>
        <time>2014-06-02T15:14:24Z</time>
      </trkpt>
      <trkpt lat="68.207920622080564" lon="13.811905654147267">
        <ele>388.5703125</ele>
        <time>2014-06-02T15:14:15Z</time>
      </trkpt>
      <trkpt lat="68.207882149145007" lon="13.811996346339583">
        <ele>390.12109375</ele>
        <time>2014-06-02T15:14:11Z</time>
      </trkpt>
      <trkpt lat="68.207800509408116" lon="13.812024844810367">
        <ele>392.73828125</ele>
        <time>2014-06-02T15:14:05Z</time>
      </trkpt>
      <trkpt lat="68.20774007588625" lon="13.811947060748935">
        <ele>394.63671875</ele>
        <time>2014-06-02T15:14:01Z</time>
      </trkpt>
      <trkpt lat="68.207733957096934" lon="13.811943791806698">
        <ele>394.828125</ele>
        <time>2014-06-02T15:14:00Z</time>
      </trkpt>
      <trkpt lat="68.20771861821413" lon="13.811932895332575">
        <ele>395.3125</ele>
        <time>2014-06-02T15:13:49Z</time>
      </trkpt>
      <trkpt lat="68.20771861821413" lon="13.811932895332575">
        <ele>403.889999999999986</ele>
        <time>2014-06-02T15:13:49Z</time>
      </trkpt>
      <trkpt lat="68.207716438919306" lon="13.81162385456264">
        <ele>403.889999999999986</ele>
        <time>2014-06-02T15:13:41Z</time>
      </trkpt>
      <trkpt lat="68.207718953490257" lon="13.811226133257151">
        <ele>404.850000000000023</ele>
        <time>2014-06-02T15:13:30Z</time>
      </trkpt>
      <trkpt lat="68.207713672891259" lon="13.811190007254481">
        <ele>405.329999999999984</ele>
        <time>2014-06-02T15:13:28Z</time>
      </trkpt>
      <trkpt lat="68.207664303481579" lon="13.810954643413424">
        <ele>404.850000000000023</ele>
        <time>2014-06-02T15:13:18Z</time>
      </trkpt>
      <trkpt lat="68.207657681778073" lon="13.810945171862841">
        <ele>404.850000000000023</ele>
        <time>2014-06-02T15:13:17Z</time>
      </trkpt>
      <trkpt lat="68.207639409229159" lon="13.810616433620453">
        <ele>406.29000000000002</ele>
        <time>2014-06-02T15:13:08Z</time>
      </trkpt>
      <trkpt lat="68.207634463906288" lon="13.810552731156349">
        <ele>406.769999999999982</ele>
        <time>2014-06-02T15:13:05Z</time>
      </trkpt>
      <trkpt lat="68.20759548805654" lon="13.810502858832479">
        <ele>407.740000000000009</ele>
        <time>2014-06-02T15:12:57Z</time>
      </trkpt>
      <trkpt lat="68.207586100324988" lon="13.810435384511948">
        <ele>407.740000000000009</ele>
        <time>2014-06-02T15:12:54Z</time>
      </trkpt>
      <trkpt lat="68.207508316263556" lon="13.810217874124646">
        <ele>407.740000000000009</ele>
        <time>2014-06-02T15:12:45Z</time>
      </trkpt>
      <trkpt lat="68.207490127533674" lon="13.810182670131326">
        <ele>407.740000000000009</ele>
        <time>2014-06-02T15:12:43Z</time>
      </trkpt>
      <trkpt lat="68.207478057593107" lon="13.810136569663882">
        <ele>407.740000000000009</ele>
        <time>2014-06-02T15:12:42Z</time>
      </trkpt>
      <trkpt lat="68.207411421462893" lon="13.809975301846862">
        <ele>408.699999999999989</ele>
        <time>2014-06-02T15:12:34Z</time>
      </trkpt>
      <trkpt lat="68.207334643229842" lon="13.809706578031182">
        <ele>408.699999999999989</ele>
        <time>2014-06-02T15:12:25Z</time>
      </trkpt>
      <trkpt lat="68.207324920222163" lon="13.809685371816158">
        <ele>408.699999999999989</ele>
        <time>2014-06-02T15:12:23Z</time>
      </trkpt>
      <trkpt lat="68.207281334325671" lon="13.809631979092956">
        <ele>409.180000000000007</ele>
        <time>2014-06-02T15:12:16Z</time>
      </trkpt>
      <trkpt lat="68.207193240523338" lon="13.8094137981534">
        <ele>411.100000000000023</ele>
        <time>2014-06-02T15:12:06Z</time>
      </trkpt>
      <trkpt lat="68.207103805616498" lon="13.809184888377786">
        <ele>411.100000000000023</ele>
        <time>2014-06-02T15:11:54Z</time>
      </trkpt>
      <trkpt lat="68.207090143114328" lon="13.809082629159093">
        <ele>411.579999999999984</ele>
        <time>2014-06-02T15:11:51Z</time>
      </trkpt>
      <trkpt lat="68.207011017948389" lon="13.808858077973127">
        <ele>411.100000000000023</ele>
        <time>2014-06-02T15:11:43Z</time>
      </trkpt>
      <trkpt lat="68.206946812570095" lon="13.808637801557779">
        <ele>409.660000000000025</ele>
        <time>2014-06-02T15:11:34Z</time>
      </trkpt>
      <trkpt lat="68.206859892234206" lon="13.808367904275656">
        <ele>408.699999999999989</ele>
        <time>2014-06-02T15:11:22Z</time>
      </trkpt>
      <trkpt lat="68.206854779273272" lon="13.808334963396192">
        <ele>408.220000000000027</ele>
        <time>2014-06-02T15:11:21Z</time>
      </trkpt>
      <trkpt lat="68.206810187548399" lon="13.808098677545786">
        <ele>407.259999999999991</ele>
        <time>2014-06-02T15:11:12Z</time>
      </trkpt>
      <trkpt lat="68.206767020747066" lon="13.807900529354811">
        <ele>405.810000000000002</ele>
        <time>2014-06-02T15:11:04Z</time>
      </trkpt>
      <trkpt lat="68.206764422357082" lon="13.807875383645296">
        <ele>405.810000000000002</ele>
        <time>2014-06-02T15:11:03Z</time>
      </trkpt>
      <trkpt lat="68.206713376566768" lon="13.807588052004576">
        <ele>403.889999999999986</ele>
        <time>2014-06-02T15:10:52Z</time>
      </trkpt>
      <trkpt lat="68.206687225028872" lon="13.807480596005917">
        <ele>402.930000000000007</ele>
        <time>2014-06-02T15:10:47Z</time>
      </trkpt>
      <trkpt lat="68.20667683146894" lon="13.807425191625953">
        <ele>402.930000000000007</ele>
        <time>2014-06-02T15:10:45Z</time>
      </trkpt>
      <trkpt lat="68.206619583070278" lon="13.8072310667485">
        <ele>401.009999999999991</ele>
        <time>2014-06-02T15:10:36Z</time>
      </trkpt>
      <trkpt lat="68.206616146489978" lon="13.807147834450006">
        <ele>400.529999999999973</ele>
        <time>2014-06-02T15:10:32Z</time>
      </trkpt>
      <trkpt lat="68.206616062670946" lon="13.807043228298426">
        <ele>399.569999999999993</ele>
        <time>2014-06-02T15:10:28Z</time>
      </trkpt>
      <trkpt lat="68.206605250015855" lon="13.806988913565874">
        <ele>398.600000000000023</ele>
        <time>2014-06-02T15:10:25Z</time>
      </trkpt>
      <trkpt lat="68.206561747938395" lon="13.806725554168224">
        <ele>397.160000000000025</ele>
        <time>2014-06-02T15:10:16Z</time>
      </trkpt>
      <trkpt lat="68.206536853685975" lon="13.80673611536622">
        <ele>396.680000000000007</ele>
        <time>2014-06-02T15:10:13Z</time>
      </trkpt>
      <trkpt lat="68.206492681056261" lon="13.806611057370901">
        <ele>395.720000000000027</ele>
        <time>2014-06-02T15:10:07Z</time>
      </trkpt>
      <trkpt lat="68.206425793468952" lon="13.806468732655048">
        <ele>394.279999999999973</ele>
        <time>2014-06-02T15:09:58Z</time>
      </trkpt>
      <trkpt lat="68.206368796527386" lon="13.806317690759897">
        <ele>394.279999999999973</ele>
        <time>2014-06-02T15:09:50Z</time>
      </trkpt>
      <trkpt lat="68.206338705495" lon="13.806297406554222">
        <ele>393.800000000000011</ele>
        <time>2014-06-02T15:09:46Z</time>
      </trkpt>
      <trkpt lat="68.206316828727722" lon="13.806203445419669">
        <ele>394.279999999999973</ele>
        <time>2014-06-02T15:09:41Z</time>
      </trkpt>
      <trkpt lat="68.206312721595168" lon="13.80616438575089">
        <ele>394.279999999999973</ele>
        <time>2014-06-02T15:09:40Z</time>
      </trkpt>
      <trkpt lat="68.206285396590829" lon="13.80604955367744">
        <ele>394.279999999999973</ele>
        <time>2014-06-02T15:09:35Z</time>
      </trkpt>
      <trkpt lat="68.206272488459945" lon="13.806006722152233">
        <ele>393.800000000000011</ele>
        <time>2014-06-02T15:09:34Z</time>
      </trkpt>
      <trkpt lat="68.206257568672299" lon="13.805967830121517">
        <ele>394.279999999999973</ele>
        <time>2014-06-02T15:09:33Z</time>
      </trkpt>
      <trkpt lat="68.206229489296675" lon="13.805959448218346">
        <ele>394.759999999999991</ele>
        <time>2014-06-02T15:09:30Z</time>
      </trkpt>
      <trkpt lat="68.206216748803854" lon="13.805964142084122">
        <ele>395.240000000000009</ele>
        <time>2014-06-02T15:09:29Z</time>
      </trkpt>
      <trkpt lat="68.206200990825891" lon="13.805935978889465">
        <ele>395.240000000000009</ele>
        <time>2014-06-02T15:09:28Z</time>
      </trkpt>
      <trkpt lat="68.206186406314373" lon="13.805894991382957">
        <ele>395.240000000000009</ele>
        <time>2014-06-02T15:09:27Z</time>
      </trkpt>
      <trkpt lat="68.206173833459616" lon="13.805856769904494">
        <ele>395.240000000000009</ele>
        <time>2014-06-02T15:09:26Z</time>
      </trkpt>
      <trkpt lat="68.20612714625895" lon="13.805840173736215">
        <ele>395.720000000000027</ele>
        <time>2014-06-02T15:09:22Z</time>
      </trkpt>
      <trkpt lat="68.20611197501421" lon="13.805815447121859">
        <ele>395.720000000000027</ele>
        <time>2014-06-02T15:09:21Z</time>
      </trkpt>
      <trkpt lat="68.206096971407533" lon="13.805781500414014">
        <ele>396.199999999999989</ele>
        <time>2014-06-02T15:09:20Z</time>
      </trkpt>
      <trkpt lat="68.206081883981824" lon="13.805746212601662">
        <ele>395.720000000000027</ele>
        <time>2014-06-02T15:09:19Z</time>
      </trkpt>
      <trkpt lat="68.206052547320724" lon="13.805714612826705">
        <ele>396.199999999999989</ele>
        <time>2014-06-02T15:09:15Z</time>
      </trkpt>
      <trkpt lat="68.206003932282329" lon="13.805582765489817">
        <ele>396.199999999999989</ele>
        <time>2014-06-02T15:09:11Z</time>
      </trkpt>
      <trkpt lat="68.205977026373148" lon="13.805417893454432">
        <ele>395.720000000000027</ele>
        <time>2014-06-02T15:09:06Z</time>
      </trkpt>
      <trkpt lat="68.20590091869235" lon="13.80510943941772">
        <ele>395.240000000000009</ele>
        <time>2014-06-02T15:08:55Z</time>
      </trkpt>
      <trkpt lat="68.205787092447281" lon="13.804829400032759">
        <ele>397.160000000000025</ele>
        <time>2014-06-02T15:08:43Z</time>
      </trkpt>
      <trkpt lat="68.20574258454144" lon="13.804686069488525">
        <ele>396.199999999999989</ele>
        <time>2014-06-02T15:08:36Z</time>
      </trkpt>
      <trkpt lat="68.205735627561808" lon="13.804559167474508">
        <ele>393.800000000000011</ele>
        <time>2014-06-02T15:08:31Z</time>
      </trkpt>
      <trkpt lat="68.20573328062892" lon="13.804543493315578">
        <ele>394.279999999999973</ele>
        <time>2014-06-02T15:08:30Z</time>
      </trkpt>
      <trkpt lat="68.205635296180844" lon="13.804311482235789">
        <ele>393.800000000000011</ele>
        <time>2014-06-02T15:08:18Z</time>
      </trkpt>
      <trkpt lat="68.205583579838276" lon="13.804101850837469">
        <ele>392.839999999999975</ele>
        <time>2014-06-02T15:08:08Z</time>
      </trkpt>
      <trkpt lat="68.205503532662988" lon="13.803720558062196">
        <ele>390.430000000000007</ele>
        <time>2014-06-02T15:07:56Z</time>
      </trkpt>
      <trkpt lat="68.205439327284694" lon="13.803351921960711">
        <ele>392.360000000000014</ele>
        <time>2014-06-02T15:07:44Z</time>
      </trkpt>
      <trkpt lat="68.205397669225931" lon="13.803141033276916">
        <ele>391.870000000000005</ele>
        <time>2014-06-02T15:07:39Z</time>
      </trkpt>
      <trkpt lat="68.205335307866335" lon="13.802925366908312">
        <ele>393.319999999999993</ele>
        <time>2014-06-02T15:07:31Z</time>
      </trkpt>
      <trkpt lat="68.205329272896051" lon="13.802900305017829">
        <ele>393.319999999999993</ele>
        <time>2014-06-02T15:07:24Z</time>
      </trkpt>
      <trkpt lat="68.205335391685367" lon="13.80272495560348">
        <ele>393.319999999999993</ele>
        <time>2014-06-02T15:07:13Z</time>
      </trkpt>
      <trkpt lat="68.205319885164499" lon="13.802384817972779">
        <ele>392.839999999999975</ele>
        <time>2014-06-02T15:07:02Z</time>
      </trkpt>
      <trkpt lat="68.205318292602897" lon="13.802121542394161">
        <ele>392.839999999999975</ele>
        <time>2014-06-02T15:06:54Z</time>
      </trkpt>
      <trkpt lat="68.205314353108406" lon="13.801789535209537">
        <ele>391.870000000000005</ele>
        <time>2014-06-02T15:06:42Z</time>
      </trkpt>
      <trkpt lat="68.205314353108406" lon="13.801539838314056">
        <ele>392.360000000000014</ele>
        <time>2014-06-02T15:06:33Z</time>
      </trkpt>
      <trkpt lat="68.205299600958824" lon="13.80122241564095">
        <ele>393.800000000000011</ele>
        <time>2014-06-02T15:06:23Z</time>
      </trkpt>
      <trkpt lat="68.205284345895052" lon="13.800871632993221">
        <ele>391.870000000000005</ele>
        <time>2014-06-02T15:06:12Z</time>
      </trkpt>
      <trkpt lat="68.205287363380194" lon="13.800493776798248">
        <ele>392.360000000000014</ele>
        <time>2014-06-02T15:06:00Z</time>
      </trkpt>
      <trkpt lat="68.205245537683368" lon="13.800253132358193">
        <ele>391.389999999999986</ele>
        <time>2014-06-02T15:05:51Z</time>
      </trkpt>
      <trkpt lat="68.205244615674019" lon="13.800236871466041">
        <ele>390.910000000000025</ele>
        <time>2014-06-02T15:05:50Z</time>
      </trkpt>
      <trkpt lat="68.205241598188877" lon="13.800211977213621">
        <ele>394.279999999999973</ele>
        <time>2014-06-02T15:05:49Z</time>
      </trkpt>
      <trkpt lat="68.205240340903401" lon="13.80015917122364">
        <ele>391.870000000000005</ele>
        <time>2014-06-02T15:05:47Z</time>
      </trkpt>
      <trkpt lat="68.205246711149812" lon="13.800089014694095">
        <ele>391.389999999999986</ele>
        <time>2014-06-02T15:05:43Z</time>
      </trkpt>
      <trkpt lat="68.205252913758159" lon="13.800038639456034">
        <ele>389.949999999999989</ele>
        <time>2014-06-02T15:05:41Z</time>
      </trkpt>
      <trkpt lat="68.205242352560163" lon="13.799783661961555">
        <ele>390.910000000000025</ele>
        <time>2014-06-02T15:05:31Z</time>
      </trkpt>
      <trkpt lat="68.205244280397892" lon="13.799724485725164">
        <ele>390.910000000000025</ele>
        <time>2014-06-02T15:05:29Z</time>
      </trkpt>
      <trkpt lat="68.205240676179528" lon="13.799656089395285">
        <ele>389.470000000000027</ele>
        <time>2014-06-02T15:05:26Z</time>
      </trkpt>
      <trkpt lat="68.205222487449646" lon="13.799589369446039">
        <ele>388.990000000000009</ele>
        <time>2014-06-02T15:05:22Z</time>
      </trkpt>
      <trkpt lat="68.205187451094389" lon="13.799549639225006">
        <ele>389.949999999999989</ele>
        <time>2014-06-02T15:05:18Z</time>
      </trkpt>
      <trkpt lat="68.205153001472354" lon="13.799452409148216">
        <ele>389.470000000000027</ele>
        <time>2014-06-02T15:05:11Z</time>
      </trkpt>
      <trkpt lat="68.205088041722775" lon="13.79934411495924">
        <ele>388.029999999999973</ele>
        <time>2014-06-02T15:05:03Z</time>
      </trkpt>
      <trkpt lat="68.205074463039637" lon="13.7992874532938">
        <ele>387.069999999999993</ele>
        <time>2014-06-02T15:05:01Z</time>
      </trkpt>
      <trkpt lat="68.204998774453998" lon="13.799125347286463">
        <ele>384.180000000000007</ele>
        <time>2014-06-02T15:04:53Z</time>
      </trkpt>
      <trkpt lat="68.20497396402061" lon="13.799128029495478">
        <ele>383.699999999999989</ele>
        <time>2014-06-02T15:04:50Z</time>
      </trkpt>
      <trkpt lat="68.204877320677042" lon="13.799010179936886">
        <ele>383.699999999999989</ele>
        <time>2014-06-02T15:04:43Z</time>
      </trkpt>
      <trkpt lat="68.204842451959848" lon="13.798967683687806">
        <ele>383.220000000000027</ele>
        <time>2014-06-02T15:04:36Z</time>
      </trkpt>
      <trkpt lat="68.204833064228296" lon="13.798891240730882">
        <ele>383.220000000000027</ele>
        <time>2014-06-02T15:04:34Z</time>
      </trkpt>
      <trkpt lat="68.204772043973207" lon="13.798736007884145">
        <ele>382.740000000000009</ele>
        <time>2014-06-02T15:04:27Z</time>
      </trkpt>
      <trkpt lat="68.204619325697422" lon="13.798594940453768">
        <ele>382.740000000000009</ele>
        <time>2014-06-02T15:04:17Z</time>
      </trkpt>
      <trkpt lat="68.204542631283402" lon="13.798649422824383">
        <ele>384.180000000000007</ele>
        <time>2014-06-02T15:04:11Z</time>
      </trkpt>
      <trkpt lat="68.204507678747177" lon="13.798693343997002">
        <ele>385.629999999999995</ele>
        <time>2014-06-02T15:04:07Z</time>
      </trkpt>
      <trkpt lat="68.204384129494429" lon="13.798740031197667">
        <ele>384.180000000000007</ele>
        <time>2014-06-02T15:03:56Z</time>
      </trkpt>
      <trkpt lat="68.20436024107039" lon="13.798796189948916">
        <ele>383.699999999999989</ele>
        <time>2014-06-02T15:03:42Z</time>
      </trkpt>
      <trkpt lat="68.204356888309121" lon="13.798757381737232">
        <ele>384.180000000000007</ele>
        <time>2014-06-02T15:03:20Z</time>
      </trkpt>
      <trkpt lat="68.204324534162879" lon="13.798521095886827">
        <ele>381.300000000000011</ele>
        <time>2014-06-02T15:03:07Z</time>
      </trkpt>
      <trkpt lat="68.204295700415969" lon="13.798490418121219">
        <ele>380.339999999999975</ele>
        <time>2014-06-02T15:03:02Z</time>
      </trkpt>
      <trkpt lat="68.204258987680078" lon="13.798358654603362">
        <ele>378.420000000000016</ele>
        <time>2014-06-02T15:02:54Z</time>
      </trkpt>
      <trkpt lat="68.204222694039345" lon="13.798233848065138">
        <ele>378.420000000000016</ele>
        <time>2014-06-02T15:02:46Z</time>
      </trkpt>
      <trkpt lat="68.204184053465724" lon="13.798106778413057">
        <ele>376.490000000000009</ele>
        <time>2014-06-02T15:02:38Z</time>
      </trkpt>
      <trkpt lat="68.204121608287096" lon="13.797913994640112">
        <ele>375.050000000000011</ele>
        <time>2014-06-02T15:02:28Z</time>
      </trkpt>
      <trkpt lat="68.204103922471404" lon="13.797906702384353">
        <ele>375.050000000000011</ele>
        <time>2014-06-02T15:02:26Z</time>
      </trkpt>
      <trkpt lat="68.204077770933509" lon="13.797921957448125">
        <ele>375.050000000000011</ele>
        <time>2014-06-02T15:02:23Z</time>
      </trkpt>
      <trkpt lat="68.204060085117817" lon="13.797897063195705">
        <ele>375.050000000000011</ele>
        <time>2014-06-02T15:02:20Z</time>
      </trkpt>
      <trkpt lat="68.204035442322493" lon="13.797725401818752">
        <ele>374.089999999999975</ele>
        <time>2014-06-02T15:02:14Z</time>
      </trkpt>
      <trkpt lat="68.204004261642694" lon="13.797558853402734">
        <ele>373.610000000000014</ele>
        <time>2014-06-02T15:02:04Z</time>
      </trkpt>
      <trkpt lat="68.203976936638355" lon="13.797375122085214">
        <ele>372.170000000000016</ele>
        <time>2014-06-02T15:01:55Z</time>
      </trkpt>
      <trkpt lat="68.203977523371577" lon="13.797141350805759">
        <ele>369.279999999999973</ele>
        <time>2014-06-02T15:01:46Z</time>
      </trkpt>
      <trkpt lat="68.203951120376587" lon="13.797056106850505">
        <ele>368.800000000000011</ele>
        <time>2014-06-02T15:01:40Z</time>
      </trkpt>
      <trkpt lat="68.203903092071414" lon="13.796960469335318">
        <ele>367.360000000000014</ele>
        <time>2014-06-02T15:01:30Z</time>
      </trkpt>
      <trkpt lat="68.203881215304136" lon="13.79684479907155">
        <ele>366.399999999999977</ele>
        <time>2014-06-02T15:01:22Z</time>
      </trkpt>
      <trkpt lat="68.203859757632017" lon="13.796681938692927">
        <ele>364.95999999999998</ele>
        <time>2014-06-02T15:01:13Z</time>
      </trkpt>
      <trkpt lat="68.203839724883437" lon="13.796628881245852">
        <ele>363.519999999999982</ele>
        <time>2014-06-02T15:01:08Z</time>
      </trkpt>
      <trkpt lat="68.203801587224007" lon="13.796404497697949">
        <ele>363.519999999999982</ele>
        <time>2014-06-02T15:01:02Z</time>
      </trkpt>
      <trkpt lat="68.20377049036324" lon="13.796462835744023">
        <ele>363.04000000000002</ele>
        <time>2014-06-02T15:00:58Z</time>
      </trkpt>
      <trkpt lat="68.203733945265412" lon="13.796353116631508">
        <ele>362.550000000000011</ele>
        <time>2014-06-02T15:00:50Z</time>
      </trkpt>
      <trkpt lat="68.203636715188622" lon="13.796214144676924">
        <ele>361.110000000000014</ele>
        <time>2014-06-02T15:00:38Z</time>
      </trkpt>
      <trkpt lat="68.203605618327856" lon="13.796243481338024">
        <ele>361.589999999999975</ele>
        <time>2014-06-02T15:00:35Z</time>
      </trkpt>
      <trkpt lat="68.203501682728529" lon="13.796262089163065">
        <ele>362.550000000000011</ele>
        <time>2014-06-02T15:00:27Z</time>
      </trkpt>
      <trkpt lat="68.203422892838717" lon="13.796266112476587">
        <ele>362.550000000000011</ele>
        <time>2014-06-02T15:00:20Z</time>
      </trkpt>
      <trkpt lat="68.203403111547232" lon="13.796267788857222">
        <ele>361.589999999999975</ele>
        <time>2014-06-02T15:00:18Z</time>
      </trkpt>
      <trkpt lat="68.203386850655079" lon="13.79616167396307">
        <ele>359.670000000000016</ele>
        <time>2014-06-02T15:00:14Z</time>
      </trkpt>
      <trkpt lat="68.203303618356586" lon="13.796087158843875">
        <ele>360.149999999999977</ele>
        <time>2014-06-02T15:00:06Z</time>
      </trkpt>
      <trkpt lat="68.203268833458424" lon="13.796156225726008">
        <ele>361.589999999999975</ele>
        <time>2014-06-02T14:59:55Z</time>
      </trkpt>
      <trkpt lat="68.203202448785305" lon="13.796109119430184">
        <ele>361.110000000000014</ele>
        <time>2014-06-02T14:59:44Z</time>
      </trkpt>
      <trkpt lat="68.203178644180298" lon="13.795999567955732">
        <ele>360.629999999999995</ele>
        <time>2014-06-02T14:59:40Z</time>
      </trkpt>
      <trkpt lat="68.203127682209015" lon="13.795870402827859">
        <ele>361.110000000000014</ele>
        <time>2014-06-02T14:59:31Z</time>
      </trkpt>
      <trkpt lat="68.203090215101838" lon="13.79582011140883">
        <ele>361.110000000000014</ele>
        <time>2014-06-02T14:59:27Z</time>
      </trkpt>
      <trkpt lat="68.203044198453426" lon="13.795702932402492">
        <ele>361.589999999999975</ele>
        <time>2014-06-02T14:59:14Z</time>
      </trkpt>
      <trkpt lat="68.203029111027718" lon="13.795623639598489">
        <ele>361.110000000000014</ele>
        <time>2014-06-02T14:59:10Z</time>
      </trkpt>
      <trkpt lat="68.20295250043273" lon="13.795389868319035">
        <ele>358.70999999999998</ele>
        <time>2014-06-02T14:58:57Z</time>
      </trkpt>
      <trkpt lat="68.202885612845421" lon="13.795387102290988">
        <ele>358.230000000000018</ele>
        <time>2014-06-02T14:58:51Z</time>
      </trkpt>
      <trkpt lat="68.202837919816375" lon="13.79525089636445">
        <ele>358.230000000000018</ele>
        <time>2014-06-02T14:58:45Z</time>
      </trkpt>
      <trkpt lat="68.202783353626728" lon="13.795248465612531">
        <ele>359.189999999999998</ele>
        <time>2014-06-02T14:58:40Z</time>
      </trkpt>
      <trkpt lat="68.202775809913874" lon="13.795292470604181">
        <ele>359.189999999999998</ele>
        <time>2014-06-02T14:58:38Z</time>
      </trkpt>
      <trkpt lat="68.20271210744977" lon="13.795299092307687">
        <ele>361.110000000000014</ele>
        <time>2014-06-02T14:58:28Z</time>
      </trkpt>
      <trkpt lat="68.202700540423393" lon="13.795270761474967">
        <ele>361.589999999999975</ele>
        <time>2014-06-02T14:58:20Z</time>
      </trkpt>
      <trkpt lat="68.202653769403696" lon="13.79502852447331">
        <ele>360.149999999999977</ele>
        <time>2014-06-02T14:58:07Z</time>
      </trkpt>
      <trkpt lat="68.202651422470808" lon="13.795012515038252">
        <ele>364</ele>
        <time>2014-06-02T14:58:06Z</time>
      </trkpt>
      <trkpt lat="68.202647650614381" lon="13.795002959668636">
        <ele>358.230000000000018</ele>
        <time>2014-06-02T14:58:05Z</time>
      </trkpt>
      <trkpt lat="68.202632311731577" lon="13.794963816180825">
        <ele>361.110000000000014</ele>
        <time>2014-06-02T14:58:03Z</time>
      </trkpt>
      <trkpt lat="68.202604819089174" lon="13.794905729591846">
        <ele>360.629999999999995</ele>
        <time>2014-06-02T14:57:59Z</time>
      </trkpt>
      <trkpt lat="68.202555198222399" lon="13.794763991609216">
        <ele>359.670000000000016</ele>
        <time>2014-06-02T14:57:48Z</time>
      </trkpt>
      <trkpt lat="68.202551174908876" lon="13.794728955253959">
        <ele>356.79000000000002</ele>
        <time>2014-06-02T14:57:46Z</time>
      </trkpt>
      <trkpt lat="68.202515970915556" lon="13.794628623872995">
        <ele>356.310000000000002</ele>
        <time>2014-06-02T14:57:38Z</time>
      </trkpt>
      <trkpt lat="68.202499961480498" lon="13.794553941115737">
        <ele>356.79000000000002</ele>
        <time>2014-06-02T14:57:31Z</time>
      </trkpt>
      <trkpt lat="68.202455537393689" lon="13.794395104050636">
        <ele>356.79000000000002</ele>
        <time>2014-06-02T14:57:21Z</time>
      </trkpt>
      <trkpt lat="68.202444557100534" lon="13.794293850660324">
        <ele>357.269999999999982</ele>
        <time>2014-06-02T14:57:15Z</time>
      </trkpt>
      <trkpt lat="68.202448496595025" lon="13.794239871203899">
        <ele>357.75</ele>
        <time>2014-06-02T14:57:13Z</time>
      </trkpt>
      <trkpt lat="68.202396864071488" lon="13.794211037456989">
        <ele>357.269999999999982</ele>
        <time>2014-06-02T14:56:55Z</time>
      </trkpt>
      <trkpt lat="68.202392756938934" lon="13.794229310005903">
        <ele>357.75</ele>
        <time>2014-06-02T14:56:16Z</time>
      </trkpt>
      <trkpt lat="68.202394433319569" lon="13.794234339147806">
        <ele>357.269999999999982</ele>
        <time>2014-06-02T14:55:46Z</time>
      </trkpt>
      <trkpt lat="68.202410694211721" lon="13.79422964528203">
        <ele>357.269999999999982</ele>
        <time>2014-06-02T14:55:08Z</time>
      </trkpt>
      <trkpt lat="68.202411700040102" lon="13.7942433077842">
        <ele>357.269999999999982</ele>
        <time>2014-06-02T14:54:37Z</time>
      </trkpt>
      <trkpt lat="68.202399965375662" lon="13.794238613918424">
        <ele>356.79000000000002</ele>
        <time>2014-06-02T14:54:06Z</time>
      </trkpt>
      <trkpt lat="68.202410107478499" lon="13.794229980558157">
        <ele>356.79000000000002</ele>
        <time>2014-06-02T14:53:37Z</time>
      </trkpt>
      <trkpt lat="68.20240231230855" lon="13.794239116832614">
        <ele>357.269999999999982</ele>
        <time>2014-06-02T14:53:09Z</time>
      </trkpt>
      <trkpt lat="68.202391834929585" lon="13.794248672202229">
        <ele>356.79000000000002</ele>
        <time>2014-06-02T14:52:31Z</time>
      </trkpt>
      <trkpt lat="68.20240574888885" lon="13.794228807091713">
        <ele>357.269999999999982</ele>
        <time>2014-06-02T14:51:56Z</time>
      </trkpt>
      <trkpt lat="68.202416226267815" lon="13.794209780171514">
        <ele>358.230000000000018</ele>
        <time>2014-06-02T14:51:18Z</time>
      </trkpt>
      <trkpt lat="68.202399797737598" lon="13.794224280864">
        <ele>358.230000000000018</ele>
        <time>2014-06-02T14:50:43Z</time>
      </trkpt>
      <trkpt lat="68.202394265681505" lon="13.794240960851312">
        <ele>357.269999999999982</ele>
        <time>2014-06-02T14:50:16Z</time>
      </trkpt>
      <trkpt lat="68.202406587079167" lon="13.794233584776521">
        <ele>358.230000000000018</ele>
        <time>2014-06-02T14:49:31Z</time>
      </trkpt>
      <trkpt lat="68.202408850193024" lon="13.79421497695148">
        <ele>357.75</ele>
        <time>2014-06-02T14:48:59Z</time>
      </trkpt>
      <trkpt lat="68.202392756938934" lon="13.794252946972847">
        <ele>357.75</ele>
        <time>2014-06-02T14:48:31Z</time>
      </trkpt>
      <trkpt lat="68.202392505481839" lon="13.794196201488376">
        <ele>358.230000000000018</ele>
        <time>2014-06-02T14:47:56Z</time>
      </trkpt>
      <trkpt lat="68.202400133013725" lon="13.794195279479027">
        <ele>357.75</ele>
        <time>2014-06-02T14:47:14Z</time>
      </trkpt>
      <trkpt lat="68.202403066679835" lon="13.794229393824935">
        <ele>357.75</ele>
        <time>2014-06-02T14:46:36Z</time>
      </trkpt>
      <trkpt lat="68.202394181862473" lon="13.794238613918424">
        <ele>357.75</ele>
        <time>2014-06-02T14:46:02Z</time>
      </trkpt>
      <trkpt lat="68.202371383085847" lon="13.794195866212249">
        <ele>358.230000000000018</ele>
        <time>2014-06-02T14:45:27Z</time>
      </trkpt>
      <trkpt lat="68.202379262074828" lon="13.794169966131449">
        <ele>358.230000000000018</ele>
        <time>2014-06-02T14:44:52Z</time>
      </trkpt>
      <trkpt lat="68.202391499653459" lon="13.794160326942801">
        <ele>357.75</ele>
        <time>2014-06-02T14:44:15Z</time>
      </trkpt>
      <trkpt lat="68.202382447198033" lon="13.794175162911415">
        <ele>358.230000000000018</ele>
        <time>2014-06-02T14:43:38Z</time>
      </trkpt>
      <trkpt lat="68.202392840757966" lon="13.794193100184202">
        <ele>358.230000000000018</ele>
        <time>2014-06-02T14:43:01Z</time>
      </trkpt>
      <trkpt lat="68.202397786080837" lon="13.794235596433282">
        <ele>358.230000000000018</ele>
        <time>2014-06-02T14:42:33Z</time>
      </trkpt>
      <trkpt lat="68.202391332015395" lon="13.794234255328774">
        <ele>357.75</ele>
        <time>2014-06-02T14:42:00Z</time>
      </trkpt>
      <trkpt lat="68.202385464683175" lon="13.794136857613921">
        <ele>358.230000000000018</ele>
        <time>2014-06-02T14:41:27Z</time>
      </trkpt>
      <trkpt lat="68.202388901263475" lon="13.794133672490716">
        <ele>357.75</ele>
        <time>2014-06-02T14:40:52Z</time>
      </trkpt>
      <trkpt lat="68.202388565987349" lon="13.794199386611581">
        <ele>358.230000000000018</ele>
        <time>2014-06-02T14:40:14Z</time>
      </trkpt>
      <trkpt lat="68.202388985082507" lon="13.794148424640298">
        <ele>357.75</ele>
        <time>2014-06-02T14:39:38Z</time>
      </trkpt>
      <trkpt lat="68.20235587656498" lon="13.794301645830274">
        <ele>358.230000000000018</ele>
        <time>2014-06-02T14:39:00Z</time>
      </trkpt>
      <trkpt lat="68.202375490218401" lon="13.794284798204899">
        <ele>358.70999999999998</ele>
        <time>2014-06-02T14:38:25Z</time>
      </trkpt>
      <trkpt lat="68.202388733625412" lon="13.794228890910745">
        <ele>358.230000000000018</ele>
        <time>2014-06-02T14:37:54Z</time>
      </trkpt>
      <trkpt lat="68.202395774424076" lon="13.794200140982866">
        <ele>358.230000000000018</ele>
        <time>2014-06-02T14:37:18Z</time>
      </trkpt>
      <trkpt lat="68.202397283166647" lon="13.794204583391547">
        <ele>358.230000000000018</ele>
        <time>2014-06-02T14:36:39Z</time>
      </trkpt>
      <trkpt lat="68.20239401422441" lon="13.794171810150146">
        <ele>358.230000000000018</ele>
        <time>2014-06-02T14:36:01Z</time>
      </trkpt>
      <trkpt lat="68.202426955103874" lon="13.794207684695721">
        <ele>358.230000000000018</ele>
        <time>2014-06-02T14:35:26Z</time>
      </trkpt>
      <trkpt lat="68.202403150498867" lon="13.794207517057657">
        <ele>358.230000000000018</ele>
        <time>2014-06-02T14:34:51Z</time>
      </trkpt>
      <trkpt lat="68.202397869899869" lon="13.794204331934452">
        <ele>357.269999999999982</ele>
        <time>2014-06-02T14:34:13Z</time>
      </trkpt>
      <trkpt lat="68.202399546280503" lon="13.794235093519092">
        <ele>358.230000000000018</ele>
        <time>2014-06-02T14:33:56Z</time>
      </trkpt>
      <trkpt lat="68.202400468289852" lon="13.794218748807907">
        <ele>357.269999999999982</ele>
        <time>2014-06-02T14:33:37Z</time>
      </trkpt>
      <trkpt lat="68.202410945668817" lon="13.794216904789209">
        <ele>358.230000000000018</ele>
        <time>2014-06-02T14:33:11Z</time>
      </trkpt>
      <trkpt lat="68.202420752495527" lon="13.794236602261662">
        <ele>358.230000000000018</ele>
        <time>2014-06-02T14:32:45Z</time>
      </trkpt>
      <trkpt lat="68.202405413612723" lon="13.794267615303397">
        <ele>357.75</ele>
        <time>2014-06-02T14:32:34Z</time>
      </trkpt>
      <trkpt lat="68.202396696433425" lon="13.794151861220598">
        <ele>357.269999999999982</ele>
        <time>2014-06-02T14:32:30Z</time>
      </trkpt>
      <trkpt lat="68.202417651191354" lon="13.793903589248657">
        <ele>356.79000000000002</ele>
        <time>2014-06-02T14:32:23Z</time>
      </trkpt>
      <trkpt lat="68.202419830486178" lon="13.793728072196245">
        <ele>356.310000000000002</ele>
        <time>2014-06-02T14:32:17Z</time>
      </trkpt>
      <trkpt lat="68.202484203502536" lon="13.793590273708105">
        <ele>355.829999999999984</ele>
        <time>2014-06-02T14:32:09Z</time>
      </trkpt>
      <trkpt lat="68.202485293149948" lon="13.793451972305775">
        <ele>355.339999999999975</ele>
        <time>2014-06-02T14:32:05Z</time>
      </trkpt>
      <trkpt lat="68.202496943995357" lon="13.79337452352047">
        <ele>354.860000000000014</ele>
        <time>2014-06-02T14:32:00Z</time>
      </trkpt>
      <trkpt lat="68.202484454959631" lon="13.793272012844682">
        <ele>353.899999999999977</ele>
        <time>2014-06-02T14:31:57Z</time>
      </trkpt>
      <trkpt lat="68.202503314241767" lon="13.79312532953918">
        <ele>353.899999999999977</ele>
        <time>2014-06-02T14:31:52Z</time>
      </trkpt>
      <trkpt lat="68.202482610940933" lon="13.792919805273414">
        <ele>354.379999999999995</ele>
        <time>2014-06-02T14:31:46Z</time>
      </trkpt>
      <trkpt lat="68.202458890154958" lon="13.792713861912489">
        <ele>353.899999999999977</ele>
        <time>2014-06-02T14:31:38Z</time>
      </trkpt>
      <trkpt lat="68.202467858791351" lon="13.792665498331189">
        <ele>351.5</ele>
        <time>2014-06-02T14:31:35Z</time>
      </trkpt>
      <trkpt lat="68.202454447746277" lon="13.792514372617006">
        <ele>351.5</ele>
        <time>2014-06-02T14:31:30Z</time>
      </trkpt>
      <trkpt lat="68.202446568757296" lon="13.792403899133205">
        <ele>351.019999999999982</ele>
        <time>2014-06-02T14:31:26Z</time>
      </trkpt>
      <trkpt lat="68.202457381412387" lon="13.792379759252071">
        <ele>351.019999999999982</ele>
        <time>2014-06-02T14:31:22Z</time>
      </trkpt>
      <trkpt lat="68.202414968982339" lon="13.792449496686459">
        <ele>351.5</ele>
        <time>2014-06-02T14:31:14Z</time>
      </trkpt>
      <trkpt lat="68.202374903485179" lon="13.792465003207326">
        <ele>349.579999999999984</ele>
        <time>2014-06-02T14:31:06Z</time>
      </trkpt>
      <trkpt lat="68.202367275953293" lon="13.79242954775691">
        <ele>349.100000000000023</ele>
        <time>2014-06-02T14:31:04Z</time>
      </trkpt>
      <trkpt lat="68.202340956777334" lon="13.792321169748902">
        <ele>347.649999999999977</ele>
        <time>2014-06-02T14:30:55Z</time>
      </trkpt>
      <trkpt lat="68.202323773875833" lon="13.792213713750243">
        <ele>345.730000000000018</ele>
        <time>2014-06-02T14:30:50Z</time>
      </trkpt>
      <trkpt lat="68.202306842431426" lon="13.792158393189311">
        <ele>344.769999999999982</ele>
        <time>2014-06-02T14:30:47Z</time>
      </trkpt>
      <trkpt lat="68.202259568497539" lon="13.791961837559938">
        <ele>341.889999999999986</ele>
        <time>2014-06-02T14:30:35Z</time>
      </trkpt>
      <trkpt lat="68.202217239886522" lon="13.791640559211373">
        <ele>339.480000000000018</ele>
        <time>2014-06-02T14:30:22Z</time>
      </trkpt>
      <trkpt lat="68.202212629839778" lon="13.791563529521227">
        <ele>340.439999999999998</ele>
        <time>2014-06-02T14:30:18Z</time>
      </trkpt>
      <trkpt lat="68.202144401147962" lon="13.791222721338272">
        <ele>341.410000000000025</ele>
        <time>2014-06-02T14:30:08Z</time>
      </trkpt>
      <trkpt lat="68.202127302065492" lon="13.791231270879507">
        <ele>341.410000000000025</ele>
        <time>2014-06-02T14:30:05Z</time>
      </trkpt>
      <trkpt lat="68.202005848288536" lon="13.791096322238445">
        <ele>339</ele>
        <time>2014-06-02T14:29:50Z</time>
      </trkpt>
      <trkpt lat="68.201998053118587" lon="13.791081989184022">
        <ele>338.519999999999982</ele>
        <time>2014-06-02T14:29:49Z</time>
      </trkpt>
      <trkpt lat="68.201930243521929" lon="13.790707569569349">
        <ele>336.600000000000023</ele>
        <time>2014-06-02T14:29:35Z</time>
      </trkpt>
      <trkpt lat="68.20191808976233" lon="13.790388638153672">
        <ele>337.079999999999984</ele>
        <time>2014-06-02T14:29:22Z</time>
      </trkpt>
      <trkpt lat="68.201923789456487" lon="13.790326695889235">
        <ele>337.560000000000002</ele>
        <time>2014-06-02T14:29:19Z</time>
      </trkpt>
      <trkpt lat="68.201914317905903" lon="13.790196860209107">
        <ele>336.120000000000005</ele>
        <time>2014-06-02T14:29:13Z</time>
      </trkpt>
      <trkpt lat="68.201911048963666" lon="13.790152603760362">
        <ele>336.600000000000023</ele>
        <time>2014-06-02T14:29:11Z</time>
      </trkpt>
      <trkpt lat="68.201928231865168" lon="13.789940373972058">
        <ele>333.230000000000018</ele>
        <time>2014-06-02T14:28:58Z</time>
      </trkpt>
      <trkpt lat="68.201928734779358" lon="13.789789499714971">
        <ele>330.829999999999984</ele>
        <time>2014-06-02T14:28:48Z</time>
      </trkpt>
      <trkpt lat="68.201943654567003" lon="13.78961062990129">
        <ele>329.389999999999986</ele>
        <time>2014-06-02T14:28:40Z</time>
      </trkpt>
      <trkpt lat="68.201927645131946" lon="13.789448440074921">
        <ele>326.5</ele>
        <time>2014-06-02T14:28:31Z</time>
      </trkpt>
      <trkpt lat="68.201933261007071" lon="13.789173178374767">
        <ele>323.139999999999986</ele>
        <time>2014-06-02T14:28:25Z</time>
      </trkpt>
      <trkpt lat="68.20192638784647" lon="13.789098914712667">
        <ele>322.180000000000007</ele>
        <time>2014-06-02T14:28:22Z</time>
      </trkpt>
      <trkpt lat="68.201912054792047" lon="13.789066141471267">
        <ele>322.180000000000007</ele>
        <time>2014-06-02T14:28:20Z</time>
      </trkpt>
      <trkpt lat="68.201900236308575" lon="13.789030937477946">
        <ele>322.180000000000007</ele>
        <time>2014-06-02T14:27:52Z</time>
      </trkpt>
      <trkpt lat="68.20192395709455" lon="13.789092963561416">
        <ele>322.180000000000007</ele>
        <time>2014-06-02T14:27:26Z</time>
      </trkpt>
      <trkpt lat="68.201911970973015" lon="13.788958685472608">
        <ele>321.699999999999989</ele>
        <time>2014-06-02T14:27:15Z</time>
      </trkpt>
      <trkpt lat="68.201828822493553" lon="13.788808565586805">
        <ele>320.259999999999991</ele>
        <time>2014-06-02T14:27:07Z</time>
      </trkpt>
      <trkpt lat="68.201799066737294" lon="13.788773277774453">
        <ele>320.259999999999991</ele>
        <time>2014-06-02T14:27:01Z</time>
      </trkpt>
      <trkpt lat="68.201717175543308" lon="13.788602035492659">
        <ele>321.220000000000027</ele>
        <time>2014-06-02T14:26:54Z</time>
      </trkpt>
      <trkpt lat="68.201564541086555" lon="13.788209510967135">
        <ele>322.180000000000007</ele>
        <time>2014-06-02T14:26:42Z</time>
      </trkpt>
      <trkpt lat="68.201489355415106" lon="13.788094678893685">
        <ele>322.180000000000007</ele>
        <time>2014-06-02T14:26:36Z</time>
      </trkpt>
      <trkpt lat="68.201460270211101" lon="13.788078585639596">
        <ele>321.699999999999989</ele>
        <time>2014-06-02T14:26:34Z</time>
      </trkpt>
      <trkpt lat="68.201353484764695" lon="13.788114041090012">
        <ele>322.180000000000007</ele>
        <time>2014-06-02T14:26:30Z</time>
      </trkpt>
      <trkpt lat="68.201265223324299" lon="13.788079507648945">
        <ele>322.660000000000025</ele>
        <time>2014-06-02T14:26:23Z</time>
      </trkpt>
      <trkpt lat="68.201149720698595" lon="13.787964507937431">
        <ele>324.579999999999984</ele>
        <time>2014-06-02T14:26:16Z</time>
      </trkpt>
      <trkpt lat="68.20103463716805" lon="13.787877755239606">
        <ele>327.470000000000027</ele>
        <time>2014-06-02T14:26:09Z</time>
      </trkpt>
      <trkpt lat="68.201005468145013" lon="13.787667034193873">
        <ele>329.870000000000005</ele>
        <time>2014-06-02T14:26:02Z</time>
      </trkpt>
      <trkpt lat="68.200961379334331" lon="13.787286160513759">
        <ele>332.75</ele>
        <time>2014-06-02T14:25:56Z</time>
      </trkpt>
      <trkpt lat="68.201012257486582" lon="13.78718507476151">
        <ele>331.310000000000002</ele>
        <time>2014-06-02T14:25:48Z</time>
      </trkpt>
      <trkpt lat="68.201053999364376" lon="13.786961110308766">
        <ele>331.310000000000002</ele>
        <time>2014-06-02T14:25:42Z</time>
      </trkpt>
      <trkpt lat="68.201015358790755" lon="13.786760782822967">
        <ele>333.230000000000018</ele>
        <time>2014-06-02T14:25:36Z</time>
      </trkpt>
      <trkpt lat="68.200923576951027" lon="13.786666318774223">
        <ele>336.600000000000023</ele>
        <time>2014-06-02T14:25:30Z</time>
      </trkpt>
      <trkpt lat="68.200917290523648" lon="13.786600437015295">
        <ele>339</ele>
        <time>2014-06-02T14:25:24Z</time>
      </trkpt>
      <trkpt lat="68.200887618586421" lon="13.786576129496098">
        <ele>340.439999999999998</ele>
        <time>2014-06-02T14:25:20Z</time>
      </trkpt>
      <trkpt lat="68.200886361300945" lon="13.786443779245019">
        <ele>342.370000000000005</ele>
        <time>2014-06-02T14:25:15Z</time>
      </trkpt>
      <trkpt lat="68.200892647728324" lon="13.786368006840348">
        <ele>342.850000000000023</ele>
        <time>2014-06-02T14:25:12Z</time>
      </trkpt>
      <trkpt lat="68.200861467048526" lon="13.78632802516222">
        <ele>344.769999999999982</ele>
        <time>2014-06-02T14:25:07Z</time>
      </trkpt>
      <trkpt lat="68.200832381844521" lon="13.786309752613306">
        <ele>345.730000000000018</ele>
        <time>2014-06-02T14:25:03Z</time>
      </trkpt>
      <trkpt lat="68.200775217264891" lon="13.786262394860387">
        <ele>347.649999999999977</ele>
        <time>2014-06-02T14:24:55Z</time>
      </trkpt>
      <trkpt lat="68.200751915574074" lon="13.786171702668071">
        <ele>349.579999999999984</ele>
        <time>2014-06-02T14:24:51Z</time>
      </trkpt>
      <trkpt lat="68.20079181343317" lon="13.78603633493185">
        <ele>351.5</ele>
        <time>2014-06-02T14:24:47Z</time>
      </trkpt>
      <trkpt lat="68.200768511742353" lon="13.785994006320834">
        <ele>352.45999999999998</ele>
        <time>2014-06-02T14:24:38Z</time>
      </trkpt>
      <trkpt lat="68.200731631368399" lon="13.785954024642706">
        <ele>353.420000000000016</ele>
        <time>2014-06-02T14:24:30Z</time>
      </trkpt>
      <trkpt lat="68.20069944486022" lon="13.785948911681771">
        <ele>354.860000000000014</ele>
        <time>2014-06-02T14:24:25Z</time>
      </trkpt>
      <trkpt lat="68.200657451525331" lon="13.785882359370589">
        <ele>354.860000000000014</ele>
        <time>2014-06-02T14:24:06Z</time>
      </trkpt>
      <trkpt lat="68.200638927519321" lon="13.785688737407327">
        <ele>356.79000000000002</ele>
        <time>2014-06-02T14:23:58Z</time>
      </trkpt>
      <trkpt lat="68.20062861777842" lon="13.785667279735208">
        <ele>357.75</ele>
        <time>2014-06-02T14:23:55Z</time>
      </trkpt>
      <trkpt lat="68.200574805960059" lon="13.785532498732209">
        <ele>361.110000000000014</ele>
        <time>2014-06-02T14:23:49Z</time>
      </trkpt>
      <trkpt lat="68.200585534796119" lon="13.785595782101154">
        <ele>361.589999999999975</ele>
        <time>2014-06-02T14:23:38Z</time>
      </trkpt>
      <trkpt lat="68.20054261945188" lon="13.785589076578617">
        <ele>363.519999999999982</ele>
        <time>2014-06-02T14:23:34Z</time>
      </trkpt>
      <trkpt lat="68.200521748512983" lon="13.785592513158917">
        <ele>364.95999999999998</ele>
        <time>2014-06-02T14:23:32Z</time>
      </trkpt>
      <trkpt lat="68.200441533699632" lon="13.785533588379622">
        <ele>364.95999999999998</ele>
        <time>2014-06-02T14:23:04Z</time>
      </trkpt>
      <trkpt lat="68.200411610305309" lon="13.785498384386301">
        <ele>365.920000000000016</ele>
        <time>2014-06-02T14:22:54Z</time>
      </trkpt>
      <trkpt lat="68.200369449332356" lon="13.785446919500828">
        <ele>367.360000000000014</ele>
        <time>2014-06-02T14:22:51Z</time>
      </trkpt>
      <trkpt lat="68.200354781001806" lon="13.78545094281435">
        <ele>367.839999999999975</ele>
        <time>2014-06-02T14:22:50Z</time>
      </trkpt>
      <trkpt lat="68.200335502624512" lon="13.785472316667438">
        <ele>367.839999999999975</ele>
        <time>2014-06-02T14:22:49Z</time>
      </trkpt>
      <trkpt lat="68.200318990275264" lon="13.785512214526534">
        <ele>368.319999999999993</ele>
        <time>2014-06-02T14:22:46Z</time>
      </trkpt>
      <trkpt lat="68.200314631685615" lon="13.785527469590306">
        <ele>368.800000000000011</ele>
        <time>2014-06-02T14:22:45Z</time>
      </trkpt>
      <trkpt lat="68.200302310287952" lon="13.785558566451073">
        <ele>369.279999999999973</ele>
        <time>2014-06-02T14:22:44Z</time>
      </trkpt>
      <trkpt lat="68.200252940878272" lon="13.785715643316507">
        <ele>370.730000000000018</ele>
        <time>2014-06-02T14:22:40Z</time>
      </trkpt>
      <trkpt lat="68.200246402993798" lon="13.785752188414335">
        <ele>371.20999999999998</ele>
        <time>2014-06-02T14:22:39Z</time>
      </trkpt>
      <trkpt lat="68.200202062726021" lon="13.78576660528779">
        <ele>374.089999999999975</ele>
        <time>2014-06-02T14:22:34Z</time>
      </trkpt>
      <trkpt lat="68.200164427980781" lon="13.785701896995306">
        <ele>376.490000000000009</ele>
        <time>2014-06-02T14:22:30Z</time>
      </trkpt>
      <trkpt lat="68.20014975965023" lon="13.78576073795557">
        <ele>377.939999999999998</ele>
        <time>2014-06-02T14:22:24Z</time>
      </trkpt>
      <trkpt lat="68.200142048299313" lon="13.785765767097473">
        <ele>377.449999999999989</ele>
        <time>2014-06-02T14:22:22Z</time>
      </trkpt>
      <trkpt lat="68.200159566476941" lon="13.785746740177274">
        <ele>377.939999999999998</ele>
        <time>2014-06-02T14:22:07Z</time>
      </trkpt>
      <trkpt lat="68.200151436030865" lon="13.785736178979278">
        <ele>380.339999999999975</ele>
        <time>2014-06-02T14:22:05Z</time>
      </trkpt>
      <trkpt lat="68.200081195682287" lon="13.785700388252735">
        <ele>382.259999999999991</ele>
        <time>2014-06-02T14:21:56Z</time>
      </trkpt>
      <trkpt lat="68.200070047751069" lon="13.785675913095474">
        <ele>383.220000000000027</ele>
        <time>2014-06-02T14:21:54Z</time>
      </trkpt>
      <trkpt lat="68.200033837929368" lon="13.785533839836717">
        <ele>384.660000000000025</ele>
        <time>2014-06-02T14:21:48Z</time>
      </trkpt>
      <trkpt lat="68.199973572045565" lon="13.785335440188646">
        <ele>385.629999999999995</ele>
        <time>2014-06-02T14:21:41Z</time>
      </trkpt>
      <trkpt lat="68.199947085231543" lon="13.785343067720532">
        <ele>388.029999999999973</ele>
        <time>2014-06-02T14:21:16Z</time>
      </trkpt>
      <trkpt lat="68.199909031391144" lon="13.78531850874424">
        <ele>388.990000000000009</ele>
        <time>2014-06-02T14:21:05Z</time>
      </trkpt>
      <trkpt lat="68.199872989207506" lon="13.78534541465342">
        <ele>389.949999999999989</ele>
        <time>2014-06-02T14:21:02Z</time>
      </trkpt>
      <trkpt lat="68.199827643111348" lon="13.785379445180297">
        <ele>392.360000000000014</ele>
        <time>2014-06-02T14:20:59Z</time>
      </trkpt>
      <trkpt lat="68.19980719126761" lon="13.785360166803002">
        <ele>393.319999999999993</ele>
        <time>2014-06-02T14:20:56Z</time>
      </trkpt>
      <trkpt lat="68.199764946475625" lon="13.785328231751919">
        <ele>394.279999999999973</ele>
        <time>2014-06-02T14:20:41Z</time>
      </trkpt>
      <trkpt lat="68.199721109122038" lon="13.785238461568952">
        <ele>394.279999999999973</ele>
        <time>2014-06-02T14:20:36Z</time>
      </trkpt>
      <trkpt lat="68.199695544317365" lon="13.785180374979973">
        <ele>395.720000000000027</ele>
        <time>2014-06-02T14:20:33Z</time>
      </trkpt>
      <trkpt lat="68.199606109410524" lon="13.784954817965627">
        <ele>398.120000000000005</ele>
        <time>2014-06-02T14:20:24Z</time>
      </trkpt>
      <trkpt lat="68.19958783686161" lon="13.784846691414714">
        <ele>400.529999999999973</ele>
        <time>2014-06-02T14:20:21Z</time>
      </trkpt>
      <trkpt lat="68.199583729729056" lon="13.784787012264132">
        <ele>400.529999999999973</ele>
        <time>2014-06-02T14:20:19Z</time>
      </trkpt>
      <trkpt lat="68.199560763314366" lon="13.784682657569647">
        <ele>401.490000000000009</ele>
        <time>2014-06-02T14:20:15Z</time>
      </trkpt>
      <trkpt lat="68.19954676553607" lon="13.784630605950952">
        <ele>402.449999999999989</ele>
        <time>2014-06-02T14:20:08Z</time>
      </trkpt>
      <trkpt lat="68.199544083327055" lon="13.784631108865142">
        <ele>402.449999999999989</ele>
        <time>2014-06-02T14:20:06Z</time>
      </trkpt>
      <trkpt lat="68.19948909804225" lon="13.784570591524243">
        <ele>402.930000000000007</ele>
        <time>2014-06-02T14:19:50Z</time>
      </trkpt>
      <trkpt lat="68.199467724189162" lon="13.784515606239438">
        <ele>403.410000000000025</ele>
        <time>2014-06-02T14:19:48Z</time>
      </trkpt>
      <trkpt lat="68.199381390586495" lon="13.784552235156298">
        <ele>404.370000000000005</ele>
        <time>2014-06-02T14:19:41Z</time>
      </trkpt>
      <trkpt lat="68.199357250705361" lon="13.784588864073157">
        <ele>405.810000000000002</ele>
        <time>2014-06-02T14:19:31Z</time>
      </trkpt>
      <trkpt lat="68.199353730306029" lon="13.784648794680834">
        <ele>406.29000000000002</ele>
        <time>2014-06-02T14:19:29Z</time>
      </trkpt>
      <trkpt lat="68.199336882680655" lon="13.78491441719234">
        <ele>407.740000000000009</ele>
        <time>2014-06-02T14:19:23Z</time>
      </trkpt>
      <trkpt lat="68.199336212128401" lon="13.785006869584322">
        <ele>407.259999999999991</ele>
        <time>2014-06-02T14:19:21Z</time>
      </trkpt>
      <trkpt lat="68.199341408908367" lon="13.785286238417029">
        <ele>408.220000000000027</ele>
        <time>2014-06-02T14:19:11Z</time>
      </trkpt>
      <trkpt lat="68.199336295947433" lon="13.785678092390299">
        <ele>409.660000000000025</ele>
        <time>2014-06-02T14:19:01Z</time>
      </trkpt>
      <trkpt lat="68.199310060590506" lon="13.785624448210001">
        <ele>411.100000000000023</ele>
        <time>2014-06-02T14:18:57Z</time>
      </trkpt>
      <trkpt lat="68.199279634281993" lon="13.78559896722436">
        <ele>411.579999999999984</ele>
        <time>2014-06-02T14:18:49Z</time>
      </trkpt>
      <trkpt lat="68.199245436117053" lon="13.785656718537211">
        <ele>413.5</ele>
        <time>2014-06-02T14:18:45Z</time>
      </trkpt>
      <trkpt lat="68.199233366176486" lon="13.785652695223689">
        <ele>414.470000000000027</ele>
        <time>2014-06-02T14:18:39Z</time>
      </trkpt>
      <trkpt lat="68.199218949303031" lon="13.785645151510835">
        <ele>415.430000000000007</ele>
        <time>2014-06-02T14:18:25Z</time>
      </trkpt>
      <trkpt lat="68.199224397540092" lon="13.785503162071109">
        <ele>415.430000000000007</ele>
        <time>2014-06-02T14:18:17Z</time>
      </trkpt>
      <trkpt lat="68.199226409196854" lon="13.785441806539893">
        <ele>415.910000000000025</ele>
        <time>2014-06-02T14:18:15Z</time>
      </trkpt>
      <trkpt lat="68.199183745309711" lon="13.785270983353257">
        <ele>418.79000000000002</ele>
        <time>2014-06-02T14:18:11Z</time>
      </trkpt>
      <trkpt lat="68.199182990938425" lon="13.785243071615696">
        <ele>418.79000000000002</ele>
        <time>2014-06-02T14:18:00Z</time>
      </trkpt>
      <trkpt lat="68.19918617606163" lon="13.785206442698836">
        <ele>418.79000000000002</ele>
        <time>2014-06-02T14:17:33Z</time>
      </trkpt>
      <trkpt lat="68.199173938483" lon="13.785225134342909">
        <ele>418.79000000000002</ele>
        <time>2014-06-02T14:17:12Z</time>
      </trkpt>
      <trkpt lat="68.199164718389511" lon="13.785361843183637">
        <ele>418.79000000000002</ele>
        <time>2014-06-02T14:17:02Z</time>
      </trkpt>
      <trkpt lat="68.199151307344437" lon="13.785452451556921">
        <ele>419.75</ele>
        <time>2014-06-02T14:17:00Z</time>
      </trkpt>
      <trkpt lat="68.19913437590003" lon="13.78557357005775">
        <ele>419.75</ele>
        <time>2014-06-02T14:16:47Z</time>
      </trkpt>
      <trkpt lat="68.199119959026575" lon="13.785625956952572">
        <ele>419.75</ele>
        <time>2014-06-02T14:16:44Z</time>
      </trkpt>
      <trkpt lat="68.199042845517397" lon="13.785668453201652">
        <ele>420.70999999999998</ele>
        <time>2014-06-02T14:16:40Z</time>
      </trkpt>
      <trkpt lat="68.199024489149451" lon="13.785681696608663">
        <ele>421.680000000000007</ele>
        <time>2014-06-02T14:16:38Z</time>
      </trkpt>
      <trkpt lat="68.198996745049953" lon="13.785644397139549">
        <ele>423.120000000000005</ele>
        <time>2014-06-02T14:16:36Z</time>
      </trkpt>
      <trkpt lat="68.198983753100038" lon="13.785630902275443">
        <ele>423.120000000000005</ele>
        <time>2014-06-02T14:16:35Z</time>
      </trkpt>
      <trkpt lat="68.198978723958135" lon="13.785623610019684">
        <ele>423.600000000000023</ele>
        <time>2014-06-02T14:16:31Z</time>
      </trkpt>
      <trkpt lat="68.19897947832942" lon="13.785615898668766">
        <ele>423.600000000000023</ele>
        <time>2014-06-02T14:16:19Z</time>
      </trkpt>
      <trkpt lat="68.19896288216114" lon="13.78563366830349">
        <ele>423.600000000000023</ele>
        <time>2014-06-02T14:16:18Z</time>
      </trkpt>
      <trkpt lat="68.198944944888353" lon="13.785674907267094">
        <ele>424.079999999999984</ele>
        <time>2014-06-02T14:16:17Z</time>
      </trkpt>
      <trkpt lat="68.19893061183393" lon="13.785725198686123">
        <ele>424.560000000000002</ele>
        <time>2014-06-02T14:16:16Z</time>
      </trkpt>
      <trkpt lat="68.198820557445288" lon="13.785816058516502">
        <ele>426.480000000000018</ele>
        <time>2014-06-02T14:16:09Z</time>
      </trkpt>
      <trkpt lat="68.19880647584796" lon="13.785827290266752">
        <ele>426</ele>
        <time>2014-06-02T14:16:08Z</time>
      </trkpt>
      <trkpt lat="68.198795663192868" lon="13.785823853686452">
        <ele>426.95999999999998</ele>
        <time>2014-06-02T14:16:07Z</time>
      </trkpt>
      <trkpt lat="68.198751993477345" lon="13.785866936668754">
        <ele>427.920000000000016</ele>
        <time>2014-06-02T14:16:01Z</time>
      </trkpt>
      <trkpt lat="68.198739588260651" lon="13.785882107913494">
        <ele>427.920000000000016</ele>
        <time>2014-06-02T14:16:00Z</time>
      </trkpt>
      <trkpt lat="68.198729110881686" lon="13.7858956027776">
        <ele>427.920000000000016</ele>
        <time>2014-06-02T14:15:59Z</time>
      </trkpt>
      <trkpt lat="68.198720645159483" lon="13.785909432917833">
        <ele>427.920000000000016</ele>
        <time>2014-06-02T14:15:58Z</time>
      </trkpt>
      <trkpt lat="68.198715280741453" lon="13.785936757922173">
        <ele>427.920000000000016</ele>
        <time>2014-06-02T14:15:57Z</time>
      </trkpt>
      <trkpt lat="68.198709161952138" lon="13.785968022421002">
        <ele>427.920000000000016</ele>
        <time>2014-06-02T14:15:56Z</time>
      </trkpt>
      <trkpt lat="68.198685441166162" lon="13.785993419587612">
        <ele>427.920000000000016</ele>
        <time>2014-06-02T14:15:54Z</time>
      </trkpt>
      <trkpt lat="68.198648309335113" lon="13.786086123436689">
        <ele>428.889999999999986</ele>
        <time>2014-06-02T14:15:51Z</time>
      </trkpt>
      <trkpt lat="68.198638167232275" lon="13.786115543916821">
        <ele>428.399999999999977</ele>
        <time>2014-06-02T14:15:50Z</time>
      </trkpt>
      <trkpt lat="68.198569603264332" lon="13.78621419891715">
        <ele>428.889999999999986</ele>
        <time>2014-06-02T14:15:46Z</time>
      </trkpt>
      <trkpt lat="68.198452675715089" lon="13.786401450634003">
        <ele>431.29000000000002</ele>
        <time>2014-06-02T14:15:36Z</time>
      </trkpt>
      <trkpt lat="68.198434822261333" lon="13.786472864449024">
        <ele>431.29000000000002</ele>
        <time>2014-06-02T14:15:34Z</time>
      </trkpt>
      <trkpt lat="68.198427530005574" lon="13.786513600498438">
        <ele>431.769999999999982</ele>
        <time>2014-06-02T14:15:33Z</time>
      </trkpt>
      <trkpt lat="68.198419315740466" lon="13.78654545173049">
        <ele>431.769999999999982</ele>
        <time>2014-06-02T14:15:32Z</time>
      </trkpt>
      <trkpt lat="68.198404815047979" lon="13.78658602014184">
        <ele>431.29000000000002</ele>
        <time>2014-06-02T14:15:31Z</time>
      </trkpt>
      <trkpt lat="68.198384530842304" lon="13.786633210256696">
        <ele>432.25</ele>
        <time>2014-06-02T14:15:30Z</time>
      </trkpt>
      <trkpt lat="68.198366845026612" lon="13.786660116165876">
        <ele>432.25</ele>
        <time>2014-06-02T14:15:29Z</time>
      </trkpt>
      <trkpt lat="68.198241954669356" lon="13.78683814778924">
        <ele>434.649999999999977</ele>
        <time>2014-06-02T14:15:21Z</time>
      </trkpt>
      <trkpt lat="68.198222676292062" lon="13.786872765049338">
        <ele>434.649999999999977</ele>
        <time>2014-06-02T14:15:19Z</time>
      </trkpt>
      <trkpt lat="68.198084458708763" lon="13.786984998732805">
        <ele>433.689999999999998</ele>
        <time>2014-06-02T14:15:09Z</time>
      </trkpt>
      <trkpt lat="68.198069371283054" lon="13.787003187462687">
        <ele>433.689999999999998</ele>
        <time>2014-06-02T14:15:08Z</time>
      </trkpt>
      <trkpt lat="68.19805009290576" lon="13.787038894370198">
        <ele>433.689999999999998</ele>
        <time>2014-06-02T14:15:07Z</time>
      </trkpt>
      <trkpt lat="68.197973901405931" lon="13.787037134170532">
        <ele>434.170000000000016</ele>
        <time>2014-06-02T14:15:03Z</time>
      </trkpt>
      <trkpt lat="68.197853956371546" lon="13.787120031192899">
        <ele>436.100000000000023</ele>
        <time>2014-06-02T14:14:56Z</time>
      </trkpt>
      <trkpt lat="68.197834845632315" lon="13.787137046456337">
        <ele>436.100000000000023</ele>
        <time>2014-06-02T14:14:55Z</time>
      </trkpt>
      <trkpt lat="68.197816740721464" lon="13.787155235186219">
        <ele>436.579999999999984</ele>
        <time>2014-06-02T14:14:54Z</time>
      </trkpt>
      <trkpt lat="68.197795953601599" lon="13.787183482199907">
        <ele>437.060000000000002</ele>
        <time>2014-06-02T14:14:53Z</time>
      </trkpt>
      <trkpt lat="68.197774579748511" lon="13.787222374230623">
        <ele>437.54000000000002</ele>
        <time>2014-06-02T14:14:52Z</time>
      </trkpt>
      <trkpt lat="68.197752283886075" lon="13.787260930985212">
        <ele>438.019999999999982</ele>
        <time>2014-06-02T14:14:51Z</time>
      </trkpt>
      <trkpt lat="68.197610294446349" lon="13.787207957357168">
        <ele>440.420000000000016</ele>
        <time>2014-06-02T14:14:40Z</time>
      </trkpt>
      <trkpt lat="68.197514656931162" lon="13.787089185789227">
        <ele>441.379999999999995</ele>
        <time>2014-06-02T14:14:35Z</time>
      </trkpt>
      <trkpt lat="68.197420109063387" lon="13.787051886320114">
        <ele>442.819999999999993</ele>
        <time>2014-06-02T14:14:30Z</time>
      </trkpt>
      <trkpt lat="68.197411894798279" lon="13.787045683711767">
        <ele>443.310000000000002</ele>
        <time>2014-06-02T14:14:14Z</time>
      </trkpt>
      <trkpt lat="68.197391275316477" lon="13.787162778899074">
        <ele>442.819999999999993</ele>
        <time>2014-06-02T14:13:58Z</time>
      </trkpt>
      <trkpt lat="68.197304271161556" lon="13.787217931821942">
        <ele>442.819999999999993</ele>
        <time>2014-06-02T14:13:51Z</time>
      </trkpt>
      <trkpt lat="68.197271581739187" lon="13.787248441949487">
        <ele>443.310000000000002</ele>
        <time>2014-06-02T14:13:47Z</time>
      </trkpt>
      <trkpt lat="68.197148703038692" lon="13.78723980858922">
        <ele>441.860000000000014</ele>
        <time>2014-06-02T14:13:37Z</time>
      </trkpt>
      <trkpt lat="68.197039822116494" lon="13.787252800539136">
        <ele>440.899999999999977</ele>
        <time>2014-06-02T14:13:31Z</time>
      </trkpt>
      <trkpt lat="68.196859611198306" lon="13.787401998415589">
        <ele>442.819999999999993</ele>
        <time>2014-06-02T14:13:24Z</time>
      </trkpt>
      <trkpt lat="68.196796244010329" lon="13.787507526576519">
        <ele>443.79000000000002</ele>
        <time>2014-06-02T14:13:20Z</time>
      </trkpt>
      <trkpt lat="68.196778139099479" lon="13.787494786083698">
        <ele>443.79000000000002</ele>
        <time>2014-06-02T14:13:16Z</time>
      </trkpt>
      <trkpt lat="68.196712173521519" lon="13.787656053900719">
        <ele>444.75</ele>
        <time>2014-06-02T14:13:07Z</time>
      </trkpt>
      <trkpt lat="68.196509834378958" lon="13.788049248978496">
        <ele>445.230000000000018</ele>
        <time>2014-06-02T14:12:57Z</time>
      </trkpt>
      <trkpt lat="68.196509834378958" lon="13.788038603961468">
        <ele>444.75</ele>
        <time>2014-06-02T14:12:43Z</time>
      </trkpt>
      <trkpt lat="68.196504721418023" lon="13.78806215710938">
        <ele>444.75</ele>
        <time>2014-06-02T14:12:15Z</time>
      </trkpt>
      <trkpt lat="68.196481503546238" lon="13.788132648915052">
        <ele>446.189999999999998</ele>
        <time>2014-06-02T14:12:05Z</time>
      </trkpt>
      <trkpt lat="68.196449652314186" lon="13.788183862343431">
        <ele>446.189999999999998</ele>
        <time>2014-06-02T14:12:01Z</time>
      </trkpt>
      <trkpt lat="68.196242703124881" lon="13.788320319727063">
        <ele>448.110000000000014</ele>
        <time>2014-06-02T14:11:52Z</time>
      </trkpt>
      <trkpt lat="68.196174139156938" lon="13.788517797365785">
        <ele>449.550000000000011</ele>
        <time>2014-06-02T14:11:46Z</time>
      </trkpt>
      <trkpt lat="68.196021588519216" lon="13.788518887013197">
        <ele>452.439999999999998</ele>
        <time>2014-06-02T14:11:35Z</time>
      </trkpt>
      <trkpt lat="68.195993676781654" lon="13.788492567837238">
        <ele>453.879999999999995</ele>
        <time>2014-06-02T14:11:33Z</time>
      </trkpt>
      <trkpt lat="68.195976912975311" lon="13.788494160398841">
        <ele>454.360000000000014</ele>
        <time>2014-06-02T14:11:32Z</time>
      </trkpt>
      <trkpt lat="68.195895776152611" lon="13.788551492616534">
        <ele>456.279999999999973</ele>
        <time>2014-06-02T14:11:28Z</time>
      </trkpt>
      <trkpt lat="68.195888064801693" lon="13.788571525365114">
        <ele>456.759999999999991</ele>
        <time>2014-06-02T14:11:26Z</time>
      </trkpt>
      <trkpt lat="68.195876833051443" lon="13.788775457069278">
        <ele>459.649999999999977</ele>
        <time>2014-06-02T14:11:20Z</time>
      </trkpt>
      <trkpt lat="68.195821009576321" lon="13.78882834687829">
        <ele>461.569999999999993</ele>
        <time>2014-06-02T14:11:14Z</time>
      </trkpt>
      <trkpt lat="68.195766946300864" lon="13.789019035175443">
        <ele>463.009999999999991</ele>
        <time>2014-06-02T14:11:05Z</time>
      </trkpt>
      <trkpt lat="68.195760240778327" lon="13.789308713749051">
        <ele>461.089999999999975</ele>
        <time>2014-06-02T14:10:56Z</time>
      </trkpt>
      <trkpt lat="68.195738615468144" lon="13.789585819467902">
        <ele>461.089999999999975</ele>
        <time>2014-06-02T14:10:49Z</time>
      </trkpt>
      <trkpt lat="68.195733418688178" lon="13.789619179442525">
        <ele>461.089999999999975</ele>
        <time>2014-06-02T14:10:48Z</time>
      </trkpt>
      <trkpt lat="68.195716068148613" lon="13.789626304060221">
        <ele>461.089999999999975</ele>
        <time>2014-06-02T14:10:46Z</time>
      </trkpt>
      <trkpt lat="68.195699891075492" lon="13.789638038724661">
        <ele>460.610000000000014</ele>
        <time>2014-06-02T14:10:45Z</time>
      </trkpt>
      <trkpt lat="68.19569150917232" lon="13.789672069251537">
        <ele>460.610000000000014</ele>
        <time>2014-06-02T14:10:44Z</time>
      </trkpt>
      <trkpt lat="68.195688156411052" lon="13.789763264358044">
        <ele>459.649999999999977</ele>
        <time>2014-06-02T14:10:41Z</time>
      </trkpt>
      <trkpt lat="68.195651276037097" lon="13.789906511083245">
        <ele>460.610000000000014</ele>
        <time>2014-06-02T14:10:34Z</time>
      </trkpt>
      <trkpt lat="68.195629231631756" lon="13.789904918521643">
        <ele>461.089999999999975</ele>
        <time>2014-06-02T14:10:33Z</time>
      </trkpt>
      <trkpt lat="68.195576090365648" lon="13.789872312918305">
        <ele>461.569999999999993</ele>
        <time>2014-06-02T14:10:29Z</time>
      </trkpt>
      <trkpt lat="68.19556200876832" lon="13.789874324575067">
        <ele>461.569999999999993</ele>
        <time>2014-06-02T14:10:28Z</time>
      </trkpt>
      <trkpt lat="68.195541556924582" lon="13.789897290989757">
        <ele>461.569999999999993</ele>
        <time>2014-06-02T14:10:27Z</time>
      </trkpt>
      <trkpt lat="68.195524709299207" lon="13.789928890764713">
        <ele>462.050000000000011</ele>
        <time>2014-06-02T14:10:26Z</time>
      </trkpt>
      <trkpt lat="68.195518422871828" lon="13.789942134171724">
        <ele>462.050000000000011</ele>
        <time>2014-06-02T14:10:25Z</time>
      </trkpt>
      <trkpt lat="68.195426054298878" lon="13.789972309023142">
        <ele>462.050000000000011</ele>
        <time>2014-06-02T14:10:17Z</time>
      </trkpt>
      <trkpt lat="68.19539537653327" lon="13.789987312629819">
        <ele>461.569999999999993</ele>
        <time>2014-06-02T14:10:13Z</time>
      </trkpt>
      <trkpt lat="68.195227989926934" lon="13.790101641789079">
        <ele>460.610000000000014</ele>
        <time>2014-06-02T14:10:03Z</time>
      </trkpt>
      <trkpt lat="68.195192534476519" lon="13.790104407817125">
        <ele>460.610000000000014</ele>
        <time>2014-06-02T14:10:00Z</time>
      </trkpt>
      <trkpt lat="68.195071080699563" lon="13.790149753913283">
        <ele>460.610000000000014</ele>
        <time>2014-06-02T14:09:49Z</time>
      </trkpt>
      <trkpt lat="68.194928001612425" lon="13.790382854640484">
        <ele>461.569999999999993</ele>
        <time>2014-06-02T14:09:37Z</time>
      </trkpt>
      <trkpt lat="68.194912914186716" lon="13.790407748892903">
        <ele>461.569999999999993</ele>
        <time>2014-06-02T14:09:36Z</time>
      </trkpt>
      <trkpt lat="68.194874189794064" lon="13.790527191013098">
        <ele>461.089999999999975</ele>
        <time>2014-06-02T14:09:30Z</time>
      </trkpt>
      <trkpt lat="68.194822305813432" lon="13.79094016738236">
        <ele>462.529999999999973</ele>
        <time>2014-06-02T14:09:20Z</time>
      </trkpt>
      <trkpt lat="68.194836052134633" lon="13.79120109602809">
        <ele>463.009999999999991</ele>
        <time>2014-06-02T14:09:14Z</time>
      </trkpt>
      <trkpt lat="68.194843931123614" lon="13.79123973660171">
        <ele>462.529999999999973</ele>
        <time>2014-06-02T14:08:58Z</time>
      </trkpt>
      <trkpt lat="68.194821048527956" lon="13.791187601163983">
        <ele>463.009999999999991</ele>
        <time>2014-06-02T14:08:46Z</time>
      </trkpt>
      <trkpt lat="68.194739241153002" lon="13.791413996368647">
        <ele>465.420000000000016</ele>
        <time>2014-06-02T14:08:33Z</time>
      </trkpt>
      <trkpt lat="68.194678639993072" lon="13.791561350226402">
        <ele>466.860000000000014</ele>
        <time>2014-06-02T14:08:22Z</time>
      </trkpt>
      <trkpt lat="68.194572944194078" lon="13.791843988001347">
        <ele>470.220000000000027</ele>
        <time>2014-06-02T14:08:11Z</time>
      </trkpt>
      <trkpt lat="68.19449775852263" lon="13.792011877521873">
        <ele>472.139999999999986</ele>
        <time>2014-06-02T14:08:05Z</time>
      </trkpt>
      <trkpt lat="68.19444939494133" lon="13.792037442326546">
        <ele>473.589999999999975</ele>
        <time>2014-06-02T14:08:02Z</time>
      </trkpt>
      <trkpt lat="68.194337077438831" lon="13.792191250249743">
        <ele>476.949999999999989</ele>
        <time>2014-06-02T14:07:54Z</time>
      </trkpt>
      <trkpt lat="68.194242864847183" lon="13.792418986558914">
        <ele>479.839999999999975</ele>
        <time>2014-06-02T14:07:45Z</time>
      </trkpt>
      <trkpt lat="68.194069610908628" lon="13.792690644040704">
        <ele>483.199999999999989</ele>
        <time>2014-06-02T14:07:31Z</time>
      </trkpt>
      <trkpt lat="68.194024516269565" lon="13.792739594355226">
        <ele>483.680000000000007</ele>
        <time>2014-06-02T14:07:27Z</time>
      </trkpt>
      <trkpt lat="68.193870037794113" lon="13.792868508026004">
        <ele>484.160000000000025</ele>
        <time>2014-06-02T14:07:14Z</time>
      </trkpt>
      <trkpt lat="68.193835001438856" lon="13.79289323464036">
        <ele>484.160000000000025</ele>
        <time>2014-06-02T14:06:51Z</time>
      </trkpt>
      <trkpt lat="68.193842377513647" lon="13.792881751433015">
        <ele>484.160000000000025</ele>
        <time>2014-06-02T14:06:38Z</time>
      </trkpt>
      <trkpt lat="68.193854950368404" lon="13.792888456955552">
        <ele>484.160000000000025</ele>
        <time>2014-06-02T14:06:15Z</time>
      </trkpt>
      <trkpt lat="68.193860650062561" lon="13.792873285710812">
        <ele>484.639999999999986</ele>
        <time>2014-06-02T14:05:43Z</time>
      </trkpt>
      <trkpt lat="68.193859560415149" lon="13.792861802503467">
        <ele>484.639999999999986</ele>
        <time>2014-06-02T14:05:18Z</time>
      </trkpt>
      <trkpt lat="68.193848999217153" lon="13.792895916849375">
        <ele>484.639999999999986</ele>
        <time>2014-06-02T14:04:51Z</time>
      </trkpt>
      <trkpt lat="68.193855620920658" lon="13.792887451127172">
        <ele>484.160000000000025</ele>
        <time>2014-06-02T14:04:16Z</time>
      </trkpt>
      <trkpt lat="68.193853860720992" lon="13.792874459177256">
        <ele>485.120000000000005</ele>
        <time>2014-06-02T14:03:45Z</time>
      </trkpt>
      <trkpt lat="68.193844724446535" lon="13.793035978451371">
        <ele>479.8350830078125</ele>
        <time>2014-03-18T14:53:18Z</time>
      </trkpt>
      <trkpt lat="68.193737184628844" lon="13.793285842984915">
        <ele>481.7578125</ele>
        <time>2014-03-18T14:53:34Z</time>
      </trkpt>
      <trkpt lat="68.193722097203135" lon="13.793331021443009">
        <ele>483.1998291015625</ele>
        <time>2014-03-18T14:53:37Z</time>
      </trkpt>
      <trkpt lat="68.193713882938027" lon="13.793324651196599">
        <ele>481.7578125</ele>
        <time>2014-03-18T14:53:59Z</time>
      </trkpt>
      <trkpt lat="68.193725366145372" lon="13.793312748894095">
        <ele>481.7578125</ele>
        <time>2014-03-18T14:54:26Z</time>
      </trkpt>
      <trkpt lat="68.193727042526007" lon="13.793311156332493">
        <ele>481.7578125</ele>
        <time>2014-03-18T14:54:55Z</time>
      </trkpt>
      <trkpt lat="68.193726958706975" lon="13.793309228494763">
        <ele>481.2772216796875</ele>
        <time>2014-03-18T14:55:19Z</time>
      </trkpt>
      <trkpt lat="68.193727461621165" lon="13.793311323970556">
        <ele>482.238525390625</ele>
        <time>2014-03-18T14:55:42Z</time>
      </trkpt>
      <trkpt lat="68.193688066676259" lon="13.793425736948848">
        <ele>482.238525390625</ele>
        <time>2014-03-18T14:56:12Z</time>
      </trkpt>
      <trkpt lat="68.193638445809484" lon="13.793494971469045">
        <ele>483.1998291015625</ele>
        <time>2014-03-18T14:56:28Z</time>
      </trkpt>
      <trkpt lat="68.193634925410151" lon="13.793523218482733">
        <ele>483.1998291015625</ele>
        <time>2014-03-18T14:56:44Z</time>
      </trkpt>
      <trkpt lat="68.193613383919001" lon="13.793583232909441">
        <ele>484.1611328125</ele>
        <time>2014-03-18T14:56:58Z</time>
      </trkpt>
      <trkpt lat="68.193581029772758" lon="13.793633356690407">
        <ele>483.680419921875</ele>
        <time>2014-03-18T14:57:14Z</time>
      </trkpt>
      <trkpt lat="68.193524284288287" lon="13.793708039447665">
        <ele>484.1611328125</ele>
        <time>2014-03-18T14:57:32Z</time>
      </trkpt>
      <trkpt lat="68.193499138578773" lon="13.793665543198586">
        <ele>483.680419921875</ele>
        <time>2014-03-18T14:57:47Z</time>
      </trkpt>
      <trkpt lat="68.193458151072264" lon="13.793599493801594">
        <ele>480.796630859375</ele>
        <time>2014-03-18T14:58:03Z</time>
      </trkpt>
      <trkpt lat="68.193438788875937" lon="13.793559847399592">
        <ele>479.3544921875</ele>
        <time>2014-03-18T14:58:16Z</time>
      </trkpt>
      <trkpt lat="68.193434178829193" lon="13.793534785509109">
        <ele>479.3544921875</ele>
        <time>2014-03-18T14:58:38Z</time>
      </trkpt>
      <trkpt lat="68.193416493013501" lon="13.793512992560863">
        <ele>477.9124755859375</ele>
        <time>2014-03-18T14:58:59Z</time>
      </trkpt>
      <trkpt lat="68.193379025906324" lon="13.793470999225974">
        <ele>476.9512939453125</ele>
        <time>2014-03-18T14:59:13Z</time>
      </trkpt>
      <trkpt lat="68.193314066156745" lon="13.793417187407613">
        <ele>474.5479736328125</ele>
        <time>2014-03-18T14:59:24Z</time>
      </trkpt>
      <trkpt lat="68.193263439461589" lon="13.793475357815623">
        <ele>471.183349609375</ele>
        <time>2014-03-18T14:59:31Z</time>
      </trkpt>
      <trkpt lat="68.193216165527701" lon="13.79338433034718">
        <ele>470.221923828125</ele>
        <time>2014-03-18T14:59:42Z</time>
      </trkpt>
      <trkpt lat="68.193220440298319" lon="13.793237479403615">
        <ele>468.29931640625</ele>
        <time>2014-03-18T14:59:56Z</time>
      </trkpt>
      <trkpt lat="68.193227984011173" lon="13.79318006336689">
        <ele>467.338134765625</ele>
        <time>2014-03-18T15:00:12Z</time>
      </trkpt>
      <trkpt lat="68.193209292367101" lon="13.793082078918815">
        <ele>465.8961181640625</ele>
        <time>2014-03-18T15:00:27Z</time>
      </trkpt>
      <trkpt lat="68.193154474720359" lon="13.793103788048029">
        <ele>464.4541015625</ele>
        <time>2014-03-18T15:00:42Z</time>
      </trkpt>
      <trkpt lat="68.193150451406837" lon="13.79308333620429">
        <ele>463.973388671875</ele>
        <time>2014-03-18T15:00:43Z</time>
      </trkpt>
      <trkpt lat="68.193122455850244" lon="13.792804218828678">
        <ele>460.128173828125</ele>
        <time>2014-03-18T15:00:53Z</time>
      </trkpt>
      <trkpt lat="68.193110385909677" lon="13.792532058432698">
        <ele>456.7635498046875</ele>
        <time>2014-03-18T15:01:02Z</time>
      </trkpt>
      <trkpt lat="68.19308515638113" lon="13.792298370972276">
        <ele>453.879638671875</ele>
        <time>2014-03-18T15:01:14Z</time>
      </trkpt>
      <trkpt lat="68.19307048805058" lon="13.792245648801327">
        <ele>453.39892578125</ele>
        <time>2014-03-18T15:01:17Z</time>
      </trkpt>
      <trkpt lat="68.193017933517694" lon="13.792074657976627">
        <ele>449.5537109375</ele>
        <time>2014-03-18T15:01:24Z</time>
      </trkpt>
      <trkpt lat="68.193008294329047" lon="13.792050099000335">
        <ele>449.072998046875</ele>
        <time>2014-03-18T15:01:25Z</time>
      </trkpt>
      <trkpt lat="68.192918440327048" lon="13.791884975507855">
        <ele>446.1890869140625</ele>
        <time>2014-03-18T15:01:35Z</time>
      </trkpt>
      <trkpt lat="68.192902766168118" lon="13.791856644675136">
        <ele>445.2276611328125</ele>
        <time>2014-03-18T15:01:37Z</time>
      </trkpt>
      <trkpt lat="68.192827580496669" lon="13.791756061837077">
        <ele>441.8631591796875</ele>
        <time>2014-03-18T15:01:43Z</time>
      </trkpt>
      <trkpt lat="68.192770918831229" lon="13.791665369644761">
        <ele>440.90185546875</ele>
        <time>2014-03-18T15:01:57Z</time>
      </trkpt>
      <trkpt lat="68.192781480029225" lon="13.791678361594677">
        <ele>441.3824462890625</ele>
        <time>2014-03-18T15:02:13Z</time>
      </trkpt>
      <trkpt lat="68.192700175568461" lon="13.791495552286506">
        <ele>440.4212646484375</ele>
        <time>2014-03-18T15:02:28Z</time>
      </trkpt>
      <trkpt lat="68.192602945491672" lon="13.791124736890197">
        <ele>437.0565185546875</ele>
        <time>2014-03-18T15:02:43Z</time>
      </trkpt>
      <trkpt lat="68.192455088719726" lon="13.790788287296891">
        <ele>434.6533203125</ele>
        <time>2014-03-18T15:03:01Z</time>
      </trkpt>
      <trkpt lat="68.192365318536758" lon="13.790676137432456">
        <ele>433.69189453125</ele>
        <time>2014-03-18T15:03:07Z</time>
      </trkpt>
      <trkpt lat="68.192311925813556" lon="13.790203062817454">
        <ele>431.7691650390625</ele>
        <time>2014-03-18T15:03:24Z</time>
      </trkpt>
      <trkpt lat="68.192212767899036" lon="13.790078926831484">
        <ele>432.730712890625</ele>
        <time>2014-03-18T15:03:35Z</time>
      </trkpt>
      <trkpt lat="68.192193321883678" lon="13.79005579277873">
        <ele>433.69189453125</ele>
        <time>2014-03-18T15:03:39Z</time>
      </trkpt>
      <trkpt lat="68.192199775949121" lon="13.789902990683913">
        <ele>433.2113037109375</ele>
        <time>2014-03-18T15:03:51Z</time>
      </trkpt>
      <trkpt lat="68.192191058769822" lon="13.78989452496171">
        <ele>433.2113037109375</ele>
        <time>2014-03-18T15:03:57Z</time>
      </trkpt>
      <trkpt lat="68.192131295800209" lon="13.789683133363724">
        <ele>434.172607421875</ele>
        <time>2014-03-18T15:04:09Z</time>
      </trkpt>
      <trkpt lat="68.192008584737778" lon="13.789263535290956">
        <ele>434.6533203125</ele>
        <time>2014-03-18T15:04:29Z</time>
      </trkpt>
      <trkpt lat="68.191910348832607" lon="13.788812253624201">
        <ele>433.2113037109375</ele>
        <time>2014-03-18T15:04:48Z</time>
      </trkpt>
      <trkpt lat="68.191765761002898" lon="13.788313362747431">
        <ele>431.7691650390625</ele>
        <time>2014-03-18T15:05:10Z</time>
      </trkpt>
      <trkpt lat="68.191593429073691" lon="13.78796593286097">
        <ele>431.28857421875</ele>
        <time>2014-03-18T15:05:29Z</time>
      </trkpt>
      <trkpt lat="68.19148832000792" lon="13.787726629525423">
        <ele>432.25</ele>
        <time>2014-03-18T15:05:47Z</time>
      </trkpt>
      <trkpt lat="68.191459570080042" lon="13.787694778293371">
        <ele>431.7691650390625</ele>
        <time>2014-03-18T15:06:13Z</time>
      </trkpt>
      <trkpt lat="68.191450433805585" lon="13.787685390561819">
        <ele>430.3272705078125</ele>
        <time>2014-03-18T15:06:47Z</time>
      </trkpt>
      <trkpt lat="68.191329650580883" lon="13.787413816899061">
        <ele>427.443359375</ele>
        <time>2014-03-18T15:07:01Z</time>
      </trkpt>
      <trkpt lat="68.19121808744967" lon="13.787186332046986">
        <ele>423.5980224609375</ele>
        <time>2014-03-18T15:07:11Z</time>
      </trkpt>
      <trkpt lat="68.191035026684403" lon="13.786995895206928">
        <ele>424.0787353515625</ele>
        <time>2014-03-18T15:07:29Z</time>
      </trkpt>
      <trkpt lat="68.190813157707453" lon="13.78658845089376">
        <ele>423.117431640625</ele>
        <time>2014-03-18T15:07:52Z</time>
      </trkpt>
      <trkpt lat="68.190686674788594" lon="13.786357194185257">
        <ele>422.63671875</ele>
        <time>2014-03-18T15:08:06Z</time>
      </trkpt>
      <trkpt lat="68.190540829673409" lon="13.785951845347881">
        <ele>420.2333984375</ele>
        <time>2014-03-18T15:08:27Z</time>
      </trkpt>
      <trkpt lat="68.190439827740192" lon="13.785680523142219">
        <ele>417.349609375</ele>
        <time>2014-03-18T15:08:39Z</time>
      </trkpt>
      <trkpt lat="68.190337149426341" lon="13.785400986671448">
        <ele>415.4268798828125</ele>
        <time>2014-03-18T15:08:51Z</time>
      </trkpt>
      <trkpt lat="68.190174037590623" lon="13.784874519333243">
        <ele>411.5816650390625</ele>
        <time>2014-03-18T15:09:11Z</time>
      </trkpt>
      <trkpt lat="68.190133888274431" lon="13.784711826592684">
        <ele>409.6590576171875</ele>
        <time>2014-03-18T15:09:16Z</time>
      </trkpt>
      <trkpt lat="68.19007177837193" lon="13.784452741965652">
        <ele>406.2943115234375</ele>
        <time>2014-03-18T15:09:24Z</time>
      </trkpt>
      <trkpt lat="68.190066330134869" lon="13.784420220181346">
        <ele>406.2943115234375</ele>
        <time>2014-03-18T15:09:25Z</time>
      </trkpt>
      <trkpt lat="68.190018218010664" lon="13.784199440851808">
        <ele>402.9296875</ele>
        <time>2014-03-18T15:09:31Z</time>
      </trkpt>
      <trkpt lat="68.189919395372272" lon="13.783773723989725">
        <ele>400.0458984375</ele>
        <time>2014-03-18T15:09:44Z</time>
      </trkpt>
      <trkpt lat="68.189811771735549" lon="13.783295955508947">
        <ele>396.68115234375</ele>
        <time>2014-03-18T15:10:00Z</time>
      </trkpt>
      <trkpt lat="68.189805066213012" lon="13.783219596371055">
        <ele>395.2391357421875</ele>
        <time>2014-03-18T15:10:02Z</time>
      </trkpt>
      <trkpt lat="68.189721079543233" lon="13.782766135409474">
        <ele>392.3553466796875</ele>
        <time>2014-03-18T15:10:15Z</time>
      </trkpt>
      <trkpt lat="68.189577916637063" lon="13.782483078539371">
        <ele>390.9132080078125</ele>
        <time>2014-03-18T15:10:31Z</time>
      </trkpt>
      <trkpt lat="68.189570875838399" lon="13.78246589563787">
        <ele>390.4326171875</ele>
        <time>2014-03-18T15:10:32Z</time>
      </trkpt>
      <trkpt lat="68.189573055133224" lon="13.782478887587786">
        <ele>391.393798828125</ele>
        <time>2014-03-18T15:11:01Z</time>
      </trkpt>
      <trkpt lat="68.189552184194326" lon="13.782426584511995">
        <ele>390.4326171875</ele>
        <time>2014-03-18T15:11:12Z</time>
      </trkpt>
      <trkpt lat="68.189484793692827" lon="13.782201530411839">
        <ele>389.951904296875</ele>
        <time>2014-03-18T15:11:22Z</time>
      </trkpt>
      <trkpt lat="68.189448583871126" lon="13.782036993652582">
        <ele>388.029296875</ele>
        <time>2014-03-18T15:11:28Z</time>
      </trkpt>
      <trkpt lat="68.189404159784317" lon="13.781797857955098">
        <ele>385.6259765625</ele>
        <time>2014-03-18T15:11:36Z</time>
      </trkpt>
      <trkpt lat="68.189397538080812" lon="13.781770952045918">
        <ele>385.6259765625</ele>
        <time>2014-03-18T15:11:37Z</time>
      </trkpt>
      <trkpt lat="68.189382450655103" lon="13.781681768596172">
        <ele>384.18408203125</ele>
        <time>2014-03-18T15:11:40Z</time>
      </trkpt>
      <trkpt lat="68.189323358237743" lon="13.78136308863759">
        <ele>380.8194580078125</ele>
        <time>2014-03-18T15:11:53Z</time>
      </trkpt>
      <trkpt lat="68.189294692128897" lon="13.78105228766799">
        <ele>379.37744140625</ele>
        <time>2014-03-18T15:12:08Z</time>
      </trkpt>
      <trkpt lat="68.18927382119" lon="13.780794879421592">
        <ele>376.0128173828125</ele>
        <time>2014-03-18T15:12:16Z</time>
      </trkpt>
      <trkpt lat="68.189213555306196" lon="13.780175289139152">
        <ele>373.12890625</ele>
        <time>2014-03-18T15:12:34Z</time>
      </trkpt>
      <trkpt lat="68.189149769023061" lon="13.779752338305116">
        <ele>369.28369140625</ele>
        <time>2014-03-18T15:12:48Z</time>
      </trkpt>
      <trkpt lat="68.189047090709209" lon="13.779200138524175">
        <ele>366.8802490234375</ele>
        <time>2014-03-18T15:13:09Z</time>
      </trkpt>
      <trkpt lat="68.189060082659125" lon="13.778907358646393">
        <ele>363.5157470703125</ele>
        <time>2014-03-18T15:13:19Z</time>
      </trkpt>
      <trkpt lat="68.189050024375319" lon="13.778768973425031">
        <ele>362.07373046875</ele>
        <time>2014-03-18T15:13:23Z</time>
      </trkpt>
      <trkpt lat="68.189014066010714" lon="13.778508044779301">
        <ele>359.189697265625</ele>
        <time>2014-03-18T15:13:31Z</time>
      </trkpt>
      <trkpt lat="68.189008869230747" lon="13.778283493593335">
        <ele>355.8251953125</ele>
        <time>2014-03-18T15:13:44Z</time>
      </trkpt>
      <trkpt lat="68.189003085717559" lon="13.778269244357944">
        <ele>356.786376953125</ele>
        <time>2014-03-18T15:13:45Z</time>
      </trkpt>
      <trkpt lat="68.188938964158297" lon="13.778073946014047">
        <ele>353.421875</ele>
        <time>2014-03-18T15:13:53Z</time>
      </trkpt>
      <trkpt lat="68.188928570598364" lon="13.778026336804032">
        <ele>352.941162109375</ele>
        <time>2014-03-18T15:13:55Z</time>
      </trkpt>
      <trkpt lat="68.188929744064808" lon="13.778019798919559">
        <ele>352.941162109375</ele>
        <time>2014-03-18T15:14:13Z</time>
      </trkpt>
      <trkpt lat="68.188872830942273" lon="13.777798684313893">
        <ele>349.5765380859375</ele>
        <time>2014-03-18T15:14:23Z</time>
      </trkpt>
      <trkpt lat="68.188817845657468" lon="13.777532558888197">
        <ele>346.2120361328125</ele>
        <time>2014-03-18T15:14:36Z</time>
      </trkpt>
      <trkpt lat="68.188807871192694" lon="13.777471287176013">
        <ele>345.7313232421875</ele>
        <time>2014-03-18T15:14:38Z</time>
      </trkpt>
      <trkpt lat="68.188789179548621" lon="13.777376068755984">
        <ele>344.2894287109375</ele>
        <time>2014-03-18T15:14:41Z</time>
      </trkpt>
      <trkpt lat="68.188747186213732" lon="13.776939371600747">
        <ele>340.9246826171875</ele>
        <time>2014-03-18T15:14:52Z</time>
      </trkpt>
      <trkpt lat="68.188746431842446" lon="13.77689846791327">
        <ele>340.444091796875</ele>
        <time>2014-03-18T15:14:53Z</time>
      </trkpt>
      <trkpt lat="68.188731679692864" lon="13.776745246723294">
        <ele>338.521484375</ele>
        <time>2014-03-18T15:14:57Z</time>
      </trkpt>
      <trkpt lat="68.188698571175337" lon="13.776562688872218">
        <ele>335.6373291015625</ele>
        <time>2014-03-18T15:15:02Z</time>
      </trkpt>
      <trkpt lat="68.188680130988359" lon="13.776447772979736">
        <ele>334.1954345703125</ele>
        <time>2014-03-18T15:15:05Z</time>
      </trkpt>
      <trkpt lat="68.188639646396041" lon="13.776140157133341">
        <ele>331.7921142578125</ele>
        <time>2014-03-18T15:15:13Z</time>
      </trkpt>
      <trkpt lat="68.188619697466493" lon="13.775874199345708">
        <ele>327.94677734375</ele>
        <time>2014-03-18T15:15:20Z</time>
      </trkpt>
      <trkpt lat="68.188618775457144" lon="13.775842180475593">
        <ele>327.94677734375</ele>
        <time>2014-03-18T15:15:21Z</time>
      </trkpt>
      <trkpt lat="68.188628079369664" lon="13.775691473856568">
        <ele>325.5435791015625</ele>
        <time>2014-03-18T15:15:26Z</time>
      </trkpt>
      <trkpt lat="68.188629755750299" lon="13.775328788906336">
        <ele>322.65966796875</ele>
        <time>2014-03-18T15:15:37Z</time>
      </trkpt>
      <trkpt lat="68.188608381897211" lon="13.775136675685644">
        <ele>320.25634765625</ele>
        <time>2014-03-18T15:15:42Z</time>
      </trkpt>
      <trkpt lat="68.188590444624424" lon="13.775020334869623">
        <ele>318.3336181640625</ele>
        <time>2014-03-18T15:15:45Z</time>
      </trkpt>
      <trkpt lat="68.188556246459484" lon="13.774775248020887">
        <ele>315.4498291015625</ele>
        <time>2014-03-18T15:15:51Z</time>
      </trkpt>
      <trkpt lat="68.188533699139953" lon="13.774626217782497">
        <ele>314.0078125</ele>
        <time>2014-03-18T15:15:55Z</time>
      </trkpt>
      <trkpt lat="68.188456250354648" lon="13.774116430431604">
        <ele>311.123779296875</ele>
        <time>2014-03-18T15:16:09Z</time>
      </trkpt>
      <trkpt lat="68.188346279785037" lon="13.773486781865358">
        <ele>308.720458984375</ele>
        <time>2014-03-18T15:16:29Z</time>
      </trkpt>
      <trkpt lat="68.188331862911582" lon="13.773392653092742">
        <ele>307.278564453125</ele>
        <time>2014-03-18T15:16:32Z</time>
      </trkpt>
      <trkpt lat="68.188235722482204" lon="13.77291614189744">
        <ele>303.9139404296875</ele>
        <time>2014-03-18T15:16:47Z</time>
      </trkpt>
      <trkpt lat="68.188135474920273" lon="13.772308537736535">
        <ele>301.0299072265625</ele>
        <time>2014-03-18T15:17:05Z</time>
      </trkpt>
      <trkpt lat="68.18806397728622" lon="13.77147076651454">
        <ele>298.626708984375</ele>
        <time>2014-03-18T15:17:28Z</time>
      </trkpt>
      <trkpt lat="68.18796725012362" lon="13.770803399384022">
        <ele>297.1846923828125</ele>
        <time>2014-03-18T15:17:50Z</time>
      </trkpt>
      <trkpt lat="68.187900446355343" lon="13.770369552075863">
        <ele>296.7041015625</ele>
        <time>2014-03-18T15:18:08Z</time>
      </trkpt>
      <trkpt lat="68.187813777476549" lon="13.770096637308598">
        <ele>295.261962890625</ele>
        <time>2014-03-18T15:18:18Z</time>
      </trkpt>
      <trkpt lat="68.187816627323627" lon="13.769948361441493">
        <ele>295.261962890625</ele>
        <time>2014-03-18T15:18:22Z</time>
      </trkpt>
      <trkpt lat="68.187835067510605" lon="13.769815173000097">
        <ele>294.7813720703125</ele>
        <time>2014-03-18T15:18:26Z</time>
      </trkpt>
      <trkpt lat="68.187762061133981" lon="13.769325250759721">
        <ele>292.8587646484375</ele>
        <time>2014-03-18T15:18:41Z</time>
      </trkpt>
      <trkpt lat="68.187813777476549" lon="13.76904328353703">
        <ele>291.8974609375</ele>
        <time>2014-03-18T15:18:50Z</time>
      </trkpt>
      <trkpt lat="68.187824841588736" lon="13.768418999388814">
        <ele>291.416748046875</ele>
        <time>2014-03-18T15:19:09Z</time>
      </trkpt>
      <trkpt lat="68.187840180471539" lon="13.76817986369133">
        <ele>291.8974609375</ele>
        <time>2014-03-18T15:19:16Z</time>
      </trkpt>
      <trkpt lat="68.18778594955802" lon="13.767677033320069">
        <ele>290.45556640625</ele>
        <time>2014-03-18T15:19:32Z</time>
      </trkpt>
      <trkpt lat="68.187748147174716" lon="13.767215525731444">
        <ele>289.974853515625</ele>
        <time>2014-03-18T15:19:48Z</time>
      </trkpt>
      <trkpt lat="68.187679750844836" lon="13.76668612472713">
        <ele>289.494140625</ele>
        <time>2014-03-18T15:20:07Z</time>
      </trkpt>
      <trkpt lat="68.187658544629812" lon="13.766066953539848">
        <ele>288.532958984375</ele>
        <time>2014-03-18T15:20:26Z</time>
      </trkpt>
      <trkpt lat="68.187646642327309" lon="13.765634698793292">
        <ele>284.6876220703125</ele>
        <time>2014-03-18T15:20:38Z</time>
      </trkpt>
      <trkpt lat="68.187638679519296" lon="13.765482483431697">
        <ele>283.24560546875</ele>
        <time>2014-03-18T15:20:42Z</time>
      </trkpt>
      <trkpt lat="68.187606241554022" lon="13.76489675603807">
        <ele>281.8035888671875</ele>
        <time>2014-03-18T15:20:59Z</time>
      </trkpt>
      <trkpt lat="68.187581431120634" lon="13.764217318966985">
        <ele>281.322998046875</ele>
        <time>2014-03-18T15:21:20Z</time>
      </trkpt>
      <trkpt lat="68.187535079196095" lon="13.763520698994398">
        <ele>279.4002685546875</ele>
        <time>2014-03-18T15:21:40Z</time>
      </trkpt>
      <trkpt lat="68.187467185780406" lon="13.76284402795136">
        <ele>276.516357421875</ele>
        <time>2014-03-18T15:22:00Z</time>
      </trkpt>
      <trkpt lat="68.187432819977403" lon="13.762188479304314">
        <ele>275.074462890625</ele>
        <time>2014-03-18T15:22:19Z</time>
      </trkpt>
      <trkpt lat="68.187361154705286" lon="13.7615398876369">
        <ele>272.671142578125</ele>
        <time>2014-03-18T15:22:37Z</time>
      </trkpt>
      <trkpt lat="68.187361070886254" lon="13.761079385876656">
        <ele>270.7484130859375</ele>
        <time>2014-03-18T15:22:52Z</time>
      </trkpt>
      <trkpt lat="68.187357718124986" lon="13.761071842163801">
        <ele>271.709716796875</ele>
        <time>2014-03-18T15:22:55Z</time>
      </trkpt>
      <trkpt lat="68.187272138893604" lon="13.760771099478006">
        <ele>268.8258056640625</ele>
        <time>2014-03-18T15:23:08Z</time>
      </trkpt>
      <trkpt lat="68.187233246862888" lon="13.760684346780181">
        <ele>267.3839111328125</ele>
        <time>2014-03-18T15:23:12Z</time>
      </trkpt>
      <trkpt lat="68.187138782814145" lon="13.760506650432944">
        <ele>264.019287109375</ele>
        <time>2014-03-18T15:23:21Z</time>
      </trkpt>
      <trkpt lat="68.187092263251543" lon="13.760492652654648">
        <ele>261.615966796875</ele>
        <time>2014-03-18T15:23:24Z</time>
      </trkpt>
      <trkpt lat="68.187049180269241" lon="13.760102726519108">
        <ele>260.1739501953125</ele>
        <time>2014-03-18T15:23:38Z</time>
      </trkpt>
      <trkpt lat="68.187063094228506" lon="13.759571565315127">
        <ele>257.2900390625</ele>
        <time>2014-03-18T15:23:53Z</time>
      </trkpt>
      <trkpt lat="68.187070554122329" lon="13.758949963375926">
        <ele>256.3287353515625</ele>
        <time>2014-03-18T15:24:11Z</time>
      </trkpt>
      <trkpt lat="68.187065357342362" lon="13.758199531584978">
        <ele>255.8480224609375</ele>
        <time>2014-03-18T15:24:33Z</time>
      </trkpt>
      <trkpt lat="68.187033673748374" lon="13.757563764229417">
        <ele>252.9639892578125</ele>
        <time>2014-03-18T15:24:53Z</time>
      </trkpt>
      <trkpt lat="68.186985729262233" lon="13.757096137851477">
        <ele>251.0413818359375</ele>
        <time>2014-03-18T15:25:10Z</time>
      </trkpt>
      <trkpt lat="68.186946166679263" lon="13.756870580837131">
        <ele>251.0413818359375</ele>
        <time>2014-03-18T15:25:26Z</time>
      </trkpt>
    </trkseg>
  </trk>

</gpx>
